State,Latitude,Longitude,Place_Type,Month,Climate,Popularity_Level,Accessibility,Budget_Thousand_INR
Himachal Pradesh,31.13669021846894,77.20130412922002,Hill Station,December,Cold,High,Railway Station,26.66
Kerala,10.803552561406505,76.3253560043586,Beach,March,Hot,Low,Road,28.03
Himachal Pradesh,31.01239171622529,76.91214509873065,Religious,December,Moderate,High,Road,20.29
Himachal Pradesh,31.06199539358238,77.09915931628808,Wildlife,July,Hot,Medium,Airport,30.85
Punjab,31.124522369951343,75.34795282046879,Hill Station,April,Cold,Medium,Airport,29.4
Maharashtra,19.63640064225777,75.75146980183456,Wildlife,January,Hot,High,Road,28.73
Kerala,10.945243982104664,76.30020340012622,Religious,November,Moderate,High,Road,20.2
Maharashtra,19.750150277526206,75.6081289071044,Historical,April,Moderate,Medium,Railway Station,16.09
Delhi,28.743034891325614,76.97598808860774,City,January,Moderate,High,Airport,24.31
Tamil Nadu,10.994281395110157,78.6765861235869,City,May,Moderate,Medium,Airport,23.28
Kerala,10.938676103894862,76.17019146571349,City,February,Moderate,Medium,Airport,20.66
Tamil Nadu,11.081036122904022,78.76261222262188,Hill Station,June,Cold,Medium,Railway Station,20.25
Delhi,28.717542888262802,77.16071227947131,City,January,Moderate,High,Road,21.61
West Bengal,22.96608341098954,87.79265226050151,Wildlife,February,Moderate,Medium,Railway Station,30.66
Himachal Pradesh,31.214764697578484,77.15562678787293,Wildlife,May,Hot,Low,Road,18.48
Delhi,28.78535258223942,77.23812400285709,City,October,Moderate,High,Airport,23.77
Himachal Pradesh,31.097219625497182,77.27069635337558,Hill Station,November,Cold,Medium,Airport,21.89
Goa,15.295717396089005,74.2804643655814,Hill Station,April,Cold,Medium,Airport,27.39
Tamil Nadu,11.121013591252526,78.51502495414086,City,August,Moderate,Medium,Road,18.8
Uttarakhand,30.04483281121625,79.05501125715118,Beach,June,Hot,Medium,Railway Station,33.13
Kerala,10.924871128377124,76.24988385782885,Religious,May,Moderate,Medium,Road,14.63
Himachal Pradesh,31.15494483315248,77.2892186652932,Wildlife,November,Hot,Medium,Airport,26.72
Maharashtra,19.802826743311336,75.7236077549348,Religious,April,Moderate,Low,Airport,10.41
West Bengal,22.95587114535554,87.9223125502774,Historical,May,Moderate,Low,Road,15.91
Maharashtra,19.60514850518679,75.74351202770646,Beach,November,Hot,High,Railway Station,33.82
Punjab,30.88158239524365,75.37575179438888,Beach,January,Hot,High,Railway Station,35.78
Tamil Nadu,11.046872273077838,78.64077142883339,City,February,Moderate,High,Airport,23.97
Delhi,28.609794319153274,77.24289587386593,Religious,June,Moderate,Medium,Airport,18.21
West Bengal,22.984148612455076,87.86102302099411,Historical,November,Moderate,Medium,Railway Station,12.24
Rajasthan,27.071575409943353,74.19199713552611,City,March,Moderate,Medium,Airport,27.39
Maharashtra,19.750761985005543,75.79062968387063,Wildlife,May,Hot,Medium,Road,29.02
Delhi,28.783203194704306,77.01156125452053,Historical,October,Hot,Medium,Railway Station,14.55
Uttarakhand,30.20603257534919,78.93123591814702,Beach,March,Hot,Medium,Road,34.22
West Bengal,22.88774636748693,87.79837022703973,Hill Station,January,Cold,Medium,Airport,25.23
Rajasthan,27.111158941563538,74.21881443457401,Religious,March,Moderate,Medium,Road,22.12
Tamil Nadu,11.180733603238206,78.56543090687387,Wildlife,February,Hot,Medium,Railway Station,26.9
Tamil Nadu,11.038548762617115,78.62122549742317,Wildlife,August,Hot,Low,Road,21.84
Goa,15.43568865244171,74.37791627162693,Wildlife,January,Hot,Medium,Road,29.67
Himachal Pradesh,31.182982287177733,77.04970492891219,Religious,September,Moderate,Medium,Railway Station,17.78
Uttarakhand,30.128564084551115,79.14100707969801,Hill Station,May,Cold,Low,Railway Station,16.04
Rajasthan,26.952364858197363,74.40447745111447,Historical,January,Hot,High,Road,23.88
Goa,15.201831832977268,74.20270846037424,Wildlife,March,Hot,Medium,Road,29.42
Himachal Pradesh,31.23163895224039,77.21584862440565,Religious,May,Moderate,Medium,Road,19.31
Maharashtra,19.61451289432837,75.63672192505067,Wildlife,April,Hot,Medium,Airport,30.82
Uttarakhand,30.100915197481665,79.046969079933,Beach,September,Hot,Medium,Road,29.77
Punjab,31.120634316676203,75.61321691665896,Wildlife,June,Moderate,Medium,Railway Station,30.48
Punjab,31.244818000081306,75.345398006447,Hill Station,June,Cold,Medium,Railway Station,22.11
Kerala,10.828153721467416,76.34250004940921,Hill Station,April,Cold,Medium,Road,24.59
Himachal Pradesh,31.178834081794776,77.12815377676553,Hill Station,December,Cold,High,Railway Station,29.63
Himachal Pradesh,31.012195338078854,77.12210346823643,Wildlife,March,Hot,Low,Airport,25.33
West Bengal,23.16309374723032,87.87809537229452,Wildlife,March,Hot,Low,Railway Station,24.89
Maharashtra,19.85724235088624,75.71903608594796,Wildlife,July,Moderate,Medium,Airport,25.57
Maharashtra,19.856880205203492,75.57613306320428,Religious,December,Moderate,Medium,Airport,20.25
Goa,15.329744911987087,74.14972074909801,Historical,November,Moderate,Medium,Road,15.19
Uttarakhand,30.452073149065473,79.07638905106931,Historical,September,Moderate,Low,Railway Station,14.55
Himachal Pradesh,31.128029615817642,77.19101809220523,Beach,April,Hot,Low,Airport,28.41
Uttarakhand,30.043118139326,78.97076364521709,Hill Station,October,Cold,High,Road,27.68
Kerala,10.919126019037451,76.10982841288104,Wildlife,April,Hot,Medium,Airport,28.25
Himachal Pradesh,31.071318275260527,77.3294380141133,Religious,November,Moderate,High,Airport,19.32
Kerala,10.777463336828287,76.2927458589582,Hill Station,January,Cold,High,Railway Station,30.39
Himachal Pradesh,31.1681919022318,76.97088574133424,Wildlife,April,Hot,Medium,Railway Station,34.43
West Bengal,22.94235012557808,87.68808676409095,Beach,September,Hot,Low,Airport,25.56
Delhi,28.870230173060815,77.06907529088497,Wildlife,August,Hot,Medium,Airport,25.68
West Bengal,23.16334542402811,87.8954981710961,Historical,April,Moderate,Medium,Airport,17.05
Himachal Pradesh,31.26993509864795,77.0407168233864,Religious,July,Moderate,Medium,Railway Station,18.13
Tamil Nadu,11.253791114918663,78.58613305343812,Historical,August,Moderate,Medium,Road,23.53
Punjab,31.33430056804723,75.33925578591004,Religious,November,Moderate,High,Road,21.29
Himachal Pradesh,31.079543184860686,77.04862168180351,Hill Station,July,Cold,Medium,Road,22.2
Uttarakhand,30.199126380715125,79.00645878534603,Hill Station,April,Cold,Medium,Airport,29.63
Kerala,10.890997550877053,76.36207381749598,Wildlife,August,Hot,Medium,Airport,26.6
Tamil Nadu,11.06707831228412,78.663880208499,Beach,May,Hot,Medium,Railway Station,30.6
Kerala,10.660762301751134,76.39915407616775,Hill Station,August,Cold,Low,Road,18.84
Himachal Pradesh,30.90959122004775,77.15822149049644,Hill Station,November,Cold,Medium,Road,31.4
Punjab,31.09845672339476,75.36195982612857,Hill Station,April,Cold,Low,Airport,21.76
Tamil Nadu,11.212060209702102,78.6926015485965,Historical,August,Moderate,Medium,Airport,16.23
Tamil Nadu,11.163301391194247,78.71503141340357,Hill Station,March,Cold,Medium,Railway Station,22.92
Punjab,31.091081895980302,75.41592936051232,Historical,May,Moderate,Low,Railway Station,10.51
Goa,15.120532838806822,74.00194298957182,Historical,December,Moderate,Medium,Road,19.83
Maharashtra,19.73128073475661,75.69213187967728,Religious,December,Moderate,Medium,Railway Station,18.64
Rajasthan,26.98300846472287,74.24406230559725,Beach,May,Hot,Low,Airport,28.3
Punjab,31.2420142987781,75.31727752021303,Wildlife,December,Moderate,High,Road,31.43
Punjab,31.17951663524884,75.32818569456323,Religious,June,Moderate,Medium,Airport,19.56
Punjab,31.356338727568545,75.24059826185002,Wildlife,August,Moderate,Medium,Road,25.55
Maharashtra,19.82856783295231,75.78060561034698,Beach,January,Hot,Medium,Road,26.36
Himachal Pradesh,31.015074562851417,77.18098045581938,Beach,February,Hot,Medium,Road,29.96
Himachal Pradesh,31.07389074908031,77.25378130513762,Religious,April,Moderate,Medium,Railway Station,14.97
Himachal Pradesh,31.24058807881,77.13006965930974,Wildlife,April,Hot,Medium,Road,29.84
Delhi,28.65699616943817,77.12570499373577,Hill Station,October,Cold,Medium,Airport,25.61
Tamil Nadu,11.079361826942469,78.59047725566955,Religious,October,Moderate,High,Road,25.46
Maharashtra,19.782590756559802,75.86143562169495,City,May,Moderate,Medium,Airport,24.08
Uttarakhand,30.06634371710097,78.95106573988798,Beach,May,Hot,Medium,Railway Station,29.09
Rajasthan,27.05607185603381,74.13517690564477,Religious,November,Moderate,High,Railway Station,21.86
West Bengal,22.995687300613174,87.71043900275279,City,February,Moderate,Medium,Airport,21.48
West Bengal,22.993765266451888,87.95335043063585,Wildlife,October,Moderate,High,Airport,30.47
Himachal Pradesh,31.110235057793858,77.40097612975673,Wildlife,April,Moderate,Medium,Road,29.42
Goa,15.514618245751157,74.0472652437112,Beach,June,Hot,Medium,Airport,31.22
Kerala,10.94813091264811,76.12581505409277,City,May,Moderate,Medium,Airport,19.67
West Bengal,23.090060040401795,87.6739868675004,Wildlife,December,Hot,High,Railway Station,35.35
Delhi,28.891717083921588,77.19754238381861,Religious,September,Moderate,Medium,Airport,18.03
Maharashtra,19.825696301652947,75.86156586254296,City,November,Moderate,Medium,Airport,18.27
Rajasthan,26.97688243478953,74.04658654709091,City,February,Moderate,High,Airport,28.54
Maharashtra,19.779063515788742,75.74177230349706,Beach,May,Hot,Low,Railway Station,29.06
Delhi,28.644162497704624,77.10302436997182,Beach,December,Hot,High,Railway Station,30.22
Kerala,10.819197629178356,76.11118765274625,Religious,November,Moderate,Medium,Railway Station,17.14
Maharashtra,19.802943883405874,75.78506148780889,Historical,May,Moderate,Medium,Airport,18.36
Himachal Pradesh,31.02201069210843,77.1430135564569,Religious,July,Moderate,Medium,Railway Station,13.63
Punjab,31.158667463429286,75.45912971840639,Hill Station,June,Cold,Medium,Airport,29.65
Goa,15.401957984655208,74.14060881325081,Beach,December,Hot,High,Railway Station,35.2
Maharashtra,19.888363155753236,75.61740765394198,Religious,July,Moderate,Medium,Road,18.94
Punjab,30.974012689623443,75.48563387919818,Hill Station,February,Cold,High,Road,32.06
Rajasthan,26.80671341718696,74.16922855039573,Wildlife,January,Hot,Medium,Railway Station,28.6
Delhi,28.702628174136507,77.18214054296963,Wildlife,March,Hot,Low,Railway Station,27.0
Rajasthan,27.02053052519059,74.01115578999601,Hill Station,May,Cold,Medium,Railway Station,26.15
Punjab,31.13480886934485,75.33366963452448,City,April,Moderate,Medium,Road,19.73
Kerala,10.756512021367264,76.21971330826634,Religious,February,Moderate,High,Railway Station,23.1
Maharashtra,19.957009260862147,75.68196399924663,Historical,October,Moderate,Medium,Road,14.82
Rajasthan,26.944512716773765,74.20719696400454,Beach,March,Hot,Medium,Airport,28.41
Tamil Nadu,11.13284740030243,78.4286197509959,Hill Station,March,Cold,Medium,Road,21.89
Uttarakhand,30.08819799107342,79.00806719503092,Historical,November,Moderate,Medium,Road,15.9
Kerala,10.776858782774235,76.32905044015499,City,March,Moderate,Low,Road,14.34
Himachal Pradesh,30.874607883526444,77.02188089378015,Historical,January,Moderate,High,Railway Station,22.17
Kerala,10.935640209237883,76.17230641542035,Beach,August,Hot,Medium,Railway Station,34.1
Goa,15.411257491143457,74.11120824085192,Beach,April,Hot,Low,Airport,34.24
Kerala,10.769449415302079,76.1806458116213,Historical,June,Moderate,Medium,Railway Station,15.13
Himachal Pradesh,30.99664519963856,77.34211416350726,City,June,Moderate,Medium,Road,18.06
Maharashtra,19.66410258805149,75.71357040796725,Historical,November,Moderate,Medium,Road,20.64
Uttarakhand,30.120691004368467,78.91557538456736,Hill Station,February,Cold,High,Railway Station,34.57
Rajasthan,27.116417754753165,74.40884166404702,Wildlife,May,Hot,Medium,Airport,27.43
Himachal Pradesh,31.161096923669056,77.10833574308782,Wildlife,July,Hot,Low,Railway Station,18.8
Uttarakhand,29.983941622898126,78.96478308006682,Historical,October,Moderate,High,Road,21.54
Himachal Pradesh,31.0217049883589,77.20044568257798,Historical,October,Moderate,Medium,Airport,18.15
Goa,15.338325326898314,74.11550911675042,Hill Station,December,Cold,High,Railway Station,29.85
Punjab,31.09384196977796,75.39403166096304,Wildlife,September,Moderate,Low,Road,20.83
Kerala,10.683559471887863,76.325436019238,City,July,Moderate,Medium,Airport,20.62
Uttarakhand,29.886311789933547,78.85654575621169,Wildlife,June,Moderate,Medium,Road,25.71
Himachal Pradesh,30.952370946683,77.25317363145787,Religious,May,Moderate,Medium,Road,17.14
Goa,15.178198380023755,74.05881638921979,Religious,July,Moderate,Medium,Railway Station,16.8
Tamil Nadu,11.066903132110362,78.73292510946352,Religious,May,Moderate,Medium,Road,17.14
Rajasthan,27.167956862065793,73.97073554998727,Beach,July,Hot,Medium,Road,31.59
Tamil Nadu,11.144072928439037,78.66583939191456,Religious,December,Moderate,High,Airport,19.61
Delhi,28.862113409507522,77.09051490806344,Wildlife,May,Hot,Medium,Railway Station,29.46
Maharashtra,19.70273937759275,75.67064418121804,Hill Station,May,Cold,Low,Railway Station,20.34
Kerala,10.95399209270806,76.05028934483262,Historical,October,Moderate,High,Road,24.63
Uttarakhand,30.186921392216394,78.97849246269784,Historical,August,Moderate,Low,Railway Station,14.08
Kerala,10.815348651595869,76.27294183791896,Wildlife,August,Hot,Medium,Road,22.39
Rajasthan,26.999882133396984,74.3002104975745,Religious,February,Moderate,High,Railway Station,27.03
Maharashtra,19.828586519388697,75.56604137542202,Religious,November,Moderate,High,Road,22.71
Uttarakhand,30.11773781163361,79.14403270552317,Hill Station,April,Cold,Medium,Road,28.43
Goa,15.324122058630033,74.07806391004597,Beach,April,Hot,Medium,Airport,30.55
Punjab,31.29807713124596,75.38140344800469,Hill Station,April,Cold,Medium,Railway Station,22.45
Delhi,28.653098360114527,77.07551250647067,Hill Station,August,Cold,Low,Railway Station,23.11
Delhi,28.66135920575505,77.04723542266531,Beach,December,Hot,Medium,Road,27.06
Tamil Nadu,11.262663785880495,78.69824349032237,Historical,July,Moderate,Low,Airport,15.61
Rajasthan,26.917961459715297,74.16660856250286,Religious,December,Moderate,High,Airport,27.63
Himachal Pradesh,31.25440443114892,77.23883656563541,Historical,April,Moderate,Low,Airport,7.66
Maharashtra,19.769553084180544,75.97825715833984,Historical,January,Moderate,High,Road,22.83
Kerala,10.92307666238987,76.31920092317368,Hill Station,August,Cold,Medium,Airport,25.33
West Bengal,23.011824393257363,87.74102455718433,Religious,September,Moderate,Low,Road,12.67
Delhi,28.652978432356882,77.00353951797415,City,August,Moderate,Medium,Road,24.78
Maharashtra,20.00536911017375,75.76629526671077,Historical,September,Moderate,Low,Railway Station,12.62
Rajasthan,26.98111189300526,74.11668956247398,Religious,August,Moderate,Medium,Railway Station,16.53
Goa,15.276312042855363,74.18681400134807,Beach,November,Hot,High,Railway Station,30.04
Maharashtra,19.91840215252894,75.68794086486363,Historical,November,Moderate,High,Airport,21.99
Goa,15.298634654536876,73.9920854954798,Historical,February,Moderate,High,Road,18.49
Goa,15.368920636481342,74.30889560949453,Beach,May,Hot,Medium,Railway Station,29.31
Uttarakhand,30.039911130944517,78.90864740912583,Wildlife,February,Hot,Medium,Airport,31.38
Rajasthan,27.039625598095338,74.15014337872663,Beach,July,Hot,Medium,Road,30.0
Rajasthan,27.043608476076788,74.2034639588076,Religious,April,Moderate,Low,Airport,12.45
Tamil Nadu,11.016389554539998,78.79575822690403,Historical,June,Moderate,Medium,Road,25.71
West Bengal,23.11140851924976,87.64766097675918,Historical,January,Moderate,High,Airport,15.02
Tamil Nadu,11.101617873162764,78.64191220332374,Historical,October,Moderate,High,Road,23.87
Punjab,31.110910902876697,75.3342410177087,Wildlife,July,Hot,Medium,Railway Station,29.58
Punjab,31.274255509499415,75.41336720640433,City,May,Moderate,Medium,Railway Station,22.81
Tamil Nadu,11.074647973372024,78.70583745612278,Wildlife,December,Hot,High,Road,29.61
Maharashtra,19.71401791924504,75.78499599682034,Wildlife,April,Hot,Medium,Railway Station,27.28
Kerala,11.015139724267998,76.17039106356938,City,July,Moderate,Low,Railway Station,16.33
Punjab,31.1161453560686,75.3738133022242,Historical,June,Moderate,Medium,Road,19.78
Tamil Nadu,11.002949876905088,78.57526945909451,Religious,March,Moderate,Medium,Railway Station,13.25
Rajasthan,26.882497565465822,74.34256947365296,Wildlife,September,Hot,Medium,Airport,30.27
Tamil Nadu,11.224282269017275,78.65380417493634,Wildlife,October,Hot,High,Road,26.49
Punjab,31.141405437627892,75.37198017688921,Hill Station,November,Cold,Medium,Railway Station,23.91
Rajasthan,26.961514549689873,74.17608569659907,Historical,March,Hot,Medium,Airport,12.87
Goa,15.334058170536167,74.07002403196906,Historical,June,Moderate,Low,Airport,13.06
West Bengal,22.823840701402364,87.91018636553095,City,June,Moderate,Medium,Railway Station,17.67
Goa,15.346559748241305,74.14960297343139,Historical,May,Moderate,Medium,Airport,21.09
West Bengal,22.88642421084366,87.90602963895823,Hill Station,December,Cold,Medium,Road,27.95
Punjab,31.01914230332643,75.27871814223043,City,April,Moderate,Low,Road,9.48
Himachal Pradesh,31.069998691370316,77.19325583628962,Religious,January,Moderate,High,Airport,22.08
Kerala,10.709833890315178,76.17877667538892,Beach,January,Hot,Medium,Road,28.17
Rajasthan,27.08119669592017,74.04254262820913,Beach,March,Hot,Low,Railway Station,20.94
Himachal Pradesh,31.122703679654897,77.23415668643314,Wildlife,April,Hot,Medium,Railway Station,28.29
Goa,15.55530845382688,74.11439401002752,City,March,Moderate,Medium,Road,15.44
Delhi,28.72835204256125,77.12048454187281,Religious,December,Moderate,High,Airport,20.94
Rajasthan,26.961103294221225,74.39914485579969,City,February,Moderate,High,Road,24.0
Punjab,31.200359510937055,75.23242190647383,City,October,Moderate,High,Road,26.5
Tamil Nadu,11.054386282417514,78.63214813644484,Historical,December,Moderate,High,Airport,25.79
Himachal Pradesh,31.16686720975507,77.19117010009333,Wildlife,December,Moderate,High,Road,32.78
Kerala,10.932169851771357,76.332966195971,Hill Station,December,Cold,Medium,Railway Station,20.99
Delhi,28.750018007922844,77.09548342885414,Hill Station,October,Cold,Medium,Airport,27.5
Uttarakhand,30.10976182191326,79.04006876871631,Wildlife,July,Hot,Low,Road,18.02
Uttarakhand,30.0801847654246,79.06396397315171,Hill Station,September,Cold,Medium,Road,27.46
Uttarakhand,30.062844484614335,79.08745006973726,Hill Station,July,Cold,Low,Railway Station,19.36
Himachal Pradesh,31.193451741256908,77.03288400776356,Historical,June,Moderate,Low,Road,11.6
West Bengal,23.00901337716337,87.80712513783365,Religious,March,Moderate,Medium,Railway Station,18.5
Rajasthan,27.03729847208197,74.25915703966442,Religious,September,Moderate,Medium,Road,16.22
Goa,15.38607650241709,74.15230322053952,Wildlife,September,Moderate,Medium,Railway Station,22.21
West Bengal,23.093348037506534,87.80327115498997,Historical,December,Moderate,Medium,Road,18.25
Goa,15.391282751014767,74.15538619634701,City,April,Moderate,Medium,Airport,24.23
Goa,15.444638447711771,74.28195721457307,Historical,April,Moderate,Low,Railway Station,11.66
Delhi,28.569654948896574,77.01063480535159,Wildlife,November,Hot,High,Railway Station,31.43
Uttarakhand,29.946060416835362,78.91224219203228,Hill Station,August,Cold,Medium,Railway Station,19.2
Rajasthan,27.12223223984766,74.19650111557745,Historical,April,Hot,Low,Railway Station,15.05
Goa,15.232910308645334,74.24071029143836,City,May,Moderate,Low,Road,21.93
Goa,15.247546634909177,74.06410756034406,Wildlife,January,Hot,High,Road,37.86
Kerala,10.969401653110756,76.41315042479899,Hill Station,April,Cold,Medium,Road,23.09
Tamil Nadu,11.161461858953523,78.61924473489776,Historical,September,Moderate,Medium,Airport,16.29
West Bengal,22.835225588500276,88.00975052013301,Religious,December,Moderate,High,Railway Station,22.61
West Bengal,22.950546497490063,87.91338003761564,Hill Station,February,Cold,High,Railway Station,35.39
Kerala,10.883945678998703,76.33695442726729,Historical,December,Moderate,High,Airport,23.86
Goa,15.124445301504249,73.99826596995712,Religious,October,Moderate,High,Railway Station,28.03
West Bengal,22.985972192544995,87.92447610308466,Wildlife,September,Hot,Low,Railway Station,20.48
Tamil Nadu,11.125457710392725,78.7757393273448,Religious,September,Moderate,Medium,Railway Station,13.82
Uttarakhand,30.101113505101686,79.15168748037873,Religious,August,Moderate,Medium,Railway Station,20.62
Goa,15.357692818532596,74.0880707909213,City,April,Moderate,Medium,Airport,16.6
Kerala,10.892668492391227,76.31166175931405,City,February,Moderate,Medium,Road,22.8
Maharashtra,19.858167468958914,75.83082955904456,Religious,March,Moderate,Low,Airport,14.15
Kerala,10.898556210741075,76.23406766314028,Religious,August,Moderate,Medium,Railway Station,15.05
Delhi,28.7459252554786,77.14254120292385,Wildlife,October,Moderate,High,Railway Station,30.5
Himachal Pradesh,31.109443654815617,77.03741438590201,Beach,May,Hot,Medium,Airport,30.57
Uttarakhand,30.216313374551742,79.04066304244286,Beach,May,Hot,Medium,Airport,32.24
Maharashtra,19.909245327976347,75.7043704467613,Beach,May,Hot,Medium,Airport,30.75
Punjab,31.102456638544947,75.36060899928984,Wildlife,May,Hot,Low,Road,23.84
Rajasthan,27.041263926936786,74.03690410990193,Religious,August,Moderate,Medium,Airport,15.91
Punjab,31.183810226678805,75.28861946126871,Wildlife,May,Hot,Medium,Railway Station,30.9
West Bengal,22.9802249738927,87.79948004733069,Historical,June,Moderate,Medium,Airport,22.7
Punjab,31.024113062175918,75.32342596785126,City,August,Moderate,Medium,Airport,25.64
Himachal Pradesh,31.175635644729937,77.19778007137712,Historical,August,Moderate,Low,Airport,9.94
Delhi,28.681858722154445,76.98780413712666,Religious,November,Moderate,Medium,Airport,15.31
Rajasthan,26.916791523367387,74.06534748290753,Beach,October,Hot,Medium,Railway Station,35.54
Himachal Pradesh,31.194588853876034,77.15274328315687,Beach,February,Hot,Medium,Road,27.92
Tamil Nadu,11.104159739726965,78.75195027552826,Wildlife,October,Hot,High,Road,33.22
Kerala,10.877466935739708,76.24809435644036,Wildlife,July,Hot,Low,Railway Station,21.97
West Bengal,23.031570856001732,87.91927227598676,City,October,Moderate,Medium,Railway Station,21.71
Goa,15.318952116970147,74.19490037575885,Wildlife,October,Hot,High,Airport,36.99
Delhi,28.69912334903509,77.13999779383397,Religious,February,Moderate,Medium,Airport,13.91
Kerala,10.846484204935566,76.1280224897882,City,November,Moderate,High,Airport,22.73
Rajasthan,27.080270106253618,74.15443949647066,Beach,March,Hot,Medium,Road,25.23
Himachal Pradesh,31.059569368075092,76.93101206733711,Beach,January,Hot,High,Railway Station,37.99
West Bengal,22.87743710539366,87.89221313910932,Religious,October,Moderate,Medium,Railway Station,20.07
Goa,15.20260238568708,74.1192288643858,Hill Station,April,Cold,Medium,Railway Station,26.44
Goa,15.297039691055518,74.17648887786639,Religious,August,Moderate,Medium,Airport,24.21
Kerala,10.871338280794756,76.06692651315757,City,November,Moderate,High,Road,30.34
Kerala,10.841886155451665,76.25319880328826,Historical,February,Moderate,High,Road,22.19
Kerala,11.030268652684953,76.3351842861267,Religious,March,Moderate,Medium,Railway Station,14.8
Rajasthan,26.979301667862615,74.24545105623483,Hill Station,January,Cold,Medium,Airport,23.52
Goa,15.480498012413488,74.15979257286918,Wildlife,December,Moderate,High,Road,30.6
Goa,15.362817180168198,74.22895527153193,Historical,February,Moderate,Medium,Railway Station,20.69
Goa,15.310753336621547,74.21901454709987,Religious,July,Moderate,Medium,Railway Station,15.39
Maharashtra,19.96975070241771,75.67694783831777,Wildlife,August,Moderate,Medium,Railway Station,29.2
Himachal Pradesh,31.001642375312986,77.12047017624538,Wildlife,January,Hot,High,Railway Station,33.61
Uttarakhand,30.057137109337678,78.92597865923544,Wildlife,May,Moderate,Medium,Airport,36.9
Himachal Pradesh,31.10860034781682,77.18540313267182,Beach,November,Hot,Medium,Road,32.26
Delhi,28.72525949703804,77.21160461021647,Hill Station,November,Cold,High,Railway Station,28.49
Delhi,28.655781353770063,77.25989867632902,Hill Station,March,Cold,Low,Railway Station,19.67
Maharashtra,19.951673710253015,75.70336080745626,Religious,August,Moderate,Medium,Railway Station,12.31
Rajasthan,26.860504771945802,74.16062315754515,Wildlife,July,Moderate,Low,Road,28.34
West Bengal,23.124809135414743,87.79244372984905,Hill Station,August,Cold,Medium,Railway Station,29.43
Tamil Nadu,11.159480012760595,78.62775100210064,City,June,Moderate,Low,Road,16.19
Himachal Pradesh,31.06773856679139,77.25056987106484,Beach,June,Hot,Medium,Railway Station,31.63
West Bengal,22.87124319518943,87.88692233421956,City,November,Moderate,High,Railway Station,16.45
Maharashtra,19.86758267873785,75.66712987986881,Hill Station,August,Cold,Medium,Airport,21.12
Uttarakhand,29.911210134951013,78.99206040295002,City,June,Moderate,Low,Airport,16.04
Tamil Nadu,11.15251738922462,78.63097495574198,Wildlife,January,Hot,High,Road,26.71
Maharashtra,19.90157597906343,75.79892217421134,Historical,July,Moderate,Medium,Airport,21.7
Kerala,11.058174798356085,76.30929354522316,Wildlife,June,Hot,Medium,Road,27.04
West Bengal,22.956469153806403,87.89297261869402,Religious,August,Moderate,Medium,Airport,18.29
Kerala,10.846777776349017,76.3438629543637,City,September,Moderate,Medium,Airport,19.79
Goa,15.286208402723025,74.02050451354678,Historical,December,Moderate,High,Railway Station,23.16
Himachal Pradesh,30.90497993154679,77.26503276747025,Hill Station,November,Cold,Medium,Road,25.24
Kerala,10.640408113854809,76.56487528471678,Religious,March,Moderate,Medium,Railway Station,18.04
Maharashtra,19.647509407287448,75.77517739050626,Hill Station,September,Cold,Medium,Railway Station,28.32
Himachal Pradesh,31.132456915259493,77.10832864626549,Beach,February,Hot,Medium,Railway Station,26.84
Himachal Pradesh,31.126543287317972,77.26040677306888,Religious,March,Moderate,Medium,Railway Station,16.43
Goa,15.539641558523828,74.11823812029664,Wildlife,December,Moderate,Medium,Railway Station,29.49
Tamil Nadu,11.1338498535875,78.67665659901724,Historical,August,Moderate,Low,Airport,11.65
West Bengal,22.877840690170533,88.0181125852282,Wildlife,March,Hot,Medium,Railway Station,29.35
Kerala,10.825261995653555,76.30516000191,Wildlife,September,Hot,Medium,Road,31.02
Rajasthan,26.999384336470936,74.31430871682883,Hill Station,May,Cold,Low,Railway Station,24.31
Uttarakhand,30.13691727423109,78.989543649664,Wildlife,May,Hot,Medium,Airport,29.79
Goa,15.311349995878931,74.02113256668709,Religious,May,Moderate,Low,Road,16.13
Delhi,28.56009491174057,77.2619505063225,Religious,August,Moderate,Medium,Airport,13.71
West Bengal,22.92290382523105,87.72269102065925,Wildlife,August,Hot,Medium,Railway Station,25.46
Uttarakhand,30.167781708934264,78.95048496548223,Wildlife,September,Hot,Medium,Railway Station,32.93
West Bengal,22.99271421222724,87.96761170260154,City,April,Moderate,Medium,Road,26.76
Kerala,10.697220414773765,76.41563846895829,Wildlife,July,Hot,Medium,Airport,24.53
Tamil Nadu,11.265527281851051,78.71329091200523,Hill Station,June,Cold,Medium,Road,19.53
West Bengal,23.026008452970085,87.83611033122156,Religious,July,Moderate,Low,Railway Station,11.24
Rajasthan,26.854504318580464,74.20806603732052,Historical,January,Hot,High,Airport,24.66
Maharashtra,19.89070022863446,75.80573166060023,Wildlife,June,Hot,Medium,Airport,28.54
West Bengal,22.926467643477828,87.6963188284405,Hill Station,September,Cold,Low,Railway Station,15.29
Punjab,31.050265554513636,75.3517375506146,Religious,March,Moderate,Medium,Railway Station,18.65
Rajasthan,27.039847620699884,74.12417719511662,Hill Station,August,Cold,Low,Railway Station,16.0
Uttarakhand,30.059285583319,78.96140367448058,Wildlife,December,Hot,Medium,Railway Station,32.19
Himachal Pradesh,31.117029750303228,77.22772980290364,City,November,Moderate,Medium,Road,20.19
Tamil Nadu,11.16721922163269,78.70686371011259,City,November,Moderate,Medium,Road,19.15
West Bengal,22.959267677649457,87.9301375987076,Wildlife,January,Hot,Medium,Road,24.11
Himachal Pradesh,31.194292437694443,77.14390503217079,Beach,November,Hot,High,Road,32.84
Goa,15.32324774617059,74.04579823630924,Beach,December,Hot,Medium,Airport,33.74
Tamil Nadu,11.158082071022703,78.7202776880932,Hill Station,November,Cold,High,Road,26.44
Himachal Pradesh,31.227258443762615,77.3357396562299,Historical,March,Moderate,Medium,Road,19.24
Goa,15.162319702042092,74.11517179516487,Hill Station,January,Cold,High,Railway Station,28.33
Punjab,31.188554181437976,75.26396959746735,City,June,Moderate,Low,Railway Station,22.74
Tamil Nadu,11.071741175829201,78.71379830791852,Beach,April,Hot,Medium,Road,35.03
Tamil Nadu,11.068931908605135,78.5554243269307,Wildlife,November,Hot,High,Airport,37.89
Rajasthan,27.004046477430304,74.14199595527913,Beach,February,Hot,High,Road,33.24
Tamil Nadu,11.230206291398806,78.66775426760283,Wildlife,November,Moderate,High,Airport,33.1
West Bengal,22.86345318987199,87.92449979007769,Wildlife,March,Hot,Medium,Airport,24.48
West Bengal,22.91629881442416,87.84942309223423,Religious,May,Moderate,Low,Railway Station,17.84
Goa,15.36224135848868,74.03250409322173,Religious,January,Moderate,High,Railway Station,19.03
Goa,15.225747005741024,74.24760931752104,Religious,September,Moderate,Medium,Airport,17.24
Himachal Pradesh,30.96408559737851,77.18069967559734,Historical,June,Moderate,Medium,Road,16.4
Goa,15.53123295399817,74.16333178393943,Religious,July,Moderate,Low,Road,14.34
Goa,15.335467658542367,74.17437360462124,Historical,May,Moderate,Medium,Airport,16.42
Tamil Nadu,11.048501053949206,78.52377670464422,Historical,February,Moderate,Medium,Airport,19.75
Tamil Nadu,11.177899132691255,78.5465633393826,Wildlife,June,Hot,Low,Road,17.49
Goa,15.382932372299555,74.12712668772487,Religious,May,Moderate,Medium,Airport,10.54
Tamil Nadu,11.117211034680887,78.74880764829877,City,January,Moderate,High,Road,25.25
Punjab,31.080290954635693,75.44040423495365,Wildlife,December,Moderate,Medium,Railway Station,27.13
Goa,15.263998394327444,74.02034240836437,Beach,October,Hot,High,Railway Station,31.44
Kerala,10.959089556583159,76.318569823288,Religious,April,Moderate,Low,Road,15.94
Goa,15.269285971560752,74.05895869652899,Religious,December,Moderate,High,Road,29.39
Rajasthan,26.917288633692465,74.18737752956453,Religious,February,Moderate,High,Road,23.59
Punjab,31.152498841844576,75.16095910925058,City,August,Moderate,Medium,Airport,21.52
Delhi,28.610166460618125,77.08809124442784,City,December,Moderate,High,Airport,23.06
Himachal Pradesh,30.97655013788785,77.0767482974065,City,June,Moderate,Medium,Road,21.62
Tamil Nadu,11.10575571290698,78.80597261368499,Beach,April,Hot,Medium,Airport,31.25
Maharashtra,19.71040688437008,75.6771775784045,City,September,Moderate,Medium,Road,18.31
Goa,15.260482318145877,74.14104162223754,Beach,May,Hot,Medium,Railway Station,27.88
Goa,15.390543524925917,74.17395269850954,Religious,June,Moderate,Medium,Airport,12.4
West Bengal,22.850112130158458,87.83252345981073,Hill Station,March,Cold,Medium,Airport,31.87
Tamil Nadu,11.203015516030264,78.59924895992732,Wildlife,June,Hot,Medium,Airport,29.62
Tamil Nadu,11.213410022617063,78.57725598189404,Hill Station,May,Cold,Medium,Road,17.23
Himachal Pradesh,31.123135991977918,77.1718690150827,Historical,June,Moderate,Medium,Road,13.56
Goa,15.418957150166449,74.1081470426973,Wildlife,July,Hot,Medium,Road,29.74
Uttarakhand,30.062791148734345,79.13612177218168,Hill Station,November,Cold,High,Airport,26.42
West Bengal,22.84960988570686,87.69364386021233,Hill Station,October,Cold,High,Road,27.41
Uttarakhand,30.170790468739607,78.95873844602632,Wildlife,April,Hot,Low,Road,20.99
Himachal Pradesh,31.095965734099092,77.26553496029865,Religious,August,Moderate,Medium,Road,22.48
Goa,15.32922925804065,74.25417412893988,Religious,July,Moderate,Medium,Airport,19.23
Rajasthan,26.90467098607122,74.22416853968869,Hill Station,January,Cold,High,Railway Station,34.68
West Bengal,23.000453533108274,87.81846784486879,Hill Station,February,Cold,Medium,Airport,31.04
Maharashtra,19.671250726678835,75.84378113248471,Beach,July,Hot,Medium,Railway Station,30.55
Uttarakhand,30.00111057210286,78.91460890173181,Religious,December,Moderate,High,Road,25.6
Maharashtra,19.77975435261068,75.64311473232567,Historical,October,Moderate,High,Road,24.61
Rajasthan,26.948120491143055,74.07571893332582,Historical,November,Hot,Medium,Airport,20.99
West Bengal,23.119619414184903,87.91062300094006,Wildlife,July,Hot,Medium,Railway Station,32.5
Punjab,31.1509591940227,75.4867618690081,Religious,June,Moderate,Medium,Airport,15.25
West Bengal,23.04062960790496,87.96225073373098,Historical,April,Moderate,Low,Railway Station,18.4
Himachal Pradesh,31.083762984143895,77.11392237454443,Religious,June,Moderate,Medium,Road,18.67
Uttarakhand,30.272420712994034,78.90897916342783,Hill Station,July,Cold,Medium,Railway Station,21.16
Kerala,10.817354370227536,76.29214705415305,Hill Station,August,Cold,Low,Airport,18.55
Kerala,10.936547348835974,76.2127922561431,Religious,November,Moderate,Medium,Road,16.51
Punjab,31.06573546439403,75.46257314377259,Hill Station,June,Cold,Low,Airport,22.51
Rajasthan,26.919919817199744,74.26819004049142,Wildlife,April,Moderate,Low,Airport,22.58
Maharashtra,19.686364310620817,75.66103833182503,Beach,October,Hot,High,Airport,36.2
Kerala,10.899944341408363,76.34346136191778,City,March,Moderate,Medium,Road,21.76
Punjab,31.407268311418036,75.39775096456316,City,March,Moderate,Medium,Airport,20.72
Maharashtra,19.784365216037322,75.80392286589152,City,March,Moderate,Medium,Airport,14.72
Punjab,31.02467017637106,75.3202976742714,Beach,January,Hot,Medium,Railway Station,29.58
Kerala,11.01749045043514,76.3105671529823,Wildlife,June,Moderate,Medium,Airport,25.45
Rajasthan,26.91277766134904,74.24569830647427,City,January,Moderate,Medium,Airport,18.46
Tamil Nadu,10.98211434345191,78.54626918187716,Wildlife,February,Hot,Medium,Road,32.36
Himachal Pradesh,31.067516684790824,77.34609638512335,Historical,August,Moderate,Medium,Railway Station,20.17
Maharashtra,19.609663426706696,75.53781911880192,Wildlife,February,Moderate,High,Railway Station,31.8
Maharashtra,19.694200219500907,75.7320116510211,Beach,October,Hot,Medium,Airport,33.5
Maharashtra,19.695075240134262,75.7323551303197,City,August,Moderate,Medium,Road,17.49
Punjab,31.33576146460894,75.5042929181263,Hill Station,August,Cold,Medium,Railway Station,30.58
Tamil Nadu,11.204936107616664,78.60178142836713,Religious,February,Moderate,Medium,Railway Station,19.87
West Bengal,22.921873442192407,87.94978258028372,Hill Station,February,Cold,High,Railway Station,33.35
Delhi,28.58993108858665,77.08313405407203,Beach,February,Hot,High,Airport,37.05
Goa,15.287125249161672,74.27534497432421,Wildlife,November,Hot,High,Road,32.75
Maharashtra,19.770484783621246,75.7715758066193,Religious,June,Moderate,Low,Railway Station,13.89
Delhi,28.730266297269647,77.21724093301917,Wildlife,May,Hot,Medium,Railway Station,26.95
Maharashtra,19.62616518068781,75.74876443443341,Wildlife,July,Hot,Medium,Airport,27.09
Himachal Pradesh,30.927956063443716,77.20571677141848,Religious,November,Moderate,High,Road,22.42
Kerala,10.953796394715281,76.2516054791571,Historical,August,Moderate,Medium,Airport,17.56
Tamil Nadu,11.073829916033809,78.53990831642896,City,August,Moderate,Low,Railway Station,16.54
Tamil Nadu,11.14766863749607,78.61905459481535,Religious,February,Moderate,High,Railway Station,13.38
Tamil Nadu,11.081390374341373,78.59667879396382,City,November,Moderate,High,Railway Station,29.98
Uttarakhand,30.106330946245848,78.96195621784578,Beach,November,Hot,Medium,Railway Station,31.41
Himachal Pradesh,31.084432624982306,77.08560174132434,Hill Station,February,Cold,Medium,Airport,24.7
Tamil Nadu,11.043071856934288,78.56461698102731,Hill Station,December,Cold,Medium,Road,22.52
Uttarakhand,30.039687639895742,79.01716327056516,Beach,September,Hot,Low,Airport,29.48
Delhi,28.461675973972707,77.19090453963611,Wildlife,September,Hot,Medium,Railway Station,25.76
Himachal Pradesh,31.113533105791543,77.2436406569151,Historical,June,Moderate,Medium,Road,18.74
Tamil Nadu,10.970845414311347,78.60399473226536,Religious,January,Moderate,High,Railway Station,22.29
Delhi,28.760805551738812,76.96918426893464,City,June,Moderate,Low,Airport,11.67
Delhi,28.623258017547663,77.07097351557586,Wildlife,April,Moderate,Medium,Airport,35.24
West Bengal,22.90577475629856,87.8750569197231,Beach,February,Hot,High,Railway Station,32.8
Maharashtra,19.721945875985345,75.72913155135765,City,February,Moderate,High,Railway Station,28.45
Delhi,28.712714388304637,76.99528609880144,Beach,July,Hot,Low,Road,22.52
Delhi,28.747755980415768,77.19289348410862,Wildlife,November,Hot,Medium,Road,19.24
Maharashtra,19.64806271720764,75.64282398964508,Hill Station,October,Cold,High,Road,35.31
Goa,15.281010355889517,74.26148764191481,Hill Station,March,Cold,Medium,Railway Station,25.22
Goa,15.359547720943949,74.05309662883353,City,June,Moderate,Medium,Airport,18.11
Rajasthan,27.03606703159948,74.38036784584696,Beach,October,Hot,High,Road,33.47
Tamil Nadu,11.178241550092995,78.6886471934731,Hill Station,March,Cold,Medium,Road,23.92
Punjab,31.235410977714714,75.33341628029872,Hill Station,December,Cold,Medium,Road,24.9
Kerala,10.849960262363847,76.37493887557346,Historical,July,Moderate,Medium,Railway Station,15.08
Uttarakhand,30.078127041053776,78.87547220216827,Beach,June,Hot,Medium,Railway Station,31.52
Uttarakhand,30.174804806571466,78.97456781043412,Wildlife,October,Hot,Medium,Airport,33.62
Punjab,31.025188538868075,75.35297212173809,Beach,March,Hot,Low,Road,28.84
Punjab,31.250096081758116,75.30772246678934,Religious,February,Moderate,Medium,Railway Station,15.07
West Bengal,23.016598223637743,87.9310904743157,Religious,July,Moderate,Medium,Railway Station,15.79
Delhi,28.597346708574573,77.10492194566729,Historical,July,Hot,Medium,Railway Station,24.19
Kerala,10.744260647185312,76.31393070972076,Wildlife,February,Moderate,High,Railway Station,37.24
Tamil Nadu,11.101574805789776,78.66017244915406,Hill Station,May,Cold,Low,Road,16.43
Delhi,28.762063317321356,77.13507963165823,Historical,September,Hot,Medium,Road,17.2
Goa,15.358944233956068,74.15109745388462,Hill Station,April,Cold,Medium,Railway Station,22.58
Delhi,28.603445743472037,77.2164878561129,Hill Station,January,Cold,High,Airport,30.91
Goa,15.42989699173272,74.11488308804438,Beach,March,Hot,Medium,Railway Station,29.5
Goa,15.19936977677051,74.07352250787717,City,February,Moderate,Medium,Airport,13.28
West Bengal,22.945729134089756,87.78872862281371,Religious,July,Moderate,Low,Airport,10.3
Rajasthan,27.14551585208255,74.37003160519224,Historical,September,Hot,Low,Road,6.91
Kerala,10.848080439360908,76.18072981392699,Wildlife,September,Hot,Low,Road,24.21
Uttarakhand,30.186267414432802,78.90716193619252,Hill Station,July,Cold,Medium,Road,25.97
Punjab,31.12120950262959,75.39986938014752,Historical,January,Moderate,High,Railway Station,23.85
Himachal Pradesh,31.242386617318395,77.27465460010538,City,October,Moderate,High,Railway Station,23.58
Delhi,28.636325502947514,77.1538907849659,Historical,December,Hot,High,Road,20.0
Tamil Nadu,11.199461058722887,78.72364607816392,City,February,Moderate,Medium,Railway Station,20.54
Punjab,31.122974234538145,75.40845737012027,City,March,Moderate,Medium,Road,21.23
West Bengal,22.816312144586767,87.6273008792467,Religious,June,Moderate,Medium,Airport,22.7
Tamil Nadu,11.211842167715043,78.60336718140461,Hill Station,April,Cold,Low,Railway Station,13.48
Delhi,28.68191390962047,77.14466844682644,Historical,September,Hot,Low,Airport,12.73
Tamil Nadu,11.10114533224161,78.73078104808874,City,December,Moderate,Medium,Railway Station,21.54
Kerala,10.939366275355097,76.21842445673451,City,March,Moderate,Medium,Airport,21.85
Maharashtra,19.935318367679514,75.6915534017628,Religious,February,Moderate,High,Road,23.1
Maharashtra,19.56297999479789,75.6842732556491,Beach,June,Hot,Medium,Railway Station,28.95
Rajasthan,26.917019707842083,74.31293075919736,Beach,February,Hot,High,Airport,31.84
Goa,15.372730467556151,74.05906686880796,Beach,March,Hot,Low,Road,30.13
Rajasthan,27.13998783026082,74.12516468658094,Religious,February,Moderate,High,Airport,22.21
West Bengal,23.01331555272989,87.91919305349616,Historical,October,Moderate,High,Road,23.72
West Bengal,23.086904609256713,87.58467677070009,Religious,October,Moderate,Medium,Road,17.57
Delhi,28.851505605248807,77.06729869251465,City,November,Moderate,High,Railway Station,27.03
Rajasthan,27.119087454720294,74.37912782579886,Historical,February,Hot,Medium,Railway Station,17.59
West Bengal,22.8853581122832,87.93328702435814,Religious,May,Moderate,Medium,Railway Station,20.94
Delhi,28.61977534046838,77.31959427174979,Hill Station,June,Cold,Medium,Road,24.26
Himachal Pradesh,31.252707897340578,77.23451436546496,City,August,Moderate,Low,Railway Station,14.47
Punjab,31.16656074552372,75.26695294143019,Hill Station,June,Cold,Medium,Railway Station,23.13
Himachal Pradesh,31.082780537299204,76.9666145273564,Religious,February,Moderate,High,Road,18.04
Delhi,28.637158980516745,77.08200649621868,Wildlife,July,Hot,Medium,Railway Station,25.32
Delhi,28.812547958307306,77.04474699064924,Wildlife,December,Hot,High,Airport,33.02
West Bengal,22.968751021106836,87.77708483480717,Wildlife,November,Hot,High,Airport,34.13
Uttarakhand,30.07715441386394,78.80307807790822,Wildlife,August,Hot,Medium,Road,27.42
Rajasthan,27.01773391861854,74.14705932330895,Hill Station,August,Cold,Low,Airport,25.7
Uttarakhand,30.149934926706326,79.00115216704208,Religious,February,Moderate,High,Road,17.46
Rajasthan,27.113303831407613,74.16959389483165,Hill Station,April,Cold,Low,Road,15.26
West Bengal,23.001286766465753,87.79352271348431,Historical,September,Moderate,Medium,Road,18.44
Delhi,28.61498077745847,76.88731845986707,Beach,June,Hot,Medium,Railway Station,29.19
Goa,15.451439849783192,74.07490625501286,Historical,July,Moderate,Medium,Railway Station,15.84
Delhi,28.639099741917654,77.11936546719667,Hill Station,November,Cold,High,Road,29.33
Uttarakhand,30.184417510523993,78.84590164705827,Hill Station,June,Cold,Medium,Airport,26.33
Maharashtra,19.77482161312635,75.80921366339132,Religious,July,Moderate,Medium,Railway Station,19.12
Goa,15.305135100428549,74.04952157932735,Religious,November,Moderate,Medium,Road,17.86
Rajasthan,27.00298831427275,74.2050462488561,City,February,Moderate,High,Road,24.9
Rajasthan,26.827860977390927,74.2911649360729,City,May,Moderate,Medium,Road,14.35
Tamil Nadu,11.169819436187169,78.59227726901561,Beach,October,Hot,Medium,Road,32.91
Himachal Pradesh,31.010414929457628,77.06394134604471,City,September,Moderate,Medium,Railway Station,25.33
Uttarakhand,30.041795348540106,79.048169362928,Beach,November,Hot,Medium,Road,34.18
Maharashtra,19.56956920713353,75.64458131727635,Hill Station,November,Cold,Medium,Road,25.78
Tamil Nadu,11.205056672724039,78.55822139542605,Wildlife,June,Hot,Medium,Airport,32.76
Uttarakhand,29.956229533151408,78.99780789697112,City,March,Moderate,Medium,Airport,24.45
Uttarakhand,30.023784336440816,79.02425785204848,Historical,April,Moderate,Low,Airport,10.11
Rajasthan,26.967583197342172,74.19697781262555,Beach,February,Hot,Medium,Railway Station,29.52
Himachal Pradesh,31.266358282354823,77.049965112812,Wildlife,September,Hot,Medium,Road,30.89
Maharashtra,19.940638784955034,75.66769039813485,Hill Station,November,Cold,Medium,Railway Station,23.22
Delhi,28.702654772912172,77.15712842480038,Beach,October,Hot,High,Railway Station,33.58
Rajasthan,26.91398545219692,74.18171886607675,Beach,March,Hot,Medium,Road,30.02
Delhi,28.86396471705047,77.15859194479413,Beach,December,Hot,High,Railway Station,34.22
Punjab,31.1377565929083,75.3640982425061,Historical,June,Moderate,Medium,Road,17.11
Kerala,10.88746421921981,76.26036978559958,Historical,October,Moderate,Medium,Railway Station,21.52
West Bengal,23.03969579363925,87.65110387229946,Beach,September,Hot,Medium,Airport,31.34
Goa,15.522430014619264,74.18780511014407,Historical,April,Moderate,Medium,Railway Station,23.2
Delhi,28.597759799342906,77.01515903659123,Historical,August,Hot,Medium,Railway Station,19.5
Tamil Nadu,11.040596077365102,78.66301156093674,Wildlife,September,Hot,Medium,Railway Station,24.22
Rajasthan,26.91652569742602,74.24182468641112,Beach,October,Hot,High,Airport,36.48
Goa,15.532716358012705,74.1531861762,Hill Station,November,Cold,High,Railway Station,29.38
Uttarakhand,30.022008552031302,78.891716791343,Wildlife,February,Hot,Medium,Road,30.7
Maharashtra,19.601202967160486,75.73927396614945,Hill Station,May,Cold,Medium,Airport,32.93
Rajasthan,26.98762369311632,74.24591213889694,City,August,Moderate,Medium,Road,21.4
Rajasthan,26.986838966395638,74.25561003939022,Historical,February,Hot,Medium,Airport,19.86
West Bengal,23.012327338741354,87.9595896715496,City,January,Moderate,High,Railway Station,24.91
Punjab,31.081723366135115,75.28163387059566,Historical,September,Moderate,Medium,Railway Station,15.28
Kerala,11.122094657231289,76.24412814684428,Historical,February,Moderate,High,Railway Station,27.12
Kerala,10.879055407485765,76.32321224283794,Hill Station,June,Cold,Low,Airport,19.84
Uttarakhand,30.183380601920838,78.99885450203148,Beach,March,Hot,Medium,Airport,31.94
Goa,15.005261136533573,74.18959007765297,Historical,December,Moderate,Medium,Airport,19.78
West Bengal,23.182506364054163,87.83085855895798,Historical,October,Moderate,High,Airport,23.58
Himachal Pradesh,31.145505228712455,77.07623432654587,Hill Station,May,Cold,Low,Airport,17.68
Rajasthan,27.11911250453761,74.26920854200974,Wildlife,December,Moderate,High,Road,28.86
Maharashtra,19.82306582447579,75.7560379811098,Historical,February,Moderate,High,Railway Station,24.55
Kerala,10.969391337147465,76.34193038472011,City,February,Moderate,Medium,Airport,18.22
Kerala,10.871681707897448,76.18907586705514,Historical,November,Moderate,Medium,Road,15.7
West Bengal,22.919282172502562,87.84054813292845,Hill Station,February,Cold,High,Railway Station,29.93
Delhi,28.725429370737295,77.10262054753623,Wildlife,January,Hot,High,Road,27.32
Maharashtra,19.590744013563103,75.63762752214338,Wildlife,April,Moderate,Low,Road,20.55
Rajasthan,26.960809474528162,74.20240753981638,City,July,Moderate,Medium,Airport,22.62
Delhi,28.67764851586894,76.90211376355933,City,April,Moderate,Low,Road,17.1
Tamil Nadu,11.129413872309817,78.49160813021611,Beach,November,Hot,High,Road,35.24
Himachal Pradesh,31.105596428264732,77.27377095238107,Wildlife,June,Hot,Medium,Airport,31.61
Maharashtra,19.770409249383906,75.60336466824472,Wildlife,September,Hot,Medium,Road,26.05
Maharashtra,19.79913577693562,75.76444701591666,Hill Station,July,Cold,Low,Railway Station,22.35
Punjab,31.153626819534253,75.26731971312698,Religious,July,Moderate,Medium,Railway Station,13.53
Goa,15.229828686891095,74.08307175618869,Religious,January,Moderate,High,Railway Station,24.67
Himachal Pradesh,31.106337898137213,77.26890963794415,City,April,Moderate,Medium,Road,18.12
Himachal Pradesh,31.018955005962532,77.28595877710404,Wildlife,December,Hot,Medium,Railway Station,24.9
Rajasthan,26.94187421402785,74.17027791264553,Hill Station,June,Cold,Medium,Road,20.96
Uttarakhand,30.0508405438175,79.11379716653887,Religious,March,Moderate,Low,Road,14.62
West Bengal,22.97647782470675,87.88153623493997,Religious,August,Moderate,Low,Road,13.17
Rajasthan,27.180677860410285,74.08509037375663,Beach,February,Hot,High,Road,33.25
West Bengal,23.11041307218062,87.86386575909614,Hill Station,May,Cold,Low,Airport,22.9
Punjab,31.167430294356905,75.31273169643275,Beach,January,Hot,High,Railway Station,35.59
Goa,15.286802421364174,73.84074804292237,Wildlife,July,Hot,Medium,Road,29.22
West Bengal,22.93174631505084,87.73292875740859,City,January,Moderate,High,Road,25.05
Kerala,10.818490801905561,76.23143378401781,City,June,Moderate,Medium,Airport,23.71
Uttarakhand,30.170711178742028,79.01172357134645,City,February,Moderate,Medium,Railway Station,21.45
Tamil Nadu,11.287325322560692,78.58269938643423,Historical,December,Moderate,High,Railway Station,25.91
Tamil Nadu,11.040133691872532,78.76944347844147,City,March,Moderate,Medium,Railway Station,18.75
West Bengal,22.910659245671518,87.8742292978142,City,September,Moderate,Medium,Railway Station,24.64
Himachal Pradesh,31.050388599788583,77.15712070939277,Religious,July,Moderate,Medium,Airport,16.56
Tamil Nadu,11.075778643352843,78.63404000846599,Wildlife,March,Hot,Medium,Road,30.22
Goa,15.377197971204401,73.88301118328931,City,February,Moderate,High,Airport,22.02
Uttarakhand,30.040510917079175,79.0215465892812,Religious,May,Moderate,Medium,Railway Station,16.94
West Bengal,23.058338131544122,87.9268185725708,Wildlife,December,Hot,High,Railway Station,34.64
Rajasthan,27.043023476419524,74.31598534491374,Religious,August,Moderate,Medium,Railway Station,16.29
West Bengal,22.86288929243461,87.70824747342476,Hill Station,December,Cold,High,Railway Station,27.77
Delhi,28.568955423510804,77.16952198972774,Historical,May,Hot,Medium,Road,20.97
Punjab,30.987009602152348,75.25835029752197,Hill Station,November,Cold,High,Road,32.03
Tamil Nadu,11.047399719641783,78.8240482891182,City,September,Moderate,Medium,Road,17.77
Rajasthan,27.025888648829596,74.24097009057186,Hill Station,March,Cold,Medium,Road,24.68
West Bengal,22.921798333132955,87.78878691545324,Hill Station,March,Cold,Low,Airport,19.38
Kerala,10.978664379500378,76.32686910607252,Religious,June,Moderate,Medium,Railway Station,15.21
Tamil Nadu,11.241114903852127,78.81495406865683,Wildlife,January,Hot,High,Road,34.49
Rajasthan,27.08765178605945,74.1942231397036,Religious,August,Moderate,Medium,Railway Station,13.95
Uttarakhand,30.059204897635748,78.98731524767452,Historical,February,Moderate,High,Road,25.96
Rajasthan,26.940285709837,74.42685387216947,Wildlife,June,Hot,Medium,Railway Station,28.46
Uttarakhand,30.125257262794957,79.01968030761232,Religious,May,Moderate,Medium,Airport,17.11
Himachal Pradesh,31.085796096499852,77.13765545771896,Hill Station,December,Cold,Medium,Airport,20.12
West Bengal,23.140143370129632,87.71260428475499,Wildlife,July,Moderate,Medium,Road,21.36
Himachal Pradesh,31.14958617477518,77.21050940513139,City,May,Moderate,Medium,Road,19.2
West Bengal,23.033017266608194,88.0574309623287,Beach,October,Hot,High,Railway Station,30.21
West Bengal,23.00307444148464,87.85913790525859,Beach,February,Hot,High,Airport,30.91
Himachal Pradesh,31.106714777741576,77.10925130909557,Historical,March,Moderate,Medium,Road,19.28
West Bengal,22.890651163034445,87.93808523242794,Hill Station,November,Cold,High,Railway Station,31.46
Uttarakhand,30.11404062778804,79.1677116028536,Religious,February,Moderate,Medium,Road,14.13
Maharashtra,19.81334883804565,75.6931522477316,City,May,Moderate,Medium,Airport,21.07
Rajasthan,27.084251532635538,74.30613330623234,City,September,Moderate,Medium,Airport,16.25
Himachal Pradesh,31.089417397280165,77.08610703232604,Beach,March,Hot,Low,Airport,23.64
West Bengal,22.9620974299254,87.81916598479788,Hill Station,June,Cold,Medium,Road,31.3
Delhi,28.569688552963683,76.94217395331842,City,August,Moderate,Medium,Road,18.06
Rajasthan,27.082573165247997,74.33709588561172,Wildlife,February,Moderate,Medium,Airport,28.3
Goa,15.102289618228816,74.21325973382993,Historical,December,Moderate,High,Road,21.22
West Bengal,22.891406058060333,87.81429636870733,Wildlife,July,Hot,Medium,Railway Station,28.04
Delhi,28.550075236796893,77.30083862348518,Hill Station,March,Cold,Low,Railway Station,22.06
Himachal Pradesh,31.115235593752324,77.08352159516768,Historical,August,Moderate,Medium,Road,22.85
Maharashtra,19.892605090105924,75.67335899923862,City,March,Moderate,Low,Road,11.01
Delhi,28.702891105215397,76.9772606555587,Beach,March,Hot,Medium,Railway Station,25.65
Maharashtra,19.714876846068172,75.75828802302173,Hill Station,February,Cold,High,Road,31.09
Rajasthan,27.04369481467965,74.26157385517335,City,March,Moderate,Medium,Airport,12.19
Uttarakhand,30.170504728873993,79.09335908681031,Religious,April,Moderate,Medium,Railway Station,18.21
Maharashtra,19.783465182591897,75.66348201689922,City,February,Moderate,Medium,Railway Station,14.66
Kerala,10.919523680038028,76.0152631616743,Religious,September,Moderate,Medium,Railway Station,16.76
Rajasthan,26.915217487111484,74.28583732829566,Religious,May,Moderate,Medium,Road,13.74
Maharashtra,19.72632693180075,75.8272623471859,Hill Station,September,Cold,Low,Road,16.55
Rajasthan,27.081764322932266,74.17187365984167,Wildlife,October,Hot,High,Airport,35.59
Rajasthan,26.964048980530837,74.36013698616985,Religious,October,Moderate,Medium,Road,13.59
Delhi,28.72695765275179,77.28271648084315,City,October,Moderate,High,Airport,23.2
Punjab,31.188939822088866,75.48135985929464,Hill Station,January,Cold,High,Road,31.15
Delhi,28.78339348534931,77.19953933898469,City,November,Moderate,Medium,Airport,15.23
Delhi,28.903666748978395,77.41349185560054,Historical,October,Hot,High,Road,25.41
Punjab,31.246653246908306,75.42280728433938,Historical,November,Moderate,High,Road,26.25
Goa,15.365892425205447,74.16615866106144,Religious,May,Moderate,Medium,Railway Station,16.78
Kerala,10.904502423161693,76.1411883355699,Religious,July,Moderate,Medium,Railway Station,15.39
West Bengal,23.03075012306202,87.93289365035122,Hill Station,December,Cold,Medium,Airport,21.33
Rajasthan,27.032596882105285,73.97877255689758,Historical,July,Hot,Low,Railway Station,14.9
West Bengal,23.056353775756577,87.93991021107432,Beach,June,Hot,Medium,Road,29.78
Rajasthan,27.06927951696424,74.29531314616193,City,December,Moderate,High,Railway Station,24.82
Uttarakhand,30.11686657213812,79.0242773687181,Historical,March,Moderate,Low,Railway Station,10.0
Maharashtra,19.79359729443894,75.76310188479927,Wildlife,February,Hot,High,Railway Station,35.1
Kerala,10.750860831083294,76.2431126913834,Historical,February,Moderate,High,Railway Station,21.42
West Bengal,22.900522423595685,87.9243478911914,Beach,March,Hot,Low,Airport,23.56
Punjab,31.082160830625625,75.41840947889753,City,July,Moderate,Medium,Road,18.82
Tamil Nadu,11.153225053123386,78.61997228607537,Beach,March,Hot,Medium,Railway Station,33.64
Delhi,28.60385280683941,76.99232068020801,Religious,June,Moderate,Medium,Airport,17.43
Rajasthan,27.135068837498995,74.15497366063072,Historical,September,Hot,Medium,Railway Station,13.43
West Bengal,22.916434545043348,87.94819797549596,City,August,Moderate,Medium,Airport,24.6
Himachal Pradesh,31.228381162000694,77.15781018220633,Historical,September,Moderate,Medium,Railway Station,14.65
Kerala,10.98922574110526,76.3857623916562,Beach,October,Hot,Medium,Railway Station,28.36
Punjab,31.014495231391795,75.29985348388767,Hill Station,May,Cold,Medium,Railway Station,23.92
Delhi,28.65339243844765,76.9356548448089,Religious,November,Moderate,High,Railway Station,22.78
Goa,15.307047371873724,74.27535979746527,Wildlife,January,Moderate,High,Airport,29.02
Tamil Nadu,10.94248121377619,78.56394891398075,Beach,May,Hot,Low,Road,23.16
Uttarakhand,30.000521552120563,78.84455469153049,Historical,June,Moderate,Medium,Airport,15.51
Tamil Nadu,11.147826732939896,78.66383443370361,Hill Station,October,Cold,High,Road,29.62
Kerala,10.869069258974106,76.29083272625952,City,September,Moderate,Medium,Railway Station,19.75
Himachal Pradesh,30.97484187630724,77.25637324178791,Historical,September,Moderate,Medium,Railway Station,15.56
Maharashtra,19.852867574054386,75.55640205305669,City,October,Moderate,High,Road,28.57
Delhi,28.80586614668435,77.12964953108258,Hill Station,March,Cold,Medium,Airport,27.78
Tamil Nadu,11.15477934493253,78.82333170981245,City,June,Moderate,Low,Road,14.36
Uttarakhand,30.043860925593197,79.01495230501861,Beach,April,Hot,Medium,Road,32.17
Maharashtra,19.58914447619769,75.70292304961838,Historical,September,Moderate,Medium,Airport,17.02
Punjab,31.20356059258936,75.23923356613079,Hill Station,March,Cold,Low,Road,21.49
Uttarakhand,30.05270720857224,79.05095403266087,Historical,September,Moderate,Low,Railway Station,10.41
Rajasthan,27.191546293031262,74.16865539256695,Wildlife,September,Hot,Medium,Airport,28.57
Uttarakhand,30.19583681221947,79.10005309998188,Wildlife,June,Hot,Medium,Airport,32.7
Tamil Nadu,11.163018304919209,78.7136941743075,Wildlife,December,Hot,High,Railway Station,30.08
Delhi,28.635045894768375,77.01088080845189,City,September,Moderate,Medium,Road,17.65
Maharashtra,19.922001414720704,75.6838196687783,Historical,December,Moderate,High,Road,20.5
Goa,15.323240450053538,74.17396851103028,Historical,January,Moderate,Medium,Railway Station,16.26
Uttarakhand,29.926758043966924,79.03997747798344,Religious,February,Moderate,Medium,Railway Station,18.42
Delhi,28.792829083726673,77.02617138958215,City,December,Moderate,Medium,Road,22.61
Punjab,31.2543978047766,75.57758724946194,Wildlife,August,Hot,Low,Railway Station,23.11
Delhi,28.776256250512613,77.07941336261553,Wildlife,April,Hot,Medium,Road,28.91
Punjab,31.08651391792411,75.51313779062073,Wildlife,August,Hot,Medium,Airport,32.36
Maharashtra,19.76992479139441,75.66599489426382,Religious,December,Moderate,High,Road,23.61
Tamil Nadu,11.129638842054241,78.46493268438023,Beach,November,Hot,High,Airport,29.68
Punjab,31.29146320034688,75.21554931057207,Wildlife,December,Hot,High,Airport,31.52
Kerala,10.904770439797673,76.16721402102132,Hill Station,August,Cold,Medium,Railway Station,27.44
Tamil Nadu,11.223918466053286,78.62376916168166,Beach,July,Hot,Low,Road,26.71
Kerala,10.860460575652144,76.1051244414522,Historical,September,Moderate,Medium,Road,16.16
West Bengal,22.85455420432564,87.90318660617186,Religious,December,Moderate,High,Airport,17.95
Rajasthan,27.01125457399971,74.25068795241593,Wildlife,April,Hot,Low,Road,24.64
Uttarakhand,30.067703818651232,79.12578767392903,Religious,August,Moderate,Medium,Road,19.12
Tamil Nadu,11.163848166547432,78.62554703138275,City,March,Moderate,Medium,Railway Station,13.58
Maharashtra,19.767965515535856,75.67495984569697,City,September,Moderate,Medium,Railway Station,20.52
Goa,15.200519116541198,74.1774778545805,Wildlife,August,Hot,Medium,Airport,32.77
Kerala,10.82099100857621,76.36868167193448,City,September,Moderate,Medium,Railway Station,18.75
Kerala,10.822398035272842,76.31359661162476,City,May,Moderate,Medium,Road,22.76
Kerala,10.819651721154418,76.51377164863456,Religious,December,Moderate,High,Railway Station,21.35
Uttarakhand,30.052191317846834,78.96000734669519,Historical,June,Moderate,Medium,Road,19.3
Goa,15.508144277286993,73.9654016687762,City,February,Moderate,High,Road,28.06
Maharashtra,19.86009266963228,75.8194218851331,Historical,July,Moderate,Medium,Railway Station,12.36
Rajasthan,27.024137550659717,74.25068211728431,City,January,Moderate,High,Railway Station,17.09
Himachal Pradesh,31.129983675062363,77.08171153082814,City,August,Moderate,Medium,Road,22.77
Goa,15.25848991608398,74.02441846052098,Religious,August,Moderate,Medium,Airport,14.31
Kerala,10.854323799496003,76.12624085853665,Wildlife,May,Hot,Low,Road,24.95
Goa,15.222800805124388,74.32686289242699,Beach,February,Hot,High,Road,34.86
Delhi,28.732163640449013,77.27836204841952,Beach,April,Hot,Medium,Airport,32.88
Maharashtra,19.785334666692158,75.50531841410766,Beach,November,Hot,Medium,Airport,31.08
Punjab,31.01517528054012,75.32090193626044,Hill Station,July,Cold,Low,Railway Station,19.44
West Bengal,23.089138558162738,87.83654153367547,Hill Station,November,Cold,Medium,Airport,24.73
Punjab,31.11952978070791,75.43526961438226,Wildlife,March,Moderate,Low,Railway Station,20.91
West Bengal,23.007928369227947,87.97500789564269,Historical,November,Moderate,High,Airport,21.18
Goa,15.191512818862282,74.0551282333577,City,May,Moderate,Medium,Road,18.52
Punjab,31.12864746423441,75.28072553354617,Hill Station,November,Cold,High,Road,28.13
Kerala,10.915652199133952,76.15733143295752,Wildlife,December,Moderate,Medium,Road,21.38
Punjab,31.298400926600397,75.48085968915812,Beach,July,Hot,Medium,Airport,30.81
Punjab,31.155482662792934,75.48224591452035,Historical,August,Moderate,Low,Airport,14.24
Goa,15.451918631736167,74.0519360328168,Hill Station,January,Cold,High,Railway Station,33.22
Delhi,28.739700262922504,77.12429974106662,Wildlife,February,Hot,Medium,Railway Station,29.59
Goa,15.406454315223488,74.1430635591265,Historical,November,Moderate,Medium,Road,23.1
Maharashtra,19.742260156139665,75.5921879597647,Historical,March,Moderate,Medium,Road,20.82
West Bengal,22.921591111140692,87.74603669626576,City,April,Moderate,Low,Airport,12.46
Uttarakhand,30.151864766778225,79.00362579242177,Beach,December,Hot,High,Railway Station,32.65
Goa,15.451228392364177,74.17507920885275,Religious,March,Moderate,Medium,Airport,14.28
Uttarakhand,30.159460550804443,78.90944491591937,City,October,Moderate,Medium,Road,23.09
Kerala,10.905825121998479,76.15354053943751,Beach,October,Hot,High,Road,35.52
Tamil Nadu,11.025768416440227,78.72701863260703,Historical,September,Moderate,Medium,Railway Station,15.31
Himachal Pradesh,30.98154766852315,77.22862999376795,Historical,November,Moderate,High,Airport,25.54
Rajasthan,26.928857567327427,74.36137349796644,Beach,August,Hot,Low,Railway Station,26.88
Kerala,10.694019722863795,76.28063441994414,Hill Station,May,Cold,Medium,Railway Station,26.05
Kerala,10.91757409459502,76.24187402380983,Historical,May,Moderate,Medium,Railway Station,17.21
Goa,15.36376282463177,74.0532706619364,Wildlife,December,Moderate,Medium,Road,26.59
Punjab,31.222778867998695,75.40244687940137,City,November,Moderate,High,Railway Station,25.38
Kerala,10.800121041589607,76.39257970568944,Hill Station,November,Cold,Medium,Airport,24.71
West Bengal,23.09497667276728,87.72377808065686,City,March,Moderate,Medium,Railway Station,18.21
Maharashtra,19.81447498783987,75.82104113018875,Religious,May,Moderate,Medium,Road,21.0
Himachal Pradesh,31.129730859564173,77.27790884740848,Religious,May,Moderate,Medium,Railway Station,23.06
Delhi,28.6548856484804,76.96709816415017,Beach,April,Hot,Medium,Airport,35.31
West Bengal,23.02356492929914,87.64499734923484,Beach,August,Hot,Medium,Road,28.34
Delhi,28.759031564455825,77.17168098218337,City,July,Moderate,Medium,Road,23.36
Maharashtra,19.94691574337503,75.66332532957381,Historical,September,Moderate,Medium,Road,22.79
Kerala,10.834462899941755,76.27123796510081,Beach,November,Hot,Medium,Road,31.67
Himachal Pradesh,30.97363172495332,77.26016320839061,Wildlife,August,Hot,Medium,Road,24.17
Uttarakhand,30.23530142787085,79.07558808601743,Hill Station,October,Cold,High,Airport,33.69
Punjab,31.11358622188285,75.37543378344897,Wildlife,September,Hot,Medium,Airport,25.36
Delhi,28.789497597655224,77.1439865500362,Wildlife,March,Hot,Low,Airport,27.66
Uttarakhand,29.81384399223057,78.98963925409302,Wildlife,August,Moderate,Medium,Airport,29.39
Kerala,10.904379815876926,76.28621104372849,Religious,October,Moderate,High,Railway Station,17.04
Himachal Pradesh,31.02405645985304,77.15849948006361,Wildlife,August,Hot,Medium,Airport,30.3
West Bengal,23.049071122390025,87.91795295842219,Beach,September,Hot,Medium,Railway Station,26.61
West Bengal,23.012116523803797,87.93703440126124,Wildlife,January,Hot,Medium,Road,25.59
West Bengal,22.974788635678863,87.83675790028477,Religious,May,Moderate,Low,Road,15.58
Punjab,31.126514056911965,75.26654216534598,Historical,May,Moderate,Medium,Airport,16.55
Kerala,10.695638170113625,76.2219846252858,Wildlife,February,Hot,High,Airport,32.47
Tamil Nadu,10.956878673392,78.61061843136603,City,December,Moderate,High,Airport,24.15
Maharashtra,19.64729555877569,75.6651797078805,Hill Station,February,Cold,Medium,Railway Station,21.39
Punjab,31.284025479742187,75.22734326269504,City,July,Moderate,Medium,Airport,18.94
Rajasthan,26.96805769468917,74.17660021778566,Religious,December,Moderate,High,Road,23.79
Tamil Nadu,10.93529003994962,78.64188957784144,City,July,Moderate,Low,Railway Station,12.22
Tamil Nadu,11.157210733919175,78.67528345163224,Historical,February,Moderate,High,Road,21.92
Maharashtra,19.60886210777186,75.79203622223625,Beach,November,Hot,High,Railway Station,43.08
Himachal Pradesh,31.021494394299925,77.26493902755601,Beach,September,Hot,Medium,Railway Station,29.76
Maharashtra,19.63291394528698,75.48170435826582,Beach,December,Hot,High,Airport,33.35
Punjab,31.228515176211825,75.38940667273354,Hill Station,May,Cold,Low,Railway Station,25.5
Maharashtra,19.873885319857372,75.72758218296713,Historical,September,Moderate,Medium,Railway Station,19.11
Kerala,10.935015797118432,76.26621028165259,Beach,August,Hot,Low,Railway Station,24.16
Rajasthan,26.69132442800889,74.07100765363298,City,April,Moderate,Low,Road,10.78
Himachal Pradesh,31.068149297963195,77.00301284131733,Hill Station,November,Cold,Medium,Railway Station,27.85
Delhi,28.65494388414019,77.13699450015463,Hill Station,April,Cold,Medium,Airport,22.23
Himachal Pradesh,31.267395891536207,77.39527802334482,Hill Station,October,Cold,High,Airport,35.71
West Bengal,23.134493442611827,87.73822204487321,Wildlife,November,Hot,High,Road,32.52
Punjab,31.17618528001767,75.25033497042585,Beach,December,Hot,High,Airport,31.13
Tamil Nadu,11.072273120507493,78.74023339117802,Historical,April,Moderate,Medium,Road,15.85
Kerala,10.89500864713534,76.23609815454088,Hill Station,March,Cold,Low,Road,20.2
Goa,15.22750811092524,74.10094753748197,Beach,December,Hot,Medium,Road,27.01
Uttarakhand,30.115187665118803,78.90907078501635,Wildlife,October,Hot,Medium,Road,26.41
Uttarakhand,30.03073520879338,79.07319191851437,Beach,May,Hot,Medium,Airport,32.04
Maharashtra,19.874398050248907,75.65016922529712,Beach,July,Hot,Medium,Railway Station,31.6
Goa,15.227845299152914,74.09782949323217,Hill Station,September,Cold,Medium,Road,26.38
Rajasthan,26.957022044353113,74.24711927283263,Religious,November,Moderate,High,Railway Station,19.19
Maharashtra,19.910601930577513,75.69332314019702,Historical,January,Moderate,High,Railway Station,22.44
Tamil Nadu,10.986999716184393,78.77406623117805,Wildlife,June,Hot,Medium,Road,33.82
Tamil Nadu,11.141225714008748,78.44384335201927,Historical,March,Moderate,Medium,Railway Station,16.9
Tamil Nadu,11.215773235955455,78.59181672743699,Beach,September,Hot,Medium,Railway Station,30.06
Kerala,10.642088706050142,76.44356966497611,Beach,May,Hot,Medium,Road,30.01
Rajasthan,26.993650263647915,74.2428178671714,Historical,January,Hot,Medium,Road,13.34
Tamil Nadu,11.085480559511476,78.54389306609596,Historical,September,Moderate,Medium,Road,15.32
Rajasthan,26.962304956185168,74.25040141362565,Historical,April,Hot,Low,Railway Station,17.29
Kerala,10.91905077387902,76.45596088332965,City,November,Moderate,High,Airport,23.66
West Bengal,22.970177851528984,88.00838549410322,City,February,Moderate,Medium,Road,18.08
Kerala,10.831030270388332,76.26468118228915,Hill Station,May,Cold,Medium,Railway Station,25.41
Delhi,28.72557131831705,77.26031180575623,Wildlife,January,Moderate,Medium,Airport,27.65
Kerala,10.761575917177169,76.36663005582378,Wildlife,December,Hot,Medium,Road,30.96
Maharashtra,19.855337765476516,75.6050680512971,Beach,August,Hot,Medium,Airport,32.97
Uttarakhand,29.902851583747456,78.98005288939392,City,January,Moderate,High,Airport,21.16
Kerala,10.735030525736713,76.16155990969908,Religious,February,Moderate,High,Road,20.59
West Bengal,22.99532094496339,87.55588640290993,Beach,December,Hot,Medium,Road,30.9
Kerala,10.813272751571441,76.35357490065724,Historical,April,Moderate,Medium,Road,24.23
Uttarakhand,29.971908347917516,79.19403631979155,City,July,Moderate,Medium,Railway Station,22.45
Maharashtra,19.810892673442265,75.60345887224884,Religious,June,Moderate,Medium,Railway Station,16.19
Goa,15.246402229193599,74.01834423572397,City,September,Moderate,Medium,Railway Station,22.77
West Bengal,23.158066771283856,87.84873354764675,Hill Station,December,Cold,High,Railway Station,30.69
Uttarakhand,29.929968496116718,79.21802759992308,Beach,June,Hot,Medium,Railway Station,24.45
Tamil Nadu,11.026233599883318,78.6291683943434,Hill Station,October,Cold,High,Airport,30.37
Rajasthan,27.078147937867012,74.23788104337187,Hill Station,May,Cold,Low,Road,22.15
Delhi,28.732972366282503,76.93701125637718,Wildlife,December,Moderate,High,Railway Station,35.2
Goa,15.34597162340052,74.17463669775262,Beach,April,Hot,Medium,Railway Station,27.12
Kerala,11.091667667557843,76.42273940552536,Historical,October,Moderate,High,Airport,19.61
West Bengal,22.891608153997776,87.8627480518519,Wildlife,November,Hot,Medium,Road,29.81
Uttarakhand,30.125024447756378,79.01270253791093,City,August,Moderate,Medium,Road,14.77
West Bengal,22.945439446657833,88.04376876573403,Historical,March,Moderate,Medium,Road,19.35
Uttarakhand,30.13211931105803,78.83274548989219,Beach,March,Hot,Medium,Road,25.75
Maharashtra,19.742136381126084,75.84647966475421,Historical,March,Moderate,Low,Road,16.09
Punjab,31.25093788510193,75.18926539245231,Wildlife,January,Hot,High,Airport,31.25
Punjab,31.091543065205204,75.21106564731645,Hill Station,July,Cold,Low,Airport,11.5
Kerala,10.965890073425575,76.08412583003046,Hill Station,December,Cold,Medium,Airport,23.77
Punjab,31.180707116792565,75.53691745336397,Beach,September,Hot,Low,Railway Station,23.83
Uttarakhand,30.000975158766614,79.06465087125545,Hill Station,October,Cold,High,Road,22.54
Delhi,28.87644653400671,77.1524085565466,Historical,November,Hot,Medium,Railway Station,15.05
Punjab,31.126438872030395,75.40222161695893,Hill Station,September,Cold,Medium,Road,22.11
Tamil Nadu,11.105454777722855,78.59387135559348,Hill Station,January,Cold,Medium,Road,25.47
Goa,15.342061728158479,73.96786476642227,Wildlife,May,Hot,Medium,Airport,29.21
Maharashtra,19.72264513041243,75.63552464788755,Religious,November,Moderate,High,Railway Station,26.14
Rajasthan,27.152459736939765,74.20134718486467,Hill Station,February,Cold,High,Road,33.47
Rajasthan,27.055545326125017,74.18461395956174,Beach,April,Hot,Medium,Road,27.96
Maharashtra,19.722274478455617,75.72921019929343,City,June,Moderate,Medium,Railway Station,16.4
Tamil Nadu,11.302593307164724,78.65874016307833,Hill Station,June,Cold,Medium,Railway Station,28.05
West Bengal,23.056072275511685,87.72806695034534,Wildlife,April,Moderate,Medium,Road,28.68
Kerala,11.049485507333756,76.30619425048957,City,November,Moderate,Medium,Airport,25.11
Punjab,31.202404008585233,75.36460244543531,Hill Station,July,Cold,Medium,Railway Station,27.33
Tamil Nadu,10.930393029641285,78.54518135382929,Wildlife,August,Hot,Low,Airport,22.25
Punjab,31.099773495316693,75.57622058000057,Religious,March,Moderate,Low,Airport,13.96
West Bengal,22.805002077461282,87.93097122954842,Historical,November,Moderate,High,Railway Station,15.01
Delhi,28.634884778792312,77.23330119156618,Hill Station,September,Cold,Medium,Airport,29.52
Kerala,10.837548275313656,76.32908572852952,Beach,December,Hot,Medium,Road,26.46
West Bengal,22.95316213368896,87.98323634741156,City,January,Moderate,Medium,Airport,20.22
Goa,15.343650172058453,74.00881316154131,Wildlife,October,Hot,Medium,Road,31.26
Punjab,30.960118366046782,75.22502161560877,Beach,June,Hot,Medium,Airport,31.35
Kerala,10.889397872935218,76.29624736089406,Wildlife,March,Hot,Medium,Road,27.15
Tamil Nadu,11.104625437948503,78.54363309481231,Hill Station,May,Cold,Medium,Airport,22.48
Delhi,28.7532207665412,77.06669706202531,Beach,October,Hot,High,Railway Station,36.03
Maharashtra,19.7408778506158,75.72224811255198,City,July,Moderate,Low,Road,13.22
Rajasthan,27.031068052432936,74.17675068554378,Religious,December,Moderate,High,Airport,20.44
Maharashtra,19.85195929091265,75.72358281774095,Religious,June,Moderate,Medium,Airport,14.97
Himachal Pradesh,31.108932563227064,77.21770021304474,Historical,April,Moderate,Medium,Airport,16.49
Uttarakhand,30.040035890910122,79.10397707752165,Wildlife,October,Hot,Medium,Road,29.42
Tamil Nadu,11.248124350050688,78.62999834535852,City,January,Moderate,High,Road,18.62
Goa,15.228082613582396,74.11293346314426,Historical,August,Moderate,Low,Airport,10.88
Uttarakhand,29.776101178067837,78.98181779433781,Wildlife,July,Hot,Low,Railway Station,20.31
Rajasthan,26.78677475199342,74.24311673504756,Religious,October,Moderate,High,Road,24.02
Tamil Nadu,11.066449661178426,78.70249041951706,Hill Station,October,Cold,Medium,Railway Station,21.44
Kerala,10.715941659989504,76.44090929063337,Religious,February,Moderate,High,Airport,19.58
Goa,15.289637632998511,74.08240330720525,Beach,July,Hot,Medium,Road,27.4
Rajasthan,26.91001928403464,74.2702395016902,Religious,July,Moderate,Medium,Railway Station,18.58
Uttarakhand,29.96657829810733,78.94405647626469,Hill Station,February,Cold,Medium,Airport,24.02
Goa,15.184709941001767,74.17565172843979,Historical,June,Moderate,Medium,Railway Station,20.28
Himachal Pradesh,30.994433017146964,77.14032107756725,Beach,February,Hot,Medium,Airport,32.92
Tamil Nadu,11.012932817826062,78.61922995700964,Historical,September,Moderate,Low,Road,17.2
Maharashtra,19.84079538701088,75.89686202017161,Historical,February,Moderate,Medium,Airport,17.38
Himachal Pradesh,30.92220157583724,77.04198541455447,City,September,Moderate,Low,Airport,14.16
Delhi,28.81856062820501,77.12347132991974,Wildlife,June,Hot,Medium,Railway Station,33.3
Punjab,31.189644486418416,75.36342898558009,City,July,Moderate,Medium,Railway Station,20.56
Himachal Pradesh,31.171144772915152,77.10097534679417,Religious,September,Moderate,Low,Airport,15.84
Delhi,28.793572351464714,77.19266233760594,Wildlife,March,Hot,Low,Road,21.64
Tamil Nadu,11.200662199724576,78.8350798908771,Beach,March,Hot,Medium,Railway Station,35.07
Goa,15.22271399099137,74.19689091555627,City,August,Moderate,Medium,Airport,22.75
Himachal Pradesh,31.241853614399673,77.2429202900084,Beach,July,Hot,Medium,Railway Station,26.89
Tamil Nadu,11.159643685943381,78.62828313633119,City,August,Moderate,Medium,Airport,23.22
Uttarakhand,30.025009045423413,78.81671921268887,City,April,Moderate,Low,Road,8.66
West Bengal,23.177941908713972,87.72695444289975,Wildlife,October,Hot,High,Airport,29.79
West Bengal,23.00871106000344,87.86271447858832,Hill Station,March,Cold,Medium,Railway Station,25.57
Punjab,31.240891553751062,75.34244993219073,Historical,June,Moderate,Medium,Road,18.55
Tamil Nadu,11.146730441692435,78.57711862516626,City,August,Moderate,Medium,Railway Station,28.61
Tamil Nadu,11.204292015483668,78.70103071516992,Religious,October,Moderate,High,Airport,21.48
Goa,15.489455925511368,74.14848193738945,City,October,Moderate,High,Road,22.8
Kerala,10.956311832508716,76.30786198402097,Historical,June,Moderate,Low,Airport,14.92
Tamil Nadu,11.192364640717708,78.54313125434491,City,May,Moderate,Medium,Road,20.44
West Bengal,22.862240608838544,87.65799995445812,Wildlife,April,Hot,Medium,Railway Station,31.5
Tamil Nadu,11.150244592252557,78.72154895377257,City,July,Moderate,Medium,Railway Station,22.13
Himachal Pradesh,31.17691353625456,77.08177258994363,Wildlife,April,Hot,Medium,Road,30.64
Maharashtra,19.753985750375126,75.68385451311822,Beach,November,Hot,High,Road,39.07
Punjab,31.20250577711159,75.25502969297438,Religious,August,Moderate,Low,Road,12.24
Kerala,10.992324035475757,76.11221815246799,Historical,May,Moderate,Medium,Road,18.09
Himachal Pradesh,31.083633301806884,77.11062660939155,Historical,November,Moderate,High,Railway Station,22.01
Rajasthan,27.0206487675577,74.24537419027463,Religious,May,Moderate,Medium,Airport,16.14
Goa,15.333102348110172,74.00329783521427,Religious,March,Moderate,Medium,Road,20.83
Tamil Nadu,11.247695601790454,78.77108532448109,Historical,February,Moderate,High,Railway Station,19.77
Delhi,28.61030744234636,77.12416249754047,Historical,October,Hot,High,Railway Station,24.02
Maharashtra,19.804700619882194,75.75006610612469,Wildlife,December,Hot,Medium,Railway Station,24.92
Maharashtra,19.895444571515313,75.66794510588382,Hill Station,June,Cold,Medium,Road,27.24
Maharashtra,19.721895389967877,75.68988471876925,Wildlife,November,Hot,Medium,Airport,22.79
Himachal Pradesh,31.00656964196227,77.28558578562304,Beach,November,Hot,Medium,Road,29.84
Uttarakhand,30.184849087797296,79.24714019865293,Beach,November,Hot,High,Road,41.96
Punjab,31.14515313009229,75.25742905681051,Wildlife,November,Hot,Medium,Road,33.91
Tamil Nadu,11.286083897818068,78.7143071220894,City,July,Moderate,Medium,Airport,16.76
Punjab,31.363500737391234,75.40107390159932,Hill Station,May,Cold,Medium,Airport,23.44
Maharashtra,19.822107891381513,75.6896318723188,Religious,September,Moderate,Medium,Road,14.24
Delhi,28.688543430547817,77.17911960091742,Religious,October,Moderate,High,Airport,20.88
West Bengal,22.890329457424926,88.01784685547723,City,July,Moderate,Medium,Railway Station,23.03
Delhi,28.586255965313995,77.12430250921327,Religious,September,Moderate,Low,Airport,5.23
Uttarakhand,30.00741885919313,79.00273685896823,Hill Station,August,Cold,Low,Airport,17.06
Goa,15.301494380821534,73.91750426124152,Historical,February,Moderate,High,Airport,19.25
Rajasthan,26.844410750213214,74.08235524968877,City,May,Moderate,Medium,Railway Station,17.94
West Bengal,22.908870440047856,87.87225267829231,Beach,September,Hot,Medium,Railway Station,35.98
Uttarakhand,30.059055653927402,78.89977062364008,Historical,February,Moderate,Medium,Railway Station,19.53
West Bengal,23.135837947019297,87.77166264412045,City,February,Moderate,Medium,Railway Station,14.61
Punjab,31.197696555345583,75.26837277975935,Religious,February,Moderate,High,Airport,20.92
Uttarakhand,29.998694483938532,79.1188871976659,Religious,February,Moderate,High,Road,22.24
Rajasthan,27.134390042435733,74.16150525119417,Religious,April,Moderate,Medium,Road,17.76
Rajasthan,27.037706039865345,74.0602003517809,Wildlife,March,Hot,Medium,Railway Station,30.58
Maharashtra,19.729331142000092,75.59896283897841,Historical,August,Moderate,Medium,Airport,15.59
Tamil Nadu,11.27601131083283,78.88404497454228,Religious,March,Moderate,Medium,Airport,18.52
Tamil Nadu,11.056427023648077,78.74676484586848,Historical,January,Moderate,Medium,Road,16.79
Delhi,28.450875391478032,77.17070694900627,Beach,August,Hot,Low,Road,26.31
Tamil Nadu,11.26501625881975,78.64856198555614,Historical,January,Moderate,Medium,Road,18.38
Kerala,10.810192401093497,76.47025533022048,Beach,May,Hot,Low,Road,22.98
Himachal Pradesh,31.188873448212956,77.19418025073533,Wildlife,February,Hot,High,Road,30.5
Rajasthan,26.87885802708226,74.2504840852148,City,June,Moderate,Medium,Airport,19.12
West Bengal,23.012056884599662,87.99345320475939,Hill Station,May,Cold,Medium,Road,28.63
West Bengal,23.121422575620272,87.90722506360179,Wildlife,November,Moderate,Medium,Railway Station,29.4
Delhi,28.569695537152818,77.15303265000782,Historical,October,Hot,High,Railway Station,22.71
Delhi,28.733371548214187,77.11705211977683,Hill Station,June,Cold,Medium,Railway Station,21.14
West Bengal,23.05634024745503,87.74089914902473,Wildlife,March,Moderate,Medium,Road,26.16
Goa,15.257938433437037,74.0762354417396,Wildlife,October,Hot,High,Airport,31.84
Rajasthan,27.052419475904802,73.96805064121286,City,February,Moderate,High,Airport,21.23
Goa,15.261669927507501,74.12588190497405,Hill Station,March,Cold,Medium,Railway Station,28.27
Rajasthan,27.193372287781088,74.4076288694773,Wildlife,July,Hot,Medium,Railway Station,24.49
Delhi,28.710984573128385,77.31286731030617,Beach,October,Hot,Medium,Railway Station,31.64
Tamil Nadu,11.081645228125655,78.6350346722565,Beach,August,Hot,Medium,Road,31.79
Maharashtra,19.76346002626671,75.74581602900919,Religious,November,Moderate,High,Airport,17.09
Maharashtra,19.84928155496862,75.50333530581597,Beach,August,Hot,Medium,Railway Station,30.39
Rajasthan,27.200816761564727,73.95381023206563,Beach,June,Hot,Medium,Railway Station,26.66
Delhi,28.60304017800711,77.05097816061918,Hill Station,June,Cold,Medium,Airport,24.03
West Bengal,23.037542092783326,87.76340752727376,Beach,April,Hot,Medium,Railway Station,30.33
Maharashtra,19.81357475552794,75.81791885647927,Wildlife,November,Hot,High,Railway Station,36.4
Tamil Nadu,11.122291149266923,78.63858495289466,Religious,August,Moderate,Medium,Railway Station,19.45
West Bengal,23.037071489177325,87.82017065464186,Historical,March,Moderate,Medium,Airport,16.93
Delhi,28.566853445211592,77.13479745036177,Hill Station,April,Cold,Low,Railway Station,18.49
Punjab,31.087357663485676,75.44899017394533,City,April,Moderate,Medium,Road,19.82
Goa,15.124536349017175,74.16747700645568,Beach,August,Hot,Low,Road,30.14
West Bengal,22.90724429320591,87.8974393937861,Wildlife,September,Moderate,Medium,Airport,29.43
Delhi,28.814507060928204,77.11822584367853,Hill Station,May,Cold,Medium,Road,18.37
Uttarakhand,29.966693778661558,78.99093153063218,Wildlife,January,Hot,Medium,Road,28.02
West Bengal,22.869925897150686,87.59229346431918,Wildlife,April,Hot,Low,Railway Station,27.1
Himachal Pradesh,31.254543168317962,77.35917023435377,Religious,November,Moderate,High,Airport,20.44
Goa,15.163478833147382,73.9843065908532,Hill Station,August,Cold,Medium,Railway Station,32.71
Uttarakhand,30.061897065916195,79.00326399189552,Hill Station,August,Cold,Low,Airport,21.02
Kerala,10.893874922088635,76.3325841397303,Beach,December,Hot,Medium,Road,25.14
Uttarakhand,30.135506579585893,79.16595408592786,Religious,October,Moderate,Medium,Road,22.34
Tamil Nadu,11.065907787858823,78.83785149185185,Beach,October,Hot,High,Airport,33.81
Kerala,10.666492225549424,76.26787193889506,Beach,January,Hot,High,Road,30.58
Uttarakhand,30.079107820165618,79.00798719474842,Wildlife,May,Moderate,Medium,Road,29.92
Maharashtra,19.83675958032951,75.92595681204304,Beach,June,Hot,Medium,Road,26.1
Goa,15.304466097685108,74.14690746882057,City,October,Moderate,High,Railway Station,27.88
Maharashtra,19.876808891730207,75.75306706156152,Religious,February,Moderate,Medium,Airport,20.22
Tamil Nadu,11.146505194360588,78.5298938911288,Hill Station,May,Cold,Medium,Road,25.96
Rajasthan,26.960864790031334,74.14297843829111,Religious,March,Moderate,Medium,Airport,17.86
Rajasthan,27.15693390619884,74.40993675021443,Religious,June,Moderate,Medium,Airport,23.37
Tamil Nadu,10.978185358210087,78.66631242677892,Historical,March,Moderate,Medium,Road,14.33
Goa,15.259677032189824,74.2308379333694,Religious,July,Moderate,Medium,Railway Station,20.72
West Bengal,22.976064520928595,87.9549419032678,Hill Station,November,Cold,Medium,Airport,26.81
Tamil Nadu,11.14699496964833,78.72184973648592,Wildlife,December,Hot,Medium,Railway Station,29.44
Uttarakhand,30.100414496302623,78.99655237400466,Historical,August,Moderate,Medium,Railway Station,16.91
Delhi,28.66752003272065,77.10251866646351,Hill Station,December,Cold,High,Airport,28.58
West Bengal,23.065013000153144,87.77591006183324,Religious,November,Moderate,Medium,Road,20.45
Uttarakhand,29.897531838448906,79.07527004724115,Hill Station,September,Cold,Low,Railway Station,17.58
Kerala,10.91978557558178,76.34456375454593,Historical,April,Moderate,Medium,Railway Station,18.56
Goa,15.340992950326482,74.1621966457524,City,May,Moderate,Medium,Railway Station,19.71
Maharashtra,19.753720393454262,75.56780750613483,Wildlife,March,Moderate,Medium,Road,25.54
West Bengal,22.8920107282731,87.77156769545084,City,November,Moderate,High,Airport,30.69
Punjab,31.06377050417575,75.27737230343028,Hill Station,November,Cold,High,Railway Station,32.29
Punjab,31.221518571031503,75.38335460835366,Hill Station,March,Cold,Low,Railway Station,19.29
West Bengal,22.835981214564605,87.73930215248578,Hill Station,July,Cold,Low,Airport,20.8
Rajasthan,27.020299238999378,74.13679991363712,Religious,May,Moderate,Medium,Airport,14.03
Goa,15.26156579230522,74.19572835811587,Hill Station,November,Cold,Medium,Railway Station,21.66
Goa,15.354379757227367,74.16847738078316,Hill Station,June,Cold,Low,Road,21.22
Rajasthan,26.910360361729353,74.3408774224522,Hill Station,July,Cold,Low,Road,17.52
Goa,15.520553103939724,74.0879960731243,Religious,December,Moderate,High,Airport,22.48
Tamil Nadu,11.114210081588181,78.69096541364121,Religious,February,Moderate,Medium,Road,14.82
Himachal Pradesh,31.163842206125146,77.15918534630595,Hill Station,April,Cold,Medium,Railway Station,27.19
Himachal Pradesh,31.144991895517393,77.10120366728749,Beach,October,Hot,Medium,Airport,31.02
Maharashtra,19.833515818675547,75.70743113949675,Religious,August,Moderate,Low,Airport,8.57
Punjab,31.126727287195838,75.5218516210662,Religious,June,Moderate,Medium,Airport,17.22
Tamil Nadu,11.087747014403028,78.67476947168105,Religious,March,Moderate,Low,Railway Station,8.64
Himachal Pradesh,31.113910086660614,77.35405346714593,Beach,July,Hot,Medium,Airport,33.69
Himachal Pradesh,31.08962855664228,77.22673592447055,Hill Station,June,Cold,Medium,Railway Station,28.83
Goa,15.346605092823323,74.21773272918209,Beach,July,Hot,Medium,Airport,32.52
Rajasthan,26.99229132688059,74.16072539580439,Hill Station,September,Cold,Medium,Road,27.62
Punjab,31.253617196571437,75.48646167454862,Wildlife,November,Hot,Medium,Airport,29.0
West Bengal,22.913833537617887,87.7527414649728,City,December,Moderate,High,Airport,27.99
Rajasthan,27.066206686151848,74.22184470482408,Historical,October,Hot,High,Road,22.09
West Bengal,22.861470437269674,87.58277222590769,Beach,February,Hot,High,Airport,30.9
Rajasthan,27.348109296959475,74.44869162506161,Hill Station,October,Cold,Medium,Road,27.83
Tamil Nadu,11.070921750516998,78.50155722015332,City,July,Moderate,Medium,Railway Station,20.64
Rajasthan,26.961596519444562,74.27617375831738,Beach,May,Hot,Medium,Road,35.24
Himachal Pradesh,31.2875261504957,77.00786311185942,Beach,September,Hot,Low,Road,22.01
Delhi,28.502251213561138,77.11700637459595,Religious,October,Moderate,Medium,Railway Station,16.14
Punjab,31.149206019836434,75.31836616647006,Religious,May,Moderate,Medium,Airport,16.99
Maharashtra,19.6105893072244,75.67303640874633,Wildlife,September,Hot,Medium,Airport,29.86
Tamil Nadu,11.179227990501381,78.68906785413765,City,November,Moderate,High,Airport,22.86
Kerala,10.853890078412546,76.16691524545595,Historical,July,Moderate,Medium,Airport,18.5
Kerala,10.70308678679579,76.21250723266823,Historical,November,Moderate,High,Road,27.29
Himachal Pradesh,31.23008426344275,77.12857753836998,Wildlife,January,Hot,Medium,Railway Station,28.99
Uttarakhand,30.006260707607247,79.13314155206557,Beach,July,Hot,Medium,Road,35.71
Tamil Nadu,11.154835846196468,78.65467210208162,City,September,Moderate,Low,Road,15.08
Rajasthan,26.861240063334055,74.24674111487161,Historical,February,Hot,High,Airport,23.74
Delhi,28.770570274533313,77.04720791626328,Hill Station,January,Cold,High,Railway Station,28.31
Kerala,10.771515256095075,76.29463882605481,Hill Station,January,Cold,High,Railway Station,26.81
Maharashtra,19.568385512166167,75.59105561687342,City,November,Moderate,High,Road,21.02
Maharashtra,19.84310103197911,75.6416731116346,Historical,July,Moderate,Low,Road,12.95
Tamil Nadu,11.112067953972813,78.62423037868136,Hill Station,November,Cold,Medium,Road,24.06
Maharashtra,19.696444806829152,75.7455358321536,Wildlife,March,Hot,Medium,Railway Station,29.39
Himachal Pradesh,31.153300129152324,77.12661778171677,City,February,Moderate,High,Road,22.34
Kerala,10.809258618178353,76.29681989703559,Beach,September,Hot,Medium,Railway Station,31.76
Tamil Nadu,11.110666479411462,78.67810933530741,Wildlife,November,Hot,High,Road,32.28
Himachal Pradesh,30.95852336928889,77.26667436083456,City,December,Moderate,High,Railway Station,22.44
Kerala,10.761221248450813,76.32246144642312,Hill Station,April,Cold,Medium,Airport,18.3
Tamil Nadu,11.128731560168578,78.73593785250428,Hill Station,August,Cold,Medium,Road,29.34
Delhi,28.61845017625908,77.11226703767484,Hill Station,May,Cold,Medium,Road,28.9
Rajasthan,27.014337620735073,74.20448443579077,Hill Station,January,Cold,High,Road,28.49
Rajasthan,26.98403203063854,74.09949694417774,Religious,January,Moderate,High,Airport,23.24
West Bengal,22.931864014506456,87.98647798255965,City,September,Moderate,Low,Road,16.21
Goa,15.181682666344523,74.17275602970867,Beach,June,Hot,Medium,Airport,28.3
Goa,15.385481680321883,73.99906047969404,Religious,February,Moderate,High,Airport,22.84
Uttarakhand,29.969787573962037,78.97954422345083,Historical,May,Moderate,Medium,Road,14.68
Himachal Pradesh,31.22297613956615,77.14558807696888,City,December,Moderate,High,Road,23.67
Himachal Pradesh,31.202688955855677,77.03622568707365,Historical,August,Moderate,Medium,Road,16.99
Uttarakhand,30.207294232921814,78.97056105837099,Hill Station,August,Cold,Medium,Road,22.04
Rajasthan,26.97133375929332,74.26726548476431,City,March,Moderate,Medium,Railway Station,21.6
Himachal Pradesh,30.994084318319757,77.13684940630148,Wildlife,November,Hot,Medium,Road,31.89
Himachal Pradesh,31.044383239668417,77.03505374881716,Beach,December,Hot,Medium,Road,29.55
Punjab,31.06816614942803,75.34049550145194,Hill Station,January,Cold,High,Airport,28.64
Punjab,31.19439170845255,75.31985278640006,Historical,June,Moderate,Medium,Railway Station,17.35
Rajasthan,27.18916172684923,74.23188872328392,Beach,January,Hot,High,Road,35.96
Tamil Nadu,11.080075640769673,78.61399361230984,Beach,June,Hot,Medium,Airport,32.99
Tamil Nadu,10.97940750724681,78.5829628592541,Religious,June,Moderate,Low,Railway Station,8.71
Himachal Pradesh,31.199801582866964,77.19770047220544,Wildlife,June,Moderate,Low,Airport,26.58
Maharashtra,19.584513233332626,75.78829016768802,Religious,January,Moderate,High,Airport,21.28
Kerala,10.880239485353112,76.2609279974447,Wildlife,January,Moderate,High,Railway Station,30.5
Himachal Pradesh,31.088587602452016,77.1877048769879,Historical,May,Moderate,Medium,Railway Station,11.41
Uttarakhand,30.012687462746516,79.12598700883761,Hill Station,September,Cold,Low,Railway Station,22.55
Punjab,31.247263182520854,75.48054545275244,City,April,Moderate,Medium,Railway Station,18.82
Delhi,28.670834281943684,77.21186976406915,City,December,Moderate,Medium,Road,22.13
Kerala,10.756244199420813,76.43257787907099,Historical,June,Moderate,Medium,Road,23.01
West Bengal,22.873253330418983,87.90379054450742,Beach,December,Hot,High,Road,34.03
Kerala,10.872353404241094,76.3720471788596,Beach,January,Hot,Medium,Railway Station,25.75
Punjab,31.058684152005622,75.08235833677958,Beach,September,Hot,Medium,Railway Station,27.47
Punjab,31.169523474453527,75.30655734939931,City,January,Moderate,Medium,Road,25.57
Tamil Nadu,11.202368231528606,78.53815345982615,Religious,December,Moderate,High,Railway Station,17.17
Himachal Pradesh,31.122025438641106,77.24055311717291,Beach,September,Hot,Low,Airport,21.46
Tamil Nadu,10.94105520000757,78.74332436147341,Historical,January,Moderate,Medium,Airport,22.58
Goa,15.222043125124376,74.1619153118726,Hill Station,January,Cold,Medium,Airport,23.95
Maharashtra,19.867958347120194,75.7051743986817,Historical,December,Moderate,High,Railway Station,26.69
West Bengal,23.029618624781058,87.82700066981256,Religious,February,Moderate,High,Road,23.61
Himachal Pradesh,31.323209673338045,77.23045072083545,Wildlife,March,Hot,Low,Road,19.16
Tamil Nadu,10.939428126931727,78.69795320144092,Hill Station,October,Cold,High,Road,31.89
Punjab,31.152030833152022,75.41808396759689,Historical,November,Moderate,High,Airport,25.64
Kerala,10.780017782900202,76.51959699535867,City,May,Moderate,Medium,Railway Station,18.9
Tamil Nadu,11.087380468385401,78.5466730259544,Religious,December,Moderate,Medium,Railway Station,20.76
Uttarakhand,30.07920727257195,78.8918507117501,Historical,May,Moderate,Medium,Airport,18.23
Himachal Pradesh,31.241056285271245,77.33746145634883,Beach,March,Hot,Medium,Road,31.14
Himachal Pradesh,31.140421670981446,77.03217056800702,Beach,February,Hot,High,Airport,28.83
West Bengal,23.179144579482493,87.77753850299814,Historical,June,Moderate,Low,Railway Station,13.27
Himachal Pradesh,31.17990994545073,76.96689169537437,Wildlife,June,Hot,Medium,Airport,22.07
West Bengal,22.98382583458446,87.80038889972614,City,August,Moderate,Low,Railway Station,15.09
Himachal Pradesh,31.14086478914358,77.0870506395035,Hill Station,March,Cold,Medium,Road,29.93
Goa,15.538376616476773,74.16170920937424,Religious,December,Moderate,Medium,Road,16.91
Punjab,31.084111544763616,75.29237261575484,Beach,June,Hot,Medium,Airport,21.89
Himachal Pradesh,31.262338947405617,77.17627908137385,Religious,April,Moderate,Medium,Railway Station,18.9
Tamil Nadu,11.105842137201144,78.60481363348491,Wildlife,January,Hot,High,Road,36.53
Goa,15.516293658808054,73.9816317363116,City,March,Moderate,Medium,Airport,15.26
Tamil Nadu,11.014884676211901,78.62926803648735,Historical,September,Moderate,Medium,Road,14.29
Maharashtra,19.911353811209633,75.7941128458618,Beach,February,Hot,High,Railway Station,32.55
Himachal Pradesh,31.31964828491488,77.33549759662493,Beach,February,Hot,High,Airport,32.81
Punjab,31.198794651574836,75.31904867370478,Beach,March,Hot,Medium,Airport,29.66
Tamil Nadu,11.124059723346951,78.74958668857519,City,November,Moderate,High,Road,27.62
Himachal Pradesh,31.124056023453264,77.28787596114523,Wildlife,October,Hot,High,Railway Station,39.61
Himachal Pradesh,31.144130705000535,77.09959429163386,Hill Station,February,Cold,High,Airport,29.69
West Bengal,22.99921565909713,87.92597842905838,Beach,February,Hot,Medium,Railway Station,30.54
Himachal Pradesh,31.149663576451452,77.26959871890719,Hill Station,August,Cold,Medium,Airport,29.39
Rajasthan,26.928708927031277,74.24975210047988,Wildlife,July,Hot,Low,Road,22.29
Tamil Nadu,11.239837401044555,78.56547186892033,Historical,January,Moderate,High,Railway Station,25.29
Tamil Nadu,10.973341520355083,78.64240954209185,Beach,June,Hot,Low,Airport,23.27
Rajasthan,26.999212124424957,74.10057304439961,City,May,Moderate,Medium,Railway Station,19.72
Rajasthan,26.984965306169887,74.18733808889317,Hill Station,October,Cold,Medium,Road,24.69
Delhi,28.85123935483488,77.06612968838995,Beach,November,Hot,High,Railway Station,33.78
West Bengal,23.11791674978026,87.83256810291219,Historical,September,Moderate,Medium,Railway Station,18.15
Punjab,31.061176685790358,75.32058754927473,Hill Station,May,Cold,Low,Railway Station,20.24
Rajasthan,26.91393795748222,74.3599504287271,Historical,April,Hot,Low,Road,15.28
Maharashtra,19.629628467132513,75.81566864127363,Beach,November,Hot,Medium,Road,27.27
Punjab,31.206649089763925,75.28221052435372,Historical,December,Moderate,Medium,Railway Station,20.31
West Bengal,22.908916295717955,87.99010728924132,Wildlife,August,Moderate,Medium,Railway Station,23.5
Delhi,28.674675749436354,77.2381583385828,Wildlife,June,Moderate,Medium,Railway Station,30.66
Goa,15.189863520244986,74.06518456430122,Beach,January,Hot,Medium,Railway Station,27.97
Delhi,28.86706421311128,77.0652324416048,Beach,January,Hot,Medium,Railway Station,34.25
Punjab,31.115044041747378,75.21405792228748,Historical,September,Moderate,Medium,Railway Station,17.56
Delhi,28.643335365462654,77.08876890342111,Beach,March,Hot,Medium,Airport,29.7
Kerala,10.950502171509282,76.44084321813368,Religious,April,Moderate,Medium,Railway Station,22.05
Maharashtra,19.727193880111912,75.71412879361435,Religious,January,Moderate,High,Airport,19.96
Delhi,28.71394983480247,77.11790480777019,Historical,June,Hot,Medium,Airport,17.15
Rajasthan,27.11293036868698,74.21832298589942,Beach,October,Hot,High,Railway Station,34.87
Uttarakhand,30.097965285600477,78.86740891749099,Wildlife,January,Moderate,High,Road,34.14
Uttarakhand,30.015321732508525,79.04365302041863,Wildlife,October,Hot,Medium,Airport,20.11
Delhi,28.70064782001687,76.8826307187771,Beach,August,Hot,Low,Road,22.7
Goa,15.351953668367232,74.07625892938071,Beach,August,Hot,Low,Airport,28.96
Himachal Pradesh,31.116032116546982,77.28801782607049,Hill Station,April,Cold,Medium,Road,19.41
Kerala,10.82076239207569,76.24646165974855,Hill Station,September,Cold,Medium,Railway Station,24.71
Punjab,31.2979247403185,75.28146352344625,City,October,Moderate,High,Airport,24.54
Rajasthan,27.006262154410134,74.26705056472468,City,December,Moderate,High,Airport,23.54
Uttarakhand,30.0606811562221,79.00941085676031,Hill Station,January,Cold,Medium,Airport,21.01
Delhi,28.731934863464467,77.05157866374009,Religious,March,Moderate,Low,Airport,14.93
Maharashtra,19.640705832908502,75.5830221687923,City,February,Moderate,High,Railway Station,24.71
Tamil Nadu,11.111108397716457,78.75055041167305,Wildlife,February,Hot,Medium,Railway Station,33.8
Goa,15.249712182798985,74.23373001875437,City,March,Moderate,Medium,Airport,12.84
Tamil Nadu,11.128187875820224,78.71300670840259,Religious,August,Moderate,Low,Road,7.3
Uttarakhand,29.957779159320058,78.9207460399279,Beach,December,Hot,High,Road,35.73
Delhi,28.624721347598104,77.11743562014658,City,April,Moderate,Medium,Road,17.09
Delhi,28.41863733370956,77.01681481348723,Beach,July,Hot,Medium,Railway Station,31.48
Goa,15.283331481251171,74.16700656871753,Beach,March,Hot,Medium,Road,26.62
Punjab,31.20293364232117,75.52686474365619,Religious,October,Moderate,High,Railway Station,22.14
Delhi,28.90293339935806,77.33054993064776,Hill Station,March,Cold,Low,Road,18.55
Uttarakhand,30.062744938441778,79.04372109025468,Wildlife,April,Hot,Medium,Road,35.53
Delhi,28.731758150559106,77.10335560808244,Hill Station,August,Cold,Medium,Airport,20.44
Uttarakhand,30.005801537848146,78.97966836334317,Religious,February,Moderate,Medium,Airport,20.86
Uttarakhand,30.210308739922223,78.98456977110422,City,March,Moderate,Medium,Road,16.61
Himachal Pradesh,31.241423898996572,77.2807249400926,Religious,November,Moderate,High,Road,23.07
Uttarakhand,30.06932108675401,78.86498817720572,Historical,January,Moderate,High,Railway Station,21.36
Kerala,10.909641550928638,76.27828809357189,Beach,December,Hot,High,Airport,26.29
Uttarakhand,30.08775342302628,78.9101374827841,City,February,Moderate,Medium,Road,21.41
Punjab,31.209294581095218,75.2654873153184,Hill Station,July,Cold,Low,Railway Station,24.89
Tamil Nadu,11.226863207692025,78.62822057642617,Beach,July,Hot,Medium,Railway Station,29.29
Tamil Nadu,11.002473598606556,78.46814680969918,City,September,Moderate,Medium,Railway Station,17.75
Himachal Pradesh,30.99267562599056,77.26634099847908,Historical,October,Moderate,High,Road,21.21
Kerala,10.728392253591194,76.26138688908424,Beach,August,Hot,Low,Airport,20.28
Punjab,31.087256241941894,75.24454121090147,City,January,Moderate,High,Railway Station,19.02
Goa,15.086931698267518,74.15296536982098,Hill Station,February,Cold,Medium,Railway Station,21.04
Rajasthan,27.139738104330053,74.31521015610151,Historical,March,Hot,Medium,Road,18.14
Himachal Pradesh,31.123368858041875,77.32431310134045,Wildlife,February,Hot,High,Railway Station,31.63
Delhi,28.555694333507567,77.08165317894597,Wildlife,August,Hot,Low,Road,24.82
Punjab,31.03508165613128,75.42264248986166,Historical,November,Moderate,High,Airport,21.3
Delhi,28.605634521515274,77.02324765528849,Historical,March,Hot,Medium,Airport,24.56
Himachal Pradesh,31.03295194802401,77.11487331991104,City,April,Moderate,Medium,Airport,24.95
Tamil Nadu,11.06409750204661,78.73009555025098,Religious,September,Moderate,Medium,Road,13.28
Maharashtra,19.662217040268192,75.86719333705355,City,November,Moderate,High,Railway Station,21.59
Goa,15.25836915259043,74.22459245117963,Beach,February,Hot,Medium,Airport,30.1
Tamil Nadu,11.093444741012183,78.65491263646317,Wildlife,September,Hot,Medium,Railway Station,28.46
Rajasthan,27.128467482728094,74.29392134963301,Hill Station,June,Cold,Medium,Airport,24.68
Tamil Nadu,11.21715330773316,78.82684359830087,Hill Station,May,Cold,Medium,Road,23.21
Delhi,28.81249209665356,77.26290912534773,Historical,April,Hot,Medium,Airport,16.79
Punjab,31.08254279279646,75.17509165844328,Beach,March,Hot,Low,Road,26.42
Goa,15.385372467724013,73.94361108739912,Hill Station,August,Cold,Medium,Airport,26.51
Goa,15.401810915258178,74.05861016116744,Historical,August,Moderate,Low,Railway Station,18.85
Goa,15.102707100585302,74.1157139327464,Hill Station,November,Cold,High,Road,30.08
Tamil Nadu,11.131849346825165,78.63199281553469,Beach,June,Hot,Medium,Railway Station,23.89
Uttarakhand,30.006503509984785,79.05109083840956,Beach,August,Hot,Medium,Airport,24.98
Goa,15.36732203604767,74.15474035697197,Historical,August,Moderate,Low,Railway Station,14.77
Kerala,11.036397769444342,76.36931789867667,City,October,Moderate,Medium,Airport,17.53
Rajasthan,27.027040701334016,74.15065144039937,Religious,November,Moderate,High,Airport,20.42
Himachal Pradesh,31.144419940038418,76.99256435675827,Religious,June,Moderate,Medium,Road,17.67
Tamil Nadu,11.170950176956573,78.66477777278662,Wildlife,April,Hot,Medium,Road,26.5
Punjab,31.176627994062084,75.2635500859507,Historical,September,Moderate,Medium,Railway Station,21.16
Maharashtra,19.862304285838324,75.67327575511304,Religious,August,Moderate,Low,Road,13.28
Kerala,10.865083647021539,76.32962994365164,Historical,May,Moderate,Medium,Airport,16.15
Tamil Nadu,11.160938402681115,78.56663003357774,Religious,January,Moderate,Medium,Road,15.13
Delhi,28.73618765111846,77.08604390303773,Wildlife,October,Hot,High,Road,35.84
Delhi,28.798378851414007,77.15123052370451,Beach,February,Hot,High,Railway Station,38.24
Rajasthan,27.05902904441663,74.13072293119585,Beach,April,Hot,Medium,Airport,33.22
Rajasthan,27.108488210388494,74.20637757674479,Hill Station,July,Cold,Low,Airport,19.62
Tamil Nadu,11.089805947956986,78.84173506292673,Beach,November,Hot,Medium,Airport,28.85
Delhi,28.454293898250707,77.12254596314138,City,June,Moderate,Medium,Road,16.82
Himachal Pradesh,31.030096067930074,77.17775855983896,Hill Station,July,Cold,Medium,Road,26.83
Tamil Nadu,11.093590052120078,78.76938370601157,Wildlife,June,Moderate,Medium,Railway Station,21.43
Maharashtra,19.661440964746394,75.60062150487322,Historical,January,Moderate,Medium,Road,21.8
Delhi,28.65581724091931,76.92438415855344,Wildlife,September,Hot,Medium,Railway Station,28.31
Himachal Pradesh,31.204378122837753,77.22633062117906,Historical,March,Moderate,Medium,Airport,11.31
Delhi,28.546232479809703,77.08124986353089,Wildlife,October,Hot,High,Airport,33.93
Himachal Pradesh,31.124845150434034,77.14148300853974,Wildlife,February,Hot,High,Railway Station,36.54
Maharashtra,19.70174275016908,75.82886720188787,City,July,Moderate,Medium,Railway Station,18.52
Tamil Nadu,11.136673583386656,78.597567511037,Religious,August,Moderate,Medium,Road,17.89
Delhi,28.57078716452222,76.94734877509411,Historical,January,Hot,Medium,Airport,14.53
Goa,15.374007284384655,74.26385910046261,Historical,March,Moderate,Medium,Road,19.99
Delhi,28.820383857753498,77.04449836673464,Religious,December,Moderate,High,Railway Station,24.53
Punjab,31.18540821570448,75.26072406533812,Historical,June,Moderate,Medium,Road,14.53
Kerala,10.8892371480633,76.30341854824583,Hill Station,December,Cold,Medium,Railway Station,25.32
Goa,15.37001861850501,74.22191854355897,City,January,Moderate,Medium,Railway Station,23.85
Goa,15.374956467491314,73.98455049311407,City,May,Moderate,Low,Railway Station,13.62
Himachal Pradesh,31.112690283114457,77.12726277852532,Beach,March,Hot,Low,Railway Station,28.16
West Bengal,23.042138898307442,87.85160747740721,City,May,Moderate,Medium,Road,17.46
Tamil Nadu,11.169169963101849,78.59910792231672,Wildlife,November,Moderate,High,Airport,28.22
Kerala,10.91805099976798,76.31828623380311,Historical,April,Moderate,Medium,Railway Station,14.29
West Bengal,22.936026669677023,87.66905866740538,Wildlife,June,Hot,Low,Airport,20.35
Maharashtra,19.616249131055927,75.55554116102124,Beach,February,Hot,High,Railway Station,32.12
Maharashtra,19.801215482835342,75.68446949901397,Historical,March,Moderate,Low,Road,14.24
Delhi,28.730661699317253,77.16827631761504,Hill Station,March,Cold,Medium,Airport,27.07
Kerala,10.757707870054835,76.21203254381152,Hill Station,April,Cold,Medium,Airport,24.79
West Bengal,22.895518908070347,87.81325696180106,Hill Station,June,Cold,Medium,Road,24.47
Kerala,10.73614405402345,76.32526456878506,City,June,Moderate,Medium,Railway Station,21.03
Maharashtra,19.858933300477023,75.76354001177339,Historical,November,Moderate,High,Airport,21.54
Punjab,31.25048907890684,75.48790716350433,Beach,June,Hot,Medium,Railway Station,36.23
Delhi,28.649001819646177,77.11930153405326,Historical,March,Hot,Medium,Railway Station,17.84
Delhi,28.75418315910042,77.0146526198658,Wildlife,June,Moderate,Low,Railway Station,25.84
Rajasthan,27.103230113197704,74.19971080814867,City,December,Moderate,Medium,Road,16.73
Himachal Pradesh,31.08291337482644,77.25002429750405,City,January,Moderate,Medium,Railway Station,20.41
Punjab,30.95377099283344,75.44811442639359,Beach,October,Hot,Medium,Airport,24.83
Kerala,10.887521188994175,76.32953141664353,Religious,April,Moderate,Low,Road,9.68
Kerala,10.826726492296162,76.29438713077403,City,November,Moderate,High,Railway Station,24.62
Maharashtra,19.838782435100562,75.61728432766296,Hill Station,November,Cold,Medium,Airport,27.16
West Bengal,22.84418776312388,87.88282989791279,Beach,November,Hot,High,Airport,39.35
Delhi,28.597080843710568,77.27440406128419,Hill Station,April,Cold,Medium,Railway Station,24.09
Delhi,28.747529607599535,77.03386631530653,City,December,Moderate,High,Road,24.27
Goa,15.444511769918257,74.12541492649657,Historical,July,Moderate,Medium,Railway Station,15.47
West Bengal,22.901867051417057,87.826524137151,City,April,Moderate,Medium,Railway Station,18.48
Goa,15.224364231057724,74.10184634024162,Religious,September,Moderate,Low,Road,10.5
Tamil Nadu,11.309154390794182,78.60026054087852,Wildlife,February,Hot,Medium,Airport,24.47
Maharashtra,19.8240528373038,75.72756718711628,Religious,June,Moderate,Medium,Road,19.49
Delhi,28.658022498626835,77.0255437618835,Wildlife,May,Hot,Low,Railway Station,28.33
Himachal Pradesh,31.04344123946372,77.19302409406667,Historical,February,Moderate,High,Railway Station,24.64
Goa,15.300301792349941,74.25853812476277,Religious,June,Moderate,Medium,Railway Station,17.43
Goa,15.341478007425088,74.25501919080808,Religious,December,Moderate,High,Road,21.67
Goa,15.151598513718557,74.00761422822401,Beach,March,Hot,Low,Road,30.19
Kerala,10.815983529455021,76.32002545350764,Hill Station,October,Cold,High,Railway Station,35.49
Uttarakhand,30.181644595653374,78.8939542386775,Religious,March,Moderate,Medium,Road,14.37
Punjab,31.291294500580186,75.28996257593234,Religious,August,Moderate,Low,Railway Station,12.07
Goa,15.52669410386772,74.10004076753462,Historical,July,Moderate,Medium,Railway Station,14.49
Punjab,31.31383823429386,75.3000528825862,Wildlife,December,Hot,Medium,Road,28.03
Kerala,10.976651925253552,76.20438109152225,City,December,Moderate,High,Road,26.07
Kerala,10.819794168109128,76.3911758961537,Religious,September,Moderate,Medium,Road,14.8
West Bengal,23.07057642215466,87.78707693468071,Religious,June,Moderate,Medium,Road,18.16
Goa,15.152830312630606,74.25548146448442,Beach,November,Hot,High,Road,26.26
Rajasthan,26.740567407501587,74.29929808601977,City,February,Moderate,Medium,Railway Station,13.95
Rajasthan,27.198657591405855,74.17882680855918,Religious,May,Moderate,Low,Road,12.39
Maharashtra,19.748044937604604,75.5522286625052,Beach,November,Hot,High,Railway Station,30.82
Himachal Pradesh,31.141509584173388,77.16004022066723,Beach,June,Hot,Low,Airport,24.31
Goa,15.514792867738315,74.09247033447139,Historical,June,Moderate,Medium,Railway Station,20.11
Goa,15.447496076843654,74.09567819610547,Wildlife,May,Hot,Medium,Railway Station,25.18
Himachal Pradesh,30.988958682742723,77.19316493028995,Historical,January,Moderate,High,Road,22.03
Delhi,28.58061542863309,77.1982554719022,Wildlife,October,Hot,High,Airport,34.2
West Bengal,22.881289232451955,87.9372782780834,Beach,September,Hot,Medium,Airport,31.44
Tamil Nadu,11.21324365256328,78.6820316648238,Wildlife,May,Moderate,Medium,Railway Station,25.11
Punjab,31.06823280688486,75.43095435703037,Beach,March,Hot,Medium,Airport,26.48
Uttarakhand,29.987186319681353,78.92429365025339,Historical,October,Moderate,High,Railway Station,26.39
Rajasthan,26.899070735496988,74.18849015261944,City,December,Moderate,High,Airport,21.19
Himachal Pradesh,31.15581574689152,77.30065701629286,Historical,June,Moderate,Medium,Road,18.81
Rajasthan,27.11974405320831,74.34643852790143,City,November,Moderate,High,Airport,20.51
Punjab,31.204836352510664,75.32833405536479,Historical,May,Moderate,Low,Airport,11.12
Rajasthan,27.019925710501045,74.15706492353206,Wildlife,March,Hot,Low,Railway Station,25.87
Himachal Pradesh,31.05847608630775,77.250324563956,Beach,October,Hot,Medium,Railway Station,31.78
Tamil Nadu,11.245525664519617,78.72918268949854,Historical,July,Moderate,Low,Railway Station,20.17
Tamil Nadu,10.923799926432995,78.86813497094857,Hill Station,January,Cold,Medium,Road,25.34
Kerala,10.801652391988965,76.4303669998283,Religious,June,Moderate,Medium,Airport,17.63
Uttarakhand,29.962187891493752,79.06664074157125,Wildlife,April,Hot,Medium,Airport,28.06
Punjab,31.182872276947222,75.34341027498499,Religious,December,Moderate,Medium,Airport,13.75
Kerala,10.713997820457337,76.34124947819248,Religious,June,Moderate,Medium,Railway Station,18.67
Rajasthan,27.036665294795423,74.1624926272766,Hill Station,July,Cold,Low,Road,10.7
Delhi,28.617273903840168,77.11228132930934,City,March,Moderate,Medium,Airport,21.15
Punjab,31.110077440813363,75.3803776522347,City,May,Moderate,Medium,Railway Station,21.75
Maharashtra,19.869925341603146,75.65490223092473,Wildlife,September,Hot,Medium,Railway Station,26.02
Tamil Nadu,11.193984013054623,78.72409446078144,Religious,March,Moderate,Medium,Railway Station,13.19
West Bengal,23.01291768069745,87.9573200973348,City,April,Moderate,Medium,Airport,21.15
Tamil Nadu,11.101823674490381,78.75984131009552,Hill Station,April,Cold,Medium,Airport,21.45
Rajasthan,27.15986760361077,74.22055533537994,Beach,December,Hot,High,Airport,37.39
Delhi,28.76765301998329,77.2103533546063,Wildlife,March,Moderate,Medium,Airport,28.15
Uttarakhand,29.95727294811572,78.7016296186804,Religious,November,Moderate,High,Airport,21.02
Tamil Nadu,11.243778499320321,78.64676750837701,Religious,May,Moderate,Low,Road,10.98
Delhi,28.777195897637622,77.03743401726317,Hill Station,October,Cold,High,Airport,23.72
Himachal Pradesh,31.07384992379962,77.084949692694,Religious,January,Moderate,High,Airport,19.8
Himachal Pradesh,31.153418479156194,76.97846282446775,Historical,August,Moderate,Medium,Railway Station,16.44
Himachal Pradesh,31.0990604634926,77.0338551495245,Wildlife,May,Hot,Medium,Railway Station,29.52
Rajasthan,27.182055496931255,74.19214484288547,Beach,December,Hot,High,Road,32.88
Punjab,31.10515652473414,75.41684883543161,City,July,Moderate,Medium,Road,24.28
Himachal Pradesh,31.06928783445095,77.21488244820358,Religious,September,Moderate,Medium,Railway Station,11.26
Delhi,28.81985531916753,77.09961973053257,Wildlife,December,Moderate,High,Airport,30.18
Tamil Nadu,11.120835177787818,78.68102402484067,Hill Station,September,Cold,Medium,Road,21.01
Delhi,28.737346808375886,77.20315957152778,Hill Station,May,Cold,Low,Airport,14.88
Himachal Pradesh,31.19167725005908,77.05476635728901,Historical,April,Moderate,Low,Road,16.85
Kerala,10.999480263157135,76.19005114176267,City,September,Moderate,Medium,Airport,20.15
Uttarakhand,30.201885233069902,78.95393208593626,Religious,July,Moderate,Medium,Railway Station,15.61
Rajasthan,26.935610337845688,74.2365859702232,Hill Station,September,Cold,Medium,Railway Station,24.4
Kerala,10.632678868026858,76.2181533036493,Religious,August,Moderate,Low,Railway Station,13.77
Kerala,10.889796375261783,76.27582280922982,Hill Station,January,Cold,High,Road,30.89
Himachal Pradesh,31.157902609489422,77.18828768039177,Hill Station,October,Cold,High,Road,26.16
West Bengal,22.992492642087075,87.78728097623467,Beach,February,Hot,High,Road,33.09
Himachal Pradesh,31.05722045559951,77.09078880082855,Religious,December,Moderate,Medium,Airport,18.25
Goa,15.22824699206738,73.86664757563018,Religious,April,Moderate,Medium,Railway Station,12.9
Goa,15.313993529838669,74.071786842998,City,August,Moderate,Low,Airport,14.08
Himachal Pradesh,31.23050797684811,77.43283101847742,Beach,January,Hot,High,Railway Station,35.13
Uttarakhand,30.005999385706268,78.91785202732926,Religious,June,Moderate,Medium,Railway Station,20.41
Himachal Pradesh,31.080984706495617,77.23181314848188,Hill Station,January,Cold,High,Airport,29.05
Rajasthan,27.123178221453045,74.35529143852115,Religious,November,Moderate,High,Airport,23.84
Uttarakhand,30.105894059828092,78.97261093830592,City,August,Moderate,Low,Road,15.51
Goa,15.222122804260714,74.28495206657759,Religious,February,Moderate,Medium,Railway Station,15.12
Uttarakhand,30.09223415092985,78.91799704883772,Beach,February,Hot,Medium,Railway Station,27.92
Tamil Nadu,11.020677999318266,78.65591551913495,Historical,May,Moderate,Medium,Railway Station,12.94
West Bengal,22.920650725607185,87.81180006218293,Historical,November,Moderate,High,Airport,26.63
Himachal Pradesh,31.0020596448474,77.13607317540587,Beach,December,Hot,High,Road,36.13
Punjab,31.20743731729473,75.26000783408921,Beach,February,Hot,Medium,Railway Station,27.3
Delhi,28.65227473611388,77.23502760904371,Historical,October,Hot,Medium,Road,17.18
West Bengal,23.072458844188635,87.81285222526942,Beach,October,Hot,High,Railway Station,35.34
Uttarakhand,30.155852217764547,79.05589093379149,Wildlife,January,Moderate,Medium,Road,24.61
Rajasthan,27.054324312653137,74.2766391699806,Historical,August,Hot,Low,Airport,17.99
Tamil Nadu,11.192382387551978,78.74511137720755,Historical,January,Moderate,High,Airport,27.24
Goa,15.284974108463581,74.23365471182302,Religious,June,Moderate,Medium,Airport,13.13
Maharashtra,19.84845480668891,75.76103524908277,Religious,October,Moderate,Medium,Road,10.43
Delhi,28.82709903684387,77.200768314277,Beach,November,Hot,High,Railway Station,35.01
Maharashtra,19.75978325705181,75.64108280990301,Wildlife,December,Hot,Medium,Road,23.8
Delhi,28.78280165696409,77.20487763016209,Hill Station,July,Cold,Medium,Road,21.22
Kerala,10.874520584394622,76.39641328247683,Historical,June,Moderate,Medium,Road,16.79
Tamil Nadu,11.194080809800933,78.76277806734902,Beach,September,Hot,Low,Road,22.25
Punjab,31.141947707147533,75.39150903686237,Hill Station,November,Cold,High,Airport,30.59
Maharashtra,19.738697313201676,75.79397654267396,Historical,August,Moderate,Medium,Airport,19.57
Himachal Pradesh,31.039231228053858,77.14982887551433,Historical,June,Moderate,Low,Airport,11.82
Uttarakhand,29.99792642820495,78.94660510409827,City,January,Moderate,Medium,Road,23.1
Kerala,10.643270731382756,76.17590798597708,Wildlife,November,Moderate,High,Railway Station,24.51
Tamil Nadu,11.138682458722695,78.69586045240919,Beach,February,Hot,High,Railway Station,39.14
West Bengal,23.01547741123826,87.84027947213144,Wildlife,August,Hot,Medium,Airport,21.34
West Bengal,23.08388048525372,87.86341064878886,Historical,June,Moderate,Low,Airport,18.57
West Bengal,22.776864373558098,87.92332230147889,Religious,November,Moderate,High,Airport,20.99
Himachal Pradesh,30.86434504741496,77.20466509912073,Historical,July,Moderate,Medium,Airport,15.37
Maharashtra,19.68080952208624,75.76605025255698,Wildlife,January,Hot,High,Airport,38.35
Delhi,28.62106994680158,77.23693182079873,Wildlife,November,Hot,High,Railway Station,30.06
Maharashtra,19.734181616060383,75.68123372415498,Wildlife,April,Moderate,Medium,Road,31.88
West Bengal,23.060154781350587,87.85587836548981,City,June,Moderate,Low,Airport,19.79
Kerala,10.929232250564652,76.28405396392061,Historical,June,Moderate,Medium,Road,17.29
Delhi,28.69783841813871,77.05508189429219,Wildlife,August,Moderate,Medium,Road,30.0
Uttarakhand,30.048207551905122,78.85936052378057,Religious,August,Moderate,Medium,Airport,17.57
Himachal Pradesh,31.209535174245307,77.17479818159693,Religious,April,Moderate,Medium,Airport,11.52
Uttarakhand,29.943186420396955,79.14473383607573,City,November,Moderate,Medium,Railway Station,16.21
Maharashtra,19.805343495721644,75.78547342411709,Wildlife,June,Moderate,Low,Road,25.19
Himachal Pradesh,31.079080695539357,77.01205841473475,Hill Station,March,Cold,Medium,Railway Station,32.18
Rajasthan,27.06211681897589,74.26780958161378,Religious,December,Moderate,Medium,Road,21.87
Tamil Nadu,11.277901227378978,78.60485610146078,Hill Station,May,Cold,Medium,Road,19.92
Kerala,10.848296513599573,76.38328615047944,Beach,February,Hot,Medium,Railway Station,23.78
Kerala,10.82833651134292,76.29968869672568,Historical,April,Moderate,Medium,Road,17.44
Uttarakhand,29.954646985257497,79.09023525144553,Hill Station,July,Cold,Low,Airport,16.35
Delhi,28.798098081809282,77.0635457205417,Hill Station,August,Cold,Medium,Railway Station,25.06
Delhi,28.579111068876095,77.11679496101155,Wildlife,March,Hot,Medium,Railway Station,22.29
Punjab,31.077813487652797,75.33575408605394,Wildlife,December,Hot,Medium,Airport,28.68
Maharashtra,19.729533054764904,75.77485260452086,Historical,October,Moderate,High,Railway Station,19.46
Maharashtra,19.90586977609924,75.72243886101349,Beach,December,Hot,Medium,Road,25.33
Rajasthan,27.037392456721836,74.22634667863899,Religious,March,Moderate,Medium,Airport,14.02
Tamil Nadu,11.135743018908755,78.61448961844158,Religious,October,Moderate,High,Road,18.79
Uttarakhand,30.064139489496302,79.13975945793683,Wildlife,July,Hot,Low,Railway Station,20.79
Delhi,28.5220239722198,77.03192265169046,Religious,April,Moderate,Low,Railway Station,12.55
Tamil Nadu,11.006178546951682,78.60692795005801,City,May,Moderate,Low,Railway Station,16.36
Rajasthan,27.112715382478783,74.10572488971441,Beach,July,Hot,Medium,Road,29.69
Maharashtra,19.691448898181484,75.71966022260052,City,December,Moderate,Medium,Road,22.42
Uttarakhand,30.16967689914235,79.06946850451688,Religious,December,Moderate,High,Road,19.98
Kerala,10.931059383499518,76.27864177426125,Beach,April,Hot,Medium,Road,30.1
Goa,15.251235205851177,74.37793816227828,Religious,June,Moderate,Medium,Road,13.93
Rajasthan,27.022558678047442,74.09453865759642,Religious,November,Moderate,Medium,Airport,18.94
Maharashtra,19.678019629278964,75.54823074804403,Wildlife,December,Moderate,Medium,Road,22.3
Uttarakhand,30.05983665466999,79.08821644570743,Religious,February,Moderate,High,Railway Station,21.23
Maharashtra,19.746453695259717,75.63094924411179,Historical,October,Moderate,High,Road,20.95
Tamil Nadu,11.136882717470792,78.70050057752225,Religious,December,Moderate,High,Road,22.45
Goa,15.351350188307698,74.16661031309833,Historical,January,Moderate,High,Road,25.53
Himachal Pradesh,31.10982276991657,77.22135075480016,Hill Station,July,Cold,Low,Airport,15.25
Punjab,31.102633093230107,75.28539136498634,Religious,January,Moderate,Medium,Airport,19.19
Goa,15.352941389989136,74.22738810549242,Beach,May,Hot,Medium,Road,28.28
Goa,15.379105987335235,74.00633281709298,Beach,January,Hot,High,Road,33.78
Goa,15.214077535700268,74.175810170203,Beach,September,Hot,Low,Airport,31.83
Uttarakhand,30.062876352630127,78.84382112578776,Historical,February,Moderate,Medium,Road,16.41
Maharashtra,20.04331735550601,75.69548541843167,Beach,December,Hot,High,Road,35.41
Maharashtra,20.006617425250266,75.77892223934069,Historical,April,Moderate,Medium,Road,14.61
Goa,15.396662224942785,74.07364303810922,Religious,November,Moderate,High,Airport,24.38
Tamil Nadu,11.027895643922287,78.60153048468645,Historical,July,Moderate,Low,Road,12.55
Uttarakhand,29.966899376744013,78.81325569625909,Wildlife,January,Hot,High,Airport,37.11
Goa,15.286811311464994,74.12556977959576,Beach,October,Hot,High,Railway Station,38.27
Kerala,10.87315053521153,76.19235246951123,Religious,December,Moderate,High,Road,23.38
Uttarakhand,30.092242645742672,78.95712306471668,Wildlife,September,Hot,Low,Road,18.82
Delhi,28.69997073129927,77.15810220968423,Beach,December,Hot,High,Airport,33.09
Goa,15.210274557995135,73.97175853057333,Historical,March,Moderate,Medium,Road,16.23
Himachal Pradesh,31.197367220950273,77.1403225103977,Beach,March,Hot,Low,Road,22.46
Maharashtra,19.8515129335754,75.95762425759241,Hill Station,July,Cold,Low,Airport,18.47
Tamil Nadu,11.076503380101215,78.55431318940305,City,September,Moderate,Medium,Railway Station,23.48
Rajasthan,27.09623545112657,74.22401564599357,Beach,October,Hot,High,Railway Station,35.19
Punjab,31.197528785338424,75.37029647301374,City,August,Moderate,Medium,Road,21.08
Rajasthan,27.02687475830875,73.98495583488774,Hill Station,March,Cold,Medium,Railway Station,23.48
Delhi,28.611220791854755,77.39606579023278,Hill Station,November,Cold,Medium,Road,24.33
Goa,15.34367392912698,74.07667238478217,Historical,October,Moderate,Medium,Road,14.78
Uttarakhand,30.11741576554607,78.91369692000333,Hill Station,December,Cold,Medium,Railway Station,30.42
Maharashtra,19.9727390637591,75.75306402398888,Beach,March,Hot,Medium,Road,29.23
Himachal Pradesh,31.12158132446758,77.33154637234833,Wildlife,March,Hot,Low,Railway Station,20.61
Maharashtra,19.721467315419577,75.7649276311169,Wildlife,July,Moderate,Medium,Airport,27.07
Uttarakhand,30.109188948244398,78.92272173671361,Beach,April,Hot,Medium,Road,32.46
Uttarakhand,29.914095893917956,78.9689537656099,City,June,Moderate,Medium,Railway Station,18.38
Kerala,10.67793257466249,76.07363291054129,Wildlife,September,Hot,Medium,Railway Station,29.84
Maharashtra,19.77874213966536,75.75564650898212,Religious,January,Moderate,Medium,Airport,14.75
Uttarakhand,30.113045398612712,78.98302136724658,Historical,April,Moderate,Medium,Road,16.02
Delhi,28.740202514514277,77.19931026637767,Wildlife,April,Moderate,Medium,Airport,25.39
Uttarakhand,30.32559089735307,78.89932747349098,Historical,February,Moderate,High,Railway Station,26.87
Goa,15.152251044876875,73.99772302243014,Wildlife,December,Moderate,High,Railway Station,35.1
Punjab,31.21300543439134,75.44388946182579,Wildlife,June,Hot,Medium,Road,26.08
Maharashtra,19.833771737450043,75.83633816701175,Historical,August,Moderate,Medium,Airport,19.8
Goa,15.390341849968557,74.2813734216555,Religious,April,Moderate,Medium,Railway Station,15.18
Maharashtra,19.712996319757377,75.52709981133292,Hill Station,February,Cold,High,Airport,31.37
Maharashtra,19.807725028316973,75.79034782203057,Wildlife,January,Moderate,Medium,Road,34.04
Himachal Pradesh,31.079069999938223,77.28161123129931,Beach,November,Hot,Medium,Road,27.06
Kerala,10.8158290467124,76.36848462572598,Religious,July,Moderate,Medium,Airport,12.5
Kerala,11.041229783642656,76.1274908487465,Wildlife,December,Hot,Medium,Road,25.76
Tamil Nadu,11.101069095872857,78.50589587880147,Religious,February,Moderate,High,Road,20.03
Rajasthan,26.92535445035359,74.17277294690705,Hill Station,August,Cold,Low,Road,19.34
Uttarakhand,30.0878303040222,79.03913935171775,Hill Station,February,Cold,High,Airport,33.25
Punjab,30.9861479016919,75.2714690849301,Beach,May,Hot,Medium,Road,29.97
Himachal Pradesh,31.086459001270796,77.07284799854847,Wildlife,April,Hot,Medium,Railway Station,31.68
Tamil Nadu,11.075846588935345,78.57674724098953,Historical,August,Moderate,Medium,Road,15.07
Tamil Nadu,11.096552997075214,78.582424304476,Historical,June,Moderate,Low,Airport,14.31
Tamil Nadu,11.021716450463567,78.69968143951529,Religious,February,Moderate,Medium,Road,16.01
Punjab,31.057283061684785,75.36728231676776,Religious,December,Moderate,High,Road,25.0
Himachal Pradesh,31.07731976952473,76.95327565265491,Religious,October,Moderate,High,Airport,21.93
Himachal Pradesh,31.0135492225606,77.21419569097506,City,September,Moderate,Medium,Airport,23.41
Goa,15.245340877926287,74.21349105560267,Religious,May,Moderate,Medium,Road,18.07
Himachal Pradesh,30.9089824571117,77.11055142936893,City,August,Moderate,Medium,Railway Station,18.95
Tamil Nadu,11.108075915558679,78.50715533313942,Religious,January,Moderate,High,Railway Station,21.12
Rajasthan,27.18269403284441,74.09367534664507,Wildlife,April,Hot,Low,Airport,21.53
Tamil Nadu,11.017477967513145,78.65011286183004,Wildlife,May,Moderate,Medium,Road,24.62
Rajasthan,27.209141079789983,74.26252018362895,City,November,Moderate,High,Road,24.53
Uttarakhand,30.12767355891244,78.96358694274278,Hill Station,September,Cold,Low,Road,20.06
Rajasthan,26.916482149052456,74.28656281919461,Hill Station,January,Cold,High,Airport,31.98
Delhi,28.66410179721711,76.99948577347773,Wildlife,July,Hot,Medium,Road,27.55
Maharashtra,19.53370322678053,75.64395854598767,Hill Station,May,Cold,Medium,Airport,21.01
Uttarakhand,30.176010296101936,78.87165363583782,Beach,July,Hot,Medium,Road,30.49
Maharashtra,19.8248054281466,75.524623782241,Beach,March,Hot,Medium,Airport,30.72
Kerala,10.90393648986364,76.28020936062559,Wildlife,May,Hot,Medium,Airport,28.93
Himachal Pradesh,31.032486870198277,77.264281241135,Beach,November,Hot,High,Road,35.62
Punjab,31.20577973779847,75.27375856855899,Wildlife,August,Hot,Medium,Road,26.78
Maharashtra,19.81595954324152,75.67565476023307,Hill Station,May,Cold,Medium,Road,22.87
Himachal Pradesh,31.006823805225604,77.1337789657719,City,February,Moderate,Medium,Airport,14.07
Delhi,28.694992413964698,77.08474040052413,Historical,June,Hot,Medium,Railway Station,20.78
Rajasthan,26.878131855867593,74.17574059374424,Religious,November,Moderate,High,Airport,23.97
Himachal Pradesh,31.0702853118862,77.24219329720515,City,October,Moderate,High,Airport,25.32
Kerala,10.59006530647853,76.21855415857931,City,August,Moderate,Low,Railway Station,13.16
Uttarakhand,29.97139455458954,78.97778247188363,Wildlife,November,Moderate,High,Railway Station,30.91
Delhi,28.56912269306188,77.27931692930598,Beach,October,Hot,Medium,Road,26.62
Uttarakhand,30.180797511450052,79.00914417963274,City,July,Moderate,Low,Airport,21.0
Punjab,31.244704071935594,75.48114864269724,City,April,Moderate,Medium,Airport,18.55
Tamil Nadu,11.041008846940665,78.45897941407593,City,June,Moderate,Medium,Airport,19.54
Uttarakhand,29.8700674935774,79.01717552207238,Historical,August,Moderate,Low,Railway Station,12.19
Uttarakhand,30.149424942267284,79.02789573880172,City,August,Moderate,Low,Road,16.17
Himachal Pradesh,31.06746315749969,77.12338021829041,Beach,November,Hot,Medium,Road,28.24
Himachal Pradesh,30.97574772727087,77.23536889216122,City,March,Moderate,Low,Road,7.14
Kerala,10.858777290378542,76.27477828331743,City,December,Moderate,Medium,Road,13.61
Himachal Pradesh,31.09311268716338,77.03601108824114,Religious,February,Moderate,High,Airport,23.59
Maharashtra,19.710397506349683,75.8160622984073,Religious,January,Moderate,High,Road,24.9
Delhi,28.690420309524267,77.03987754043636,Historical,October,Hot,Medium,Airport,13.77
Punjab,31.305227195161915,75.3005331558123,Wildlife,May,Hot,Medium,Road,28.43
Maharashtra,19.613298243130757,75.66553828604445,Historical,November,Moderate,Medium,Airport,18.5
Uttarakhand,29.94488141722348,79.0088762020502,Historical,April,Moderate,Medium,Road,20.53
Goa,15.285124244597247,74.13755634164147,Beach,August,Hot,Medium,Road,29.32
Maharashtra,19.726292403409,75.78110349456554,Hill Station,July,Cold,Medium,Railway Station,27.19
Maharashtra,19.814153836333695,75.58994377139197,Hill Station,November,Cold,Medium,Airport,26.51
Delhi,28.63728640699684,77.02437275003057,Religious,March,Moderate,Medium,Road,12.49
Rajasthan,26.962636626330546,74.32976323341542,Historical,March,Hot,Low,Airport,10.43
Delhi,28.833306033432653,77.02758282733969,Wildlife,November,Hot,High,Airport,33.04
West Bengal,23.116894151303168,87.79723857821351,City,January,Moderate,High,Airport,26.38
West Bengal,22.88123605102014,87.81963142404331,Beach,February,Hot,Medium,Railway Station,29.97
Uttarakhand,29.90401140610448,78.88572433374934,Beach,January,Hot,Medium,Road,31.94
Kerala,11.020329039242696,76.03965439212216,Wildlife,June,Moderate,Medium,Railway Station,34.41
West Bengal,23.119605688898694,87.75772354832401,Historical,January,Moderate,Medium,Airport,16.52
Uttarakhand,30.21192546569546,78.94535855683974,Hill Station,December,Cold,Medium,Road,26.22
Goa,15.154207210888877,74.131557637267,Religious,May,Moderate,Medium,Road,16.81
Maharashtra,19.646947051432594,75.71127392067301,Wildlife,March,Moderate,Medium,Railway Station,31.15
Tamil Nadu,11.101884653415643,78.85870773827178,City,October,Moderate,Medium,Road,21.19
Himachal Pradesh,31.06193252031187,77.1826930234114,Wildlife,May,Moderate,Medium,Railway Station,28.69
Kerala,10.738226337463132,76.46867358680727,Wildlife,July,Hot,Medium,Railway Station,26.57
Uttarakhand,29.931982295457253,79.02086822364717,Historical,August,Moderate,Medium,Road,14.75
Punjab,31.18621278769327,75.45795098229864,Wildlife,March,Hot,Medium,Railway Station,32.93
Rajasthan,27.2426498986096,74.19452949882916,Beach,February,Hot,High,Road,32.83
Goa,15.453332397981988,74.06868227546526,Beach,March,Hot,Medium,Airport,33.56
Rajasthan,27.046241720794413,74.26807911677777,City,October,Moderate,High,Road,24.24
Himachal Pradesh,30.930522802611897,77.21434385306422,Religious,April,Moderate,Medium,Railway Station,20.37
Uttarakhand,29.922444296581627,79.08798752232029,Religious,February,Moderate,High,Railway Station,21.17
West Bengal,23.083831620178827,87.89687599601275,Historical,April,Moderate,Medium,Road,17.36
Rajasthan,27.031476295033073,74.07945768456416,Religious,July,Moderate,Medium,Airport,17.66
Kerala,11.027151180032764,76.37496060692088,Hill Station,March,Cold,Low,Road,21.98
Delhi,28.626446365545863,77.09924497769123,Beach,March,Hot,Medium,Road,30.28
Maharashtra,19.73610947730253,75.68186149405632,Hill Station,October,Cold,High,Airport,31.17
Punjab,31.14208307323661,75.2161926482029,Beach,May,Hot,Medium,Airport,24.66
Maharashtra,19.84674781569528,75.63281060637998,Historical,October,Moderate,Medium,Road,18.98
Punjab,31.182240666884226,75.29419285004113,Religious,December,Moderate,Medium,Road,18.1
Goa,15.329145181398145,74.04574014025813,Hill Station,April,Cold,Medium,Railway Station,25.45
Delhi,28.837438730022043,77.16068739568233,Historical,August,Hot,Medium,Airport,20.12
Kerala,10.794545371471054,75.98779697098573,Historical,October,Moderate,High,Airport,25.36
Delhi,28.864005451547868,77.15881984034674,Beach,October,Hot,High,Road,39.08
Maharashtra,19.845364002267896,75.696288756604,City,March,Moderate,Medium,Road,24.34
Uttarakhand,29.898627146467117,78.98974977104669,Historical,October,Moderate,Medium,Road,18.25
Himachal Pradesh,31.100363854448844,77.31124673554538,Beach,July,Hot,Medium,Railway Station,33.03
Rajasthan,27.048737028272768,74.21668565888612,Hill Station,January,Cold,High,Airport,27.99
Maharashtra,19.75235881385082,75.85244863405181,Wildlife,November,Moderate,High,Railway Station,28.24
Rajasthan,27.040143176058713,74.2924447282057,Wildlife,February,Moderate,High,Airport,31.66
West Bengal,23.193802638247828,87.98340410068363,Wildlife,October,Hot,High,Airport,36.54
Maharashtra,19.64307562463883,75.72617321616383,Wildlife,February,Hot,Medium,Airport,17.38
West Bengal,22.952617817975383,87.75430726390549,Religious,March,Moderate,Low,Road,9.15
Maharashtra,19.693839822325703,75.6401041443675,Hill Station,November,Cold,Medium,Road,25.14
Tamil Nadu,11.269475407530729,78.60334429203012,Wildlife,July,Hot,Medium,Railway Station,27.37
Punjab,31.180264766712575,75.23648424313097,Religious,September,Moderate,Medium,Railway Station,14.73
Kerala,10.864499374263644,76.21675268927466,Historical,July,Moderate,Medium,Railway Station,18.86
Delhi,28.69360322924364,77.16377907415834,Religious,December,Moderate,High,Road,20.87
Himachal Pradesh,31.097302074092244,76.97145938712092,Historical,March,Moderate,Medium,Railway Station,16.23
West Bengal,23.084172623085237,87.88487977803219,Beach,February,Hot,High,Railway Station,36.65
Delhi,28.600485642802482,77.18817374214706,Wildlife,July,Hot,Medium,Railway Station,28.26
Kerala,10.886676199210385,76.303080971024,Hill Station,December,Cold,High,Road,31.19
Punjab,31.21130255015353,75.27845571645236,Wildlife,September,Moderate,Medium,Airport,27.14
Maharashtra,19.70811265370208,75.88611550978081,Hill Station,July,Cold,Medium,Road,25.22
Kerala,10.747126513329194,76.23908995236499,Religious,June,Moderate,Medium,Railway Station,18.7
Uttarakhand,30.080385942408167,79.01404949314613,Hill Station,March,Cold,Medium,Railway Station,17.78
Delhi,28.66584066171126,77.06458982516513,City,May,Moderate,Medium,Road,19.83
Tamil Nadu,11.256429949524126,78.8518975040996,Wildlife,June,Hot,Low,Road,25.15
Goa,15.200042199327118,74.12604171672129,Religious,July,Moderate,Medium,Airport,18.02
Tamil Nadu,11.088712525866923,78.67712804076211,Wildlife,September,Hot,Medium,Railway Station,23.6
Rajasthan,27.02115163717112,73.99095021355026,City,September,Moderate,Medium,Road,16.27
West Bengal,22.96722147290314,87.75077284119529,City,May,Moderate,Medium,Road,19.37
Uttarakhand,29.999166684855577,78.82880642225821,Religious,July,Moderate,Medium,Road,19.9
Rajasthan,27.034520796204013,74.18601536445053,Religious,February,Moderate,High,Road,22.77
Kerala,11.133849561189427,76.23203634692487,Historical,December,Moderate,High,Airport,18.33
Himachal Pradesh,31.17455869703392,77.08979083297804,Beach,September,Hot,Medium,Railway Station,30.55
Uttarakhand,30.031202591561417,79.02221905039356,Wildlife,October,Hot,High,Road,34.36
Punjab,31.232014260593218,75.21374808926926,Beach,July,Hot,Medium,Road,32.09
Punjab,31.206213611792393,75.33050285301415,Hill Station,March,Cold,Medium,Railway Station,24.59
Delhi,28.671149619936386,76.93264302893772,Historical,February,Hot,High,Airport,28.83
Goa,15.313249779614747,74.09551630622578,Beach,June,Hot,Medium,Airport,30.89
Delhi,28.578435274937096,77.11935134023335,Hill Station,December,Cold,High,Railway Station,29.68
Tamil Nadu,11.196637723640173,78.84817268503065,Wildlife,November,Moderate,Medium,Road,29.14
Goa,15.068878806405603,74.08789907767473,Religious,October,Moderate,Medium,Airport,10.48
Rajasthan,27.056656984967734,74.24711972948833,Religious,August,Moderate,Medium,Railway Station,13.13
Punjab,31.168996391585594,75.25701783681319,Beach,November,Hot,Medium,Road,32.02
Goa,15.21721399798371,74.27981836307626,Beach,January,Hot,High,Road,35.16
Maharashtra,19.934920203585627,75.77373980076204,Wildlife,December,Hot,High,Airport,27.88
Delhi,28.536653053954677,77.09159765800366,Beach,November,Hot,High,Airport,33.21
Uttarakhand,29.890355182776943,79.04840068624638,Beach,November,Hot,Medium,Airport,30.1
Rajasthan,27.105855350288792,74.23633090640782,Hill Station,May,Cold,Medium,Railway Station,21.69
Uttarakhand,29.894986250962397,78.89901968053547,Religious,July,Moderate,Medium,Railway Station,15.74
Delhi,28.584444207138333,76.95314902217469,Beach,September,Hot,Medium,Airport,31.08
Himachal Pradesh,31.09886325487686,77.30431366419633,Hill Station,September,Cold,Medium,Railway Station,18.63
Maharashtra,19.814261121259246,75.62321922739731,Wildlife,June,Hot,Medium,Railway Station,25.33
Goa,15.07694258320628,74.0721930980525,Beach,October,Hot,High,Airport,39.72
West Bengal,22.860958516943505,87.7311353872886,Historical,October,Moderate,High,Airport,26.25
Goa,15.242629489194496,74.06401786060829,Beach,July,Hot,Medium,Road,32.88
Himachal Pradesh,31.035028109610177,77.10805371042753,Wildlife,February,Hot,Medium,Road,26.03
Goa,15.163303080988083,74.24677999878516,City,February,Moderate,Medium,Road,18.84
Goa,15.172485634836852,74.133636924006,Wildlife,October,Moderate,High,Railway Station,35.35
West Bengal,23.05402934080404,87.7049523450837,Historical,October,Moderate,High,Railway Station,19.95
Kerala,10.802265842478727,76.2568133414658,City,August,Moderate,Low,Road,10.83
West Bengal,22.847740513906793,87.71028264062589,Wildlife,January,Hot,Medium,Railway Station,22.93
Himachal Pradesh,31.20547300712271,77.01628476488821,City,February,Moderate,High,Railway Station,26.35
Kerala,10.600715288043272,76.3023996304535,Religious,December,Moderate,Medium,Airport,20.24
Uttarakhand,30.172814381867127,78.92992539809163,Historical,June,Moderate,Medium,Road,17.54
Maharashtra,19.495104603202012,75.70411492297848,Hill Station,December,Cold,High,Railway Station,28.84
Kerala,10.84182988638518,76.39686190563594,City,February,Moderate,Medium,Railway Station,21.52
Uttarakhand,29.901570071163786,78.91528336947788,Hill Station,September,Cold,Medium,Airport,26.22
West Bengal,22.87689552484451,87.98022836619567,City,June,Moderate,Medium,Airport,21.94
Delhi,28.720406634388556,76.99624924244898,City,March,Moderate,Medium,Road,20.48
Kerala,10.764427083660467,76.33833893376114,Historical,December,Moderate,Medium,Airport,12.74
Kerala,10.875870671949182,76.1813745072502,Religious,April,Moderate,Low,Railway Station,12.5
Kerala,10.770893586227936,76.28139173905232,Beach,April,Hot,Low,Airport,22.1
Delhi,28.620151840872722,77.23471671462212,City,March,Moderate,Medium,Airport,13.06
Himachal Pradesh,31.327949891102776,77.04131216446227,Hill Station,November,Cold,Medium,Road,28.73
West Bengal,22.98691099446873,87.70055661517517,Wildlife,January,Hot,High,Road,35.31
Punjab,31.214751655478096,75.23133450368779,Historical,June,Moderate,Low,Road,15.91
Uttarakhand,30.080459739558876,79.02183852779723,Historical,October,Moderate,High,Railway Station,17.85
West Bengal,22.934031480558303,87.88069574381839,Beach,September,Hot,Medium,Railway Station,32.11
Tamil Nadu,11.082534969697,78.86228186900865,Beach,October,Hot,High,Airport,35.35
Punjab,31.009548911043122,75.47800793504886,Wildlife,July,Hot,Medium,Railway Station,28.1
Maharashtra,19.67454065354977,75.74650443763659,Hill Station,September,Cold,Low,Railway Station,20.38
Tamil Nadu,11.12717555074546,78.72548578186084,Religious,March,Moderate,Low,Railway Station,14.93
Himachal Pradesh,31.134095183351885,77.05324118118595,Religious,September,Moderate,Medium,Railway Station,10.54
Uttarakhand,30.11543099933502,78.91945591471233,Religious,January,Moderate,Medium,Airport,17.72
Kerala,10.859927929361428,76.16746351158679,Historical,October,Moderate,High,Airport,27.87
Uttarakhand,30.00988518013275,78.9395886433775,City,October,Moderate,Medium,Railway Station,24.77
Rajasthan,27.07757681903685,74.24853894820734,Wildlife,May,Hot,Low,Airport,23.12
Goa,15.176986118559059,74.15469507501125,Historical,October,Moderate,High,Railway Station,25.82
Uttarakhand,30.18206481032617,78.89755962065031,Beach,August,Hot,Low,Railway Station,21.29
Kerala,10.964831982396158,76.20465628178947,Historical,December,Moderate,High,Railway Station,18.5
Uttarakhand,30.045384968928882,79.10301544863314,Historical,May,Moderate,Medium,Railway Station,14.92
Rajasthan,26.9400909866385,74.21202795728954,Wildlife,March,Hot,Medium,Road,31.42
Kerala,10.732748138409336,76.29372633165688,Hill Station,December,Cold,Medium,Railway Station,26.34
Kerala,10.881059812717284,76.36160665483595,Wildlife,July,Hot,Medium,Railway Station,30.37
Kerala,11.09971839986007,76.2435878571745,Beach,December,Hot,Medium,Airport,29.6
West Bengal,22.957651057874664,87.79971040663064,Hill Station,March,Cold,Medium,Railway Station,24.67
West Bengal,22.79024441085235,87.79628847293799,Beach,November,Hot,High,Road,35.46
Maharashtra,19.700270485373903,75.72902310721668,Religious,June,Moderate,Medium,Railway Station,14.83
Goa,15.385554348461518,73.95450265614834,City,September,Moderate,Medium,Road,25.89
Punjab,31.219934521306953,75.42397079982342,Historical,February,Moderate,High,Road,24.77
Rajasthan,27.244001392465965,74.1822907951381,Hill Station,April,Cold,Medium,Railway Station,27.91
West Bengal,23.043442502798776,87.63091532559773,Religious,February,Moderate,High,Railway Station,25.89
Uttarakhand,30.204518093650456,79.12130365069021,City,June,Moderate,Medium,Railway Station,20.02
Maharashtra,19.9015274609001,75.72135095938268,Wildlife,May,Moderate,Medium,Railway Station,29.02
Punjab,31.300933043905253,75.38925186781083,Historical,February,Moderate,High,Railway Station,26.08
Delhi,28.7763446985221,77.06597191417961,Beach,October,Hot,Medium,Road,30.15
Maharashtra,19.8276672186295,75.796495415562,Beach,May,Hot,Medium,Railway Station,37.16
Uttarakhand,30.017064562858593,79.07694513451224,Religious,September,Moderate,Medium,Railway Station,19.6
West Bengal,22.903357126648235,88.02869429430193,Hill Station,July,Cold,Low,Road,15.47
Goa,15.209757203907497,73.99034314996851,Historical,November,Moderate,Medium,Airport,14.16
Rajasthan,27.029304255728107,74.17026022393985,Religious,June,Moderate,Medium,Railway Station,21.01
Delhi,28.63837882917889,77.02592546812939,Wildlife,July,Moderate,Medium,Airport,24.11
Himachal Pradesh,31.131225476360736,77.16936660897859,Beach,June,Hot,Low,Airport,24.72
Uttarakhand,30.091340406120583,79.08963130614576,City,November,Moderate,High,Railway Station,26.2
Goa,15.369923097476708,74.1467991163709,Wildlife,November,Hot,High,Railway Station,32.63
Goa,15.322361084876622,74.01065789817073,Historical,June,Moderate,Medium,Road,16.24
Delhi,28.93788277453883,77.01642431982982,Wildlife,August,Moderate,Medium,Railway Station,29.05
Rajasthan,27.13017739837856,74.12251109115867,Beach,January,Hot,High,Airport,32.39
Kerala,10.829801541090163,76.16799747248527,Religious,May,Moderate,Medium,Road,18.36
Himachal Pradesh,31.1931232575309,77.21962624644542,Beach,March,Hot,Medium,Railway Station,27.46
Himachal Pradesh,31.257833456435442,77.09559052141672,Hill Station,February,Cold,High,Railway Station,26.3
Maharashtra,19.83417029743815,75.63157039307423,Hill Station,January,Cold,Medium,Railway Station,20.68
Maharashtra,19.9383603219163,75.71738075404998,Hill Station,February,Cold,Medium,Railway Station,24.24
Delhi,28.58004064151593,77.10534634484192,Beach,February,Hot,High,Road,31.49
Tamil Nadu,11.078674164806918,78.65230711712597,City,April,Moderate,Medium,Airport,20.07
Goa,15.28470625638867,74.25676154516053,Historical,November,Moderate,Medium,Airport,11.58
Rajasthan,27.152854822576796,74.30441565501202,Wildlife,March,Hot,Medium,Airport,34.63
Punjab,31.060027222835625,75.41365917787232,Religious,June,Moderate,Medium,Railway Station,14.68
West Bengal,22.838558585894113,87.81740642800865,Historical,September,Moderate,Medium,Railway Station,19.35
Maharashtra,19.838652438608793,75.58878008633663,Historical,March,Moderate,Medium,Road,18.43
Maharashtra,19.71513867040984,75.8850107291677,Beach,October,Hot,High,Road,30.4
West Bengal,23.030641269949662,87.76660011432536,Religious,December,Moderate,Medium,Road,16.51
Delhi,28.569787473235547,77.06293996267543,Historical,September,Hot,Medium,Road,18.4
Maharashtra,19.630483905658583,75.87304003677627,City,June,Moderate,Low,Railway Station,14.53
Maharashtra,19.77099072052624,75.81920000272987,Beach,February,Hot,High,Railway Station,37.63
Goa,15.224420020397995,74.1656801574483,City,July,Moderate,Medium,Railway Station,19.82
Rajasthan,26.919837092158108,74.2162682787654,City,January,Moderate,Medium,Airport,23.5
Maharashtra,19.643861881259795,75.64652098943405,Beach,June,Hot,Medium,Railway Station,33.25
West Bengal,22.843716879837533,87.80734461985665,Wildlife,January,Hot,High,Road,35.87
West Bengal,23.0890512793696,87.72862309227796,Historical,May,Moderate,Medium,Airport,13.57
Tamil Nadu,11.35629112668187,78.84364620041613,City,October,Moderate,High,Airport,20.89
Punjab,31.16001874733317,75.33487260401031,Wildlife,June,Hot,Medium,Airport,26.8
Tamil Nadu,11.079444857678077,78.52644105561994,Wildlife,July,Hot,Low,Railway Station,21.02
Kerala,10.819477899275027,76.41325828566727,Beach,December,Hot,High,Road,31.74
Tamil Nadu,11.24702995729216,78.65367231058973,Historical,April,Moderate,Medium,Railway Station,18.05
Himachal Pradesh,31.09810276402775,77.1927008190332,Historical,November,Moderate,Medium,Airport,12.9
Maharashtra,19.705850270153164,75.84234370527773,Wildlife,December,Hot,High,Road,35.89
Goa,15.396236930240805,74.06085974444333,City,November,Moderate,High,Road,24.33
Maharashtra,19.830665420609353,75.60202338371862,City,July,Moderate,Medium,Airport,20.16
Himachal Pradesh,31.0108758459318,77.30665514676652,Beach,March,Hot,Medium,Railway Station,29.35
Himachal Pradesh,31.170695413478104,77.12876679212329,Religious,August,Moderate,Medium,Road,19.79
West Bengal,23.036578830941778,87.90874120028204,City,December,Moderate,Medium,Road,18.19
West Bengal,22.864251152078115,87.77099399644582,Beach,June,Hot,Medium,Airport,31.93
Rajasthan,27.0539873380721,74.17926775245529,Hill Station,September,Cold,Medium,Airport,32.91
Rajasthan,27.09969443197587,74.24456997895021,Hill Station,May,Cold,Medium,Railway Station,18.38
Rajasthan,26.990664770091218,74.35954117917002,Religious,August,Moderate,Medium,Road,13.99
Punjab,31.162203290905513,75.27716812408205,Beach,February,Hot,Medium,Airport,32.32
Punjab,31.243976989568132,75.4379178122439,Historical,April,Moderate,Medium,Railway Station,18.22
Tamil Nadu,11.04965383560757,78.6182695501522,City,August,Moderate,Medium,Railway Station,21.48
West Bengal,22.99525269837843,87.94602157836648,Religious,January,Moderate,High,Railway Station,20.79
Himachal Pradesh,31.000836605717524,77.21550849902198,Beach,January,Hot,Medium,Railway Station,29.45
Tamil Nadu,11.132774168329682,78.66824560400565,Hill Station,September,Cold,Low,Railway Station,16.37
Rajasthan,26.9319796627149,74.2819960799203,Beach,May,Hot,Low,Railway Station,25.56
Punjab,31.216981567028046,75.48608201083377,Hill Station,December,Cold,High,Airport,26.88
Tamil Nadu,11.270136279911837,78.63402014921856,Historical,April,Moderate,Low,Road,12.05
Punjab,31.21497280692794,75.24828636594903,Beach,August,Hot,Low,Road,21.43
Himachal Pradesh,31.082640030561496,77.0293018365475,Wildlife,November,Hot,High,Airport,29.6
West Bengal,22.931728321188142,87.79336345708177,Historical,November,Moderate,Medium,Railway Station,18.92
Uttarakhand,29.872065752585918,79.11714578056666,Beach,November,Hot,Medium,Road,30.86
Punjab,31.03911938323068,75.54857786828033,Religious,September,Moderate,Low,Road,14.58
Himachal Pradesh,31.214933016488956,77.24503400805405,City,August,Moderate,Medium,Road,17.64
Goa,15.519718616788623,74.12347244028909,Beach,June,Hot,Medium,Airport,27.55
Kerala,10.811712421813754,76.40170722038717,Hill Station,April,Cold,Low,Road,22.93
Tamil Nadu,11.092667879823,78.67078320827177,City,January,Moderate,High,Airport,28.59
Goa,15.171037056807307,74.19570790369961,Wildlife,February,Moderate,High,Railway Station,28.36
Kerala,10.85890943882502,76.34019109573923,Hill Station,January,Cold,High,Road,29.66
West Bengal,22.94359561857552,88.03575903221923,Religious,October,Moderate,High,Airport,20.67
Uttarakhand,30.050291943499698,79.02247594565814,Hill Station,April,Cold,Medium,Airport,24.57
West Bengal,22.82138235597723,87.75155286429825,Hill Station,November,Cold,Medium,Road,25.23
Uttarakhand,29.963000864501076,78.88392453252902,Religious,January,Moderate,High,Airport,30.34
Uttarakhand,30.065466715296356,78.98502934463868,Religious,March,Moderate,Low,Road,14.2
Maharashtra,19.59700640778466,75.51570355142613,Hill Station,March,Cold,Medium,Railway Station,31.44
Kerala,10.941299915618245,76.3217420774997,City,September,Moderate,Low,Road,10.5
Uttarakhand,30.245534641442983,78.99466647188201,Historical,December,Moderate,High,Airport,27.17
Punjab,31.110329767378218,75.29518490383236,Religious,July,Moderate,Medium,Railway Station,10.1
Rajasthan,27.151242842668758,74.20073263460752,City,January,Moderate,High,Railway Station,28.36
West Bengal,23.077454415710996,87.8622252048238,Wildlife,May,Hot,Low,Road,26.3
West Bengal,22.853092489211214,87.98071027806553,Beach,October,Hot,High,Airport,34.23
Maharashtra,19.6999829100908,75.7012481103046,City,June,Moderate,Low,Road,16.01
West Bengal,23.030666796255826,88.02515660700529,City,October,Moderate,Medium,Road,16.2
Rajasthan,26.829614134062062,74.21751958663292,Hill Station,September,Cold,Low,Airport,19.89
West Bengal,23.159555204262066,87.95229110703683,City,May,Moderate,Low,Road,12.09
Uttarakhand,30.07848301741722,78.8907408999244,Historical,January,Moderate,High,Road,20.23
Maharashtra,19.78115513214313,75.58480567496747,Historical,December,Moderate,High,Airport,20.36
Punjab,31.22086259301305,75.27061209859399,Wildlife,June,Hot,Medium,Road,30.77
Kerala,10.881145086296334,76.22732626775957,City,December,Moderate,Medium,Airport,19.75
Maharashtra,19.755981819710016,75.76722736027835,Historical,April,Moderate,Medium,Road,18.55
West Bengal,23.12253246619264,87.9043516035203,Wildlife,March,Hot,Medium,Road,30.9
Goa,15.348444551089441,74.10109189690782,City,July,Moderate,Medium,Road,19.59
Uttarakhand,29.90190241621087,79.0765385232308,Hill Station,February,Cold,High,Road,30.68
Himachal Pradesh,31.240080053489674,77.12674259287972,Hill Station,March,Cold,Medium,Airport,22.42
Punjab,31.04544756378174,75.10856384402608,Beach,February,Hot,Medium,Railway Station,29.35
Kerala,10.864019034098739,76.23847662955586,Hill Station,January,Cold,High,Road,28.92
Tamil Nadu,11.077138667637852,78.65053731625525,Religious,August,Moderate,Medium,Road,18.55
Delhi,28.56576592230284,77.19267286971403,Religious,October,Moderate,High,Railway Station,26.24
Punjab,31.087557679712393,75.3446009254861,City,April,Moderate,Medium,Road,18.68
Himachal Pradesh,31.077515545365987,77.27041750825678,Hill Station,April,Cold,Medium,Road,27.21
West Bengal,22.862296554074863,87.96908589867016,Hill Station,August,Cold,Medium,Road,23.44
Punjab,31.077273815124858,75.35361756847446,City,September,Moderate,Medium,Road,16.46
Tamil Nadu,11.113173129333243,78.80815307023025,City,December,Moderate,High,Airport,26.97
Delhi,28.61912790785223,77.05420160739273,City,September,Moderate,Medium,Airport,16.61
Himachal Pradesh,31.20413345016078,77.45951365676336,City,February,Moderate,High,Airport,18.79
Maharashtra,19.855218140564904,75.62285132964685,Hill Station,February,Cold,High,Road,30.89
Kerala,10.647732272832915,76.18249597530216,Wildlife,July,Moderate,Medium,Airport,30.08
Kerala,10.827699427319029,76.13040225378961,Wildlife,November,Hot,High,Airport,32.0
Delhi,28.723228826013624,77.28458718101236,Religious,March,Moderate,Low,Road,9.44
Maharashtra,19.64889191558044,75.75204256175343,Historical,December,Moderate,Medium,Airport,19.29
Delhi,28.611934688022174,76.99202736949024,City,November,Moderate,Medium,Railway Station,14.77
Tamil Nadu,11.23363762722596,78.63109544843887,Hill Station,March,Cold,Medium,Airport,26.98
Maharashtra,19.77236634832499,75.77071840033403,Historical,September,Moderate,Medium,Railway Station,18.15
Rajasthan,27.154340242626517,74.05994945829127,Wildlife,October,Hot,Medium,Railway Station,25.91
Uttarakhand,30.03619860456426,79.03384272174058,City,September,Moderate,Medium,Railway Station,17.72
Uttarakhand,30.073635044365314,79.18934292964592,Historical,November,Moderate,High,Railway Station,20.89
Uttarakhand,29.892763217438553,78.99956323929905,Wildlife,April,Hot,Medium,Road,30.69
Maharashtra,19.753459961657764,75.63365699601351,Beach,July,Hot,Medium,Road,33.5
Goa,15.319522587459197,74.18172483723755,City,August,Moderate,Low,Railway Station,13.65
Tamil Nadu,11.281144123977668,78.78243497802885,Hill Station,December,Cold,Medium,Airport,23.02
Goa,15.381329837450897,74.02890466169055,Wildlife,January,Hot,Medium,Road,25.94
Rajasthan,26.97090774976147,74.16871213079503,City,January,Moderate,High,Railway Station,27.09
Kerala,10.583043287184585,76.09600244255948,Beach,June,Hot,Medium,Airport,30.84
Goa,15.141356370128241,74.04221081578615,Wildlife,September,Hot,Medium,Road,27.47
Delhi,28.8197833781037,77.14223970234593,Wildlife,March,Moderate,Low,Airport,22.95
Punjab,31.075577904820058,75.33153704638033,Historical,June,Moderate,Medium,Airport,15.76
Rajasthan,27.135010061922134,74.2864290084711,City,June,Moderate,Low,Road,14.68
Kerala,10.992340254603658,76.23725642151852,Beach,May,Hot,Low,Railway Station,29.21
Himachal Pradesh,30.995815641497952,77.23163769459528,Wildlife,July,Hot,Low,Road,14.03
Kerala,10.837199683606993,76.13901077174938,Religious,February,Moderate,High,Road,23.55
Uttarakhand,30.12605553079288,79.01578564205953,Historical,March,Moderate,Low,Railway Station,15.19
Delhi,28.719975605093754,77.21810066694512,Hill Station,October,Cold,Medium,Road,23.47
Goa,15.202843206757082,74.05880899646144,Hill Station,December,Cold,High,Road,26.55
Tamil Nadu,11.098309392313208,78.68140386643154,Hill Station,January,Cold,High,Railway Station,30.13
Uttarakhand,29.781505649640035,78.98843225903252,Historical,July,Moderate,Medium,Airport,21.14
Kerala,10.762498801830924,76.29801809202552,Religious,November,Moderate,Medium,Road,21.63
Punjab,31.022875076853087,75.39260481406865,Religious,November,Moderate,High,Railway Station,15.9
Punjab,31.096670198418735,75.28041761073844,City,September,Moderate,Medium,Airport,24.65
Uttarakhand,30.072644948070565,79.11056203225405,Wildlife,October,Hot,High,Airport,29.13
Uttarakhand,29.98582751642327,79.03808003380425,Wildlife,December,Hot,High,Airport,34.27
Rajasthan,27.092506706963615,74.2902348218864,Hill Station,November,Cold,Medium,Road,27.75
Tamil Nadu,11.203847934455414,78.65672858463309,Historical,October,Moderate,High,Road,27.94
Maharashtra,19.939580351879332,75.72000285835563,Hill Station,April,Cold,Medium,Railway Station,18.31
Goa,15.335839424192514,74.12008378845572,Historical,March,Moderate,Medium,Airport,13.13
Uttarakhand,30.052575157136022,79.17077146124944,Hill Station,August,Cold,Medium,Road,21.73
Punjab,31.064651469434647,75.26650723066278,Wildlife,July,Hot,Medium,Railway Station,29.23
Himachal Pradesh,31.02855820493971,77.0973636358784,Historical,September,Moderate,Medium,Railway Station,16.82
Rajasthan,26.956667576973153,74.23140531658122,Beach,August,Hot,Medium,Road,28.82
Kerala,10.846352822200085,76.16119607754682,Historical,July,Moderate,Low,Road,11.81
Delhi,28.763807256101135,76.98885500613393,Beach,September,Hot,Medium,Road,35.39
Maharashtra,19.657840799375634,75.824523155886,Beach,April,Hot,Medium,Airport,31.66
Goa,15.36519353548537,74.23248277401561,Historical,June,Moderate,Medium,Road,18.6
Delhi,28.885775562957512,76.97557088947569,Hill Station,February,Cold,High,Road,28.36
Tamil Nadu,11.15022577471841,78.64839268251748,Historical,June,Moderate,Low,Railway Station,17.61
Kerala,10.787475070499557,76.35752483846987,City,June,Moderate,Low,Road,17.5
Punjab,31.10237821852711,75.16829008225679,City,March,Moderate,Medium,Railway Station,11.88
Delhi,28.77436599984993,77.12658767572005,Historical,October,Hot,High,Airport,24.16
West Bengal,23.001176464310856,87.84652895671371,Hill Station,April,Cold,Medium,Airport,23.0
Uttarakhand,30.14449367029315,79.02234764139206,Beach,December,Hot,Medium,Airport,32.81
Himachal Pradesh,31.15248135950246,77.12441580579936,Religious,January,Moderate,High,Airport,19.31
Delhi,28.698988130698464,77.10411247879006,Beach,May,Hot,Medium,Airport,32.15
Uttarakhand,29.99384369842624,78.8416174338424,Religious,February,Moderate,High,Railway Station,22.43
West Bengal,22.916508856196042,87.83121929625742,Historical,January,Moderate,High,Railway Station,24.42
Kerala,10.981708441610722,76.3647102435197,Religious,September,Moderate,Medium,Airport,18.4
Kerala,10.930461162605624,76.25476920449985,Wildlife,September,Hot,Medium,Railway Station,27.76
Maharashtra,19.72656303748275,75.59759573497153,Historical,October,Moderate,High,Road,26.56
Rajasthan,26.984445368012683,74.28636612305438,Religious,December,Moderate,High,Road,21.86
Punjab,31.290530966935204,75.36967545933855,Historical,October,Moderate,Medium,Road,21.21
Maharashtra,19.711291852487594,75.70634900274331,Hill Station,May,Cold,Medium,Airport,22.51
Punjab,31.321558387007524,75.42718335614674,City,April,Moderate,Low,Road,18.0
Delhi,28.870209391189672,77.24373806710928,City,January,Moderate,Medium,Railway Station,16.81
Punjab,31.066340865990167,75.3188527494763,Hill Station,July,Cold,Medium,Road,25.19
Goa,15.229124955786922,73.95228108666396,Religious,November,Moderate,Medium,Railway Station,17.76
Himachal Pradesh,31.119529800038908,77.1053505952236,Hill Station,May,Cold,Medium,Road,20.26
Tamil Nadu,11.16509495576728,78.68595675855886,Beach,July,Hot,Low,Road,23.86
Himachal Pradesh,31.398340620638848,77.07060762349893,City,August,Moderate,Low,Road,17.22
Maharashtra,19.843474847899042,75.64255256818929,Hill Station,March,Cold,Low,Airport,19.64
Maharashtra,19.651368534580204,75.62168110945683,Historical,September,Moderate,Medium,Road,13.48
Punjab,31.09757039291189,75.2924642634016,Hill Station,April,Cold,Low,Road,20.61
Goa,15.388723277450094,74.04736774752185,City,August,Moderate,Medium,Railway Station,16.92
Rajasthan,26.873191115493984,74.32495794675783,Hill Station,June,Cold,Low,Road,19.41
Uttarakhand,30.273222013485242,79.03510948758668,City,November,Moderate,Medium,Railway Station,19.74
Kerala,10.830952735641404,76.30082272215851,Wildlife,May,Moderate,Medium,Airport,30.46
Goa,15.328326080540355,73.90867239279564,Historical,January,Moderate,High,Road,28.0
Goa,15.236378785047057,74.12079525058363,Beach,March,Hot,Medium,Railway Station,34.95
Tamil Nadu,11.29487897547455,78.57457897485259,Religious,March,Moderate,Medium,Airport,17.1
Tamil Nadu,11.226395713045298,78.63193058275331,Wildlife,November,Hot,Medium,Road,27.35
Kerala,10.970693166953955,76.27197884426322,Historical,April,Moderate,Low,Road,11.89
Rajasthan,27.095223648269393,74.17567900743822,Historical,May,Hot,Medium,Road,13.43
Uttarakhand,29.95690837452718,79.08804267551265,Historical,September,Moderate,Medium,Airport,20.12
Kerala,10.78071707117461,76.32485853070439,Religious,March,Moderate,Medium,Road,12.14
Maharashtra,19.905414234581066,75.87113982102703,Religious,April,Moderate,Medium,Airport,18.66
Goa,15.244518476327341,74.15025280123233,Religious,December,Moderate,Medium,Road,12.08
Rajasthan,26.937402015092392,74.2052467420253,Historical,March,Hot,Medium,Road,12.89
Delhi,28.64553781648343,76.9600877588342,Beach,June,Hot,Low,Airport,23.14
Maharashtra,19.92073297206772,75.48129362866108,Wildlife,December,Hot,High,Airport,31.63
Rajasthan,26.875685427537828,74.21766310838672,City,March,Moderate,Medium,Road,14.11
Punjab,31.32372398602994,75.39139876573888,City,July,Moderate,Medium,Railway Station,18.37
Goa,15.23955211419756,73.97444584635018,Historical,December,Moderate,High,Road,25.25
Goa,15.21291340336043,74.08169393989742,Beach,April,Hot,Medium,Airport,29.96
Rajasthan,27.034708297034985,74.25649700925689,Beach,January,Hot,Medium,Road,26.54
Delhi,28.531931742507304,77.18233864721014,City,October,Moderate,High,Road,21.47
Delhi,28.647593952644883,77.28960744823081,Beach,October,Hot,High,Airport,33.09
Kerala,10.851693678018139,76.24034432648187,Religious,January,Moderate,High,Railway Station,19.45
Himachal Pradesh,31.15242403533877,77.42639277492519,Religious,August,Moderate,Medium,Airport,17.28
Maharashtra,19.639458208106362,75.6384133803428,Wildlife,August,Moderate,Low,Road,20.02
Uttarakhand,30.069867517607072,78.9429650813285,Beach,July,Hot,Medium,Railway Station,35.08
West Bengal,22.924983955131637,87.94485117045517,Beach,March,Hot,Low,Airport,25.02
Kerala,10.832594122394886,76.2800100766704,Hill Station,July,Cold,Medium,Airport,27.85
Goa,15.298148491192336,74.22706598082415,Historical,April,Moderate,Medium,Road,21.63
Kerala,10.921604530439737,76.37019581870356,Beach,February,Hot,High,Airport,32.65
West Bengal,22.92648524329863,87.73554624929638,Wildlife,August,Moderate,Medium,Road,27.09
Uttarakhand,29.993451793332174,78.98921740439677,Historical,April,Moderate,Medium,Railway Station,19.65
Tamil Nadu,11.122350255454514,78.67792462200022,Hill Station,October,Cold,High,Road,25.12
Tamil Nadu,11.045613185109065,78.50927374559981,Religious,June,Moderate,Medium,Railway Station,17.54
Delhi,28.7065971262371,77.0351814763537,Religious,October,Moderate,High,Road,27.42
Maharashtra,19.667603156035582,75.65149152549624,Wildlife,November,Hot,High,Road,33.69
Punjab,31.10595087587787,75.39534440993897,Wildlife,February,Hot,Medium,Railway Station,25.71
West Bengal,22.839349731295176,87.94968075665119,Hill Station,April,Cold,Medium,Road,24.88
Maharashtra,19.80871257176084,75.77349313470391,Historical,December,Moderate,High,Airport,23.17
Maharashtra,19.715700956558667,75.62793864861214,Historical,September,Moderate,Medium,Road,14.51
Punjab,31.206353371958723,75.3294760410564,Beach,May,Hot,Medium,Railway Station,27.33
Tamil Nadu,11.243437605516355,78.76377923213943,City,May,Moderate,Medium,Railway Station,17.94
Rajasthan,26.97425078554821,73.88314494035124,Historical,May,Hot,Medium,Road,14.14
Punjab,31.08401535970528,75.38443527142003,Religious,September,Moderate,Low,Airport,12.77
West Bengal,22.883426419943778,87.82753551514382,Religious,August,Moderate,Medium,Airport,14.85
Maharashtra,19.644033896056715,75.6356646077498,Hill Station,March,Cold,Medium,Road,24.8
Maharashtra,19.7228007814209,75.82894870500333,Beach,July,Hot,Medium,Railway Station,32.56
Uttarakhand,29.936689073360867,78.97640192826276,Historical,January,Moderate,Medium,Airport,16.71
West Bengal,22.807380813345056,87.96331452126607,Wildlife,December,Hot,Medium,Airport,30.89
West Bengal,22.96260484753422,87.95599554967072,Hill Station,May,Cold,Medium,Railway Station,23.09
Rajasthan,26.877302525389513,74.15105450891468,Religious,December,Moderate,High,Airport,18.01
Himachal Pradesh,31.040062272935206,77.242492529213,Hill Station,December,Cold,High,Railway Station,34.79
Uttarakhand,30.333490522232,79.02901557870862,Hill Station,September,Cold,Medium,Road,25.05
Tamil Nadu,11.067757938982208,78.61392240738469,Religious,September,Moderate,Low,Road,12.29
Rajasthan,27.04330769254226,74.27164787046064,Historical,September,Hot,Low,Railway Station,14.77
Punjab,31.144074733827456,75.32249663711252,Beach,June,Hot,Medium,Road,28.56
Rajasthan,27.215000546905273,74.33430601525859,Beach,March,Hot,Medium,Airport,35.86
Punjab,31.173424592172655,75.26940951070908,Historical,May,Moderate,Medium,Railway Station,18.9
West Bengal,22.855255869295014,87.98594441014026,City,November,Moderate,High,Airport,30.13
Himachal Pradesh,31.02128423951375,77.06078860242212,Beach,April,Hot,Low,Airport,26.17
Delhi,28.563863071657618,77.31160942727325,City,January,Moderate,High,Railway Station,20.54
West Bengal,22.928977983337905,87.96632723127394,Historical,September,Moderate,Medium,Airport,20.99
Delhi,28.641015444920914,77.07271331950432,Historical,April,Hot,Medium,Airport,20.82
Delhi,28.703749427324134,77.06099553995624,Religious,August,Moderate,Medium,Railway Station,16.16
Tamil Nadu,11.198574564988895,78.63352759421483,Historical,February,Moderate,High,Road,20.48
Delhi,28.845991807191268,77.2484022348292,Hill Station,April,Cold,Low,Road,21.78
Goa,15.343082376624357,74.1565545815322,Wildlife,November,Hot,High,Road,37.02
Kerala,10.765106709153995,76.40014607413764,Hill Station,March,Cold,Medium,Airport,24.89
Punjab,31.245126295272165,75.59776515748356,Religious,June,Moderate,Medium,Airport,17.17
Rajasthan,27.06374693726022,74.24894727541808,Hill Station,November,Cold,High,Road,33.41
Delhi,28.698498532816632,77.12780084866779,City,June,Moderate,Medium,Airport,16.62
Punjab,31.04886757277232,75.50173559623619,Hill Station,July,Cold,Medium,Airport,26.5
Rajasthan,26.99949219439208,74.3042871659552,Religious,May,Moderate,Medium,Road,20.67
Delhi,28.673751637014327,77.0825556284112,Wildlife,September,Hot,Medium,Airport,31.01
West Bengal,23.032879724361596,87.70276656817182,Religious,October,Moderate,Medium,Railway Station,18.31
Punjab,31.2240565143781,75.45303812821106,Hill Station,May,Cold,Medium,Railway Station,19.27
Uttarakhand,30.171804904155344,79.05176582355026,Historical,February,Moderate,Medium,Railway Station,13.89
Maharashtra,19.861319611824342,75.71689942386931,Hill Station,May,Cold,Medium,Railway Station,16.64
Rajasthan,27.177406118170953,74.27765377058947,Hill Station,December,Cold,Medium,Railway Station,24.23
Uttarakhand,29.97288444302293,78.98086126234071,Wildlife,July,Hot,Medium,Road,28.71
Kerala,10.657631856513715,76.33227870490028,Religious,April,Moderate,Medium,Road,16.38
Punjab,31.265094213003845,75.41438980692344,Hill Station,October,Cold,Medium,Road,20.88
Maharashtra,19.72550160747473,75.71674282637117,Hill Station,August,Cold,Medium,Road,28.76
Delhi,28.688452262387685,77.13679263773214,Religious,May,Moderate,Medium,Railway Station,18.68
Delhi,28.64441708118843,76.99171471804435,City,May,Moderate,Medium,Road,23.73
Delhi,28.70974194532738,77.27943373234007,Wildlife,June,Hot,Medium,Airport,24.21
Delhi,28.576005920000064,76.99979844117718,Wildlife,August,Hot,Medium,Road,28.6
West Bengal,22.980425471449603,87.76725159778444,Historical,March,Moderate,Medium,Road,26.13
Kerala,10.724698008873366,76.35901383240396,Religious,May,Moderate,Medium,Airport,12.78
Punjab,31.132163850435035,75.10445223466267,Hill Station,January,Cold,Medium,Railway Station,19.2
Himachal Pradesh,30.91780973170836,77.08167973198684,Religious,April,Moderate,Medium,Road,18.06
Tamil Nadu,11.083761043331386,78.83221948020655,Historical,January,Moderate,Medium,Railway Station,21.18
Uttarakhand,29.98275070144933,79.08802384503953,Wildlife,November,Hot,Medium,Airport,26.9
Punjab,30.98185876097032,75.33280981367317,Religious,April,Moderate,Medium,Road,16.11
Goa,15.301608065895042,74.1864903594654,City,February,Moderate,High,Railway Station,23.85
Goa,15.280844855781407,74.18323295470132,Wildlife,September,Moderate,Medium,Railway Station,27.78
Punjab,31.07557514811824,75.27178232641147,Hill Station,November,Cold,Medium,Railway Station,25.3
Uttarakhand,30.202106916016643,78.69719836440143,Historical,December,Moderate,High,Road,21.42
Delhi,28.653953057664154,77.10303703788361,Hill Station,March,Cold,Medium,Airport,26.19
Uttarakhand,30.114375199183154,79.07826392313574,City,November,Moderate,High,Railway Station,25.93
West Bengal,23.069601040616345,87.92515384583585,Hill Station,November,Cold,High,Airport,22.04
West Bengal,23.052845995235153,87.81645067590877,Beach,November,Hot,Medium,Railway Station,27.37
Maharashtra,19.673746687604513,75.83006088136571,City,August,Moderate,Medium,Railway Station,13.79
Punjab,31.345982005378378,75.33899136850084,Wildlife,May,Hot,Medium,Road,24.43
Uttarakhand,30.027831935770045,79.08800107094483,Wildlife,September,Moderate,Medium,Airport,25.66
Kerala,10.66135761081501,76.20725875813305,Wildlife,November,Hot,Medium,Railway Station,31.56
Uttarakhand,30.025336949118596,78.94686974657924,Hill Station,March,Cold,Low,Railway Station,23.18
Punjab,31.21076701536958,75.36135801141997,City,July,Moderate,Medium,Road,18.3
Maharashtra,19.54496972249594,75.92606313073301,Beach,October,Hot,High,Road,35.3
Tamil Nadu,11.069640996931197,78.8656745985875,Beach,October,Hot,High,Airport,42.28
Goa,15.344315563394666,74.11356415505618,Religious,June,Moderate,Low,Road,10.72
Punjab,31.222980093397574,75.35535321321497,City,July,Moderate,Medium,Airport,24.72
West Bengal,23.01492304922186,88.00395994094477,Beach,June,Hot,Medium,Railway Station,35.02
Goa,15.097218241541405,73.98624236199353,Beach,September,Hot,Medium,Railway Station,29.36
Rajasthan,27.02520049673714,74.27427878750069,Hill Station,June,Cold,Medium,Airport,30.1
Kerala,10.74180247463494,76.10872316479505,Hill Station,August,Cold,Low,Road,14.69
Punjab,31.126687023112726,75.6529681129208,Historical,September,Moderate,Medium,Airport,13.02
Kerala,10.84897619534999,76.43503038833691,City,August,Moderate,Medium,Road,16.15
Maharashtra,19.77601142843726,75.78657940464018,City,June,Moderate,Medium,Airport,23.24
Himachal Pradesh,31.132555251349356,77.0800893922813,Wildlife,November,Moderate,High,Airport,32.23
Kerala,10.831689712445495,76.23583151010044,Religious,January,Moderate,High,Railway Station,19.01
Tamil Nadu,11.06419621387964,78.64513450683978,Religious,September,Moderate,Medium,Airport,19.1
Punjab,31.05361133072866,75.31889301882093,City,January,Moderate,High,Road,25.05
Delhi,28.800780710425055,77.17441686663555,Hill Station,June,Cold,Medium,Railway Station,28.17
Punjab,31.35761613809724,75.2202187802942,Hill Station,September,Cold,Low,Road,25.46
Goa,15.30048804345178,74.16265862299052,Hill Station,October,Cold,High,Railway Station,35.95
Kerala,10.818010518535978,76.26444384514556,City,April,Moderate,Low,Airport,19.08
Goa,15.307143924608367,74.14229944496452,City,September,Moderate,Medium,Railway Station,22.62
West Bengal,23.034833504695346,87.82690733757923,Religious,February,Moderate,High,Railway Station,19.5
Rajasthan,27.001219325092396,74.36154295195588,Beach,May,Hot,Low,Airport,27.71
Punjab,31.13884074246487,75.41819687313352,Wildlife,September,Hot,Medium,Road,25.89
Himachal Pradesh,31.102563113812167,77.17250336742363,Beach,September,Hot,Low,Railway Station,24.76
Maharashtra,19.876471042018434,75.60825029293747,City,May,Moderate,Medium,Airport,17.16
Goa,15.297743691112972,73.82857510587579,Wildlife,April,Hot,Low,Airport,25.59
Himachal Pradesh,31.08921789444262,77.16685124619784,City,October,Moderate,High,Railway Station,23.07
Maharashtra,19.64561998517522,75.64234870145147,Historical,January,Moderate,Medium,Airport,15.53
Punjab,31.196649866914015,75.28153966450917,Historical,November,Moderate,High,Airport,26.36
Himachal Pradesh,30.800334346075683,77.27556352138276,Historical,January,Moderate,High,Airport,24.37
Tamil Nadu,11.122911994503493,78.64753376751106,Historical,March,Moderate,Low,Road,17.31
Delhi,28.592413402806706,77.31113754175514,Wildlife,November,Hot,High,Road,29.98
West Bengal,22.861639640753523,87.75722217890412,Wildlife,June,Hot,Low,Railway Station,23.84
Uttarakhand,30.055033269780715,78.97375329437503,Beach,December,Hot,High,Road,36.91
Maharashtra,19.821727642755157,75.86094323030125,Hill Station,August,Cold,Low,Road,20.73
Rajasthan,26.97643545423488,74.51220483352687,Hill Station,December,Cold,Medium,Railway Station,20.87
Himachal Pradesh,31.166709647805156,77.18237849644191,Historical,May,Moderate,Medium,Road,20.17
West Bengal,23.01694070697811,87.85134199601232,Historical,April,Moderate,Low,Airport,13.73
Rajasthan,26.96383600051788,74.25909529990618,Wildlife,May,Moderate,Medium,Railway Station,22.79
Tamil Nadu,11.178514582640606,78.52745066451419,Beach,December,Hot,High,Road,32.77
Uttarakhand,29.976755153862197,79.16124556807979,City,August,Moderate,Medium,Railway Station,17.54
Punjab,31.020076816097244,75.25356062565253,Hill Station,August,Cold,Medium,Airport,29.35
Uttarakhand,29.947612529580876,79.21365288811222,Historical,August,Moderate,Low,Airport,15.04
Goa,15.188281120184758,74.18358974585203,City,October,Moderate,High,Road,23.15
Rajasthan,26.945229977912167,74.3677467324137,Wildlife,February,Moderate,High,Railway Station,35.83
Himachal Pradesh,31.110621272708507,77.13405621037255,City,September,Moderate,Medium,Road,20.63
Himachal Pradesh,31.225311773961447,77.18796491219297,City,September,Moderate,Medium,Railway Station,14.27
Tamil Nadu,11.217220678049232,78.74148511844689,Wildlife,July,Moderate,Medium,Airport,29.12
Delhi,28.672491703887705,77.13393386831315,Beach,September,Hot,Medium,Airport,28.97
West Bengal,23.183554074619586,87.8254972647886,Historical,February,Moderate,Medium,Railway Station,18.63
Kerala,10.85490625674066,76.0875231243823,Religious,October,Moderate,High,Railway Station,25.62
Tamil Nadu,11.263652646252627,78.59388571698575,Wildlife,June,Hot,Low,Road,24.14
Kerala,10.93212218725572,76.16524317217436,Beach,November,Hot,High,Road,36.72
Himachal Pradesh,31.17474642468957,76.98589926125281,Religious,December,Moderate,High,Road,20.87
West Bengal,22.959208452956382,87.68444484091005,Hill Station,October,Cold,High,Road,33.54
West Bengal,22.89563826978461,87.85300816037002,City,September,Moderate,Medium,Airport,22.35
West Bengal,23.038163503386514,87.67834012805861,Beach,May,Hot,Medium,Railway Station,29.26
Himachal Pradesh,31.055427241394177,77.03287181127452,Wildlife,February,Hot,High,Road,28.73
Delhi,28.750227208431784,77.01006426663697,Historical,June,Hot,Medium,Railway Station,18.49
Punjab,31.048226268158018,75.35711771159225,Hill Station,April,Cold,Low,Airport,19.75
Delhi,28.880591380555078,77.381720886791,Religious,January,Moderate,High,Airport,19.91
Rajasthan,27.154406146184275,74.27451869364211,Historical,September,Hot,Low,Railway Station,19.63
Tamil Nadu,11.10415302086803,78.77373646329482,Wildlife,October,Moderate,High,Railway Station,32.63
Kerala,10.89803349254275,76.16476455001697,Beach,November,Hot,Medium,Railway Station,28.63
Goa,15.208331021159168,74.19995000375161,Wildlife,November,Hot,High,Railway Station,36.06
Tamil Nadu,11.180851712697315,78.63169508753651,Religious,June,Moderate,Medium,Airport,14.54
Delhi,28.64353200000642,77.09929576293196,Hill Station,October,Cold,High,Road,28.86
Tamil Nadu,11.245256313688209,78.6029601898466,Beach,May,Hot,Low,Airport,22.1
Uttarakhand,30.100803460920574,78.98987193874386,Wildlife,January,Hot,High,Airport,27.3
Maharashtra,19.72090455684684,75.59025217134077,City,February,Moderate,High,Railway Station,27.84
Punjab,31.283652298040618,75.33553879127355,Beach,July,Hot,Medium,Road,33.82
Delhi,28.723640322128333,77.29436063338763,Historical,November,Hot,Medium,Railway Station,11.26
Tamil Nadu,11.091072315312303,78.71915313439371,Historical,July,Moderate,Low,Railway Station,11.94
Maharashtra,19.68875792655736,75.83678565502005,Beach,November,Hot,High,Airport,33.99
West Bengal,22.989051297439772,87.62724373931509,Beach,April,Hot,Low,Road,26.38
Tamil Nadu,11.077073898341332,78.60528833581284,City,July,Moderate,Medium,Airport,16.82
Goa,15.355050382103384,74.11516000832059,Religious,March,Moderate,Medium,Airport,23.37
Punjab,31.159284446413242,75.41654174734211,Hill Station,November,Cold,High,Airport,35.18
Rajasthan,26.93673789768741,74.2102143809953,Religious,August,Moderate,Medium,Road,17.3
Tamil Nadu,11.07720127440209,78.83138614066235,Beach,February,Hot,Medium,Airport,27.6
Tamil Nadu,11.219486501596418,78.80485272035185,Historical,December,Moderate,High,Road,30.21
Tamil Nadu,11.305588239903235,78.49462515946774,Wildlife,March,Hot,Medium,Railway Station,28.72
Maharashtra,19.769148418366296,75.75902260161361,Historical,September,Moderate,Medium,Railway Station,15.14
Tamil Nadu,11.11726636578075,78.63829923057078,City,April,Moderate,Medium,Airport,22.93
Tamil Nadu,11.329773967848435,78.56760580318702,Wildlife,January,Moderate,High,Road,34.77
West Bengal,22.94277253631492,87.80210015857969,Religious,April,Moderate,Low,Road,12.26
Maharashtra,19.546579422967614,75.67567477524281,City,July,Moderate,Medium,Road,16.77
Delhi,28.700107353662663,77.18199231138756,City,January,Moderate,High,Airport,26.83
Delhi,28.896984396402175,77.10715284659338,Historical,December,Hot,Medium,Railway Station,22.05
Himachal Pradesh,31.058061392470456,76.94708532092449,Wildlife,August,Hot,Low,Road,23.63
Himachal Pradesh,31.190320150774827,77.19982902101533,Beach,December,Hot,High,Road,36.91
Maharashtra,19.870810367333227,75.69987169666426,City,August,Moderate,Medium,Road,18.92
Himachal Pradesh,31.032309596817523,77.08384541152827,Wildlife,October,Hot,Medium,Airport,26.42
Kerala,10.728000011133995,76.38875332537879,Historical,November,Moderate,High,Road,21.92
Himachal Pradesh,31.142650214891752,77.11446094051496,Religious,November,Moderate,High,Road,20.25
Delhi,28.56417717407754,76.88720864842425,City,October,Moderate,High,Airport,22.8
Uttarakhand,30.18572264612558,79.08602451474293,Wildlife,January,Hot,High,Railway Station,32.91
West Bengal,22.904514409848154,87.75107798360092,Wildlife,August,Moderate,Medium,Road,29.99
Uttarakhand,30.108931979423243,79.10007734312919,Historical,June,Moderate,Low,Railway Station,15.45
Goa,15.360094756700576,74.0484501116866,Beach,January,Hot,Medium,Road,27.46
Delhi,28.636707862233695,77.24588344891602,Religious,May,Moderate,Medium,Road,16.69
Delhi,28.72957311373802,77.08961226213113,City,January,Moderate,High,Road,27.98
West Bengal,23.017366556864257,87.7818745431187,Wildlife,March,Hot,Medium,Road,26.47
Punjab,31.11304879552888,75.33976805572843,Religious,May,Moderate,Medium,Road,16.87
Delhi,28.623334944225324,77.0633430022644,Hill Station,May,Cold,Medium,Railway Station,23.75
Himachal Pradesh,31.171743801339325,77.41728567065793,Beach,September,Hot,Medium,Airport,33.29
Goa,15.219072816606548,74.07353662577107,City,March,Moderate,Medium,Road,22.5
Goa,15.1454202622841,74.18872865640459,City,May,Moderate,Medium,Airport,20.33
Himachal Pradesh,31.129468877033606,77.30331765808697,Wildlife,March,Hot,Medium,Road,28.27
Rajasthan,26.938460052596092,74.31443266671612,Religious,August,Moderate,Medium,Railway Station,20.22
Rajasthan,26.936433110807737,74.37234420988743,City,December,Moderate,High,Airport,27.11
West Bengal,22.803959411915802,87.6481624284569,Beach,September,Hot,Medium,Airport,34.31
Uttarakhand,30.08867647367848,79.1490249200186,Hill Station,March,Cold,Medium,Road,25.27
Rajasthan,26.91789628779879,74.32827200137226,Historical,July,Hot,Medium,Railway Station,15.01
Kerala,10.645212557965078,76.15301640830079,Religious,August,Moderate,Low,Road,10.85
Rajasthan,26.81022001512652,74.29387872369531,Beach,October,Hot,Medium,Road,34.56
Uttarakhand,30.123903146439716,79.08215994930303,Hill Station,November,Cold,High,Railway Station,27.48
Himachal Pradesh,31.168989412285864,77.0704303760367,Hill Station,March,Cold,Medium,Railway Station,27.68
Tamil Nadu,10.922020014400585,78.58866889277928,Historical,May,Moderate,Medium,Railway Station,16.55
Maharashtra,19.722501864556335,75.6300499383616,Beach,July,Hot,Medium,Road,31.0
Tamil Nadu,10.977113236073748,78.65629514813608,Historical,May,Moderate,Medium,Airport,15.77
Maharashtra,19.67094733174895,75.69238861998295,Historical,January,Moderate,High,Railway Station,24.6
West Bengal,22.92268533655471,87.8968188964429,Historical,November,Moderate,Medium,Railway Station,22.63
Maharashtra,19.805803227928966,75.69051021995463,Religious,January,Moderate,Medium,Airport,15.5
Maharashtra,19.731289840606816,75.87917489558168,Religious,June,Moderate,Medium,Railway Station,16.41
Delhi,28.84966004792573,77.20566537745752,Religious,May,Moderate,Low,Railway Station,13.86
Goa,15.186159438986497,74.21273823641411,City,February,Moderate,High,Railway Station,20.77
Delhi,28.80355582357416,77.02632396293174,Historical,August,Hot,Medium,Road,16.03
Kerala,10.777536635466484,76.34147228188993,Religious,November,Moderate,High,Road,21.1
Kerala,10.86387890628651,76.32881933171878,Wildlife,June,Hot,Medium,Road,30.26
Rajasthan,26.952393488201782,74.33574193175637,City,September,Moderate,Low,Airport,11.31
Punjab,31.110654586505103,75.5613390712288,Hill Station,January,Cold,High,Railway Station,34.09
Himachal Pradesh,30.95017220810186,77.30581852371456,Wildlife,February,Moderate,High,Road,26.81
West Bengal,23.00344931271151,88.00927363672798,City,April,Moderate,Medium,Road,21.12
Goa,15.30039330132432,73.97585530203472,City,April,Moderate,Medium,Airport,20.73
Punjab,31.14833650951365,75.3515121834108,Wildlife,February,Hot,High,Airport,31.97
Delhi,28.72510083080226,77.16401639842786,Religious,April,Moderate,Medium,Road,11.81
Himachal Pradesh,31.07663526177451,77.23757092451913,Religious,February,Moderate,High,Airport,20.96
Delhi,28.777081936226764,77.241692088768,Beach,July,Hot,Low,Road,30.65
Delhi,28.712795970203718,77.04927382738285,Beach,February,Hot,Medium,Road,27.0
Rajasthan,27.0292051662846,74.23045485866511,City,May,Moderate,Low,Railway Station,17.11
Himachal Pradesh,31.04174218376837,77.3034248944252,Religious,August,Moderate,Medium,Railway Station,10.52
Tamil Nadu,11.024503518251922,78.71762890151017,Religious,November,Moderate,Medium,Railway Station,12.8
Goa,15.445168133745874,74.27790173752554,Beach,February,Hot,High,Railway Station,34.64
Punjab,31.236234390160522,75.32076442733543,Historical,July,Moderate,Medium,Railway Station,18.62
Punjab,31.055949003132312,75.37545189711405,City,May,Moderate,Medium,Airport,22.46
West Bengal,23.090805789079337,87.75311300429333,Hill Station,August,Cold,Low,Airport,20.89
Delhi,28.674475080123578,77.22332690915881,Historical,March,Hot,Medium,Road,21.32
West Bengal,23.00614063671897,87.86096918805798,Hill Station,March,Cold,Medium,Road,19.73
Tamil Nadu,11.148961148653472,78.5745477383143,Beach,October,Hot,High,Road,38.22
Himachal Pradesh,31.012291537952137,77.12837981083342,Historical,December,Moderate,High,Railway Station,22.89
Himachal Pradesh,31.10855232615932,77.23408298722826,Hill Station,February,Cold,Medium,Airport,27.26
Delhi,28.570051135863356,77.07051737221113,Religious,May,Moderate,Medium,Railway Station,19.89
Punjab,31.063558971760816,75.16894399252476,Historical,March,Moderate,Low,Road,11.35
Punjab,31.06750296261495,75.36038895450217,Hill Station,November,Cold,High,Railway Station,30.37
Goa,15.217066452864728,73.91364999082745,Beach,December,Hot,High,Railway Station,39.26
Tamil Nadu,11.199211952087586,78.68885541012197,Wildlife,January,Hot,High,Road,37.48
West Bengal,22.89716324521748,87.81013043173806,Historical,July,Moderate,Low,Railway Station,11.26
Himachal Pradesh,31.05538099769331,77.20178445673028,Wildlife,April,Moderate,Low,Airport,23.7
Tamil Nadu,11.177931295616252,78.55530403368054,Religious,August,Moderate,Low,Airport,14.81
Delhi,28.812698289444533,77.06833533043516,Wildlife,June,Hot,Low,Railway Station,21.9
Goa,15.272273239563612,74.1457718201087,Historical,January,Moderate,High,Road,24.93
Himachal Pradesh,30.936710491725353,77.12341604025984,City,September,Moderate,Medium,Railway Station,17.53
Himachal Pradesh,31.25132105034814,77.08424565101456,Historical,May,Moderate,Low,Road,17.78
Kerala,10.828530397578355,76.2391023470649,Beach,September,Hot,Medium,Airport,30.21
Tamil Nadu,11.09443524368114,78.85714274676447,Religious,April,Moderate,Medium,Railway Station,15.05
Tamil Nadu,11.00071191709259,78.75370250758705,Hill Station,November,Cold,Medium,Road,24.08
Uttarakhand,29.978202926610223,78.73429698906828,Historical,February,Moderate,High,Road,19.38
West Bengal,22.883863731001135,88.0125137321088,Religious,April,Moderate,Medium,Airport,18.63
Punjab,31.04534152227866,75.42721826383952,Beach,January,Hot,High,Road,33.62
Delhi,28.751953031414992,76.95801026770359,Beach,August,Hot,Medium,Railway Station,32.43
Himachal Pradesh,31.403432937557643,77.344296405203,Wildlife,November,Hot,High,Railway Station,31.53
West Bengal,22.97790874090965,87.78612758434758,Wildlife,August,Hot,Low,Airport,24.56
Punjab,31.141393870856884,75.35535957867398,City,January,Moderate,High,Railway Station,28.86
Punjab,30.985869026402057,75.42981381534942,Historical,February,Moderate,High,Airport,24.43
Maharashtra,19.857495016976237,75.59448133485881,Historical,November,Moderate,Medium,Road,18.5
Rajasthan,27.0030415654857,74.35003162028035,Religious,October,Moderate,High,Airport,18.96
Himachal Pradesh,31.092741281152655,77.03938751043452,Hill Station,December,Cold,High,Airport,33.99
West Bengal,22.886835111568576,87.80342326554705,Religious,January,Moderate,High,Railway Station,20.54
Delhi,28.696987970916968,77.11105947039447,Hill Station,April,Cold,Medium,Road,28.34
Rajasthan,27.068401251072856,74.24787722356021,Hill Station,March,Cold,Low,Road,19.16
Punjab,31.201320300690902,75.30741222245263,City,February,Moderate,Medium,Railway Station,19.36
Delhi,28.66718727269275,77.07846991948519,Beach,October,Hot,High,Airport,35.01
Himachal Pradesh,31.151569010385888,77.30446059128134,Hill Station,August,Cold,Medium,Road,22.93
Delhi,28.734023646191844,77.1767444238647,Beach,February,Hot,High,Airport,38.51
Tamil Nadu,11.18717330151456,78.56627846679527,City,December,Moderate,High,Road,24.05
Tamil Nadu,11.088667477314123,78.60671484105336,City,February,Moderate,Medium,Road,20.43
Delhi,28.763558380477555,77.19347833451012,Wildlife,March,Hot,Low,Railway Station,19.0
Kerala,10.62864300340489,76.51297777793135,Hill Station,October,Cold,High,Airport,29.73
Uttarakhand,30.220016376960857,78.90665723111172,Hill Station,February,Cold,High,Railway Station,30.45
Rajasthan,26.879407445292625,74.26238535375575,Historical,March,Hot,Medium,Road,15.44
Uttarakhand,30.147357470280618,79.11688233372885,Wildlife,March,Hot,Medium,Railway Station,31.36
Kerala,10.708947593308629,76.36888722722112,Wildlife,January,Moderate,Medium,Airport,28.03
Himachal Pradesh,31.039432294625197,77.1069617708504,Religious,October,Moderate,Medium,Railway Station,14.42
Rajasthan,27.159003936597433,74.42784075205024,Hill Station,August,Cold,Low,Airport,19.74
Punjab,31.146772562094416,75.49169421891152,Hill Station,March,Cold,Medium,Airport,23.46
Delhi,28.626085611861225,77.17602693099751,City,July,Moderate,Medium,Road,22.35
West Bengal,22.880471699022948,87.88451930617084,Religious,March,Moderate,Medium,Airport,15.79
Rajasthan,27.183539729322163,74.28236898032843,Religious,May,Moderate,Medium,Road,17.94
West Bengal,22.991280245638794,87.98138538399101,Historical,April,Moderate,Medium,Airport,18.55
Delhi,28.71265133296396,76.93092916813619,Religious,January,Moderate,High,Road,18.97
Rajasthan,26.950509919150825,74.12655748736827,Religious,August,Moderate,Medium,Road,15.43
Himachal Pradesh,31.128617130613964,77.08932281101013,Religious,May,Moderate,Medium,Railway Station,16.95
Tamil Nadu,11.097642235950001,78.62065323602405,Hill Station,September,Cold,Medium,Airport,26.38
Kerala,10.971423064722394,76.268671350433,Hill Station,September,Cold,Low,Airport,20.56
Delhi,28.572258185987362,77.04667351241945,City,September,Moderate,Medium,Road,21.83
Kerala,10.88319945132701,76.18758754960278,Historical,November,Moderate,High,Road,22.86
Kerala,10.856025609828668,76.35109112816885,City,January,Moderate,High,Airport,23.55
Himachal Pradesh,31.232585665503052,77.23044873308636,Beach,November,Hot,High,Railway Station,34.83
West Bengal,22.9930051348823,87.94415212184059,Beach,March,Hot,Low,Road,28.46
Punjab,31.135743743520955,75.33561478173472,Hill Station,November,Cold,High,Railway Station,29.25
Goa,15.255164120848516,74.1551488377057,Beach,July,Hot,Low,Railway Station,20.68
Uttarakhand,30.015051345167432,79.25332964980453,Wildlife,August,Moderate,Medium,Airport,27.38
Himachal Pradesh,31.009730930658474,76.8595485333766,Religious,January,Moderate,High,Road,16.56
Rajasthan,27.027975097336785,74.10350109986766,Beach,January,Hot,High,Railway Station,34.59
Maharashtra,19.90169529651886,75.85503568617456,Hill Station,February,Cold,High,Airport,28.76
West Bengal,22.831496472216017,87.71464413704363,Wildlife,October,Hot,High,Railway Station,35.36
Tamil Nadu,11.125313341859892,78.65079026704322,Beach,December,Hot,Medium,Road,33.59
Uttarakhand,29.922608964388818,79.11389295852705,Beach,February,Hot,High,Railway Station,35.21
Kerala,10.887559841398021,76.288788583943,Hill Station,April,Cold,Medium,Road,24.22
Tamil Nadu,11.064177932715264,78.5862293231627,Beach,July,Hot,Low,Airport,26.05
Himachal Pradesh,31.01524954796914,77.08256219070293,Historical,October,Moderate,High,Railway Station,21.41
Punjab,31.093302147117804,75.38784445968403,Historical,March,Moderate,Medium,Airport,16.57
Delhi,28.710216256785092,77.02459475956934,Historical,March,Hot,Medium,Railway Station,18.68
Uttarakhand,30.07732786239097,79.03436024928446,Beach,August,Hot,Medium,Road,28.97
Kerala,10.658431113311469,76.29815977161157,Religious,June,Moderate,Medium,Railway Station,18.3
Kerala,10.853933338856883,76.23485009971179,City,March,Moderate,Low,Airport,13.15
Delhi,28.76075119294412,77.11157909029671,Hill Station,May,Cold,Low,Airport,18.21
Himachal Pradesh,31.09653022549816,77.28701913746426,Historical,August,Moderate,Medium,Railway Station,12.85
Rajasthan,27.066289814990583,74.3153123369296,City,April,Moderate,Low,Railway Station,19.32
Delhi,28.55822416074693,77.12601352993663,Beach,November,Hot,High,Road,33.52
Rajasthan,26.97170314487689,74.1128562371244,Wildlife,September,Hot,Medium,Airport,29.32
Himachal Pradesh,31.170842093594132,77.15866398652437,Historical,September,Moderate,Medium,Railway Station,20.54
Kerala,10.850904195782316,76.29598370787514,Wildlife,August,Hot,Medium,Railway Station,31.24
Goa,15.342854631899238,74.14064852725771,Hill Station,December,Cold,Medium,Railway Station,23.29
Kerala,10.792070497031952,76.1095023666283,Beach,June,Hot,Low,Railway Station,24.89
Delhi,28.58835842097846,76.90441635290775,Beach,October,Hot,High,Airport,32.39
Delhi,28.666994328519962,77.05758682590456,Hill Station,July,Cold,Low,Airport,26.97
Punjab,30.971413130059847,75.21430174227456,Historical,December,Moderate,High,Road,26.19
Punjab,31.053384884216566,75.36517701735826,Historical,September,Moderate,Low,Railway Station,12.48
West Bengal,22.963572649720053,87.85605457117411,Religious,February,Moderate,High,Railway Station,19.58
West Bengal,23.189286894049584,87.81250642102626,Beach,February,Hot,High,Road,34.45
Punjab,31.2350014154557,75.24655092040116,Religious,December,Moderate,Medium,Railway Station,16.6
Kerala,10.832416661560115,76.28112897225071,Beach,June,Hot,Low,Railway Station,25.84
Kerala,10.697472086407021,76.25885640102527,Religious,February,Moderate,High,Airport,21.36
West Bengal,22.852185927741978,87.80557984508373,Religious,May,Moderate,Low,Airport,12.69
West Bengal,23.025642289431286,87.92322210809128,Wildlife,December,Hot,High,Road,28.55
Punjab,31.091220042793765,75.38792522151827,Historical,August,Moderate,Medium,Airport,18.79
Tamil Nadu,10.945940817966502,78.55640240849,Beach,June,Hot,Medium,Road,28.37
West Bengal,22.883203807139335,87.89859476297156,Religious,November,Moderate,Medium,Airport,17.55
Himachal Pradesh,31.053902347160932,76.89389129340582,Historical,December,Moderate,Medium,Railway Station,15.71
Maharashtra,20.050781057006063,75.88848589702731,Hill Station,May,Cold,Low,Railway Station,14.7
Goa,15.273684155677856,74.25153734072632,Religious,October,Moderate,High,Road,24.17
Delhi,28.83048559390964,77.12875028908519,Beach,November,Hot,High,Airport,33.37
Delhi,28.820220767175805,77.05884339485704,City,December,Moderate,Medium,Airport,17.65
Maharashtra,19.904333156348624,75.78960320650539,Religious,June,Moderate,Medium,Airport,21.8
Himachal Pradesh,31.114747095810916,77.17269590914692,Historical,June,Moderate,Medium,Railway Station,17.24
Delhi,28.571473783805086,77.15824085568512,Hill Station,June,Cold,Medium,Railway Station,25.16
Rajasthan,26.922529198333837,74.30361303317527,Religious,September,Moderate,Low,Road,13.9
Himachal Pradesh,31.078834759170533,77.38316951890053,Wildlife,December,Moderate,Medium,Airport,27.06
Rajasthan,27.244446897988468,74.2258649582614,City,April,Moderate,Medium,Road,21.79
Himachal Pradesh,31.101564724632933,77.09711445578034,Religious,August,Moderate,Medium,Road,13.11
Delhi,28.76532698101054,76.94655642208738,Religious,April,Moderate,Medium,Road,15.52
Kerala,10.803064810511064,76.20277669572224,City,June,Moderate,Medium,Railway Station,21.21
Maharashtra,19.70083651662121,75.73788727522847,Religious,July,Moderate,Medium,Railway Station,19.23
Punjab,31.172163167434146,75.5579245973133,Hill Station,June,Cold,Medium,Railway Station,21.04
West Bengal,23.041262457449932,87.89994335159473,Historical,September,Moderate,Medium,Road,14.67
Himachal Pradesh,31.12962597964905,77.19630947562123,Historical,December,Moderate,High,Road,22.23
Maharashtra,19.72684289457404,75.7874132113054,City,August,Moderate,Medium,Road,17.98
Uttarakhand,30.071999203217466,79.14970664633489,Religious,December,Moderate,High,Airport,12.65
Kerala,10.941907716422403,76.17239538210637,Historical,February,Moderate,Medium,Airport,14.86
Tamil Nadu,11.328126837983655,78.49333210309997,Beach,May,Hot,Medium,Airport,29.18
Himachal Pradesh,31.106799548620643,77.13341732657135,Beach,May,Hot,Medium,Airport,29.19
Rajasthan,27.02622402426255,74.10828004764325,Historical,March,Hot,Medium,Airport,19.37
Maharashtra,19.762994177175912,75.85663286515947,Religious,January,Moderate,High,Railway Station,16.33
Tamil Nadu,11.166512889589212,78.69729767650554,Religious,September,Moderate,Medium,Airport,18.02
West Bengal,22.96788098187249,87.84636621417533,City,July,Moderate,Medium,Railway Station,17.92
Punjab,31.07227896850375,75.4447732466973,City,April,Moderate,Medium,Airport,16.14
Punjab,30.99943427764819,75.44698010075419,Beach,September,Hot,Medium,Road,32.24
Uttarakhand,29.96634911690672,79.03013982480883,Historical,October,Moderate,High,Railway Station,23.93
Uttarakhand,29.980371473805945,79.13286205854915,Historical,October,Moderate,High,Road,19.21
Maharashtra,19.457185843452827,75.61349203670449,Wildlife,August,Moderate,Medium,Railway Station,30.42
Goa,15.23594104845062,73.93337633799106,Wildlife,March,Hot,Medium,Railway Station,30.83
Rajasthan,27.01215951005389,74.38457531285437,City,April,Moderate,Medium,Railway Station,27.15
Uttarakhand,30.264207868774502,79.05702632593422,City,January,Moderate,Medium,Airport,20.92
Uttarakhand,29.91607914341438,79.06515549740189,City,August,Moderate,Low,Airport,9.18
Delhi,28.787249886693168,77.18230910486616,Beach,December,Hot,High,Road,39.4
Goa,15.240169536112106,73.94008296108284,Beach,March,Hot,Low,Road,25.39
Rajasthan,26.93353456400122,74.48773288359371,Beach,April,Hot,Medium,Airport,27.65
Punjab,31.21557193878884,75.36978717853701,City,October,Moderate,High,Airport,29.35
West Bengal,22.904270803916912,87.80570817250508,City,June,Moderate,Medium,Airport,20.57
Kerala,11.01464286277223,76.2776788648649,Wildlife,December,Hot,High,Airport,38.42
Uttarakhand,30.023913659930273,79.1000725728355,City,March,Moderate,Medium,Railway Station,24.99
West Bengal,23.03293635210801,87.92963830809836,Wildlife,March,Moderate,Medium,Road,30.36
Goa,15.402438052527733,74.16281857956547,Hill Station,January,Cold,High,Railway Station,29.66
West Bengal,22.96082383447123,87.8211743355753,Beach,August,Hot,Medium,Railway Station,32.17
Rajasthan,27.28215736601666,74.08487737443586,Hill Station,December,Cold,Medium,Road,28.64
Maharashtra,19.729409974907888,75.72130040119428,City,November,Moderate,High,Road,23.42
Goa,15.3576883022284,74.25241046951788,Historical,May,Moderate,Medium,Road,18.29
Rajasthan,27.100846359568724,74.43724495502885,Wildlife,December,Hot,High,Railway Station,34.29
Uttarakhand,29.927813525909848,79.00746583761261,Religious,February,Moderate,High,Road,24.87
West Bengal,23.012499744558582,87.72263504291578,Hill Station,March,Cold,Medium,Road,26.97
Maharashtra,19.788877487490225,75.76977188371873,Hill Station,May,Cold,Medium,Airport,23.69
Tamil Nadu,11.168348446279152,78.54037997129467,Wildlife,April,Moderate,Medium,Railway Station,26.23
Uttarakhand,30.04837109981673,78.99871601400787,Hill Station,June,Cold,Medium,Airport,20.2
Delhi,28.553298562736718,77.20178774681888,Religious,April,Moderate,Medium,Road,19.48
Maharashtra,19.763842918170365,75.56807868861812,Beach,May,Hot,Medium,Airport,31.35
Punjab,31.21877056822387,75.19960868704631,Hill Station,September,Cold,Medium,Railway Station,22.52
Himachal Pradesh,31.185933031892144,77.25591837245534,Wildlife,July,Moderate,Medium,Airport,23.89
West Bengal,23.00366513676102,87.9226357047675,City,October,Moderate,High,Road,27.78
Maharashtra,19.795829092660743,75.73211060320573,Hill Station,November,Cold,High,Railway Station,29.89
Tamil Nadu,11.243599088256392,78.71943183340214,Beach,December,Hot,Medium,Railway Station,30.7
Uttarakhand,29.836235449479577,79.18539919041406,Historical,June,Moderate,Medium,Airport,17.49
Goa,15.295208246480493,74.10935193292718,City,June,Moderate,Medium,Railway Station,18.12
West Bengal,22.928978790178025,87.88451409793375,Wildlife,February,Hot,High,Airport,36.02
West Bengal,22.925116739902283,87.89979306733794,Religious,July,Moderate,Low,Railway Station,10.08
Goa,15.239472066580216,74.0371232455427,Beach,December,Hot,Medium,Railway Station,30.97
Tamil Nadu,11.293142685349336,78.6168718728797,Beach,October,Hot,High,Road,33.7
Himachal Pradesh,31.041115478572962,77.24750169513365,Beach,April,Hot,Medium,Railway Station,24.49
West Bengal,23.006295509241216,87.85258708895451,Wildlife,June,Moderate,Medium,Airport,28.47
Delhi,28.589641072466023,77.05561523959382,Historical,February,Hot,Medium,Airport,19.53
Tamil Nadu,11.041981951755252,78.72343345345088,Religious,May,Moderate,Medium,Railway Station,17.56
Rajasthan,26.84824944112954,74.26329052294413,Wildlife,August,Hot,Medium,Road,34.63
Delhi,28.59187450212071,77.10776824543102,Beach,April,Hot,Low,Airport,27.34
Tamil Nadu,11.040657329466429,78.81585230361038,City,September,Moderate,Low,Railway Station,10.28
Punjab,31.129337504135666,75.20145153871695,City,October,Moderate,High,Railway Station,21.11
West Bengal,22.827895211438666,87.98431780855283,Wildlife,December,Moderate,Medium,Railway Station,32.14
Kerala,11.004255131903435,76.20526172820595,Hill Station,January,Cold,High,Airport,29.77
Goa,15.228756800392178,74.19614359073441,City,November,Moderate,High,Road,23.22
West Bengal,22.852029076969057,87.82282472960098,Hill Station,November,Cold,High,Road,36.64
Goa,15.413171806785611,74.33333957250498,Historical,March,Moderate,Medium,Railway Station,17.9
Kerala,10.752036631298205,76.32821412420381,Hill Station,February,Cold,Medium,Railway Station,26.25
West Bengal,22.976788059803873,87.85964786692048,Hill Station,October,Cold,High,Road,27.83
Uttarakhand,30.00345465581163,79.13892975438432,Wildlife,August,Hot,Low,Road,25.05
Tamil Nadu,11.37764489053569,78.6117358910823,City,November,Moderate,High,Road,30.36
West Bengal,23.163902115039804,87.79437140098707,Religious,February,Moderate,High,Railway Station,20.22
Maharashtra,19.85632039676753,75.63008235176684,Religious,October,Moderate,High,Airport,20.11
Goa,15.299791055856357,74.22743600980145,Beach,October,Hot,Medium,Airport,32.56
Rajasthan,26.93106269943041,74.34674336225034,City,August,Moderate,Medium,Road,22.88
Rajasthan,26.971666385753288,74.20218987700105,City,March,Moderate,Low,Airport,18.1
Goa,15.124823961239471,74.01846758414075,City,July,Moderate,Medium,Road,19.47
Uttarakhand,29.993728321990137,78.99363454632977,Hill Station,May,Cold,Low,Railway Station,19.19
Maharashtra,19.79950636179041,75.85221945153293,Religious,February,Moderate,High,Road,20.48
Kerala,10.882481163479618,76.32303463295972,Religious,March,Moderate,Medium,Airport,15.58
Delhi,28.737308146141682,77.16711296760242,Beach,September,Hot,Medium,Railway Station,32.52
Uttarakhand,29.787879500798613,79.05832784770595,Religious,May,Moderate,Medium,Railway Station,16.29
Uttarakhand,30.074927716759106,79.13718434440257,Hill Station,September,Cold,Medium,Road,22.8
Uttarakhand,29.97907800141131,79.02392418250182,Beach,January,Hot,High,Airport,34.05
Maharashtra,19.845793861989723,75.7320253948345,City,June,Moderate,Low,Railway Station,9.93
Tamil Nadu,11.118965227296426,78.76644494845088,City,March,Moderate,Medium,Airport,23.5
Kerala,10.943301565915169,76.29194919705756,Beach,September,Hot,Medium,Airport,29.74
Kerala,10.852325246085611,76.394146004776,Wildlife,October,Moderate,High,Road,25.94
Maharashtra,19.679454492932493,75.75503576311515,Wildlife,December,Hot,High,Road,34.58
Himachal Pradesh,31.117736767101082,77.09794686459854,Historical,August,Moderate,Low,Airport,14.64
Himachal Pradesh,30.879220866890527,77.21650096921302,Beach,January,Hot,High,Railway Station,34.07
Uttarakhand,30.24730893504579,79.06677109773987,City,December,Moderate,High,Railway Station,28.78
Rajasthan,27.210204853041176,74.00375691196803,Historical,October,Hot,High,Road,22.24
Uttarakhand,30.129140797399504,78.99977972131708,Beach,December,Hot,High,Railway Station,34.46
Punjab,31.340686102568057,75.35478559015662,Religious,February,Moderate,Medium,Airport,14.82
Rajasthan,26.966638160843075,74.34517575366354,Religious,March,Moderate,Medium,Road,19.54
Kerala,10.812081833429303,76.1948866551486,City,March,Moderate,Medium,Airport,15.26
Rajasthan,27.065221758495085,74.3301831445499,Hill Station,July,Cold,Medium,Road,29.06
Himachal Pradesh,30.853904282150495,77.09652335899615,Hill Station,January,Cold,High,Railway Station,34.84
Tamil Nadu,11.18472996530405,78.90325569321323,Hill Station,April,Cold,Low,Airport,16.6
Punjab,31.216470611253616,75.4996494375157,Religious,September,Moderate,Medium,Road,16.67
Punjab,31.10052971653409,75.51182193080254,Historical,February,Moderate,High,Railway Station,24.64
Punjab,31.1131469843334,75.43729321786083,Hill Station,May,Cold,Low,Road,14.71
Punjab,31.29363547075286,75.34611979378107,Hill Station,February,Cold,High,Road,28.93
Kerala,10.736835911653277,76.14363887086398,Wildlife,April,Hot,Medium,Airport,27.42
Uttarakhand,30.005192878466367,79.18100449245217,Hill Station,February,Cold,Medium,Airport,26.53
Goa,15.32451948542343,73.92696914186486,Wildlife,June,Hot,Low,Railway Station,20.69
Rajasthan,26.911280217226228,74.10903065895236,Wildlife,December,Hot,High,Road,33.74
Kerala,10.928520172118608,76.15367977042798,Wildlife,October,Hot,Medium,Airport,29.68
Himachal Pradesh,31.1174312514587,77.40399465859677,Wildlife,January,Moderate,High,Road,33.2
Kerala,10.94748408648399,76.29470981641707,Religious,April,Moderate,Medium,Railway Station,12.8
Rajasthan,27.15117053478112,74.32331270083097,Wildlife,January,Hot,High,Road,36.44
Himachal Pradesh,31.070569515655087,77.26360913115883,Beach,September,Hot,Medium,Road,31.04
West Bengal,23.073257197249724,87.98251244046612,City,December,Moderate,Medium,Road,16.83
Rajasthan,26.855072092035883,74.30102111031998,Historical,November,Hot,High,Airport,30.42
Rajasthan,27.070887625673844,74.25419692923967,City,July,Moderate,Medium,Railway Station,20.45
Kerala,10.873213382869345,76.27977307613072,Wildlife,April,Hot,Medium,Railway Station,30.33
Himachal Pradesh,31.124973865479607,77.22643691889988,City,February,Moderate,High,Railway Station,26.53
Himachal Pradesh,31.10134357601562,77.26397176004974,Wildlife,March,Moderate,Medium,Railway Station,27.64
Uttarakhand,30.088433221789966,79.14646652332965,Religious,May,Moderate,Medium,Road,13.58
Punjab,31.306302489857607,75.28242620306801,Hill Station,June,Cold,Medium,Railway Station,24.64
Himachal Pradesh,31.16219767008317,77.19799437188318,Historical,May,Moderate,Low,Railway Station,13.42
Delhi,28.878531111474313,77.16885978685609,Religious,May,Moderate,Low,Road,11.57
West Bengal,23.12838751492646,87.71429514690011,Beach,September,Hot,Low,Railway Station,22.37
Goa,15.410072109598245,74.18066021483926,Historical,April,Moderate,Medium,Airport,12.88
West Bengal,22.8184294374634,87.95118064725106,Religious,June,Moderate,Low,Airport,15.27
Punjab,31.174851585888188,75.37321878549218,Religious,August,Moderate,Medium,Road,19.46
Himachal Pradesh,30.89484283574197,77.00106968796807,Historical,August,Moderate,Medium,Road,18.35
Himachal Pradesh,31.059678117305612,77.1603199406273,Hill Station,March,Cold,Low,Railway Station,20.72
Tamil Nadu,11.209343231177263,78.5919853815241,Religious,October,Moderate,High,Airport,14.72
Rajasthan,27.17161212260995,74.06966032130042,Hill Station,June,Cold,Low,Airport,18.81
Uttarakhand,30.045148938190064,78.84550775540342,Beach,October,Hot,Medium,Railway Station,32.44
Himachal Pradesh,31.094868566220796,77.14615730990691,Beach,July,Hot,Medium,Road,36.31
West Bengal,22.881029649309774,87.90965691628622,City,December,Moderate,High,Road,28.42
Delhi,28.7660083169388,77.06494910193605,City,November,Moderate,Medium,Railway Station,22.31
Uttarakhand,29.987558458816704,79.03575025900435,Historical,November,Moderate,Medium,Road,22.04
Tamil Nadu,11.224241235767236,78.52737413793328,Historical,September,Moderate,Medium,Railway Station,17.32
Rajasthan,26.846428087541078,74.38076276978812,Historical,February,Hot,Medium,Airport,23.57
Goa,15.2204952376767,74.1896929066342,Historical,August,Moderate,Medium,Airport,18.55
Rajasthan,27.075247607053175,74.10619904377697,Hill Station,February,Cold,High,Road,32.33
Punjab,31.07363289063231,75.43679358223308,Hill Station,August,Cold,Low,Road,13.51
Punjab,31.33273936983249,75.2917009801092,Beach,July,Hot,Medium,Road,31.97
Uttarakhand,30.134729381998234,78.94828633931627,Beach,May,Hot,Low,Road,22.36
Delhi,28.906609108349194,77.19266851221417,Hill Station,February,Cold,High,Road,28.91
Maharashtra,19.75782321465131,75.68631600401035,Historical,August,Moderate,Low,Airport,11.86
Goa,15.269024713003825,74.15905754576124,Religious,August,Moderate,Medium,Railway Station,20.58
Maharashtra,19.877119743941368,75.83267133841385,City,September,Moderate,Medium,Railway Station,19.55
Maharashtra,19.81501000115979,75.75391696052004,Wildlife,January,Hot,High,Airport,34.49
Tamil Nadu,11.119958502162735,78.5102094054648,Hill Station,July,Cold,Medium,Railway Station,18.96
Uttarakhand,30.14353073626025,79.0337253522282,Historical,August,Moderate,Medium,Railway Station,19.46
Punjab,31.360668740941335,75.45736782313233,Hill Station,March,Cold,Low,Road,20.99
Goa,15.30742914250425,74.17245913788392,Religious,March,Moderate,Low,Railway Station,11.19
Tamil Nadu,11.30346192077508,78.74320877860052,Beach,May,Hot,Low,Road,25.8
Tamil Nadu,11.062200147952685,78.74526067859941,Historical,February,Moderate,Medium,Road,18.8
West Bengal,22.94665083183925,87.80755495045311,Religious,September,Moderate,Medium,Road,12.9
Maharashtra,19.70016708133225,75.69971847023308,Wildlife,August,Hot,Medium,Railway Station,30.2
Maharashtra,19.696903807288507,75.57893503297798,Beach,September,Hot,Low,Airport,18.84
Tamil Nadu,11.150925483337236,78.66148079685316,City,August,Moderate,Medium,Road,21.12
Tamil Nadu,11.025921882427717,78.62409347958054,Wildlife,November,Hot,High,Railway Station,33.21
Goa,15.311446106419956,74.07405488071147,City,January,Moderate,Medium,Airport,18.97
Delhi,28.626232614870297,77.28776970948529,Hill Station,March,Cold,Medium,Railway Station,27.01
Uttarakhand,30.000483540987382,79.04008605010671,Religious,October,Moderate,High,Airport,21.55
Uttarakhand,30.23798068675295,78.95474481353051,Historical,February,Moderate,High,Railway Station,23.4
Uttarakhand,29.90108564148677,79.0664391262765,City,July,Moderate,Low,Railway Station,13.72
Punjab,31.031343194223137,75.38840114314628,Religious,April,Moderate,Medium,Airport,20.82
Kerala,10.858684433452954,76.09428430882468,Religious,May,Moderate,Medium,Road,20.17
Himachal Pradesh,31.097083522478876,77.18217811998498,Religious,February,Moderate,High,Railway Station,21.1
Himachal Pradesh,31.03995307999809,76.9577554622995,City,March,Moderate,Medium,Airport,21.7
Maharashtra,19.769070894260455,75.82898766027273,City,January,Moderate,High,Railway Station,23.89
Tamil Nadu,11.194710492929485,78.73958892198166,Wildlife,September,Moderate,Low,Railway Station,22.13
Goa,15.205716877020944,74.01641061712758,Hill Station,December,Cold,High,Railway Station,29.23
Delhi,28.65848743065054,77.13345319303043,Hill Station,June,Cold,Medium,Railway Station,30.03
Delhi,28.692442865354668,77.12391689411318,Historical,June,Hot,Medium,Road,20.11
Himachal Pradesh,31.01942791807844,77.06663582366674,Historical,February,Moderate,High,Road,23.4
Kerala,10.906977626431415,76.3395486133553,City,August,Moderate,Medium,Road,17.07
Uttarakhand,29.87175877983426,79.08898089911604,Beach,October,Hot,High,Railway Station,32.79
Uttarakhand,30.235131457592754,79.05857683630511,Historical,April,Moderate,Medium,Railway Station,22.94
Himachal Pradesh,31.09241076367648,77.06154765157883,Wildlife,April,Hot,Medium,Railway Station,24.74
Goa,15.32147707824414,73.98571040807275,Hill Station,May,Cold,Medium,Road,26.93
Tamil Nadu,11.144776210325027,78.65913505549663,Beach,October,Hot,High,Road,33.9
Himachal Pradesh,31.15420400192124,77.30869420477707,Religious,October,Moderate,High,Airport,19.04
Delhi,28.68877394466007,77.24402045267018,City,May,Moderate,Medium,Airport,21.43
Delhi,28.68956505776861,77.13723974864348,Wildlife,August,Hot,Medium,Railway Station,33.53
Kerala,10.901937713661386,76.08977019276337,City,February,Moderate,High,Road,22.75
Goa,15.135780249001575,73.96850511765658,Wildlife,May,Hot,Low,Railway Station,24.91
Maharashtra,19.72151225255034,75.75994156498427,City,April,Moderate,Medium,Railway Station,22.86
Tamil Nadu,11.099797878258407,78.62685550622687,City,October,Moderate,Medium,Road,19.58
West Bengal,22.832294359259354,87.81866879916114,Religious,September,Moderate,Low,Airport,14.0
Punjab,31.16075915173984,75.36415626148559,Religious,December,Moderate,High,Road,22.89
Rajasthan,26.981891514801294,74.08434309802986,Wildlife,August,Hot,Low,Airport,27.57
West Bengal,23.01750392372518,87.84987641644679,City,November,Moderate,Medium,Road,17.99
Delhi,28.640354347568238,77.18334111769327,Historical,October,Hot,High,Road,25.21
Punjab,30.99321107429214,75.32252489334994,Wildlife,April,Hot,Low,Railway Station,22.61
West Bengal,22.942305360910474,88.01510743061644,Beach,April,Hot,Medium,Airport,34.57
Goa,15.238636917267787,74.12152814433767,Historical,July,Moderate,Medium,Railway Station,20.68
Himachal Pradesh,31.114963005353342,77.29012177333044,Religious,April,Moderate,Low,Railway Station,11.94
Goa,15.382858277633973,74.04599340470749,City,November,Moderate,Medium,Airport,24.77
Goa,15.105050230903824,74.10845775674721,Religious,October,Moderate,Medium,Airport,18.5
Tamil Nadu,11.244107706302964,78.62974416962061,Beach,February,Hot,Medium,Airport,26.53
Kerala,10.72066740603311,76.01901529934273,Hill Station,April,Cold,Medium,Railway Station,26.03
West Bengal,22.913713437981627,87.84075154184282,Historical,September,Moderate,Medium,Railway Station,18.45
Tamil Nadu,11.053625678652729,78.63745085151352,Religious,January,Moderate,High,Airport,16.9
Rajasthan,27.209937307131824,74.24548740063751,City,March,Moderate,Low,Airport,17.0
Goa,15.368766912411859,74.08034851367344,City,November,Moderate,High,Road,25.14
Rajasthan,26.88512317891623,74.20674663838065,Religious,January,Moderate,High,Road,25.22
West Bengal,23.02633072526493,87.85830233071931,Hill Station,January,Cold,Medium,Airport,24.91
Uttarakhand,30.088468909749768,79.0488665551482,Wildlife,May,Hot,Low,Airport,27.04
Tamil Nadu,11.151621217346836,78.57744541919286,City,November,Moderate,High,Road,20.49
Himachal Pradesh,31.085465905032038,77.26307973320333,Historical,December,Moderate,Medium,Airport,9.53
Kerala,10.874811334828372,76.24414919132742,Hill Station,October,Cold,High,Road,29.34
Maharashtra,19.577046711139396,75.64487237667628,Hill Station,September,Cold,Medium,Road,25.21
Delhi,28.692604906850818,76.95427685763228,Wildlife,May,Moderate,Low,Railway Station,22.45
Himachal Pradesh,31.001652545608927,77.24023539678434,Beach,October,Hot,Medium,Airport,33.45
Uttarakhand,30.12414474933554,79.16846738588018,City,October,Moderate,Medium,Road,17.31
Tamil Nadu,11.163676303075714,78.77322297551407,Religious,December,Moderate,High,Airport,24.17
Tamil Nadu,11.28138067737697,78.62332140610202,Beach,March,Hot,Medium,Airport,36.16
Rajasthan,27.166496740441044,74.16374341233892,Beach,May,Hot,Medium,Railway Station,26.54
Tamil Nadu,11.157332290034828,78.79445969643041,City,October,Moderate,High,Airport,24.58
West Bengal,22.97368886613195,87.79724657359809,Wildlife,June,Hot,Medium,Road,26.79
Himachal Pradesh,31.17917158203998,77.22899487499582,City,September,Moderate,Medium,Railway Station,21.02
West Bengal,22.86051352462718,87.73204737487826,Religious,April,Moderate,Low,Railway Station,5.91
Rajasthan,27.053323703669353,74.3596831972887,City,August,Moderate,Medium,Road,23.2
Uttarakhand,29.967737677662274,78.98498084313132,City,January,Moderate,Medium,Road,17.9
Delhi,28.787625956719943,77.11441908130077,Hill Station,December,Cold,Medium,Road,26.31
Punjab,31.331910910410553,75.39520178017231,Religious,November,Moderate,Medium,Airport,14.81
Goa,15.266948505321555,74.1254287211884,Wildlife,July,Moderate,Medium,Railway Station,31.19
Uttarakhand,30.150226275788956,79.07148483720259,Religious,February,Moderate,High,Road,24.73
Kerala,10.988233502952834,76.05190213437201,Historical,July,Moderate,Medium,Airport,17.75
Tamil Nadu,11.134261839271028,78.72302305108643,City,May,Moderate,Medium,Airport,15.73
Kerala,10.769059717900682,76.32814860860798,City,April,Moderate,Low,Airport,16.71
West Bengal,23.096411793540916,87.8746831398902,Religious,June,Moderate,Medium,Road,19.98
Tamil Nadu,11.073958859886158,78.63759179259934,Hill Station,May,Cold,Low,Airport,15.43
West Bengal,22.892222835392673,87.85392574533492,Historical,December,Moderate,Medium,Railway Station,21.15
Uttarakhand,29.896321409420988,78.99450457926721,Religious,July,Moderate,Low,Airport,10.71
Rajasthan,27.064914353331964,74.12055846414955,Religious,May,Moderate,Low,Road,10.56
Himachal Pradesh,31.162356192583037,77.14389438101944,City,July,Moderate,Low,Road,17.99
Maharashtra,19.840455363107964,75.8510141047342,Religious,June,Moderate,Low,Railway Station,10.61
Punjab,31.136899371987273,75.40830178049178,Hill Station,November,Cold,Medium,Road,23.38
Rajasthan,26.994808291413616,74.2886378575142,Religious,August,Moderate,Medium,Road,20.2
Rajasthan,27.058022557942436,74.10803206265656,Hill Station,July,Cold,Medium,Airport,25.82
Goa,15.18395327988139,74.28075522201048,City,October,Moderate,High,Airport,25.13
Himachal Pradesh,31.051454755422412,77.07073745171158,Beach,April,Hot,Low,Road,28.77
Rajasthan,27.00219985784269,74.25129651496762,Wildlife,November,Hot,High,Railway Station,31.63
Uttarakhand,30.173318318012363,79.03532303646134,Historical,August,Moderate,Medium,Road,16.0
Rajasthan,27.014879670230833,74.37892929804829,City,March,Moderate,Medium,Road,16.65
Delhi,28.690337211774256,77.12794068787467,City,May,Moderate,Medium,Airport,22.17
Himachal Pradesh,31.003956697946887,77.0204251044996,Historical,June,Moderate,Low,Airport,14.45
Tamil Nadu,11.360061748345371,78.6739565383208,Historical,October,Moderate,Medium,Airport,16.97
Punjab,31.31351920547839,75.2935937442222,Hill Station,September,Cold,Low,Road,19.9
Delhi,28.62911570772918,77.07938973493309,Religious,April,Moderate,Medium,Airport,16.17
West Bengal,23.092054731073475,87.67070630937523,Beach,May,Hot,Low,Road,24.86
Rajasthan,27.03677230486834,74.29512299334833,Hill Station,July,Cold,Medium,Road,26.61
Tamil Nadu,11.189362703981233,78.72212282001166,Wildlife,May,Moderate,Medium,Airport,26.7
Himachal Pradesh,31.131705269301573,77.08338397721263,City,March,Moderate,Medium,Road,23.62
Himachal Pradesh,31.034662239477754,77.07019943436676,Hill Station,December,Cold,High,Road,28.76
Tamil Nadu,11.145187111148244,78.6077455586193,Historical,November,Moderate,Medium,Railway Station,13.52
Himachal Pradesh,31.035245166550812,77.16770343197368,Beach,December,Hot,High,Airport,33.12
Kerala,10.719253269655145,76.32473892188476,City,May,Moderate,Low,Road,18.53
West Bengal,22.9730549443044,87.87962818129725,Historical,March,Moderate,Low,Railway Station,7.99
Kerala,10.849382088452211,76.17703131150296,Wildlife,April,Hot,Medium,Railway Station,25.06
Kerala,10.983479436520508,76.1035419550376,Historical,March,Moderate,Medium,Railway Station,16.76
Rajasthan,26.952571071419374,74.08478939012586,Hill Station,May,Cold,Low,Railway Station,21.06
Kerala,10.743896163711462,76.35534887372351,Wildlife,August,Hot,Medium,Airport,26.76
Uttarakhand,30.179117694660167,79.19516928369549,Wildlife,November,Hot,High,Road,32.94
West Bengal,23.047907090511057,87.77835335689802,Hill Station,January,Cold,High,Railway Station,35.48
Rajasthan,26.9654998151634,74.15170635912366,City,December,Moderate,High,Railway Station,25.93
Kerala,11.029223996460468,76.22770095377841,Religious,July,Moderate,Medium,Road,14.01
Tamil Nadu,11.218023394218298,78.5557058053485,Religious,October,Moderate,Medium,Railway Station,21.04
Himachal Pradesh,31.062340183397787,77.21316375017763,Hill Station,September,Cold,Medium,Airport,21.46
Punjab,31.04632157280823,75.38430880736371,City,April,Moderate,Medium,Railway Station,20.26
Uttarakhand,30.20489265638013,79.02281422246209,Wildlife,November,Hot,High,Road,34.96
Punjab,31.236270058106957,75.27396064156736,Hill Station,May,Cold,Low,Road,20.06
Delhi,28.661745666660924,76.94661972305822,Historical,May,Hot,Medium,Railway Station,19.01
Uttarakhand,29.995798455710844,79.03229982258016,Beach,September,Hot,Medium,Airport,27.72
Delhi,28.58609851199057,77.20553846938891,Beach,May,Hot,Low,Airport,21.81
Maharashtra,19.845236741425367,75.79691613723463,Historical,June,Moderate,Medium,Railway Station,20.99
Rajasthan,26.858139508151563,74.40432703678857,Hill Station,June,Cold,Low,Road,21.12
Maharashtra,19.742878290199254,75.70093269479713,Historical,March,Moderate,Medium,Railway Station,21.23
Himachal Pradesh,30.98644586291891,77.13493758239358,City,January,Moderate,High,Airport,20.39
West Bengal,22.946188964297658,87.86467549184388,City,December,Moderate,High,Railway Station,23.65
Tamil Nadu,11.19857435391677,78.57935844636934,City,May,Moderate,Medium,Road,15.16
Goa,15.492209140121858,74.18127913622095,Wildlife,June,Hot,Low,Railway Station,20.65
Rajasthan,27.07475135639297,74.19916696901787,City,December,Moderate,High,Railway Station,26.57
Rajasthan,27.00257556901601,74.22117736375557,Wildlife,November,Hot,High,Road,37.17
West Bengal,23.006130439810597,87.76783103844312,Hill Station,April,Cold,Medium,Airport,25.06
Punjab,31.130923271883432,75.37428670284064,Beach,March,Hot,Low,Airport,25.09
West Bengal,22.929654939534572,87.95161713059477,City,March,Moderate,Low,Road,17.25
West Bengal,22.9536135138178,87.88747815941102,Historical,February,Moderate,Medium,Railway Station,19.83
Punjab,31.15582774689522,75.23746712862302,Historical,June,Moderate,Medium,Road,19.44
Maharashtra,19.826254612578644,75.67439531478304,Historical,August,Moderate,Medium,Railway Station,19.98
Himachal Pradesh,31.10936293299879,77.15641800278227,Religious,March,Moderate,Medium,Airport,17.93
Uttarakhand,30.080731963072957,79.13039111447344,Hill Station,April,Cold,Medium,Railway Station,24.91
Rajasthan,27.21472970506265,74.11412951779656,Beach,December,Hot,Medium,Road,25.5
Goa,15.250763295588909,74.09466601353613,Wildlife,November,Moderate,High,Road,31.3
Kerala,11.014772590739797,76.17513366734445,Wildlife,January,Hot,High,Road,31.66
Delhi,28.59735660670395,76.97659350885519,Beach,July,Hot,Medium,Airport,29.99
Kerala,10.881757657533557,76.33558412895543,Historical,November,Moderate,High,Airport,19.98
Uttarakhand,30.241449063159465,79.12201510358932,Hill Station,May,Cold,Medium,Road,22.61
Himachal Pradesh,30.84072143644246,77.09008055974641,Historical,June,Moderate,Low,Road,15.43
Himachal Pradesh,31.174982304054335,77.2370908079003,City,March,Moderate,Medium,Airport,20.51
Himachal Pradesh,31.074240773248558,77.15292434409199,Historical,December,Moderate,Medium,Road,16.57
West Bengal,22.94746488751771,87.69628119303216,Historical,November,Moderate,Medium,Railway Station,20.15
Delhi,28.62591861366412,77.11463192322566,Religious,January,Moderate,Medium,Railway Station,16.38
Punjab,31.10444287471694,75.30225964384746,Religious,October,Moderate,High,Railway Station,18.41
Uttarakhand,29.97747505024816,79.01588186711695,Religious,December,Moderate,High,Road,26.07
Rajasthan,26.983336147995907,74.09546127266421,Beach,January,Hot,High,Road,36.68
Goa,15.38759862054618,74.17565570447998,City,January,Moderate,High,Road,22.32
Himachal Pradesh,31.166808368161195,77.12695280601437,Wildlife,October,Moderate,Medium,Railway Station,28.05
Himachal Pradesh,30.90689813065103,77.37608171160424,Historical,May,Moderate,Medium,Airport,20.54
Kerala,10.806233253935677,76.23416363810718,Historical,February,Moderate,Medium,Airport,17.2
Kerala,11.004754721137411,76.12911228357291,Beach,July,Hot,Medium,Railway Station,30.69
Goa,15.410619312457698,74.11750872672549,Religious,November,Moderate,High,Airport,21.51
Himachal Pradesh,31.007583778205667,77.18135795465565,City,August,Moderate,Medium,Railway Station,22.53
Goa,15.36240165719885,74.17592603543577,Religious,October,Moderate,High,Airport,17.24
Uttarakhand,30.028636890458678,79.09331256641053,Religious,February,Moderate,Medium,Railway Station,15.16
Maharashtra,19.620274040667464,75.70122736584372,Beach,August,Hot,Low,Railway Station,28.32
Tamil Nadu,11.205235811980652,78.66213727687276,Historical,May,Moderate,Low,Road,12.38
Delhi,28.81119129433746,77.17778483312003,Historical,February,Hot,High,Railway Station,22.56
Uttarakhand,30.00125939603954,79.03836325956313,Wildlife,March,Moderate,Medium,Railway Station,27.0
Tamil Nadu,10.941133695945021,78.58841878902611,Hill Station,January,Cold,Medium,Road,29.3
Uttarakhand,29.89968126671034,79.22831848247661,Historical,November,Moderate,Medium,Airport,17.72
Rajasthan,27.026962197391025,74.24506835845,Historical,September,Hot,Medium,Road,11.62
Maharashtra,19.594458517516102,75.74002617086052,Hill Station,May,Cold,Low,Railway Station,24.77
Tamil Nadu,11.154600229829182,78.50768979828545,Hill Station,August,Cold,Low,Railway Station,15.77
Rajasthan,27.195826530885494,74.18242201126496,Beach,November,Hot,Medium,Railway Station,33.89
Kerala,10.774205931666788,76.38874488253663,Wildlife,July,Hot,Medium,Railway Station,26.5
Delhi,28.710689160860223,77.26901423825439,Hill Station,September,Cold,Low,Airport,16.01
Punjab,31.04462492499236,75.52600401917708,Wildlife,February,Moderate,High,Road,33.53
Tamil Nadu,10.942663833777932,78.57851494153452,Historical,February,Moderate,Medium,Railway Station,20.97
Delhi,28.787014903505955,76.86339214347161,City,June,Moderate,Low,Railway Station,13.79
Delhi,28.69352819752989,77.15308102656437,Hill Station,September,Cold,Medium,Airport,21.94
Himachal Pradesh,30.970121433788456,77.35818669957021,Religious,November,Moderate,Medium,Railway Station,17.62
Rajasthan,27.11071275372182,74.07394063921699,Beach,July,Hot,Medium,Airport,33.57
Himachal Pradesh,31.32198026673966,77.0811648670938,Historical,December,Moderate,High,Railway Station,25.86
Uttarakhand,29.947905888194665,79.06347606496495,Wildlife,December,Hot,Medium,Railway Station,25.54
West Bengal,23.110032860521464,87.70243375907133,Wildlife,May,Hot,Low,Railway Station,25.43
Rajasthan,26.95946856728402,74.31436742396865,Beach,March,Hot,Low,Airport,23.21
Delhi,28.80595374276504,76.9735499930276,City,November,Moderate,Medium,Airport,17.61
Tamil Nadu,11.205415565601317,78.60001230248025,Wildlife,January,Hot,Medium,Airport,27.1
Tamil Nadu,11.046192733805755,78.71540713443841,Hill Station,January,Cold,Medium,Airport,24.85
West Bengal,22.924045999725593,87.64965134513442,Historical,December,Moderate,Medium,Railway Station,19.83
Delhi,28.7378009800899,77.3305260230299,Religious,August,Moderate,Medium,Railway Station,16.45
Delhi,28.826242359339197,77.03171687217662,Wildlife,June,Hot,Medium,Road,25.8
Tamil Nadu,11.13743819962121,78.55825595009007,City,February,Moderate,Medium,Airport,21.41
Rajasthan,27.003839532763635,74.22418335729193,Hill Station,April,Cold,Medium,Airport,26.55
Punjab,31.090991086901898,75.29225857655055,Religious,April,Moderate,Medium,Airport,15.87
Kerala,10.943775309590526,76.43932840961233,Historical,November,Moderate,High,Airport,14.76
Kerala,10.816633094611625,76.41774423911886,Historical,November,Moderate,High,Road,19.75
Kerala,10.7812465115645,76.15189584558381,Hill Station,May,Cold,Medium,Railway Station,20.77
Rajasthan,27.08189995399617,74.01198395163077,Historical,July,Hot,Medium,Airport,19.22
Himachal Pradesh,31.08862856838194,77.17974035108605,Beach,March,Hot,Medium,Road,32.4
West Bengal,22.98304364906338,87.91197589197043,Historical,August,Moderate,Medium,Airport,15.08
West Bengal,23.00582232218449,87.81703755033232,Wildlife,April,Hot,Medium,Airport,27.03
Goa,15.342726364992208,73.98133507891896,Wildlife,July,Moderate,Medium,Airport,19.59
Uttarakhand,29.897603878031244,79.09887144478654,Hill Station,February,Cold,Medium,Road,26.5
Tamil Nadu,11.167784763513978,78.75843923286752,Historical,August,Moderate,Medium,Road,16.65
Delhi,28.740344988159453,77.05151060471344,Wildlife,December,Hot,Medium,Road,24.48
Goa,15.39952710356756,74.18277782278896,Hill Station,August,Cold,Medium,Railway Station,19.52
West Bengal,22.941784508015726,87.56470726780985,Wildlife,October,Hot,Medium,Road,23.97
Delhi,28.63489348013353,77.09567974696674,Religious,August,Moderate,Medium,Airport,16.11
Punjab,31.085991493752328,75.3171275696011,Wildlife,January,Moderate,High,Railway Station,28.78
Delhi,28.557877102747895,77.08872589009425,City,September,Moderate,Medium,Airport,22.2
Goa,15.330797187155534,74.14549828174545,Religious,July,Moderate,Low,Railway Station,7.58
Himachal Pradesh,31.08279464926283,77.17617700785354,Historical,October,Moderate,High,Road,22.51
Uttarakhand,30.08608618431502,79.17114220306522,Historical,December,Moderate,Medium,Railway Station,18.23
Punjab,31.232894859962432,75.47618244592046,Beach,May,Hot,Low,Road,20.02
Kerala,10.845304522909922,76.29923483474896,Historical,June,Moderate,Low,Railway Station,20.39
Kerala,10.977927225873437,76.2597411886379,Wildlife,April,Moderate,Medium,Road,26.22
Uttarakhand,30.08551071001251,79.05814246136775,Wildlife,December,Hot,High,Road,31.85
West Bengal,22.920850429168237,88.02007483443053,Beach,May,Hot,Medium,Road,34.36
Tamil Nadu,11.155491105873638,78.65619370954491,Historical,November,Moderate,High,Road,25.93
Uttarakhand,30.000982331239037,79.09529369819599,Historical,March,Moderate,Medium,Road,13.0
Kerala,10.662201655332828,76.11874021893318,City,December,Moderate,High,Road,27.29
Himachal Pradesh,31.084043843378073,77.1711402166955,Religious,August,Moderate,Low,Airport,6.98
Rajasthan,27.000721384789728,74.13820133311862,Beach,March,Hot,Medium,Road,32.97
West Bengal,23.08780690205936,87.92971412320266,Hill Station,July,Cold,Low,Railway Station,14.74
Goa,15.358005753459453,74.12465486578044,Beach,April,Hot,Medium,Road,30.69
Punjab,31.295739604332837,75.22982544795781,Hill Station,June,Cold,Medium,Railway Station,27.32
Uttarakhand,29.96210782498931,79.08709699708966,Religious,March,Moderate,Medium,Airport,21.04
Maharashtra,19.796331756243017,75.58185318689797,Hill Station,February,Cold,High,Railway Station,29.8
Tamil Nadu,11.094638032560207,78.68067317279059,Hill Station,October,Cold,Medium,Airport,26.16
Himachal Pradesh,31.107198001901562,77.09833731780232,Wildlife,April,Moderate,Medium,Railway Station,28.31
Goa,15.44540256223391,74.12424658294874,City,June,Moderate,Medium,Airport,19.1
Maharashtra,19.867158165159424,75.84086132625998,City,March,Moderate,Medium,Road,16.17
Maharashtra,19.793351455915705,75.66423489478717,Wildlife,November,Hot,Medium,Airport,24.26
Punjab,31.03794708909638,75.2976893149388,Historical,August,Moderate,Medium,Airport,19.67
Himachal Pradesh,31.164241035395726,77.11830096091562,Wildlife,October,Hot,High,Airport,34.87
Maharashtra,19.635800354433563,75.64569252019761,Hill Station,September,Cold,Low,Airport,19.65
Rajasthan,27.036874334591214,74.16379445940719,Religious,February,Moderate,Medium,Airport,20.46
Uttarakhand,30.171471271377577,79.09665577062069,Beach,December,Hot,High,Railway Station,33.63
West Bengal,22.844856680345497,87.76925575704529,Wildlife,August,Hot,Medium,Road,26.51
Himachal Pradesh,31.286357748159507,77.14380282067877,Beach,November,Hot,Medium,Railway Station,30.69
Uttarakhand,29.674559974838168,79.0476788027838,Beach,February,Hot,High,Airport,36.9
West Bengal,22.911509460457204,87.911607155731,Historical,January,Moderate,High,Airport,24.96
West Bengal,23.026799655294358,87.87158590267987,City,May,Moderate,Medium,Road,19.82
Rajasthan,27.03874124849209,74.33814309057796,Hill Station,May,Cold,Medium,Railway Station,25.4
Tamil Nadu,10.972343020586369,78.6772943857516,City,November,Moderate,High,Road,19.96
Kerala,10.928646741424746,76.2442628706041,Beach,September,Hot,Low,Railway Station,17.58
Kerala,10.86853050513375,76.17548642970415,Beach,July,Hot,Low,Railway Station,26.07
Tamil Nadu,11.122372962077057,78.54216935162509,Historical,September,Moderate,Low,Road,13.51
Uttarakhand,30.1601810426075,79.06962323845325,Hill Station,August,Cold,Medium,Airport,24.35
Punjab,31.20911240509569,75.1823120080195,Religious,September,Moderate,Medium,Airport,12.38
Himachal Pradesh,30.897586488390353,77.15290675257584,City,June,Moderate,Low,Railway Station,16.2
Rajasthan,26.97281674834982,74.29345152605285,Historical,January,Hot,High,Railway Station,24.99
Punjab,31.158530875305924,75.34138035063565,Religious,November,Moderate,High,Airport,22.63
Delhi,28.666972067047592,77.04519690737878,Hill Station,November,Cold,Medium,Road,27.19
Maharashtra,19.733886580228923,75.56048753065511,City,July,Moderate,Medium,Railway Station,22.73
Maharashtra,19.6974869407492,75.6416860783371,City,December,Moderate,High,Road,22.48
Uttarakhand,30.02126575768547,78.98391410371799,City,January,Moderate,High,Railway Station,27.95
Maharashtra,19.868358036427338,75.61401791306659,Wildlife,March,Hot,Medium,Road,31.07
Tamil Nadu,11.010583338424118,78.59585868541018,Historical,November,Moderate,Medium,Airport,14.33
Maharashtra,19.80191523613765,75.72202255031502,Wildlife,October,Hot,High,Road,31.8
West Bengal,22.922880646624982,87.8393723663295,Religious,June,Moderate,Medium,Road,16.56
Tamil Nadu,11.184037415682372,78.59521514090082,Beach,May,Hot,Medium,Airport,31.78
Punjab,31.302710443752705,75.3658730451087,Wildlife,June,Hot,Medium,Railway Station,24.7
Rajasthan,27.17372765840169,74.17755020670558,Wildlife,September,Moderate,Low,Railway Station,19.39
Kerala,10.856360891737179,76.14831714339431,Hill Station,September,Cold,Low,Road,22.47
Goa,15.297207896261693,74.31361232762544,Wildlife,June,Moderate,Medium,Road,28.96
Rajasthan,27.066834483817107,74.31729277907947,Hill Station,January,Cold,High,Road,25.92
Delhi,28.67984169637102,76.98257956749045,City,April,Moderate,Medium,Railway Station,20.14
Tamil Nadu,11.113072441444958,78.62334841679669,Wildlife,February,Hot,Medium,Road,29.34
Punjab,31.236739934050437,75.24549189227334,City,May,Moderate,Medium,Road,25.43
Maharashtra,19.73785778497224,75.63606914469935,City,February,Moderate,High,Airport,27.59
Himachal Pradesh,31.022648588751476,77.19578401727833,Historical,May,Moderate,Low,Road,10.88
Punjab,31.24056547073366,75.37819256130044,Historical,June,Moderate,Medium,Airport,15.46
Delhi,28.57827353706327,77.16615532068734,Wildlife,December,Hot,High,Road,35.91
Maharashtra,19.773333875044216,75.81069319487649,Wildlife,April,Hot,Medium,Railway Station,34.97
Goa,15.185758154479714,74.10088372246322,City,November,Moderate,Medium,Road,22.42
Delhi,28.685394248352633,77.11204620413584,Religious,March,Moderate,Low,Road,14.44
Tamil Nadu,11.231795453442821,78.66156373665659,Wildlife,December,Hot,High,Airport,27.84
Himachal Pradesh,31.12120159566406,77.19993188704483,City,September,Moderate,Medium,Road,18.44
Kerala,10.765896032737237,76.33678987063197,City,August,Moderate,Low,Airport,12.88
Rajasthan,27.086633004574182,74.2536161736144,Religious,July,Moderate,Low,Railway Station,9.83
Himachal Pradesh,30.91368406747395,77.11665527187716,Hill Station,January,Cold,Medium,Railway Station,21.21
Rajasthan,26.853173918003037,74.26209336870885,Historical,April,Hot,Medium,Railway Station,23.4
Himachal Pradesh,31.04339618384506,77.15359263698507,City,November,Moderate,High,Road,17.97
Tamil Nadu,11.038115522905887,78.56082204417551,Wildlife,September,Hot,Low,Road,26.9
Tamil Nadu,11.15023623243413,78.79458858861757,City,October,Moderate,Medium,Railway Station,18.05
Tamil Nadu,11.020033359380983,78.57846790296996,Historical,December,Moderate,Medium,Railway Station,20.29
Tamil Nadu,11.208478617873428,78.64976600014995,Beach,March,Hot,Medium,Road,30.44
Rajasthan,27.03013833926377,74.14506096867584,Historical,December,Hot,High,Railway Station,28.16
Rajasthan,26.93375420220306,74.18181935061608,Religious,September,Moderate,Low,Road,14.11
Himachal Pradesh,31.272227076607113,77.08330788814459,Religious,April,Moderate,Low,Railway Station,15.82
West Bengal,22.955601351592968,87.91942088388441,Hill Station,December,Cold,Medium,Airport,21.48
Maharashtra,19.632202662898088,75.67462737615742,City,February,Moderate,Medium,Road,17.04
Tamil Nadu,11.088436580228569,78.73421815128101,Hill Station,February,Cold,High,Railway Station,24.6
Delhi,28.847462501982093,77.12164507159574,City,January,Moderate,High,Road,22.38
Rajasthan,27.124233794364173,74.14830635975493,Hill Station,June,Cold,Medium,Railway Station,29.93
Uttarakhand,30.116376557301553,79.08373884535382,City,May,Moderate,Medium,Railway Station,25.98
Punjab,31.062023515131227,75.32638910205281,Beach,March,Hot,Medium,Road,30.52
Tamil Nadu,11.227182049776841,78.57873279276531,Hill Station,May,Cold,Low,Railway Station,18.78
Kerala,10.75889662552924,76.21073127282031,Beach,December,Hot,Medium,Railway Station,32.47
Punjab,31.22939885920033,75.34535418405639,Hill Station,September,Cold,Medium,Railway Station,29.38
Himachal Pradesh,31.01101303968384,77.36207215592576,Hill Station,July,Cold,Medium,Railway Station,26.57
Delhi,28.840200670476978,77.10897913501235,City,October,Moderate,Medium,Railway Station,15.5
Uttarakhand,30.101504645759686,79.01563973373051,Historical,August,Moderate,Low,Road,9.84
Delhi,28.78644231845623,77.19706334275676,Beach,March,Hot,Medium,Road,26.61
West Bengal,23.0037288023656,87.83455003412303,Historical,November,Moderate,High,Railway Station,22.57
Rajasthan,26.993365512894606,74.186607103281,Religious,June,Moderate,Medium,Airport,21.24
Delhi,28.717874389400315,77.18923533789189,Religious,October,Moderate,Medium,Railway Station,13.9
Tamil Nadu,11.044270623965161,78.6689198558746,Beach,July,Hot,Medium,Railway Station,32.99
Maharashtra,19.808113830871235,75.74008606592902,Hill Station,November,Cold,Medium,Railway Station,25.83
Goa,15.232198515433755,74.0144160836996,Religious,February,Moderate,High,Airport,25.7
Punjab,30.97890312160146,75.38900378151924,Wildlife,November,Hot,High,Road,32.33
Goa,15.387857708169506,74.30216847864668,Wildlife,November,Moderate,Medium,Airport,23.68
Maharashtra,19.730246897415633,75.64313794631312,Hill Station,April,Cold,Medium,Road,23.96
Maharashtra,19.730978699377403,75.69110954527731,Wildlife,January,Hot,High,Road,34.64
Maharashtra,19.797420418159952,75.8056768197795,Beach,August,Hot,Medium,Road,32.96
Punjab,31.058150825951152,75.29673099728471,Hill Station,November,Cold,High,Road,29.07
Rajasthan,26.893035741890657,74.24526601192125,Hill Station,May,Cold,Medium,Airport,30.55
Kerala,10.833302425635118,76.30835196670917,Religious,October,Moderate,Medium,Railway Station,21.7
Himachal Pradesh,31.145407916662993,77.11471502664513,Wildlife,October,Hot,Medium,Railway Station,24.48
Tamil Nadu,11.13191887547479,78.66469690993833,Wildlife,January,Hot,High,Railway Station,26.22
Punjab,31.177608540470672,75.30118803386989,City,July,Moderate,Medium,Airport,22.02
Tamil Nadu,11.123986446168473,78.69031989431717,Hill Station,September,Cold,Medium,Railway Station,23.25
Tamil Nadu,11.072473599082254,78.7131910660285,City,February,Moderate,High,Airport,22.43
Himachal Pradesh,31.03515389102133,77.35981995258874,Wildlife,March,Moderate,Medium,Railway Station,27.68
Rajasthan,26.99039107929048,74.16465410159316,Beach,May,Hot,Medium,Airport,30.45
Rajasthan,27.274117179090574,74.16950156603994,City,July,Moderate,Medium,Road,21.97
Rajasthan,27.09868211811808,74.23037734879112,Hill Station,October,Cold,High,Railway Station,25.09
Rajasthan,27.071081506992783,73.94565458590081,Hill Station,December,Cold,Medium,Airport,24.49
Goa,15.315664477600288,74.18864767861983,Historical,February,Moderate,High,Railway Station,19.58
Rajasthan,26.938251730407444,74.19053723896067,Historical,June,Hot,Medium,Railway Station,18.5
Tamil Nadu,11.01582954049935,78.48748453381754,Hill Station,January,Cold,High,Airport,28.7
Kerala,10.724839679575275,76.23049886466197,Wildlife,October,Hot,Medium,Airport,25.9
West Bengal,23.212562854641433,87.83830411693471,Wildlife,September,Hot,Low,Railway Station,18.75
Himachal Pradesh,31.10822046845381,77.0879375358245,City,January,Moderate,High,Railway Station,21.51
West Bengal,23.092369424888314,87.74528561302296,Wildlife,July,Hot,Medium,Airport,28.23
West Bengal,22.928893839866078,88.08078563002577,Hill Station,July,Cold,Low,Road,18.13
Kerala,10.840294360937115,76.0234207933123,Hill Station,May,Cold,Medium,Road,25.85
Delhi,28.6380268494111,77.21778880451288,Religious,February,Moderate,High,Airport,23.5
Maharashtra,19.842496254086058,75.77790266183843,Religious,March,Moderate,Medium,Railway Station,22.31
Delhi,28.9040755831958,76.99706198047546,Historical,August,Hot,Medium,Airport,19.07
Maharashtra,19.773899496890106,75.78757633451679,Beach,March,Hot,Medium,Railway Station,25.74
Maharashtra,19.649923353307585,75.71089032927094,Beach,April,Hot,Medium,Road,31.86
Tamil Nadu,11.117028274594404,78.72123501795697,Wildlife,August,Hot,Medium,Airport,28.72
Punjab,31.06348051492958,75.3146171634353,Historical,October,Moderate,High,Railway Station,26.42
Rajasthan,27.211876114620267,74.27258897034517,Hill Station,January,Cold,High,Railway Station,34.36
Goa,15.054985469476927,74.1236137721208,Wildlife,May,Moderate,Medium,Road,29.79
Tamil Nadu,11.058230556655477,78.62580285335139,City,November,Moderate,Medium,Airport,20.03
Delhi,28.51276596652772,77.00599544194239,Wildlife,May,Hot,Low,Airport,24.21
Rajasthan,27.057317548410072,74.19574264114091,Religious,September,Moderate,Medium,Road,23.82
Himachal Pradesh,30.89865945759771,77.21643626415064,City,February,Moderate,Medium,Railway Station,24.17
Himachal Pradesh,31.277328565696937,77.07353493096522,Beach,December,Hot,Medium,Road,31.38
Goa,15.20991835694184,74.01359743665276,Historical,April,Moderate,Medium,Road,15.04
Maharashtra,19.726308506712883,75.70267241313498,City,November,Moderate,High,Railway Station,26.02
Goa,15.148725219943584,74.2079944539742,Religious,August,Moderate,Low,Railway Station,9.49
Kerala,10.926128672860223,76.22899696541376,Religious,June,Moderate,Medium,Railway Station,16.09
Kerala,10.71725502190018,76.33424186062724,Historical,October,Moderate,Medium,Railway Station,13.51
Punjab,31.162253888082525,75.26022866927482,Religious,March,Moderate,Medium,Road,16.05
Punjab,31.12426779156616,75.40278547981501,Wildlife,August,Hot,Medium,Airport,29.75
Punjab,31.143812551484753,75.34523076993302,Religious,March,Moderate,Low,Railway Station,10.69
Maharashtra,19.725479249864105,75.6268469743772,Religious,December,Moderate,High,Railway Station,24.68
Tamil Nadu,11.220256923106376,78.68329743094361,Wildlife,February,Moderate,Medium,Road,26.98
Himachal Pradesh,31.204983121126155,77.21345029568627,Wildlife,January,Hot,Medium,Road,24.15
West Bengal,22.98059113017857,87.9592190576983,Religious,February,Moderate,High,Railway Station,23.04
Tamil Nadu,11.117739097663364,78.65782269929954,Wildlife,June,Moderate,Medium,Railway Station,28.7
Rajasthan,26.971759700976055,74.13279654782905,Religious,January,Moderate,High,Airport,20.36
West Bengal,22.898828263861542,87.83757329655332,City,April,Moderate,Medium,Railway Station,16.79
Punjab,31.345880656476208,75.54635743218202,Beach,December,Hot,High,Airport,36.28
Goa,15.490049067255327,74.02626358825162,Religious,December,Moderate,Medium,Railway Station,14.44
Kerala,10.968330144494322,76.16379490412936,Hill Station,October,Cold,Medium,Road,24.23
Goa,15.300769409554437,74.16261664979983,Religious,April,Moderate,Medium,Airport,18.44
West Bengal,22.996051130898213,87.69578963303623,City,January,Moderate,Medium,Railway Station,18.4
West Bengal,22.930118668219766,87.93609137726158,Religious,December,Moderate,High,Road,23.84
Kerala,10.788524834332891,76.26479770226202,Hill Station,April,Cold,Low,Road,17.32
Tamil Nadu,11.240392638730103,78.86294226984447,Hill Station,May,Cold,Medium,Road,25.65
Maharashtra,19.919463723342126,75.68913578693176,Historical,March,Moderate,Low,Road,10.22
Kerala,10.864363502853045,76.32091119956446,Religious,December,Moderate,High,Road,22.84
Delhi,28.65083932433265,77.29205073459914,Wildlife,March,Moderate,Medium,Airport,25.68
Delhi,28.578162872503405,77.06207767096248,Beach,December,Hot,High,Airport,34.55
Rajasthan,26.82362939982745,74.15277125350168,City,October,Moderate,High,Airport,23.65
Maharashtra,19.82555201533,75.80943929964573,Religious,May,Moderate,Medium,Airport,14.1
Punjab,31.12556117111399,75.35531144967057,Religious,November,Moderate,Medium,Road,19.34
Delhi,28.902255025004894,76.94853405810471,City,November,Moderate,High,Road,20.43
West Bengal,22.78768598510453,87.81887698070857,Hill Station,July,Cold,Medium,Road,26.5
Punjab,31.052613022770423,75.35359579325059,City,July,Moderate,Medium,Railway Station,20.37
Goa,15.175049916308062,74.02950912773149,Hill Station,November,Cold,High,Road,30.74
West Bengal,23.02904050828319,87.73678507511983,Historical,June,Moderate,Medium,Road,19.94
Punjab,31.124733342819653,75.37426132610904,Religious,April,Moderate,Medium,Airport,14.68
Goa,15.450624108117673,74.20164149186384,Historical,September,Moderate,Low,Railway Station,11.3
Uttarakhand,30.05213682259564,79.2542108558025,Hill Station,July,Cold,Low,Airport,19.48
Uttarakhand,30.037347790918737,78.95413130813088,Hill Station,October,Cold,High,Airport,32.85
Kerala,10.809307676561405,76.45225557731939,Religious,July,Moderate,Medium,Airport,13.31
Kerala,10.650285744675946,76.15423525700598,Beach,March,Hot,Medium,Railway Station,31.74
Goa,15.21336007891828,74.07697442837336,Hill Station,November,Cold,Medium,Road,27.15
Himachal Pradesh,31.01476830918819,77.16688011156502,Hill Station,August,Cold,Medium,Railway Station,29.5
Punjab,31.01017728865294,75.29724456449142,Wildlife,November,Hot,High,Railway Station,33.05
Goa,15.257141768855972,74.22850561452312,Beach,February,Hot,Medium,Railway Station,31.74
Kerala,11.049502951351919,76.05496389073747,City,January,Moderate,High,Railway Station,30.09
Maharashtra,19.75185826018328,75.69443363049753,Beach,February,Hot,High,Road,35.34
Delhi,28.835368817844966,77.12430928064617,Historical,February,Hot,High,Road,23.06
West Bengal,23.02946306900422,87.9415558765674,Wildlife,February,Moderate,High,Airport,35.13
Punjab,31.096900803981878,75.45184617708121,Hill Station,July,Cold,Medium,Railway Station,24.88
Himachal Pradesh,31.005124809759426,76.98301375248758,Beach,January,Hot,Medium,Railway Station,26.25
Punjab,31.16504141710488,75.1895337453714,City,October,Moderate,Medium,Road,20.75
Tamil Nadu,11.06814928276954,78.68951588639158,Hill Station,February,Cold,High,Road,28.95
Punjab,31.12143049718756,75.44668924125517,Wildlife,January,Hot,High,Railway Station,36.73
Tamil Nadu,11.028212765236441,78.60781271051064,Historical,February,Moderate,Medium,Road,20.83
Tamil Nadu,11.114542441206993,78.4625556847689,Beach,October,Hot,High,Road,40.28
Delhi,28.63543954681518,77.01793106885535,Hill Station,August,Cold,Medium,Railway Station,22.88
West Bengal,22.97705147740229,87.91373933864176,Historical,October,Moderate,High,Road,22.11
Himachal Pradesh,31.227179362251317,77.26832964983753,City,November,Moderate,High,Road,22.76
Punjab,31.16644653709882,75.24440276096246,Historical,September,Moderate,Medium,Railway Station,17.47
Delhi,28.60470790708246,77.21779132562048,Beach,February,Hot,Medium,Airport,28.46
Punjab,31.1225151682556,75.20743258139123,Wildlife,December,Hot,Medium,Airport,31.32
Delhi,28.543554530096092,77.02897252806225,Beach,October,Hot,High,Airport,36.84
Maharashtra,19.75999729626358,75.60511069878908,City,June,Moderate,Medium,Railway Station,16.98
West Bengal,22.90081745292121,87.98495884776652,Religious,October,Moderate,Medium,Railway Station,14.95
Rajasthan,27.032520499203727,74.34263036506647,Beach,March,Hot,Medium,Airport,25.54
Punjab,31.21327287350216,75.5569714304438,Beach,May,Hot,Medium,Road,30.41
Tamil Nadu,11.139796908007979,78.52254992701754,Wildlife,November,Moderate,Medium,Railway Station,22.18
Goa,15.293322288960768,74.11615697797153,Wildlife,September,Hot,Medium,Airport,27.48
Rajasthan,27.120413966086105,74.10506584297342,Historical,May,Hot,Medium,Road,18.5
Uttarakhand,30.265321281883654,78.9536541079698,City,June,Moderate,Medium,Airport,23.82
Maharashtra,19.631283163282568,75.7242241658699,Wildlife,November,Hot,High,Road,29.93
Rajasthan,27.17787523765168,74.1652517645205,Hill Station,April,Cold,Low,Road,14.09
Maharashtra,19.59289048076811,75.81807941190216,Hill Station,July,Cold,Low,Railway Station,17.31
Kerala,10.960248497135316,76.15390660707769,Beach,November,Hot,High,Airport,33.65
Himachal Pradesh,30.87157614848037,77.1425461028711,City,April,Moderate,Medium,Road,24.39
West Bengal,22.960068297683218,87.89984132494791,Religious,December,Moderate,High,Railway Station,17.96
Delhi,28.617271926820003,76.94919873327423,Religious,June,Moderate,Low,Road,8.88
Delhi,28.80505859678912,76.95104264909415,City,October,Moderate,High,Railway Station,21.21
Tamil Nadu,11.16640042068582,78.77439953622515,City,March,Moderate,Medium,Airport,21.06
West Bengal,22.99055633513811,87.83979810943673,Hill Station,August,Cold,Medium,Airport,24.76
Punjab,31.162331979320452,75.34948744539923,Religious,April,Moderate,Medium,Road,19.72
Kerala,10.802547500536821,76.43403185174417,Historical,October,Moderate,Medium,Airport,18.87
Kerala,10.692207583728255,76.31763439939579,Historical,December,Moderate,High,Railway Station,25.66
Tamil Nadu,11.108456358417845,78.60896460573439,Beach,July,Hot,Medium,Airport,26.54
Punjab,31.018240829162238,75.27950675297059,City,January,Moderate,High,Airport,25.58
Uttarakhand,30.018083281697088,78.7975390919848,Hill Station,September,Cold,Medium,Airport,24.92
Rajasthan,26.89135334361094,74.20693741495123,City,August,Moderate,Medium,Airport,23.82
Delhi,28.67616497529431,77.06540688963923,City,January,Moderate,Medium,Airport,20.4
Kerala,10.842751722566812,76.327244446086,Beach,May,Hot,Medium,Airport,27.58
Kerala,10.879315004154027,76.3069848072679,City,December,Moderate,Medium,Airport,18.6
Uttarakhand,29.948207840081317,79.03759145636202,Wildlife,April,Hot,Low,Airport,20.43
Kerala,10.84025207768576,76.29967401612767,Hill Station,March,Cold,Medium,Railway Station,19.44
Himachal Pradesh,31.217020333329337,77.31171356467782,Hill Station,November,Cold,Medium,Airport,24.39
Tamil Nadu,11.048144631448368,78.73066392000598,Religious,February,Moderate,Medium,Railway Station,14.96
Kerala,10.661529651637846,76.22898697651989,City,August,Moderate,Low,Airport,18.84
Uttarakhand,30.156020987281,79.0411124369681,City,November,Moderate,Medium,Airport,21.34
Maharashtra,19.640552445516025,75.79004897389393,Wildlife,July,Hot,Medium,Road,26.54
Himachal Pradesh,31.226294410685497,77.18397703835241,Hill Station,March,Cold,Medium,Airport,28.66
Kerala,10.83077493596477,76.12336507911452,Beach,September,Hot,Medium,Railway Station,26.46
Uttarakhand,30.020760766734334,79.01650305855131,City,October,Moderate,High,Railway Station,26.7
Kerala,11.02981143276075,76.3121429887251,Hill Station,October,Cold,High,Road,27.94
Kerala,10.863054527929977,76.25294410784048,Wildlife,May,Hot,Medium,Airport,30.31
Uttarakhand,30.10031605665351,78.98301443726264,Beach,January,Hot,Medium,Road,35.89
Goa,15.246995957038342,74.04980910003552,Beach,September,Hot,Low,Road,20.42
West Bengal,23.132253846088773,87.99840010037305,Beach,December,Hot,High,Airport,32.45
West Bengal,22.887507751996992,87.90125192395921,Religious,October,Moderate,High,Airport,19.34
Rajasthan,27.099063853447927,74.15690460894095,Wildlife,July,Hot,Medium,Road,28.27
Maharashtra,19.819263710192487,75.71313259363154,City,August,Moderate,Medium,Road,23.24
West Bengal,23.22969347380769,87.84236340019439,Beach,June,Hot,Low,Road,20.16
Uttarakhand,30.013960322797963,78.98273130151276,Wildlife,December,Hot,High,Railway Station,33.67
West Bengal,23.004582979970543,87.8020232294077,Historical,May,Moderate,Low,Road,16.31
Tamil Nadu,10.960847549786392,78.50720110111357,Religious,October,Moderate,High,Road,24.41
Punjab,31.12114032781907,75.46234275036325,Beach,April,Hot,Medium,Airport,25.09
West Bengal,22.9567355960264,87.66500390818331,Beach,July,Hot,Low,Airport,23.48
Goa,15.191604545912206,74.26179743339253,Historical,July,Moderate,Low,Road,15.05
Rajasthan,26.995275865969266,74.14360659037087,City,May,Moderate,Low,Road,21.45
Himachal Pradesh,31.166082532166932,77.13125170028337,Beach,February,Hot,High,Railway Station,33.33
West Bengal,22.990026481077123,87.7656166779361,Wildlife,June,Hot,Low,Airport,26.82
Delhi,28.536803839046286,76.89080974080437,Hill Station,August,Cold,Medium,Road,28.53
Delhi,28.679582757814863,76.95065843011714,City,July,Moderate,Medium,Railway Station,23.74
West Bengal,22.99403966478183,88.10687140992945,Historical,July,Moderate,Low,Railway Station,12.78
West Bengal,22.96748447751504,87.6571615083427,City,May,Moderate,Low,Railway Station,20.34
Punjab,31.192236803144546,75.31059545349356,Beach,August,Hot,Low,Airport,22.28
Goa,15.255794739976414,73.97619977446958,Religious,February,Moderate,Medium,Railway Station,15.86
Himachal Pradesh,31.208089348409167,77.3047700611792,City,September,Moderate,Low,Road,14.65
Maharashtra,19.699686594333315,75.66007628699252,Religious,February,Moderate,High,Railway Station,15.62
Kerala,10.84982638438859,76.23561454269259,Hill Station,February,Cold,High,Airport,28.84
Uttarakhand,30.02555799301501,78.87381078347107,Hill Station,September,Cold,Medium,Airport,21.92
Uttarakhand,30.139996413739432,79.01603962395991,Beach,November,Hot,High,Railway Station,34.02
Goa,15.28112664623841,74.02986185138607,City,December,Moderate,Medium,Road,16.66
Goa,15.24687183903417,74.2056569023971,Beach,December,Hot,High,Road,34.94
Rajasthan,26.798950346550036,74.1053903672977,Religious,December,Moderate,Medium,Road,15.57
Goa,15.42445288692139,74.1697175531157,Hill Station,May,Cold,Medium,Railway Station,28.76
Uttarakhand,30.222441603557176,79.11258953551938,Historical,July,Moderate,Medium,Road,19.89
Punjab,31.110490768709223,75.54221508500892,Historical,November,Moderate,High,Road,29.54
Rajasthan,27.11166548501804,74.35276931986455,Historical,April,Hot,Medium,Airport,20.41
Kerala,11.040728314035398,76.47716889337279,Historical,April,Moderate,Medium,Road,16.41
Delhi,28.57661943847271,77.05724200300568,Wildlife,August,Moderate,Medium,Road,32.09
West Bengal,23.067573955598412,88.0130339770823,City,February,Moderate,High,Railway Station,22.78
Kerala,10.835063592722612,76.37446283354876,Historical,December,Moderate,High,Railway Station,25.75
Kerala,10.800794751316433,76.27656948653747,Historical,August,Moderate,Medium,Road,17.22
Punjab,31.135261992494584,75.4393917163269,City,March,Moderate,Medium,Road,21.32
Rajasthan,27.146080792213343,74.1611192157816,City,December,Moderate,High,Airport,25.13
West Bengal,22.982095655170152,88.00043101017965,Religious,June,Moderate,Medium,Railway Station,18.54
Kerala,10.90130122910546,76.19978076956339,Historical,July,Moderate,Medium,Road,16.08
Tamil Nadu,11.02971716640918,78.58275045725892,Religious,September,Moderate,Low,Railway Station,12.68
Uttarakhand,30.15445405122923,78.6738745147159,Wildlife,January,Hot,Medium,Road,31.0
Punjab,30.9897370977883,75.37840814786674,Beach,March,Hot,Medium,Railway Station,29.76
Delhi,28.83719985491297,77.14338432118146,Religious,October,Moderate,Medium,Road,15.83
Delhi,28.648820908245483,77.04296943023061,Historical,July,Hot,Medium,Airport,16.5
Tamil Nadu,11.230639644980474,78.64964335130408,Hill Station,September,Cold,Medium,Railway Station,22.99
Kerala,10.78157233768476,76.20260038498736,Historical,February,Moderate,Medium,Railway Station,15.45
Delhi,28.755190337908658,77.03981656791086,Historical,November,Hot,Medium,Railway Station,16.45
Himachal Pradesh,31.021867962563864,77.23255710184532,Beach,February,Hot,High,Road,31.61
Maharashtra,19.78639338273511,75.67501902145406,Beach,January,Hot,Medium,Road,28.93
Delhi,28.831108802525492,77.23200071499384,Historical,January,Hot,High,Airport,24.9
Kerala,10.940629621120603,76.17679905960202,Hill Station,July,Cold,Medium,Railway Station,28.49
Kerala,10.882505819149324,76.13955617341128,Beach,May,Hot,Medium,Road,27.49
Maharashtra,19.797707425589753,75.68232419917828,Hill Station,August,Cold,Medium,Airport,23.63
Uttarakhand,29.979675418818548,79.01721604472287,Wildlife,January,Hot,High,Airport,32.93
Uttarakhand,30.126313118591376,79.14916932909934,Historical,July,Moderate,Medium,Airport,15.87
Himachal Pradesh,31.13162657095322,77.19482824917381,Beach,September,Hot,Low,Railway Station,25.85
West Bengal,22.791840982727397,87.92172189393045,Religious,February,Moderate,Medium,Railway Station,21.26
Kerala,10.753328282072308,76.18157828558475,Beach,April,Hot,Low,Railway Station,27.95
Tamil Nadu,11.151360281305495,78.74346746511674,Religious,November,Moderate,High,Railway Station,20.55
Rajasthan,27.155382184001624,74.28257439354186,Wildlife,October,Hot,High,Railway Station,36.24
Delhi,28.720778193865563,77.24518361417557,Beach,September,Hot,Low,Road,27.51
West Bengal,22.83574539496305,87.78622157051745,City,April,Moderate,Medium,Airport,19.62
Rajasthan,26.996890068132355,74.25096932266568,Historical,February,Hot,High,Railway Station,23.66
Delhi,28.69584864810886,76.9319792392224,Beach,September,Hot,Medium,Railway Station,26.37
Delhi,28.696354699273375,77.2577829320199,Historical,August,Hot,Medium,Railway Station,17.8
Delhi,28.624070671839263,77.10070720317502,Hill Station,December,Cold,High,Airport,25.16
Goa,15.225876005230836,74.16521638465035,Religious,August,Moderate,Medium,Railway Station,9.86
Goa,15.46183303090752,73.98783249695363,Historical,October,Moderate,Medium,Airport,15.61
Tamil Nadu,11.253596355977166,78.59729634501524,Beach,March,Hot,Low,Road,24.58
Tamil Nadu,11.049973058332252,78.6066090349962,Historical,July,Moderate,Medium,Road,19.14
Rajasthan,26.949904897609812,74.39111845771775,Religious,October,Moderate,High,Airport,23.2
Tamil Nadu,11.151884628190183,78.5498679451348,Religious,January,Moderate,High,Airport,14.7
Rajasthan,26.9708764299477,74.22476281999327,City,November,Moderate,Medium,Road,19.16
Goa,15.187605911589765,74.01922250538608,Religious,February,Moderate,High,Road,25.19
Kerala,10.909433728473385,76.3776102868732,Historical,July,Moderate,Medium,Road,19.03
Himachal Pradesh,31.029253919860714,77.39671159171321,City,February,Moderate,High,Airport,26.82
Maharashtra,19.613883298358207,75.68975801644817,City,July,Moderate,Low,Railway Station,18.1
Rajasthan,26.808441188705547,74.24034200383822,City,April,Moderate,Medium,Road,22.83
Punjab,31.211117071088264,75.55076903299604,Historical,January,Moderate,Medium,Airport,17.94
West Bengal,23.0157338905643,87.83797762080289,Historical,June,Moderate,Medium,Road,16.62
Tamil Nadu,11.20270477759808,78.60716258503497,Beach,July,Hot,Medium,Airport,33.28
Punjab,31.330174382483126,75.39051956884899,City,February,Moderate,Medium,Road,22.44
Rajasthan,26.969244739726314,74.26261634130857,City,November,Moderate,High,Road,23.94
West Bengal,22.752552166233464,87.8849671977338,Historical,August,Moderate,Low,Airport,16.55
Himachal Pradesh,31.158517981454175,77.26782148402518,Wildlife,November,Moderate,High,Airport,31.78
West Bengal,23.063514690143574,87.91708417480334,Beach,August,Hot,Medium,Railway Station,30.59
Rajasthan,27.10167743079778,74.15843270128379,Beach,January,Hot,Medium,Road,29.71
Himachal Pradesh,30.92962440832101,77.28628327469434,Beach,May,Hot,Medium,Airport,28.73
Maharashtra,19.794785040252,75.82497531724145,Religious,July,Moderate,Low,Airport,8.47
Himachal Pradesh,31.05593446033883,77.14681447045531,Religious,January,Moderate,High,Road,24.27
Goa,15.28637025429645,74.11063722702731,Beach,August,Hot,Medium,Railway Station,30.62
Rajasthan,26.97809861801478,74.240441014263,Beach,December,Hot,High,Airport,32.67
Maharashtra,19.882296419254935,75.76936387081318,Beach,August,Hot,Medium,Road,26.0
Punjab,31.00283643289868,75.35115575975999,Religious,September,Moderate,Low,Road,7.13
Himachal Pradesh,31.129289730171273,77.11307031512219,Historical,December,Moderate,High,Railway Station,24.1
West Bengal,22.963607599788638,87.83702438669236,Hill Station,October,Cold,High,Airport,31.72
Punjab,31.048605387488294,75.32981752276925,Historical,April,Moderate,Low,Airport,10.37
Uttarakhand,30.003400653674348,78.98330315785759,Beach,April,Hot,Medium,Airport,31.3
Punjab,31.07283408342276,75.29059107088081,Historical,January,Moderate,High,Airport,23.49
Uttarakhand,30.14753904106539,79.00460432245629,Beach,November,Hot,Medium,Road,26.6
Himachal Pradesh,31.045998148096306,77.15474267469446,Beach,February,Hot,High,Road,39.37
Rajasthan,27.003833632581358,74.29235296083014,Religious,March,Moderate,Low,Airport,18.51
Tamil Nadu,11.16228154509139,78.58198473451328,Wildlife,February,Hot,High,Railway Station,32.37
Uttarakhand,30.097671839419384,78.98540319491767,Wildlife,November,Hot,Medium,Airport,30.61
Delhi,28.64183861000407,76.92359876094986,Beach,September,Hot,Medium,Railway Station,26.46
Tamil Nadu,11.109262508039173,78.5687458727926,Hill Station,April,Cold,Medium,Airport,28.02
Himachal Pradesh,31.15012219022829,77.32084820073783,City,June,Moderate,Low,Airport,14.11
Punjab,31.212955160200398,75.09125174717236,Historical,November,Moderate,High,Railway Station,24.23
Punjab,31.166596770599075,75.28590759837638,Historical,April,Moderate,Medium,Railway Station,16.03
Kerala,11.006239015764967,76.16683025908168,Hill Station,November,Cold,High,Railway Station,26.83
Delhi,28.661100859138518,77.234834092249,City,January,Moderate,High,Airport,26.62
Kerala,10.852126859771827,76.32401151085638,Historical,May,Moderate,Medium,Road,17.9
West Bengal,23.01978230608685,87.84882239377295,Hill Station,December,Cold,High,Road,31.47
Delhi,28.726853895389624,76.95803408283167,Beach,May,Hot,Low,Airport,25.49
Delhi,28.68423308661771,77.13958677924711,City,November,Moderate,High,Road,26.68
Tamil Nadu,11.091629805566807,78.57959618175988,Religious,December,Moderate,High,Airport,19.03
Uttarakhand,30.012479849962368,79.00001939126926,Beach,November,Hot,High,Road,36.57
Uttarakhand,30.125464957033866,79.02459610899146,Religious,August,Moderate,Low,Airport,7.98
Uttarakhand,30.05929729996032,79.12859591108966,Hill Station,October,Cold,High,Road,31.32
West Bengal,23.018298753542048,87.91740901831842,Historical,September,Moderate,Medium,Road,20.91
Kerala,10.780880152769582,76.32564087738332,Wildlife,October,Moderate,High,Road,36.01
Punjab,31.183354309109294,75.45746480586863,Beach,January,Hot,High,Road,29.7
Himachal Pradesh,31.139041358076835,77.06017208704552,City,April,Moderate,Medium,Road,14.68
Tamil Nadu,11.010555847377894,78.80396619906523,Beach,October,Hot,High,Airport,30.96
Punjab,31.03333553957307,75.43314424164251,Beach,June,Hot,Medium,Railway Station,34.13
Goa,15.171562886644939,74.21509070350336,Beach,March,Hot,Medium,Railway Station,33.32
Kerala,10.655322351640482,76.4563290954071,Religious,January,Moderate,High,Airport,17.43
Delhi,28.66381665715252,77.08556711428851,Historical,December,Hot,High,Railway Station,22.11
Rajasthan,27.110254066946347,74.2513983555498,City,June,Moderate,Medium,Road,14.24
Punjab,31.288797397383753,75.46194912492746,Wildlife,July,Hot,Medium,Road,33.52
Goa,15.28800188768934,74.2134458843105,Hill Station,April,Cold,Medium,Road,24.68
Uttarakhand,30.11857279086901,78.95262152360382,City,April,Moderate,Medium,Airport,21.0
Maharashtra,19.844842295447588,75.67772830121827,Hill Station,November,Cold,Medium,Airport,25.79
Kerala,10.926890290857564,76.23206055328829,Wildlife,July,Hot,Medium,Road,28.54
Uttarakhand,30.00157151552733,78.98252479964853,Beach,August,Hot,Medium,Road,33.64
Punjab,31.131054995673434,75.313188899225,Hill Station,August,Cold,Medium,Airport,27.3
Kerala,10.813154694401955,76.35017440072399,Hill Station,November,Cold,High,Airport,32.27
Kerala,10.898884112502646,76.26686681043398,Beach,February,Hot,High,Airport,29.14
Delhi,28.691992456760946,77.23905603704323,Wildlife,April,Hot,Medium,Airport,26.01
Maharashtra,19.82978068249924,75.80630110572571,Hill Station,July,Cold,Medium,Road,24.86
West Bengal,22.97865440122221,87.92254908472655,City,March,Moderate,Medium,Road,22.99
Kerala,10.788352659528552,76.48235192909628,Beach,July,Hot,Low,Airport,26.73
Delhi,28.665790507884022,77.01019276036845,Beach,May,Hot,Low,Railway Station,26.93
Delhi,28.656606537777876,77.03727334968967,Historical,November,Hot,High,Airport,22.19
Goa,15.022567457739761,74.39548169394862,Historical,February,Moderate,High,Railway Station,25.58
Tamil Nadu,11.03264232800791,78.72248839906914,Historical,March,Moderate,Medium,Railway Station,22.51
West Bengal,23.00494610634806,87.72364722016461,Historical,September,Moderate,Low,Road,12.72
Tamil Nadu,11.280450084098032,78.61739781355615,Beach,August,Hot,Low,Airport,25.12
Tamil Nadu,11.119162385997969,78.67834632674675,Historical,February,Moderate,High,Railway Station,26.89
Delhi,28.82783697935636,77.07672754384137,Wildlife,March,Hot,Medium,Road,27.71
Rajasthan,27.100644073132678,74.2180467371442,City,July,Moderate,Medium,Railway Station,21.61
Goa,15.253339470124253,74.01767413134687,Historical,May,Moderate,Medium,Railway Station,12.19
Maharashtra,19.614767353871503,75.74552737802597,Wildlife,August,Hot,Medium,Airport,27.86
Uttarakhand,30.20837466076601,79.12139796051477,Beach,December,Hot,Medium,Railway Station,34.1
Kerala,10.800579800172407,76.1992516014839,Beach,April,Hot,Medium,Airport,35.61
Punjab,31.217926621965738,75.41876752996157,Wildlife,December,Moderate,High,Road,35.35
Uttarakhand,30.047825649604594,78.93848983544743,Historical,July,Moderate,Low,Railway Station,13.0
Tamil Nadu,11.340632112397596,78.62324550787908,Religious,June,Moderate,Medium,Railway Station,18.44
West Bengal,22.930957983151245,87.77860525977557,City,November,Moderate,High,Road,23.43
Himachal Pradesh,31.026268207973676,77.36829631114476,Historical,January,Moderate,High,Airport,20.81
Tamil Nadu,11.31051345643624,78.4797577448556,Wildlife,March,Moderate,Low,Airport,26.53
Tamil Nadu,11.04827848326981,78.5511063337991,City,December,Moderate,High,Railway Station,21.31
Maharashtra,19.75502953907452,75.64161652048217,Religious,August,Moderate,Low,Road,12.66
Uttarakhand,30.03463364194509,78.99071440438426,Religious,January,Moderate,High,Road,15.47
Tamil Nadu,11.014133254068946,78.60781935335035,Historical,December,Moderate,Medium,Airport,17.26
Kerala,10.678537248133447,76.23834405766311,Historical,January,Moderate,High,Railway Station,19.61
Punjab,31.06045522300476,75.43187842666754,Religious,November,Moderate,High,Road,21.54
Rajasthan,27.051175970546396,74.21582021694678,City,October,Moderate,High,Railway Station,26.22
Rajasthan,27.092870088934866,74.23216884122016,City,April,Moderate,Low,Road,16.14
Delhi,28.738222663269248,77.13475262632561,Religious,March,Moderate,Low,Airport,16.81
Himachal Pradesh,31.1723664453257,77.09372187673308,Hill Station,November,Cold,Medium,Road,25.4
Tamil Nadu,11.166219015882625,78.69875693262294,Historical,December,Moderate,Medium,Road,16.62
Himachal Pradesh,31.336273230454093,77.25237710286368,Wildlife,April,Hot,Medium,Railway Station,28.22
Rajasthan,27.015966915106986,74.16635307269162,Historical,May,Hot,Medium,Road,18.15
Goa,15.302314066131519,74.13519819326213,Wildlife,September,Hot,Low,Road,21.56
Tamil Nadu,11.265550496265103,78.68210339799349,Wildlife,May,Moderate,Medium,Road,26.63
Tamil Nadu,10.99381920211765,78.79584431335178,Religious,February,Moderate,Medium,Airport,18.64
Delhi,28.709438427247903,77.16531029698338,City,March,Moderate,Medium,Railway Station,22.28
Kerala,10.769362149910444,76.34685291392087,Religious,July,Moderate,Medium,Road,16.27
Goa,15.213155657053571,74.13374889390236,Hill Station,March,Cold,Medium,Railway Station,27.96
Punjab,31.058358458230316,75.5381445381332,Hill Station,February,Cold,Medium,Road,28.99
Tamil Nadu,11.016127917170676,78.63324038959631,Wildlife,July,Hot,Medium,Road,25.8
Goa,15.131162310828474,74.12316392127285,Religious,July,Moderate,Low,Airport,8.67
Rajasthan,27.013448364493716,74.09015820518677,City,March,Moderate,Medium,Road,22.93
Rajasthan,26.881710601477657,74.19758314710153,Beach,August,Hot,Low,Airport,20.71
Maharashtra,19.678084082762904,75.79211330142039,Hill Station,August,Cold,Low,Road,19.52
Kerala,10.822471728692282,76.13303478298899,Beach,April,Hot,Medium,Airport,31.82
Rajasthan,26.993261138079593,74.31894418828266,Beach,May,Hot,Low,Railway Station,26.24
West Bengal,22.91769456226061,87.86683502011235,Religious,October,Moderate,High,Airport,19.5
Rajasthan,26.951080255140695,74.20288243486051,Hill Station,May,Cold,Medium,Airport,22.59
Tamil Nadu,11.019073294021931,78.69490674405738,Hill Station,May,Cold,Medium,Airport,23.08
Uttarakhand,30.085275881278843,78.9826263921483,Hill Station,October,Cold,High,Airport,31.71
West Bengal,23.139818562379656,87.79078728261685,Historical,November,Moderate,High,Airport,22.06
Punjab,31.095556070856404,75.34386031212536,Hill Station,May,Cold,Low,Airport,13.92
Delhi,28.788263225576507,77.12092172295301,Hill Station,February,Cold,High,Airport,29.09
Maharashtra,19.711700822511077,75.73970919766013,Hill Station,July,Cold,Low,Road,21.83
Maharashtra,19.71449633874318,75.38178854444108,City,August,Moderate,Medium,Railway Station,16.54
Uttarakhand,30.039932212247503,79.0540673542245,Wildlife,July,Moderate,Medium,Railway Station,26.23
Uttarakhand,29.898927723765148,79.12704938111462,Religious,June,Moderate,Medium,Railway Station,13.69
Kerala,10.887620676347007,76.27292309971372,City,November,Moderate,High,Railway Station,23.62
Tamil Nadu,11.16983760454708,78.51836394815554,Wildlife,January,Hot,High,Railway Station,31.37
Uttarakhand,29.947404577795478,78.8985333647098,Hill Station,January,Cold,Medium,Railway Station,26.78
Tamil Nadu,11.041547231205938,78.47562720349268,Religious,March,Moderate,Medium,Airport,15.26
Delhi,28.83700720969941,77.30114105762733,Hill Station,September,Cold,Medium,Railway Station,21.9
Kerala,10.812322880332596,76.32994361802403,City,August,Moderate,Medium,Road,17.77
West Bengal,23.31557611873887,87.84088503276573,Wildlife,July,Hot,Medium,Road,29.31
Kerala,10.778657676031516,76.25220394963335,Hill Station,November,Cold,Medium,Railway Station,24.84
Punjab,31.100659821859008,75.48358989372468,Religious,June,Moderate,Medium,Airport,20.81
Uttarakhand,30.136456634345755,78.97771837901213,Religious,August,Moderate,Medium,Airport,17.15
Delhi,28.705612326158455,77.13613229693213,Historical,July,Hot,Medium,Road,20.78
Delhi,28.552547353861442,77.09772918433242,Hill Station,June,Cold,Medium,Railway Station,24.71
West Bengal,22.924094915455264,87.97575031949519,Religious,December,Moderate,High,Airport,20.25
Tamil Nadu,11.003995801718466,78.68055688934132,City,October,Moderate,Medium,Airport,21.05
Rajasthan,26.946172351603202,74.50128922319375,Wildlife,October,Moderate,Medium,Road,26.75
Maharashtra,19.685116689717432,75.68979367775341,Hill Station,March,Cold,Low,Railway Station,18.57
Himachal Pradesh,31.14512722774109,77.22443204124441,City,November,Moderate,Medium,Road,18.7
West Bengal,22.999266339340753,87.96494637713957,Beach,August,Hot,Medium,Airport,35.59
West Bengal,23.020923437168342,88.04282773517443,Religious,September,Moderate,Medium,Airport,15.95
Kerala,10.711047156213453,76.2670962792479,Beach,March,Hot,Low,Road,22.99
Himachal Pradesh,30.981311637266565,77.02824104214501,Hill Station,July,Cold,Low,Road,24.6
Punjab,30.856233925551948,75.21892497212619,Beach,June,Hot,Low,Railway Station,28.95
Goa,15.235903337437,74.18123669415776,Beach,December,Hot,Medium,Railway Station,27.25
West Bengal,23.026431968200786,87.79197679263537,Religious,February,Moderate,Medium,Road,13.35
Rajasthan,27.179516088969866,74.23660077214747,Wildlife,November,Hot,Medium,Road,23.29
West Bengal,23.03928675778853,87.9338070401603,Hill Station,December,Cold,Medium,Railway Station,28.83
Kerala,10.702693090940747,76.29539439123509,Wildlife,October,Hot,Medium,Airport,26.97
Uttarakhand,29.972046925902788,79.1446058210244,Historical,December,Moderate,High,Road,27.36
Tamil Nadu,11.022177674995298,78.72535747250357,Religious,November,Moderate,Medium,Road,16.73
Tamil Nadu,11.177953531762714,78.69916286171924,Beach,April,Hot,Low,Railway Station,26.29
Himachal Pradesh,30.989011756808342,77.18598099534853,City,February,Moderate,High,Airport,18.96
Himachal Pradesh,31.265293450175392,77.28034473881242,City,December,Moderate,High,Road,21.45
Kerala,10.796931288185643,76.31856536457573,Religious,February,Moderate,High,Road,21.99
Uttarakhand,29.99919456334512,79.1186740262868,Beach,June,Hot,Medium,Railway Station,31.71
Delhi,28.72459008579771,77.07490178568933,Religious,January,Moderate,High,Railway Station,21.24
Punjab,31.104298806794578,75.39342968416166,Wildlife,September,Hot,Medium,Airport,31.29
Tamil Nadu,11.06650099539151,78.56262247597695,Historical,June,Moderate,Medium,Railway Station,16.42
Rajasthan,26.90762486998236,74.45120164182526,Wildlife,November,Hot,High,Road,34.69
Delhi,29.012831381111233,77.14492505876689,Beach,February,Hot,Medium,Railway Station,33.89
Punjab,31.08573687616197,75.34846108342363,Wildlife,August,Hot,Medium,Railway Station,27.62
Rajasthan,26.91316558429229,74.22806557615661,City,April,Moderate,Medium,Railway Station,18.07
West Bengal,22.828970962384957,87.82864444479836,Beach,October,Hot,Medium,Railway Station,33.43
Rajasthan,27.09012733812645,74.47814798748743,Religious,November,Moderate,High,Road,19.8
Punjab,31.05537383578227,75.30448858299278,Wildlife,June,Moderate,Low,Railway Station,24.43
Maharashtra,19.831923829468266,75.68454620657127,Religious,February,Moderate,High,Railway Station,22.09
Delhi,28.836650021972126,77.08585144157185,Historical,November,Hot,High,Airport,22.06
West Bengal,22.89189597087844,87.86725810686805,City,December,Moderate,High,Railway Station,22.09
Punjab,31.08439721481696,75.59203062730566,City,March,Moderate,Low,Road,12.78
Kerala,10.860029311916024,76.42667119779163,Religious,April,Moderate,Medium,Road,22.42
Punjab,31.165069538110618,75.33625334286768,Beach,August,Hot,Medium,Road,32.93
Tamil Nadu,11.068138073743953,78.4471095315711,City,November,Moderate,Medium,Airport,19.24
Punjab,31.256767088749612,75.46713165798951,Wildlife,July,Moderate,Medium,Railway Station,27.75
Tamil Nadu,11.241796286825517,78.65041285589466,Religious,August,Moderate,Low,Railway Station,12.16
Tamil Nadu,11.33747614769458,78.73073984490604,Historical,February,Moderate,Medium,Road,13.63
Goa,15.086897292412116,74.05499874001853,City,December,Moderate,High,Airport,27.54
Maharashtra,19.81607378503779,75.66309706405575,Historical,February,Moderate,Medium,Airport,14.78
Uttarakhand,29.890865051121636,79.06771279200393,Wildlife,January,Hot,High,Road,35.44
Goa,15.130961786695718,73.96266317637951,Historical,November,Moderate,Medium,Airport,17.71
Delhi,28.517328200184032,76.90368453810785,Beach,August,Hot,Medium,Road,30.02
West Bengal,22.95028670622042,87.74458545433362,City,March,Moderate,Medium,Airport,20.05
Kerala,10.85280825557024,76.160506677542,Religious,April,Moderate,Medium,Road,14.13
Punjab,31.197797634582813,75.45258623979822,City,December,Moderate,Medium,Road,23.55
Himachal Pradesh,31.27814534666048,77.11123379949525,Religious,March,Moderate,Low,Railway Station,5.0
Tamil Nadu,11.080186928387254,78.60658364809535,Religious,March,Moderate,Medium,Airport,21.45
Himachal Pradesh,30.979852351145812,77.10810980148216,City,August,Moderate,Medium,Airport,16.96
Punjab,31.209907869690024,75.1750795594816,Hill Station,September,Cold,Medium,Road,26.81
Uttarakhand,29.990933479845722,79.0815379118473,Wildlife,July,Moderate,Low,Airport,27.65
Tamil Nadu,11.240825324664169,78.73887680694754,Beach,January,Hot,High,Airport,35.04
Kerala,10.909052153285687,76.10396677323652,Historical,August,Moderate,Low,Railway Station,18.13
Delhi,28.794742458740103,77.11280730419242,Beach,November,Hot,High,Road,38.32
Tamil Nadu,11.105722975193766,78.55656981690244,Religious,November,Moderate,High,Road,21.2
Himachal Pradesh,30.972933277197136,77.25868059005568,Historical,November,Moderate,High,Railway Station,17.58
Goa,15.249284731878527,74.17720224322727,Religious,November,Moderate,Medium,Railway Station,19.22
Uttarakhand,29.96511114508709,79.00386696241203,Hill Station,February,Cold,High,Airport,22.67
Himachal Pradesh,31.070801627764848,77.36869445539995,Hill Station,August,Cold,Medium,Road,27.88
Maharashtra,19.67593231612711,75.60694400941226,Beach,January,Hot,High,Road,35.2
Delhi,28.770223634811487,77.01200485110868,Wildlife,August,Hot,Medium,Railway Station,27.32
Himachal Pradesh,31.105528298705043,77.16282919190243,Wildlife,March,Moderate,Medium,Railway Station,26.44
West Bengal,23.05143201631358,88.00244973675706,Religious,December,Moderate,High,Railway Station,21.44
Goa,15.42284317757568,74.1335027885272,Wildlife,March,Hot,Medium,Airport,26.2
Uttarakhand,30.16735588470062,79.32605021115867,Hill Station,December,Cold,Medium,Road,30.18
Rajasthan,27.096341882715777,74.19912983941259,Historical,December,Hot,High,Airport,22.79
Tamil Nadu,10.934573778741251,78.72961224814854,Wildlife,September,Hot,Medium,Road,24.88
West Bengal,23.091640187314162,87.84597754020999,Hill Station,September,Cold,Medium,Road,23.76
Maharashtra,19.716749970029408,75.62967042832298,Religious,November,Moderate,High,Airport,26.83
Kerala,10.637518981614013,76.33356733536989,Religious,February,Moderate,High,Airport,16.8
Delhi,28.638496524175935,77.21366314741411,Religious,March,Moderate,Medium,Airport,11.76
Maharashtra,19.784659995427905,75.75015162252818,Historical,June,Moderate,Medium,Airport,19.79
Punjab,31.304672045037375,75.3430790511308,Beach,October,Hot,High,Airport,38.37
Rajasthan,26.939622709232115,74.18180806770067,Hill Station,September,Cold,Low,Railway Station,19.27
Punjab,31.320030086604476,75.19209200763885,Hill Station,February,Cold,High,Road,34.37
Goa,15.295770408281133,74.29108505294437,City,September,Moderate,Low,Airport,10.6
Tamil Nadu,11.234436658244498,78.74385725186534,Religious,January,Moderate,High,Airport,28.61
Goa,15.235100300554667,74.26644504949073,Hill Station,September,Cold,Medium,Railway Station,28.99
Maharashtra,19.84048569517855,75.75597665625186,Historical,March,Moderate,Low,Road,12.31
West Bengal,23.031943876653347,87.99786425440146,Religious,June,Moderate,Low,Road,7.55
Uttarakhand,30.0801443279044,78.98656959687257,Wildlife,September,Hot,Medium,Road,26.32
Kerala,10.850275379824287,76.18929978152583,Religious,February,Moderate,High,Road,27.04
Punjab,31.07563242102159,75.25835830695497,Beach,January,Hot,High,Airport,35.37
Rajasthan,27.025729088037394,74.21566914610875,City,April,Moderate,Medium,Airport,15.67
Delhi,28.89162253884834,77.11295140360758,Wildlife,April,Moderate,Low,Road,24.03
Uttarakhand,30.159291466921854,78.98990456077858,City,March,Moderate,Medium,Road,16.65
Delhi,28.807397423491402,76.97150234456251,Historical,February,Hot,Medium,Road,18.6
Goa,15.168871133769725,74.14314561361499,City,July,Moderate,Medium,Road,24.26
Rajasthan,26.967415166814014,73.98535798458603,Historical,August,Hot,Low,Airport,15.21
Goa,15.058233730509187,74.25975882092769,Religious,July,Moderate,Low,Road,14.94
Rajasthan,26.821171648863277,74.14155763671438,Wildlife,April,Hot,Medium,Airport,30.66
Goa,15.344527437764858,74.29156362938456,Religious,December,Moderate,High,Road,23.01
Kerala,10.73603823351234,76.34520992282667,Religious,June,Moderate,Medium,Road,16.42
Maharashtra,19.72793465994848,75.61342737723545,Wildlife,March,Hot,Medium,Railway Station,26.91
Rajasthan,26.99065006117005,74.2259362325963,City,July,Moderate,Low,Railway Station,15.99
Punjab,31.112111465087697,75.32311925549128,Wildlife,April,Moderate,Medium,Airport,27.64
Goa,15.06808129970617,74.06412601876936,Hill Station,September,Cold,Medium,Airport,22.86
Maharashtra,19.72678283877556,75.68077606911216,Historical,February,Moderate,High,Railway Station,21.84
Himachal Pradesh,30.987271988340375,77.10595128256192,City,June,Moderate,Medium,Railway Station,20.84
Rajasthan,26.926092785385862,74.1936333538573,Beach,May,Hot,Medium,Airport,23.19
Himachal Pradesh,31.295959501200436,77.24000897418264,Historical,April,Moderate,Medium,Railway Station,25.74
Himachal Pradesh,31.0994787563727,77.1987683554298,Hill Station,March,Cold,Medium,Road,22.93
Goa,15.285800977202294,74.05223608623893,Wildlife,August,Moderate,Low,Airport,19.06
Maharashtra,19.695170233245413,75.75532752175135,City,December,Moderate,High,Road,26.27
Goa,15.350266620900003,74.22175821467762,Wildlife,May,Hot,Medium,Road,28.75
Himachal Pradesh,31.043630687829822,77.12371238726585,Hill Station,March,Cold,Low,Railway Station,20.4
Tamil Nadu,11.004517823131827,78.70038863403636,Beach,June,Hot,Medium,Road,30.22
Maharashtra,19.74136496896162,75.58831832157577,Wildlife,October,Hot,Medium,Railway Station,31.43
West Bengal,22.892475723735622,87.7624544751901,Wildlife,March,Moderate,Low,Railway Station,20.46
Punjab,31.312986969445532,75.43965928948958,Religious,September,Moderate,Low,Road,10.08
Rajasthan,27.058095626745533,74.15319741997014,Religious,March,Moderate,Low,Airport,14.37
Tamil Nadu,10.979061961267435,78.54458028596602,Wildlife,December,Moderate,Medium,Railway Station,28.06
Punjab,31.064603931340873,75.2211181000165,Religious,November,Moderate,Medium,Railway Station,19.41
Kerala,10.996846134655334,76.08055835319841,Religious,October,Moderate,High,Railway Station,14.38
West Bengal,23.125287109379403,87.89466279392215,Beach,August,Hot,Medium,Railway Station,29.81
West Bengal,23.09339637197318,87.85678322545299,Wildlife,May,Hot,Medium,Railway Station,25.5
Tamil Nadu,11.044590270005449,78.66154612731542,Wildlife,December,Hot,High,Airport,33.11
Goa,15.237748415000636,74.09505638093519,Religious,February,Moderate,High,Railway Station,23.57
Tamil Nadu,11.165605516793784,78.38614343063279,City,February,Moderate,Medium,Road,20.02
Himachal Pradesh,31.1089212775028,77.1543014191522,Hill Station,December,Cold,High,Airport,31.14
Himachal Pradesh,31.03846616764877,77.03588506079598,Beach,October,Hot,High,Airport,33.87
Himachal Pradesh,31.17169403187958,76.90663702853936,Religious,May,Moderate,Low,Road,18.4
West Bengal,22.734454263748752,87.82490647070298,Hill Station,July,Cold,Medium,Road,27.65
Maharashtra,19.78901900169423,75.82818303395563,Religious,March,Moderate,Low,Railway Station,10.44
West Bengal,23.099375684903208,87.86730507865589,Wildlife,November,Hot,High,Road,33.34
Maharashtra,19.606389601353325,75.67328485834261,Religious,February,Moderate,High,Railway Station,20.43
Punjab,31.192234754786462,75.22308064605706,Wildlife,April,Moderate,Low,Road,20.16
Punjab,31.138402390237324,75.12213970835988,Religious,July,Moderate,Low,Road,9.15
Maharashtra,19.718720494412253,75.70973399766186,Religious,June,Moderate,Medium,Airport,14.77
Maharashtra,20.010079062721797,75.76532795326685,Religious,October,Moderate,Medium,Airport,12.3
Delhi,28.639447152052348,77.18717711090083,Historical,March,Hot,Medium,Road,16.44
Maharashtra,19.759407026820885,75.78390726963262,Beach,March,Hot,Medium,Airport,25.77
Uttarakhand,30.007167531090808,79.07216348153345,Beach,September,Hot,Low,Railway Station,28.84
Punjab,31.263397582623604,75.36810175277715,Historical,August,Moderate,Low,Railway Station,17.16
Rajasthan,26.88343837889282,74.31282631742823,City,February,Moderate,High,Railway Station,28.63
Kerala,10.842624711375537,76.40165827158106,Wildlife,February,Hot,Medium,Railway Station,27.63
Goa,15.043596170167955,74.08548123722962,Historical,May,Moderate,Medium,Railway Station,15.86
Kerala,10.840359217027814,76.26129990332167,Hill Station,December,Cold,Medium,Road,25.98
Delhi,28.79068615583338,77.2093687353659,Historical,April,Hot,Medium,Railway Station,20.43
Maharashtra,19.705208362051366,75.82143905544163,Hill Station,August,Cold,Low,Road,23.05
West Bengal,23.007734633589543,87.86993338397698,Hill Station,June,Cold,Medium,Airport,28.33
Delhi,28.863592020808603,77.1012723466498,Historical,June,Hot,Medium,Railway Station,13.89
Uttarakhand,30.22115389313808,78.90076173712995,Hill Station,January,Cold,High,Railway Station,30.85
Rajasthan,27.039979154060273,74.25257240162419,Historical,June,Hot,Medium,Airport,20.02
Himachal Pradesh,31.180737549938947,77.09464485310367,Historical,August,Moderate,Medium,Airport,16.99
Himachal Pradesh,31.13955180359053,77.37703475146563,Wildlife,September,Hot,Low,Airport,22.27
Tamil Nadu,11.126006094803992,78.70088428864727,Hill Station,August,Cold,Medium,Airport,27.26
Rajasthan,27.090335678764497,74.24185477208692,Religious,May,Moderate,Medium,Airport,17.39
West Bengal,22.906078432251554,87.84921338407857,Historical,June,Moderate,Low,Railway Station,18.69
Uttarakhand,29.99644760183329,78.98346120318227,Historical,March,Moderate,Low,Road,8.49
Goa,15.358113795134267,73.99293542156956,Hill Station,August,Cold,Medium,Road,28.42
West Bengal,22.96931383643233,87.83457595103349,Beach,March,Hot,Medium,Railway Station,36.66
Tamil Nadu,11.198011438963329,78.67312232168987,Hill Station,June,Cold,Low,Road,22.16
Kerala,10.81694441068487,76.2597019810018,Hill Station,April,Cold,Medium,Railway Station,27.15
Punjab,31.19347230575571,75.22444991761193,Beach,July,Hot,Medium,Railway Station,29.97
Uttarakhand,30.065225785146737,79.11643898894276,Hill Station,March,Cold,Medium,Road,23.26
Kerala,10.804883165251994,76.32135747743715,Historical,November,Moderate,Medium,Railway Station,19.33
Himachal Pradesh,31.174023488546826,77.15122479819927,Historical,August,Moderate,Low,Road,9.41
West Bengal,23.015303474209936,87.82436045729135,Religious,December,Moderate,Medium,Airport,12.06
Uttarakhand,29.96384754848042,79.03301334013192,Historical,September,Moderate,Medium,Road,12.25
Tamil Nadu,11.022807173819126,78.69380520485899,Beach,February,Hot,Medium,Airport,34.22
Punjab,31.057163272016272,75.24346167497654,Beach,March,Hot,Low,Railway Station,27.53
Maharashtra,19.78823603491475,75.8741844247178,Hill Station,November,Cold,High,Airport,26.53
Punjab,31.036561781863494,75.2786484343318,Religious,June,Moderate,Low,Railway Station,15.31
Delhi,28.483345243432865,77.07621595005376,Religious,January,Moderate,High,Railway Station,23.36
West Bengal,23.054978318183462,87.88870486908448,City,May,Moderate,Medium,Railway Station,16.88
Himachal Pradesh,31.03885045631616,77.19044846806969,Historical,April,Moderate,Medium,Road,18.49
Rajasthan,26.874273393999857,74.2238539936231,Religious,September,Moderate,Low,Airport,14.41
Kerala,10.781464813387371,76.26251360992023,City,February,Moderate,Medium,Railway Station,20.9
Kerala,10.72766512347621,76.1713622629251,Religious,July,Moderate,Low,Airport,12.15
West Bengal,22.79356279125042,87.82202017429542,Religious,February,Moderate,High,Road,28.85
Maharashtra,19.78991601779675,75.71395393626288,Wildlife,March,Hot,Medium,Airport,23.44
Delhi,28.815038016701646,77.09555659315207,Religious,November,Moderate,High,Airport,22.91
Kerala,11.042722456026945,76.31202125786066,Hill Station,March,Cold,Medium,Railway Station,26.54
Punjab,31.232578800141304,75.28748405375194,City,April,Moderate,Medium,Airport,18.72
Tamil Nadu,11.207088728970598,78.72766782440272,Hill Station,October,Cold,Medium,Airport,25.78
Himachal Pradesh,31.159499572487764,77.3061959478671,Hill Station,July,Cold,Medium,Railway Station,26.52
Maharashtra,19.75324289529581,75.74698635310669,City,December,Moderate,High,Road,22.45
Kerala,10.890793687242054,76.15068852671045,Beach,June,Hot,Low,Railway Station,30.04
West Bengal,23.06268477658388,87.93829454428251,Hill Station,September,Cold,Medium,Railway Station,29.44
Punjab,31.124734392938706,75.28087713283696,City,February,Moderate,Medium,Railway Station,21.76
Uttarakhand,30.066166585953475,78.80318378964283,City,June,Moderate,Medium,Road,15.84
Tamil Nadu,11.089340341973154,78.78347990843663,Beach,June,Hot,Medium,Airport,33.69
Rajasthan,27.03651739191943,74.27372321068783,Hill Station,January,Cold,High,Airport,30.16
Uttarakhand,30.11240395883837,79.07836652967043,Beach,May,Hot,Medium,Railway Station,29.48
Goa,15.210512081446383,74.15505624837043,Wildlife,February,Hot,High,Railway Station,31.23
Rajasthan,26.93774761320188,74.2106522280406,City,August,Moderate,Low,Railway Station,15.66
Uttarakhand,29.84422666626111,79.03124566734058,City,February,Moderate,High,Airport,23.08
Punjab,31.212009338438747,75.43325095750657,Religious,September,Moderate,Medium,Airport,20.57
Uttarakhand,30.069887318420427,79.08629427761606,City,December,Moderate,High,Railway Station,22.37
Delhi,28.67558055253082,77.15570323254228,Wildlife,October,Hot,High,Railway Station,33.76
Kerala,10.936104809477552,76.10269959822038,Religious,May,Moderate,Medium,Airport,24.11
Delhi,28.789973313515933,77.18774084101601,Historical,February,Hot,High,Airport,20.87
Rajasthan,27.095102585043296,74.02316601273381,Religious,December,Moderate,Medium,Road,13.18
Himachal Pradesh,31.086598493101718,77.12073703871035,Hill Station,October,Cold,High,Road,29.73
Kerala,10.865121479637756,76.21062811333645,Beach,December,Hot,Medium,Railway Station,25.48
Himachal Pradesh,31.11367918223178,77.01531565424575,Hill Station,September,Cold,Medium,Road,26.89
Uttarakhand,29.947961532925994,79.03867987137671,City,December,Moderate,High,Railway Station,24.52
Kerala,10.877831124958517,76.1506670172821,Wildlife,December,Moderate,High,Airport,36.08
Punjab,31.207472557545753,75.2108690316392,Beach,April,Hot,Medium,Railway Station,33.33
Maharashtra,19.71827272987499,75.65264490976459,Religious,May,Moderate,Medium,Road,15.65
Uttarakhand,30.042824667523586,79.02644249804368,City,August,Moderate,Medium,Road,17.3
Himachal Pradesh,31.20260029759984,77.30045292241472,Historical,February,Moderate,Medium,Railway Station,17.36
Tamil Nadu,11.191506492295723,78.67960630531441,Wildlife,September,Hot,Medium,Airport,25.66
Rajasthan,26.939934236247943,74.14980911708643,Wildlife,May,Hot,Low,Road,22.77
Rajasthan,27.13987272843175,74.42466681056236,City,January,Moderate,Medium,Road,23.39
Punjab,31.06324193405185,75.21020124882682,Religious,April,Moderate,Low,Road,17.14
Tamil Nadu,10.939337634977619,78.4663614332107,Historical,November,Moderate,Medium,Road,19.36
Maharashtra,19.813776912522755,75.79623568294771,Hill Station,March,Cold,Low,Railway Station,14.86
Maharashtra,19.591668681521018,75.69670257941145,Historical,September,Moderate,Medium,Railway Station,20.96
Tamil Nadu,11.038802162609356,78.82634725305279,Wildlife,May,Hot,Low,Airport,20.18
Rajasthan,27.0381084937028,74.26853867472329,Hill Station,March,Cold,Medium,Road,22.35
Kerala,10.820037735164526,76.32831731310375,Wildlife,December,Hot,High,Airport,35.01
Maharashtra,19.802216575921555,75.78955319009867,Historical,September,Moderate,Medium,Road,16.55
Maharashtra,19.65945112122604,75.79890363951895,City,May,Moderate,Medium,Airport,17.82
Goa,15.207357263920347,74.12142682441106,Religious,May,Moderate,Medium,Road,12.56
Himachal Pradesh,31.1972357368026,77.2301217905434,Beach,April,Hot,Medium,Airport,27.02
Maharashtra,19.7151084175831,75.72860085865535,Beach,May,Hot,Medium,Airport,30.28
Rajasthan,27.075879430569277,74.16861150876163,City,March,Moderate,Medium,Railway Station,18.31
Punjab,31.24077532635304,75.42082627995269,Religious,April,Moderate,Low,Airport,10.25
Maharashtra,19.825542121404776,75.78088844902157,Hill Station,January,Cold,High,Road,30.5
Uttarakhand,30.023828061090082,79.05220285458275,Religious,October,Moderate,Medium,Railway Station,16.1
Uttarakhand,30.084119764270877,78.83673848214353,Hill Station,December,Cold,High,Road,35.9
Goa,15.446763112751512,73.93329761139302,Religious,March,Moderate,Low,Railway Station,14.6
Delhi,28.66459330938728,77.09488123887091,City,June,Moderate,Medium,Airport,19.89
Punjab,30.987950184597263,75.35163687818694,City,April,Moderate,Medium,Road,14.24
Goa,15.432847389785065,74.04646209703273,Beach,May,Hot,Medium,Airport,28.4
Maharashtra,19.686310040612497,75.64144352424587,Religious,October,Moderate,High,Airport,21.91
Tamil Nadu,11.202805600181943,78.7258940276896,Religious,May,Moderate,Medium,Road,21.54
Delhi,28.71448292350327,77.18856854213686,Wildlife,April,Moderate,Medium,Railway Station,21.18
Kerala,10.65908133272592,76.12831934709156,City,May,Moderate,Medium,Airport,17.5
Delhi,28.764491704148337,77.25370679491415,Religious,July,Moderate,Low,Airport,12.72
West Bengal,22.981719988156687,87.80064178564533,Beach,December,Hot,Medium,Road,29.54
Tamil Nadu,10.973024219168463,78.53477026153946,City,March,Moderate,Low,Railway Station,12.14
Himachal Pradesh,31.14946405016554,76.99453397423673,Historical,March,Moderate,Medium,Railway Station,20.59
Rajasthan,26.996486785628075,74.35283239278107,Beach,April,Hot,Medium,Road,29.28
West Bengal,22.917083168518374,87.72003562651375,Religious,March,Moderate,Medium,Road,21.61
Goa,15.278028008306908,74.14704598806276,Hill Station,May,Cold,Medium,Airport,25.93
Rajasthan,26.91158475848915,74.30082150433883,Historical,November,Hot,High,Road,25.02
Kerala,11.046706836189854,76.19189964259049,Hill Station,March,Cold,Medium,Airport,22.44
Tamil Nadu,10.986898150435213,78.63753976039925,Beach,August,Hot,Medium,Road,26.42
Tamil Nadu,11.076841348609431,78.74437396215802,Hill Station,December,Cold,Medium,Road,23.73
Rajasthan,27.02211170200849,74.11204439576557,Religious,January,Moderate,High,Road,21.08
Himachal Pradesh,31.32322306017549,77.07683320861528,Historical,July,Moderate,Medium,Airport,13.39
Himachal Pradesh,31.062968058005854,77.14468701437701,Hill Station,November,Cold,High,Airport,29.51
Rajasthan,27.10055090818173,74.36575138785736,Beach,February,Hot,High,Railway Station,39.58
Rajasthan,27.05468962932693,74.25675063238594,Religious,October,Moderate,Medium,Airport,13.86
Punjab,31.10654966334459,75.39459807974187,Hill Station,September,Cold,Medium,Road,24.34
Uttarakhand,30.08316717622297,78.98901151221199,Religious,February,Moderate,High,Airport,16.67
Rajasthan,27.01021269516362,74.2472157225323,Historical,October,Hot,High,Railway Station,19.81
Rajasthan,27.094378388520404,74.21717596014058,City,June,Moderate,Low,Railway Station,19.06
Rajasthan,27.036145755616914,74.10894865917265,Beach,January,Hot,Medium,Road,32.1
Goa,15.458652399860949,74.1880506681957,Religious,September,Moderate,Medium,Airport,12.7
Punjab,31.031328707605873,75.39227355496072,Hill Station,February,Cold,Medium,Road,24.45
Goa,15.28040684283318,74.15234784755765,Hill Station,September,Cold,Medium,Railway Station,21.95
Rajasthan,27.140819233407058,74.21739591297765,Hill Station,April,Cold,Medium,Airport,24.58
Kerala,10.854656279263356,76.29399402151645,Historical,July,Moderate,Medium,Airport,16.67
Uttarakhand,30.07855176191581,78.98387813840834,Religious,May,Moderate,Medium,Airport,14.66
Tamil Nadu,11.13636080012265,78.62846241409193,Religious,December,Moderate,High,Airport,24.51
West Bengal,22.977939389365137,87.85531979906153,Beach,February,Hot,High,Airport,37.67
Himachal Pradesh,31.16113730417649,77.10142130256507,City,June,Moderate,Medium,Airport,18.43
Delhi,28.837421056138005,77.17770463836189,City,February,Moderate,High,Railway Station,21.79
Himachal Pradesh,31.22212290912935,77.17348755862406,Hill Station,October,Cold,High,Airport,30.06
Rajasthan,26.87046079110813,74.28822182548568,Historical,September,Hot,Medium,Railway Station,15.89
Delhi,28.68307880581035,77.05101761036393,Beach,November,Hot,High,Railway Station,35.97
Rajasthan,26.951346773096578,74.18553172459588,Religious,November,Moderate,High,Railway Station,19.42
Delhi,28.668453658619697,77.05959233490296,City,June,Moderate,Low,Airport,14.2
Goa,15.316069153485957,74.09237034636351,Historical,November,Moderate,High,Railway Station,22.31
Goa,15.42435572465104,74.15340249596109,Religious,February,Moderate,High,Airport,25.48
Rajasthan,26.874280241269688,74.2187066759411,Religious,March,Moderate,Low,Railway Station,10.7
Rajasthan,26.98432217432463,74.20660435347709,Historical,August,Hot,Medium,Road,17.98
West Bengal,22.97845892652534,87.74472236261798,Hill Station,February,Cold,High,Road,28.75
Tamil Nadu,11.10985492379717,78.75872382110985,Religious,May,Moderate,Medium,Airport,15.7
Himachal Pradesh,31.131513629646175,77.20528374033805,City,March,Moderate,Medium,Airport,16.79
Tamil Nadu,11.117490878083126,78.85919420763065,City,June,Moderate,Medium,Railway Station,15.02
Tamil Nadu,11.012901392930733,78.69170952917872,Historical,December,Moderate,Medium,Railway Station,14.26
Delhi,28.99671573385183,76.98184184712926,Religious,June,Moderate,Low,Airport,10.83
Kerala,10.87755134754664,76.11043972646421,Historical,July,Moderate,Medium,Road,22.26
West Bengal,22.9045132395002,88.15195095077458,Wildlife,September,Hot,Medium,Railway Station,29.52
Maharashtra,19.826864428163347,75.79226604742267,Wildlife,April,Hot,Low,Railway Station,23.06
Himachal Pradesh,31.068128233142396,77.13871360120754,Wildlife,December,Hot,Medium,Railway Station,29.33
Maharashtra,19.831023424925718,75.50879475921461,Wildlife,December,Hot,Medium,Road,28.87
Kerala,10.964164970637555,76.18717104632915,Religious,February,Moderate,Medium,Airport,17.93
Uttarakhand,30.222518663237675,79.02684091289247,Hill Station,April,Cold,Medium,Airport,20.41
Uttarakhand,30.23439187876094,79.07537612680056,Wildlife,August,Moderate,Medium,Airport,29.47
Himachal Pradesh,30.952901541644458,77.17700660603823,Hill Station,June,Cold,Low,Railway Station,19.55
Rajasthan,27.011626274621637,74.18427962633332,City,August,Moderate,Medium,Airport,17.85
Maharashtra,19.75418295309248,75.71275909211448,Historical,April,Moderate,Medium,Airport,18.88
Kerala,10.835915556702782,76.17456037898671,Hill Station,December,Cold,Medium,Airport,26.53
Himachal Pradesh,31.10979944271203,77.08816207581413,Religious,December,Moderate,Medium,Airport,22.7
Tamil Nadu,10.982083683296331,78.63679612281334,Religious,January,Moderate,Medium,Road,19.55
Tamil Nadu,11.077162879568085,78.44033810061521,City,January,Moderate,Medium,Road,24.56
Himachal Pradesh,30.925287080338013,77.31195752339416,Religious,October,Moderate,Medium,Airport,19.64
West Bengal,22.850178840909777,88.00592400198275,Wildlife,March,Hot,Low,Airport,27.08
Rajasthan,27.252910717461877,74.26497849743953,City,March,Moderate,Low,Airport,16.15
Kerala,10.912139429053036,76.23109425661175,Hill Station,January,Cold,Medium,Road,26.42
Tamil Nadu,11.113618647430561,78.6503056391667,Beach,March,Hot,Medium,Railway Station,29.83
Rajasthan,26.861567938670625,74.20656452058927,Religious,September,Moderate,Medium,Road,18.51
Goa,15.309140166681487,74.0493368160963,Historical,July,Moderate,Medium,Road,18.39
Uttarakhand,30.11615372942038,79.12317270594421,Historical,November,Moderate,High,Road,24.94
Punjab,31.140129808088215,75.35542252006964,City,February,Moderate,Medium,Airport,20.6
Punjab,31.30578996570331,75.09515641779038,Religious,January,Moderate,High,Road,19.32
Rajasthan,26.983298892854933,74.23084216768153,Wildlife,March,Hot,Low,Airport,22.58
Tamil Nadu,10.924272695942122,78.62357740126376,Historical,November,Moderate,High,Railway Station,22.01
Maharashtra,19.733101133989702,75.76445388769032,Religious,May,Moderate,Medium,Road,13.65
Maharashtra,19.700521027104028,75.6031074773805,City,December,Moderate,High,Airport,26.9
Tamil Nadu,11.45551182012879,78.73523042370887,Beach,May,Hot,Medium,Airport,32.26
Maharashtra,19.728977766163904,75.8743690629881,Historical,March,Moderate,Low,Road,15.31
Kerala,10.839141813176921,76.1263618666537,Historical,October,Moderate,Medium,Airport,16.85
Kerala,10.866408652584386,76.25884857601552,Historical,March,Moderate,Medium,Road,19.51
Maharashtra,19.749035093065633,75.76766701182018,Wildlife,February,Hot,Medium,Road,25.04
West Bengal,23.08633029005292,87.93647307216217,Historical,June,Moderate,Medium,Road,20.06
Tamil Nadu,11.325260140265135,78.8313209822592,Historical,March,Moderate,Low,Airport,12.08
Uttarakhand,30.27083465989065,78.97884849153583,Religious,July,Moderate,Medium,Airport,12.63
Goa,15.318675183267588,73.98475534734968,Hill Station,February,Cold,High,Airport,29.45
Uttarakhand,29.880645647183837,79.01032546639848,Wildlife,June,Hot,Medium,Airport,24.07
Kerala,11.047757990444694,76.19147098110079,City,March,Moderate,Low,Road,18.79
Himachal Pradesh,31.146010920513724,77.23095087277567,Hill Station,April,Cold,Medium,Road,27.83
Punjab,31.028943342089757,75.36321291874877,City,April,Moderate,Medium,Road,15.01
Kerala,10.937482568139602,76.20031891990034,Religious,January,Moderate,Medium,Airport,16.68
Goa,15.357980185073567,74.09709589081119,Hill Station,October,Cold,Medium,Road,23.7
Punjab,31.154773285939292,75.35954542264723,Wildlife,August,Hot,Medium,Airport,26.24
Punjab,31.328794582520587,75.37350416237874,City,February,Moderate,Medium,Railway Station,21.86
Punjab,31.211708324121183,75.41132556394433,City,May,Moderate,Medium,Railway Station,23.89
Maharashtra,19.852335449369402,75.60173533770504,Beach,June,Hot,Medium,Railway Station,32.17
Uttarakhand,30.05808516076646,79.13338959771502,Beach,December,Hot,High,Road,26.65
Himachal Pradesh,31.141751311631644,77.20465922301535,City,July,Moderate,Medium,Road,15.91
Maharashtra,19.548064413211563,75.61625744602684,Hill Station,September,Cold,Medium,Airport,25.59
Punjab,31.315364759401326,75.30697548698532,Wildlife,July,Moderate,Medium,Railway Station,30.93
Delhi,28.78812168599641,77.12243261961052,Hill Station,May,Cold,Medium,Airport,20.24
Rajasthan,27.183276198904387,74.11634925611867,Religious,August,Moderate,Medium,Airport,12.79
Himachal Pradesh,31.06857270165074,77.08779030033789,Religious,April,Moderate,Medium,Airport,16.61
Rajasthan,26.984958875901125,74.24017160626009,Religious,March,Moderate,Medium,Road,16.44
Maharashtra,19.92249420509996,75.59024443998513,Religious,October,Moderate,High,Road,20.58
Maharashtra,19.761137712311402,75.7686539820169,City,August,Moderate,Low,Airport,16.18
Uttarakhand,29.912566980241067,79.04674012050523,City,June,Moderate,Medium,Road,16.63
Tamil Nadu,11.072538584367125,78.70506138456881,Hill Station,December,Cold,Medium,Road,25.45
Tamil Nadu,11.140036433827975,78.51645517491667,Beach,April,Hot,Medium,Road,26.08
Delhi,28.687971456633885,77.23972789134466,Hill Station,March,Cold,Low,Road,22.73
West Bengal,22.99708063844594,87.9078512880806,Hill Station,January,Cold,High,Airport,28.83
Goa,15.186350003721683,74.04933385635792,Wildlife,February,Moderate,High,Railway Station,31.46
Himachal Pradesh,31.10846036565631,77.35482528277002,Historical,June,Moderate,Low,Airport,19.47
Goa,15.41925901489934,73.98098984077502,Beach,February,Hot,High,Railway Station,31.49
Delhi,28.658043397024045,76.98560190897875,City,June,Moderate,Medium,Airport,17.65
Himachal Pradesh,31.0321061402428,77.11256016869022,Beach,December,Hot,Medium,Railway Station,24.57
Goa,15.248964326195054,74.17736264248164,Historical,May,Moderate,Medium,Railway Station,22.92
Rajasthan,27.048104662965365,74.23425891143663,Hill Station,October,Cold,Medium,Railway Station,20.64
Punjab,31.162564854323662,75.39065224920488,City,May,Moderate,Medium,Railway Station,20.98
Tamil Nadu,11.150267268419507,78.66413452173191,Wildlife,November,Moderate,Medium,Airport,24.61
West Bengal,22.77937191796704,87.94561389180915,City,September,Moderate,Medium,Road,21.78
Uttarakhand,30.097478996246146,78.8059880782282,City,February,Moderate,Medium,Road,22.5
Tamil Nadu,11.144141541759312,78.67045180027917,Wildlife,August,Hot,Medium,Railway Station,24.92
Punjab,31.183991720290823,75.34236517076853,Wildlife,November,Hot,Medium,Airport,27.33
Kerala,10.9505964590289,76.23007264876192,Religious,September,Moderate,Medium,Airport,11.58
Rajasthan,26.988953380863805,74.31730027883688,Hill Station,May,Cold,Medium,Railway Station,28.05
Rajasthan,27.10234825898296,74.15270478459766,Wildlife,July,Hot,Medium,Airport,24.25
Kerala,10.800282849314742,76.41956904025987,Historical,August,Moderate,Medium,Road,17.7
Himachal Pradesh,30.98352593851252,77.2382546747633,City,August,Moderate,Medium,Railway Station,19.81
Maharashtra,19.815906854299495,75.95663733843796,Historical,February,Moderate,High,Airport,23.13
Rajasthan,27.0591039248415,74.22764173430643,Religious,February,Moderate,High,Railway Station,21.16
Tamil Nadu,11.22083459780957,78.50393075629982,Beach,July,Hot,Medium,Railway Station,29.22
Himachal Pradesh,30.846970714985947,77.21788582205983,City,June,Moderate,Medium,Road,18.44
West Bengal,22.997343922618136,87.91303191772596,Beach,December,Hot,High,Road,34.89
West Bengal,22.763832335927,87.78305276156621,Hill Station,May,Cold,Low,Railway Station,15.56
Punjab,31.26046884980985,75.20871669442974,Wildlife,March,Hot,Low,Railway Station,21.12
Rajasthan,27.169537164246456,74.26029516680632,Religious,April,Moderate,Low,Railway Station,13.0
Delhi,28.617610388757157,77.23002470129221,Hill Station,October,Cold,Medium,Railway Station,24.73
Punjab,31.06535949255951,75.35937766247947,City,July,Moderate,Medium,Railway Station,17.42
Kerala,10.915889261027102,76.11838792046643,Hill Station,April,Cold,Medium,Airport,30.47
Tamil Nadu,11.201130032876152,78.74493754230545,City,May,Moderate,Medium,Road,15.21
Rajasthan,27.12655527136752,74.0907715750886,Hill Station,March,Cold,Medium,Airport,26.86
Goa,15.414897199011588,73.97039183244341,Historical,February,Moderate,Medium,Railway Station,21.1
West Bengal,23.0347002624092,87.76964337152974,Historical,September,Moderate,Medium,Airport,13.3
Goa,15.269900479139643,74.04246827633321,Beach,January,Hot,High,Airport,38.35
Tamil Nadu,11.179579257550133,78.56905012090304,City,May,Moderate,Medium,Airport,22.44
Kerala,10.774068376977217,76.32419329863494,City,July,Moderate,Medium,Railway Station,19.9
West Bengal,22.816441783972703,87.90842853792078,Wildlife,December,Hot,High,Airport,30.7
Tamil Nadu,11.172617566986883,78.63267119018215,City,December,Moderate,High,Road,23.61
Tamil Nadu,10.90976489201043,78.72957305457153,Hill Station,September,Cold,Medium,Road,23.23
Kerala,10.79776366622799,76.42538881055391,Hill Station,December,Cold,Medium,Road,24.77
Delhi,28.542999723211484,77.01051018295539,Wildlife,March,Moderate,Medium,Railway Station,24.31
Uttarakhand,29.98816638961227,78.98207814903532,Hill Station,March,Cold,Medium,Railway Station,19.33
Rajasthan,27.131642619447295,74.11812422173406,Historical,June,Hot,Low,Airport,10.93
Tamil Nadu,11.085025485110194,78.7796579505067,City,September,Moderate,Medium,Road,15.48
Punjab,31.112969548533993,75.31582902649336,Historical,March,Moderate,Medium,Road,12.76
West Bengal,22.889346729590525,87.96338206418314,Religious,October,Moderate,Medium,Airport,23.13
Punjab,31.227623985790437,75.3375552679742,Beach,December,Hot,High,Airport,34.92
Tamil Nadu,11.172795618217211,78.8721073355862,Religious,September,Moderate,Low,Airport,13.6
Delhi,28.89037596863803,77.03956257887936,Historical,April,Hot,Medium,Railway Station,23.36
Kerala,10.954160641386496,76.24036387586521,Beach,November,Hot,High,Road,30.65
Punjab,31.012986996734426,75.49399815736395,City,June,Moderate,Medium,Airport,16.55
Goa,15.269248431950288,74.32915034709238,City,September,Moderate,Medium,Airport,24.72
West Bengal,22.897005801435977,87.85303192456718,Religious,August,Moderate,Medium,Railway Station,18.87
Tamil Nadu,11.090833802864392,78.77598885364488,City,June,Moderate,Medium,Road,16.8
Tamil Nadu,11.205247461886126,78.74021604940258,Wildlife,June,Hot,Low,Airport,18.81
Rajasthan,27.076908513097596,74.11863409845485,Historical,July,Hot,Medium,Railway Station,25.2
Rajasthan,27.09364251343844,74.263919768123,Wildlife,October,Moderate,Medium,Airport,26.35
Maharashtra,19.75629827204466,75.91391525124929,Historical,July,Moderate,Medium,Railway Station,23.76
Tamil Nadu,11.230056692382275,78.6197935971099,Religious,May,Moderate,Low,Road,13.55
Delhi,28.553233623017775,77.15786555308075,Hill Station,February,Cold,High,Airport,25.99
Himachal Pradesh,31.059662476891866,77.18875284572503,Religious,January,Moderate,High,Road,25.31
Tamil Nadu,11.2585446899977,78.60778371409631,Hill Station,August,Cold,Medium,Road,29.39
Delhi,28.92083603787432,77.212566184755,Wildlife,February,Moderate,Medium,Road,32.16
West Bengal,23.019056049599754,87.69831984989305,Wildlife,October,Moderate,High,Airport,26.59
Goa,15.114141316570942,74.205854871644,Historical,April,Moderate,Medium,Airport,18.45
West Bengal,23.01956262173284,87.94220901955339,Wildlife,July,Hot,Medium,Airport,31.81
Kerala,10.820051918260969,76.5454709169337,Historical,February,Moderate,High,Railway Station,22.5
West Bengal,23.03508487457481,87.88647625614551,Historical,November,Moderate,Medium,Road,13.04
Tamil Nadu,11.10582599819344,78.57455659050432,Hill Station,June,Cold,Medium,Airport,21.85
Maharashtra,19.7020502026185,75.58072525156018,City,May,Moderate,Medium,Road,23.16
Goa,15.200529731234441,73.72208788432361,City,July,Moderate,Low,Road,17.82
Kerala,10.898771276055614,76.22974687411907,Hill Station,July,Cold,Low,Airport,19.54
Punjab,31.14119601684093,75.31411887271972,Hill Station,March,Cold,Medium,Railway Station,22.44
Maharashtra,19.860437983615462,75.70251233922642,Religious,October,Moderate,Medium,Railway Station,17.1
Uttarakhand,29.943035727387198,79.08485673984218,Beach,October,Hot,High,Railway Station,35.05
Kerala,10.90351512631836,76.37355044244478,Wildlife,July,Hot,Medium,Airport,28.87
Delhi,28.577578796400182,77.29107885164856,Religious,July,Moderate,Medium,Airport,11.67
Delhi,28.699193447153267,77.17005187365824,Historical,March,Hot,Medium,Road,17.56
Tamil Nadu,11.036659949766914,78.57532122748313,Religious,March,Moderate,Medium,Railway Station,16.51
Uttarakhand,30.370868695415943,78.92249870354107,Wildlife,March,Hot,Medium,Railway Station,26.25
Kerala,10.901317928905232,76.21271972330801,Hill Station,December,Cold,Medium,Airport,28.44
Maharashtra,19.950388463875484,75.65496634354147,Hill Station,November,Cold,Medium,Road,24.4
Tamil Nadu,11.2850033701092,78.7075465061928,Religious,May,Moderate,Low,Road,12.7
Rajasthan,27.267892396545655,74.13403763264004,City,April,Moderate,Medium,Airport,18.7
Himachal Pradesh,31.090095193530196,77.19983619279581,Hill Station,July,Cold,Medium,Airport,28.54
Delhi,28.525525871805375,77.00215345742008,Beach,January,Hot,High,Road,33.45
Maharashtra,19.830401725181215,75.8018346547027,Hill Station,October,Cold,Medium,Railway Station,20.55
Punjab,31.29316803321291,75.28012373442682,Religious,December,Moderate,Medium,Airport,17.5
West Bengal,23.082257958110617,87.89176972532249,Religious,November,Moderate,High,Railway Station,22.32
Rajasthan,27.02665657627776,74.23209894505756,Beach,November,Hot,Medium,Airport,39.29
Goa,15.306385890482032,74.13390016275893,Beach,September,Hot,Medium,Airport,33.77
Tamil Nadu,10.976685146905202,78.601253422215,City,November,Moderate,Medium,Airport,20.39
Goa,15.176685263548016,74.16876719908369,Hill Station,March,Cold,Low,Road,21.55
Punjab,31.2907089346182,75.43102445728563,Religious,October,Moderate,High,Airport,25.17
Himachal Pradesh,31.031903417801125,77.17437705673532,Historical,October,Moderate,High,Airport,22.51
Himachal Pradesh,30.973626330775488,77.11477149504479,Beach,May,Hot,Low,Railway Station,25.35
Rajasthan,27.102503347194986,74.1393117876925,Hill Station,February,Cold,High,Railway Station,31.88
Uttarakhand,30.15325847917518,78.80303209894855,Beach,July,Hot,Medium,Airport,33.93
West Bengal,22.969728799874346,87.93865348805805,Hill Station,July,Cold,Medium,Airport,27.76
West Bengal,22.78529915604929,87.85470848485852,Religious,February,Moderate,High,Airport,18.5
Tamil Nadu,10.949246473080546,78.77156722681283,Historical,June,Moderate,Medium,Road,15.61
West Bengal,22.99648978760343,87.76418460513923,Beach,March,Hot,Medium,Railway Station,28.41
Punjab,31.15640212882214,75.43295992702596,Beach,November,Hot,High,Road,33.73
Delhi,28.758065477434506,77.16376263773371,Hill Station,February,Cold,Medium,Railway Station,26.44
Uttarakhand,30.087420920830784,78.97059791369655,Historical,October,Moderate,Medium,Road,17.75
Maharashtra,19.82828436946681,75.69444153369602,Hill Station,March,Cold,Medium,Road,24.28
Goa,15.302922057046528,74.051509707374,Hill Station,April,Cold,Medium,Road,25.1
Punjab,31.16041356462499,75.34424395623948,Wildlife,January,Moderate,High,Road,28.69
Maharashtra,19.708581770977233,75.72189958552435,Beach,April,Hot,Medium,Railway Station,26.85
Himachal Pradesh,31.22499666345183,77.1801259959525,Beach,January,Hot,High,Railway Station,41.59
Rajasthan,26.95760648200826,74.25780047592438,Beach,February,Hot,Medium,Road,28.7
Rajasthan,27.03160130744556,74.24692750174592,City,May,Moderate,Medium,Railway Station,19.37
Kerala,10.994495404142864,76.37866267940177,Hill Station,June,Cold,Low,Road,20.94
Maharashtra,19.870134323568273,75.79578063521069,Religious,May,Moderate,Low,Railway Station,8.23
West Bengal,23.002509865064383,87.86186807096506,Historical,September,Moderate,Medium,Railway Station,17.23
Kerala,10.6756965462864,76.15944573566524,City,March,Moderate,Low,Airport,13.69
Goa,15.448773100726932,73.98807987313366,Historical,February,Moderate,High,Road,20.28
Delhi,28.635277644217204,77.22541836259408,City,March,Moderate,Low,Airport,12.09
West Bengal,23.220103556211146,87.89539404160683,Historical,August,Moderate,Low,Railway Station,16.61
Delhi,28.667667983715106,77.10530765344946,Religious,May,Moderate,Medium,Railway Station,12.58
Delhi,28.760624712397473,77.2539247599981,Hill Station,October,Cold,Medium,Railway Station,19.94
Tamil Nadu,11.120691712343117,78.49669169905005,Beach,October,Hot,High,Railway Station,36.25
Uttarakhand,30.1156845889813,79.25775978003315,Religious,February,Moderate,High,Railway Station,23.18
Rajasthan,27.109424141229656,74.16424427161888,Hill Station,September,Cold,Medium,Railway Station,26.59
Delhi,28.626019504842102,77.05367262753033,Historical,May,Hot,Medium,Road,18.6
Maharashtra,19.642870834300208,75.70444934577309,City,July,Moderate,Medium,Airport,24.12
Himachal Pradesh,31.11797501097473,77.20964508686257,Beach,June,Hot,Medium,Railway Station,30.97
Rajasthan,26.953548631017668,74.24752903484834,City,April,Moderate,Low,Airport,6.17
Kerala,10.7532549362313,76.31770667482786,Religious,June,Moderate,Low,Railway Station,11.67
Rajasthan,27.186944040179828,74.19998908491462,City,February,Moderate,Medium,Airport,18.38
Uttarakhand,29.916050108339824,79.11848537005079,Religious,January,Moderate,Medium,Road,16.71
Uttarakhand,30.037162810624675,79.0760593364609,Beach,August,Hot,Medium,Road,25.19
Uttarakhand,30.03200104504044,78.79404664852164,Beach,September,Hot,Medium,Airport,28.91
Tamil Nadu,11.115293024407785,78.68001132710495,City,October,Moderate,High,Airport,26.08
Maharashtra,19.749016968587334,75.75516413614429,Beach,February,Hot,Medium,Road,27.99
Goa,15.282430896501788,74.14435156037185,Religious,October,Moderate,High,Road,22.66
Himachal Pradesh,31.20533260256663,77.22310819410032,Wildlife,November,Moderate,Medium,Railway Station,30.33
Tamil Nadu,11.147515387199602,78.63862815381856,City,June,Moderate,Medium,Airport,15.26
Kerala,10.91297420264815,76.36699501074503,Hill Station,August,Cold,Medium,Railway Station,30.03
Punjab,31.045215753062532,75.37720164652383,City,July,Moderate,Low,Airport,16.36
Himachal Pradesh,31.218268601992758,77.23427368960918,Historical,March,Moderate,Medium,Road,17.32
Uttarakhand,30.145354631989804,79.07763469497415,Wildlife,July,Hot,Low,Airport,21.62
Delhi,28.698941874278443,77.02531096248141,Hill Station,May,Cold,Low,Airport,19.02
Delhi,28.626960278455662,77.14091758813377,Hill Station,August,Cold,Medium,Railway Station,24.3
Rajasthan,26.94914366477301,74.25972150782663,Historical,January,Hot,Medium,Road,12.15
Maharashtra,19.78437063986251,75.80910165453292,Hill Station,June,Cold,Low,Road,22.15
Punjab,30.94325534751178,75.23556918695243,Hill Station,August,Cold,Low,Airport,19.63
Tamil Nadu,11.145581416761225,78.70362036928277,Religious,May,Moderate,Low,Railway Station,13.1
Uttarakhand,30.004415975131273,78.99160409057728,City,July,Moderate,Medium,Airport,23.81
Maharashtra,19.850855102731266,75.68517938202167,City,August,Moderate,Low,Road,12.27
Punjab,31.081310151142524,75.44526424427997,Historical,May,Moderate,Medium,Road,12.4
West Bengal,23.095144130334788,87.87396473970121,Historical,November,Moderate,Medium,Airport,19.73
Uttarakhand,30.061114340013525,79.13931415875264,Wildlife,February,Hot,High,Airport,26.89
Kerala,10.884452878740422,76.5897574911811,Hill Station,January,Cold,Medium,Airport,25.19
Himachal Pradesh,31.060252911323314,77.19686379959414,City,December,Moderate,High,Road,29.03
Tamil Nadu,11.141146697573486,78.5444478320386,Beach,March,Hot,Medium,Airport,32.47
Kerala,10.851932040220486,76.22058905845886,Religious,June,Moderate,Medium,Road,17.24
Punjab,31.14179480080749,75.30211117328277,Religious,January,Moderate,High,Railway Station,24.25
Punjab,31.21752530950209,75.37218599443676,Hill Station,January,Cold,High,Railway Station,30.61
Himachal Pradesh,31.23655408190174,77.23076569632767,City,June,Moderate,Medium,Road,20.78
Delhi,28.66364682597484,77.19950677886825,Historical,May,Hot,Low,Road,13.17
Rajasthan,27.124282914948324,74.06737208238386,Beach,October,Hot,High,Railway Station,30.34
Himachal Pradesh,31.243519071318634,77.10033904586186,Beach,June,Hot,Medium,Airport,31.2
Delhi,28.64161887954641,77.24651101200692,Historical,November,Hot,Medium,Railway Station,24.33
Himachal Pradesh,31.161373850445397,77.1769843294858,Wildlife,September,Moderate,Medium,Airport,29.06
Delhi,28.709630418530523,77.17915447517713,Historical,November,Hot,High,Railway Station,23.42
Goa,15.21672128747455,74.19994421738225,City,December,Moderate,Medium,Railway Station,18.73
Kerala,10.951276307565157,76.2086090037577,Hill Station,May,Cold,Medium,Railway Station,26.15
Himachal Pradesh,31.147884600516974,77.19705421936149,City,September,Moderate,Low,Airport,14.35
Kerala,10.921603398026173,76.16395806082879,Religious,February,Moderate,Medium,Airport,18.6
West Bengal,22.874509884392314,88.02177979330045,Hill Station,April,Cold,Low,Airport,25.75
Kerala,10.670059227750293,76.18098599487982,Historical,July,Moderate,Medium,Airport,19.13
West Bengal,23.032127404213316,87.80518080792986,Hill Station,June,Cold,Medium,Airport,22.82
Delhi,28.616622377574565,77.23028765210421,Wildlife,September,Hot,Medium,Railway Station,26.69
Goa,15.3545118685245,73.99235038606963,Religious,August,Moderate,Low,Road,10.88
Rajasthan,27.0835360479733,74.31311602235242,Wildlife,February,Hot,Medium,Airport,28.25
Kerala,11.021470802867553,76.39208939600192,City,July,Moderate,Low,Railway Station,16.88
Delhi,28.78172935907473,77.00194440288163,Wildlife,April,Moderate,Medium,Railway Station,25.34
Kerala,10.858812581787925,76.27035976039994,Hill Station,May,Cold,Medium,Railway Station,23.9
Rajasthan,27.134914521520447,74.25691926106055,Religious,May,Moderate,Medium,Road,15.07
Himachal Pradesh,31.14754382280834,76.99274405937655,Beach,August,Hot,Medium,Airport,33.37
Himachal Pradesh,31.121759767639496,77.12093312194347,Beach,January,Hot,Medium,Railway Station,32.37
Rajasthan,26.967590618985184,74.38384194988582,City,January,Moderate,High,Railway Station,27.28
Maharashtra,19.802039337622045,75.71899136955355,Historical,June,Moderate,Medium,Railway Station,19.93
Himachal Pradesh,31.03666483935648,77.10749403094854,Wildlife,February,Hot,High,Railway Station,33.51
Tamil Nadu,11.074869167252698,78.56667501245357,Beach,March,Hot,Medium,Railway Station,28.39
Maharashtra,19.722087681962382,75.60511624522863,Historical,September,Moderate,Medium,Railway Station,21.98
Punjab,31.154689463184006,75.3733463087303,Historical,May,Moderate,Medium,Railway Station,15.23
Himachal Pradesh,30.920836212743772,77.04691111558974,Hill Station,November,Cold,Medium,Railway Station,29.21
Tamil Nadu,11.417394162850535,78.82549365539573,Beach,May,Hot,Medium,Airport,35.29
Tamil Nadu,11.066367695452909,78.69966767710099,Beach,October,Hot,Medium,Railway Station,29.33
Maharashtra,19.9031288450556,75.5568763345918,Wildlife,August,Hot,Medium,Road,25.24
Tamil Nadu,11.207492927958487,78.66398718704752,Hill Station,November,Cold,High,Airport,33.7
Kerala,10.881814302313353,76.18203039147377,Hill Station,April,Cold,Medium,Airport,29.1
Punjab,31.294753003745267,75.41333716777888,Hill Station,October,Cold,High,Railway Station,30.17
Kerala,10.966375483450987,76.22543712142782,Hill Station,September,Cold,Low,Airport,22.1
Goa,15.106438626961324,74.1605571554638,Beach,October,Hot,Medium,Road,25.93
Tamil Nadu,11.140712463407585,78.6930907836361,Historical,July,Moderate,Medium,Airport,25.46
Kerala,10.925612119078048,76.08207398033129,Religious,December,Moderate,High,Railway Station,18.33
West Bengal,23.060656603920204,87.79586506202017,Beach,March,Hot,Low,Airport,26.8
Uttarakhand,30.15013030533403,78.99563480946367,Religious,May,Moderate,Low,Road,16.16
Delhi,28.525195484575367,77.02769905133995,City,December,Moderate,High,Airport,26.33
Himachal Pradesh,31.112335519985567,77.28918468514595,Beach,September,Hot,Medium,Road,24.65
Delhi,28.555719414496668,77.27029658369688,Historical,December,Hot,High,Railway Station,21.39
Kerala,10.794388195274308,76.14129915139084,Beach,June,Hot,Medium,Road,30.32
Himachal Pradesh,31.05741171302143,77.1756067700937,Beach,March,Hot,Medium,Railway Station,33.85
West Bengal,23.063624857715254,87.7609177925808,Beach,January,Hot,Medium,Road,23.87
West Bengal,22.963728902751516,87.90229535647133,Historical,June,Moderate,Medium,Airport,22.03
Rajasthan,27.1192097660376,74.24567256563346,City,February,Moderate,High,Airport,24.05
Punjab,31.30266149614627,75.2704143752595,Wildlife,June,Moderate,Medium,Railway Station,26.77
Delhi,28.75022282614988,77.05095651353187,Hill Station,August,Cold,Medium,Airport,25.23
West Bengal,22.823890671136933,87.99318480357931,Hill Station,January,Cold,High,Airport,31.89
Delhi,28.88241145199925,77.10994066719262,Religious,May,Moderate,Medium,Airport,18.43
Maharashtra,19.838087258858433,75.67852092688577,Wildlife,March,Hot,Medium,Airport,27.36
Himachal Pradesh,31.127318922479702,77.31063698309363,Hill Station,May,Cold,Medium,Road,25.26
Uttarakhand,30.153327115729454,79.08891897158263,Historical,August,Moderate,Medium,Road,15.91
Uttarakhand,30.15755323007927,79.1283244283658,Wildlife,May,Hot,Low,Road,27.41
West Bengal,22.824290103128213,87.78148376899331,City,June,Moderate,Low,Railway Station,13.88
Punjab,31.061902875495,75.37082004433549,City,May,Moderate,Medium,Road,25.83
Uttarakhand,30.11025400972543,78.95074454285165,Wildlife,November,Moderate,Medium,Road,25.11
West Bengal,23.053691887634372,87.79537391154551,Hill Station,May,Cold,Medium,Road,20.53
Maharashtra,19.786696107420806,75.59623018142291,Religious,November,Moderate,Medium,Airport,12.58
Rajasthan,26.909242246456525,74.3078786850763,Historical,April,Hot,Medium,Road,19.89
Rajasthan,26.801801091244364,74.31255513614235,City,August,Moderate,Low,Airport,14.05
Kerala,10.971436917833477,76.20447366136392,Wildlife,December,Hot,High,Road,35.46
Tamil Nadu,11.114071375071608,78.7339266528483,City,April,Moderate,Medium,Road,24.55
Himachal Pradesh,31.13300005425545,77.21103885618892,Beach,July,Hot,Low,Road,22.59
Himachal Pradesh,31.120767776183083,77.07008637599215,City,November,Moderate,High,Road,24.88
Maharashtra,19.853645810401538,75.79613422986876,Historical,September,Moderate,Low,Airport,14.27
Goa,15.371602290373017,74.00286388660504,Religious,June,Moderate,Medium,Railway Station,19.26
Tamil Nadu,10.965288082960647,78.63895316423239,Wildlife,July,Hot,Medium,Railway Station,31.0
Goa,15.239637630601656,73.88624301700729,Beach,January,Hot,High,Road,33.57
Maharashtra,19.819331827313416,75.73452764058449,Religious,June,Moderate,Medium,Road,19.1
Himachal Pradesh,31.099325360432378,77.13130141319868,Historical,August,Moderate,Medium,Road,17.39
Uttarakhand,29.81437783196789,78.96976967573966,City,February,Moderate,High,Airport,25.27
West Bengal,22.976680237268244,88.04508318150658,Religious,March,Moderate,Medium,Railway Station,19.15
Rajasthan,26.987809446281677,74.19312928015655,Wildlife,May,Moderate,Medium,Road,29.02
Maharashtra,19.765719313514133,75.74393809369579,Religious,March,Moderate,Medium,Railway Station,10.94
West Bengal,22.89450231016259,87.86439064816605,City,February,Moderate,High,Railway Station,24.86
Punjab,31.151198432823524,75.27721873608081,Historical,January,Moderate,High,Airport,25.0
Goa,15.357568696168162,73.99077051264784,Wildlife,February,Hot,High,Airport,32.52
West Bengal,22.91243000830948,87.82318573673386,City,January,Moderate,High,Railway Station,31.92
Uttarakhand,30.19217740179981,78.95949366763512,Religious,January,Moderate,Medium,Airport,16.84
Goa,15.246194082962132,74.205831373632,Beach,June,Hot,Medium,Railway Station,22.89
Maharashtra,19.77930092848865,75.60575921520386,Religious,September,Moderate,Medium,Airport,16.12
Himachal Pradesh,31.150420331915175,77.13319506997252,Religious,May,Moderate,Low,Airport,9.6
Kerala,10.968906905844388,76.27993145494654,Historical,October,Moderate,High,Airport,25.24
Goa,15.125726606305237,74.36817885853297,Beach,January,Hot,Medium,Railway Station,30.33
Uttarakhand,30.104536436613525,78.99903203249288,Beach,November,Hot,High,Road,33.6
Tamil Nadu,11.222693806017832,78.85125840873775,Historical,July,Moderate,Medium,Airport,22.76
Goa,15.227324115527312,74.10719190155952,City,October,Moderate,High,Railway Station,25.17
Rajasthan,27.03088463960523,74.4874488709469,Wildlife,July,Hot,Medium,Road,30.24
Uttarakhand,30.02864164513516,79.06032590689807,Wildlife,March,Hot,Medium,Road,25.15
Kerala,10.877946017761385,76.27343851251563,City,March,Moderate,Medium,Railway Station,21.5
Maharashtra,19.680687313599154,75.47855168063688,Beach,May,Hot,Medium,Railway Station,33.08
Himachal Pradesh,31.15286112152486,77.32548512320638,City,October,Moderate,Medium,Road,19.55
West Bengal,23.165002411270144,87.8181116897063,Wildlife,March,Hot,Low,Railway Station,23.3
Tamil Nadu,11.125182137483286,78.43178647759899,Hill Station,March,Cold,Low,Road,23.48
West Bengal,23.135243403844022,87.78736602842365,Religious,June,Moderate,Medium,Road,20.53
Uttarakhand,29.938241556478655,79.06614153581889,Historical,June,Moderate,Low,Railway Station,10.75
West Bengal,23.11483520208371,88.00914571948323,Historical,July,Moderate,Low,Railway Station,10.45
Punjab,31.298734746579917,75.41304902973171,Wildlife,January,Hot,High,Railway Station,35.02
Himachal Pradesh,31.107491172414136,77.18962115047425,Beach,October,Hot,Medium,Railway Station,30.87
Kerala,11.026227421707215,76.18949579990114,Wildlife,September,Hot,Medium,Railway Station,28.03
Rajasthan,27.106770412937372,74.09006871796461,Wildlife,September,Moderate,Medium,Road,27.19
Goa,15.164865399516945,74.20946273105507,Hill Station,July,Cold,Medium,Airport,29.15
Tamil Nadu,11.171511642616842,78.6032545884977,Religious,January,Moderate,High,Railway Station,20.01
Maharashtra,19.743392925899197,75.76032637432357,Historical,January,Moderate,Medium,Airport,17.71
Punjab,31.06386500854119,75.37623503208054,City,November,Moderate,High,Airport,26.7
Uttarakhand,30.048939356459012,78.7631248437942,Wildlife,February,Hot,High,Railway Station,30.9
Delhi,28.690981984573515,77.05939988941671,Historical,December,Hot,High,Railway Station,20.56
Punjab,31.060958136190244,75.23038780358908,Hill Station,December,Cold,Medium,Road,29.24
Maharashtra,19.760738145899897,75.6739303509164,Religious,December,Moderate,High,Airport,16.35
Kerala,10.706035874693159,76.34859361071085,Wildlife,March,Moderate,Low,Road,14.26
West Bengal,23.023319790841143,87.91045285700218,Beach,April,Hot,Medium,Road,36.06
Rajasthan,26.965115732047582,74.01790134396897,City,November,Moderate,High,Railway Station,31.44
Punjab,31.142495626562827,75.21054673583379,Historical,October,Moderate,High,Road,16.71
Kerala,10.671434900704329,76.19578110872116,Hill Station,February,Cold,Medium,Airport,25.55
Rajasthan,27.044583838336408,74.17804079610862,Wildlife,February,Moderate,Medium,Road,27.11
Himachal Pradesh,30.952823211718997,77.13178547834883,Beach,April,Hot,Medium,Airport,31.18
West Bengal,22.691417651459936,87.80268956931155,Hill Station,September,Cold,Low,Railway Station,21.36
Tamil Nadu,11.018816593741695,78.80363820105354,Hill Station,February,Cold,Medium,Railway Station,25.05
Tamil Nadu,11.064111376242728,78.69169160781207,Historical,March,Moderate,Medium,Airport,26.89
Maharashtra,19.8196234319995,75.73595489068951,City,October,Moderate,High,Road,30.45
West Bengal,23.14213546990559,87.8589799454116,Religious,October,Moderate,High,Airport,19.83
Tamil Nadu,11.031074707558105,78.70208975861163,Beach,November,Hot,Medium,Airport,30.69
Rajasthan,26.925489685285587,74.11684093968414,Beach,December,Hot,Medium,Road,32.36
Kerala,10.832612539515194,76.17403322326173,Beach,September,Hot,Low,Road,23.33
Maharashtra,19.839548646022415,75.7472058435067,Beach,August,Hot,Low,Railway Station,25.78
Goa,15.211889643713734,74.08100680290758,City,November,Moderate,Medium,Airport,19.2
Delhi,28.74679836838621,77.03704350584043,Historical,June,Hot,Low,Road,17.28
Goa,15.33058133167437,73.99103173926073,Historical,July,Moderate,Low,Road,7.55
Himachal Pradesh,31.164332328789268,77.03281403141345,Historical,July,Moderate,Medium,Railway Station,14.22
Rajasthan,26.965725888171654,74.26773144204532,Hill Station,May,Cold,Low,Railway Station,17.17
Himachal Pradesh,31.118163319318874,77.05865095849262,Wildlife,July,Moderate,Medium,Airport,30.09
Delhi,28.65440368670795,77.09400334031119,City,January,Moderate,Medium,Road,27.44
Delhi,28.887480385936378,77.03373153792367,Historical,January,Hot,Medium,Railway Station,14.0
Rajasthan,26.918453096592675,74.18377687789766,Historical,December,Hot,High,Railway Station,19.27
Goa,15.257555103094468,74.2230996179725,Hill Station,March,Cold,Medium,Railway Station,24.81
Maharashtra,19.713899684293704,75.85095086531082,Wildlife,April,Hot,Low,Railway Station,21.22
Maharashtra,19.568683507207286,75.8756358697445,Historical,September,Moderate,Medium,Airport,15.76
Rajasthan,26.932545998257943,74.12544401717959,Religious,March,Moderate,Medium,Railway Station,20.63
Delhi,28.815863244160397,77.15268520493599,City,August,Moderate,Medium,Road,20.82
Rajasthan,27.05794767390471,74.16614665110868,City,November,Moderate,High,Railway Station,21.46
Tamil Nadu,11.211640655678206,78.71048569424886,Hill Station,November,Cold,Medium,Railway Station,29.21
Tamil Nadu,11.179048887414801,78.62863907325087,Historical,October,Moderate,High,Road,25.4
Rajasthan,26.96340774062563,74.18441492703889,Wildlife,December,Hot,High,Road,33.49
Maharashtra,19.657594685629803,75.70610919536686,City,March,Moderate,Medium,Road,17.57
Uttarakhand,30.28183107933312,78.91882951392932,Wildlife,October,Hot,Medium,Railway Station,30.83
Delhi,28.629624384321563,77.09725523003509,Wildlife,July,Hot,Low,Airport,20.39
Punjab,31.043610898131085,75.44056896763007,Hill Station,December,Cold,High,Airport,31.74
Kerala,10.829484439580913,76.17608245379303,Hill Station,November,Cold,High,Airport,29.67
West Bengal,23.08930632960511,87.89242895101309,Religious,August,Moderate,Medium,Railway Station,17.81
Kerala,10.917396448171818,76.1992457293221,Religious,April,Moderate,Medium,Airport,15.32
Rajasthan,26.930327681919152,74.28886048881628,Religious,July,Moderate,Medium,Railway Station,22.5
Himachal Pradesh,30.977924899239873,77.10660583295405,Hill Station,October,Cold,High,Railway Station,34.12
Himachal Pradesh,30.850392448126595,77.07229611372658,Hill Station,December,Cold,High,Airport,28.32
West Bengal,22.92399021649202,87.92367754890478,City,October,Moderate,High,Road,24.7
Punjab,31.12801256976462,75.17530894171168,Beach,June,Hot,Low,Airport,27.76
West Bengal,22.94445634168207,87.78127383236081,Historical,March,Moderate,Medium,Road,21.01
Delhi,28.88600771901958,77.14925749124822,Wildlife,April,Hot,Low,Airport,29.83
Goa,15.306608376479085,74.07211698190801,Historical,August,Moderate,Medium,Road,20.03
Goa,15.275701990113307,74.0750055979026,Beach,April,Hot,Medium,Road,27.5
Rajasthan,27.012891210288334,74.31468122108045,Historical,September,Hot,Medium,Airport,16.41
Himachal Pradesh,31.098394356535426,77.00119764191854,Wildlife,January,Hot,High,Road,30.23
Himachal Pradesh,31.04362321378073,77.38774448185437,Beach,January,Hot,High,Airport,37.7
Punjab,30.95101492021671,75.37729608877251,City,July,Moderate,Medium,Road,19.23
Maharashtra,19.823942817623543,75.84982914243365,Hill Station,June,Cold,Medium,Airport,27.08
Maharashtra,19.649726705991053,75.75027699067277,Historical,April,Moderate,Low,Airport,9.94
Delhi,28.738796029688448,77.08725003216901,Historical,September,Hot,Medium,Railway Station,10.82
Uttarakhand,30.143194536371546,79.01480804618456,Wildlife,September,Moderate,Medium,Airport,26.3
Himachal Pradesh,30.93694988114518,77.04689810716866,Historical,July,Moderate,Medium,Road,23.51
Tamil Nadu,11.199377677393278,78.6757612341975,Hill Station,October,Cold,High,Airport,29.58
Rajasthan,26.974740425809657,74.27559204106844,Wildlife,May,Hot,Medium,Airport,31.5
Himachal Pradesh,31.114106677628158,77.2409561897905,Historical,April,Moderate,Medium,Airport,16.95
Delhi,28.751620162794712,77.08999194680301,Wildlife,June,Hot,Medium,Airport,26.31
Kerala,10.861503482393285,76.43460476706196,City,May,Moderate,Low,Railway Station,13.38
Uttarakhand,30.181288162369814,79.07248540204738,Hill Station,March,Cold,Medium,Railway Station,26.87
Himachal Pradesh,31.24387631720335,77.0223315296586,Wildlife,October,Moderate,Medium,Airport,27.88
Maharashtra,19.585706700627902,75.53870364652944,Wildlife,September,Hot,Medium,Railway Station,25.61
Tamil Nadu,11.051724565943264,78.66238632871561,Wildlife,January,Hot,Medium,Road,33.41
Himachal Pradesh,31.21830465618697,77.17081618552838,Wildlife,August,Hot,Low,Railway Station,20.64
Punjab,31.289127108526746,75.35990689379766,Hill Station,June,Cold,Medium,Railway Station,24.43
Goa,15.105162687101734,74.06756384464389,Beach,June,Hot,Low,Airport,20.86
Rajasthan,26.883865695221413,74.2360477881879,Beach,September,Hot,Low,Road,25.55
Uttarakhand,29.936935660501113,79.00138964463673,Religious,January,Moderate,High,Airport,21.25
West Bengal,22.903602889192147,87.91445090026315,Hill Station,October,Cold,High,Road,34.23
Punjab,31.023751609007984,75.38704404018533,City,February,Moderate,Medium,Railway Station,11.71
Delhi,28.77566090679731,77.06317635908373,Religious,October,Moderate,High,Airport,24.32
Maharashtra,19.785617962900336,75.84861592934085,Historical,March,Moderate,Medium,Railway Station,23.15
Punjab,31.23940334372357,75.39632559223347,Hill Station,January,Cold,Medium,Railway Station,26.89
Maharashtra,19.50883820397688,75.77897397040931,Beach,November,Hot,Medium,Railway Station,27.9
Tamil Nadu,11.18218128351835,78.63670539312469,Historical,May,Moderate,Medium,Airport,19.12
Punjab,31.045135466425496,75.26166163206292,Hill Station,January,Cold,High,Airport,31.56
Maharashtra,19.719172806028475,75.78785248008043,Wildlife,July,Moderate,Medium,Road,30.01
Punjab,31.047843908460713,75.34861518959312,Wildlife,August,Hot,Medium,Airport,30.78
Tamil Nadu,11.27916641729812,78.63060250859843,Historical,December,Moderate,Medium,Airport,18.53
Tamil Nadu,11.312732771336249,78.80336672588817,Religious,July,Moderate,Low,Road,12.21
Rajasthan,27.21037273559685,74.18564512897734,Hill Station,August,Cold,Medium,Airport,27.76
Delhi,28.904162593221432,77.08894118569712,City,June,Moderate,Low,Airport,16.74
Uttarakhand,30.112660045387763,79.11012225240917,Historical,January,Moderate,High,Airport,26.04
Kerala,10.896534480482565,76.20027636808354,Hill Station,October,Cold,Medium,Airport,26.44
Kerala,10.83235939652828,76.36588207764125,Historical,December,Moderate,Medium,Road,19.2
Delhi,28.692907274959495,77.02604530948925,Hill Station,January,Cold,High,Road,27.55
Kerala,10.924252806346654,76.29862486875685,Hill Station,February,Cold,Medium,Airport,26.94
Rajasthan,27.132216101695487,74.16164482263812,Historical,March,Hot,Low,Railway Station,14.01
Punjab,31.109301025401475,75.13967780945676,City,June,Moderate,Medium,Road,19.55
Kerala,10.754959813489345,76.20608277279139,City,March,Moderate,Medium,Road,13.49
Tamil Nadu,11.133847002525723,78.69990135238113,Historical,November,Moderate,High,Airport,19.02
Himachal Pradesh,30.898360903597116,77.12018384865186,Hill Station,May,Cold,Medium,Road,26.98
Kerala,10.864828667188203,76.19542196329792,Historical,December,Moderate,Medium,Road,18.11
Uttarakhand,30.021940937854993,78.93285083882434,Beach,August,Hot,Medium,Road,29.65
Goa,15.183346444954951,74.09599757670782,City,September,Moderate,Medium,Railway Station,20.82
Kerala,10.788366827647803,76.23404866434062,Wildlife,May,Hot,Medium,Railway Station,28.08
Maharashtra,19.83397017407861,75.77248129835546,Wildlife,February,Hot,Medium,Airport,27.31
Uttarakhand,30.19612370523496,79.07504705280918,Historical,December,Moderate,Medium,Road,13.18
West Bengal,23.163129880029956,87.82926834994107,City,February,Moderate,Medium,Airport,17.15
Rajasthan,26.76208868825688,74.35129356398879,Wildlife,April,Hot,Medium,Railway Station,28.4
Maharashtra,19.72258757032155,75.7545540293752,Beach,February,Hot,Medium,Railway Station,27.86
Rajasthan,26.91674918653646,74.12439171635725,Hill Station,April,Cold,Low,Road,16.13
West Bengal,23.129343327952963,87.77365579439946,Religious,August,Moderate,Medium,Airport,20.26
Punjab,31.265574389870665,75.39044373391542,Historical,January,Moderate,High,Railway Station,27.39
Goa,15.230913979665356,73.94144878910153,Wildlife,July,Hot,Medium,Railway Station,28.87
Himachal Pradesh,31.215684141907172,77.2540332019059,Hill Station,May,Cold,Low,Road,22.03
Tamil Nadu,11.06556861179263,78.84268501512906,Historical,January,Moderate,Medium,Railway Station,19.8
Tamil Nadu,11.15891268623737,78.75973383769578,Historical,January,Moderate,Medium,Airport,13.89
Kerala,10.771564763409742,76.12725732812247,Historical,March,Moderate,Low,Road,9.7
Tamil Nadu,11.093209145432416,78.8019340258759,Wildlife,January,Hot,High,Road,31.16
Goa,15.3426793405019,73.97322035554107,Hill Station,September,Cold,Medium,Railway Station,21.63
Punjab,31.262713574864563,75.43803751663535,Wildlife,June,Hot,Low,Railway Station,25.3
Delhi,28.693547506122904,77.07569674126725,Beach,January,Hot,Medium,Railway Station,29.62
Delhi,28.877348500769564,77.03296225345163,Historical,July,Hot,Medium,Road,19.18
Punjab,31.157396524246458,75.27854997839567,Hill Station,September,Cold,Medium,Railway Station,27.75
Goa,15.313119274779133,74.15361335898855,Wildlife,August,Hot,Medium,Railway Station,26.37
Delhi,28.800135015235696,77.15210210635213,Religious,October,Moderate,High,Road,20.24
Goa,15.169608738672803,74.21108175518634,Beach,July,Hot,Low,Railway Station,24.84
Kerala,10.783914907731635,76.21223153564958,Beach,January,Hot,Medium,Railway Station,32.23
Goa,15.413128144488958,74.1549416185142,Hill Station,April,Cold,Medium,Road,22.44
Goa,15.274123317292963,74.10015543328504,City,October,Moderate,High,Railway Station,23.31
Punjab,31.14600988029006,75.3126391482611,Wildlife,May,Hot,Medium,Railway Station,27.89
Goa,15.312931129556368,74.03377617972852,Religious,May,Moderate,Medium,Road,15.35
Delhi,28.65545944801746,77.12219911561168,Hill Station,February,Cold,High,Railway Station,28.34
Delhi,28.660067431532383,77.02167361749332,Religious,June,Moderate,Medium,Railway Station,15.51
Rajasthan,26.85749444851195,74.1686842425208,Historical,August,Hot,Low,Airport,10.65
West Bengal,23.131482284011152,87.87939861879977,Hill Station,August,Cold,Low,Airport,19.3
Uttarakhand,30.069882420442756,78.91928324485512,Historical,November,Moderate,Medium,Road,15.34
Kerala,10.97609370400157,76.32855617175368,Historical,January,Moderate,High,Road,24.24
Himachal Pradesh,31.148432819490324,77.13740668285192,City,October,Moderate,Medium,Road,17.32
Uttarakhand,30.061628688869195,78.93202389292115,Hill Station,August,Cold,Low,Airport,19.64
Goa,15.306199756116248,73.91178665873255,City,May,Moderate,Low,Railway Station,13.19
Rajasthan,27.07088688593754,74.3166834421308,Beach,November,Hot,High,Airport,32.55
Rajasthan,26.9597769504532,74.10439879018139,Wildlife,November,Hot,Medium,Airport,29.34
Kerala,10.828182775902713,76.37401608274696,Hill Station,November,Cold,High,Airport,31.48
Rajasthan,27.026978390487066,74.03434295231291,Religious,September,Moderate,Medium,Railway Station,22.33
Delhi,28.693957110681986,77.21643869305163,City,January,Moderate,High,Road,24.46
Kerala,10.899681440108797,76.34843998160676,Hill Station,December,Cold,High,Railway Station,27.43
Goa,15.220058484830012,74.03891136999722,Hill Station,November,Cold,Medium,Railway Station,21.83
Maharashtra,19.786703861295813,75.74481577195174,Religious,January,Moderate,High,Road,18.46
Kerala,10.622408789179216,76.27265682748127,City,February,Moderate,Medium,Airport,17.95
Maharashtra,19.74045988360984,75.64289749131848,Historical,February,Moderate,High,Road,24.37
Himachal Pradesh,31.326616090544423,77.25980580536142,Beach,April,Hot,Medium,Railway Station,31.96
Delhi,28.771710363829715,77.21978942786315,City,November,Moderate,High,Railway Station,26.75
Himachal Pradesh,31.01368204148564,77.08181881958245,Religious,July,Moderate,Low,Railway Station,12.05
Rajasthan,26.964963843569322,74.21918143045664,Hill Station,June,Cold,Low,Road,20.52
Uttarakhand,29.923051270449285,79.1520990588184,City,July,Moderate,Medium,Road,16.49
Uttarakhand,30.016298272925482,79.00290740232445,Historical,May,Moderate,Medium,Road,15.17
Punjab,31.190741023868735,75.44158018896356,Beach,June,Hot,Medium,Airport,31.21
Goa,15.314664912929663,74.15591208418685,Beach,October,Hot,Medium,Airport,31.51
Himachal Pradesh,31.1089326831877,77.22889671649986,Wildlife,April,Hot,Medium,Railway Station,31.56
Maharashtra,19.911022804590345,75.63956407383743,Religious,December,Moderate,High,Road,22.45
Delhi,28.681013588880205,76.95163905456204,Religious,June,Moderate,Low,Airport,13.55
Tamil Nadu,11.000712843926628,78.68953810078455,Wildlife,January,Hot,Medium,Road,23.53
Rajasthan,26.96256062152787,74.23021936613648,Historical,November,Hot,Medium,Airport,22.08
Himachal Pradesh,30.950354509091646,77.22541764216002,Beach,October,Hot,High,Road,38.55
Delhi,28.69631522184557,77.11377707450852,Religious,September,Moderate,Low,Road,11.97
Tamil Nadu,11.177737949869467,78.675180396417,Wildlife,December,Moderate,Medium,Airport,28.23
Maharashtra,19.70073072298199,75.57980279640186,Hill Station,October,Cold,Medium,Railway Station,22.66
Maharashtra,19.718948658700505,75.84602111260776,Wildlife,August,Hot,Medium,Railway Station,25.13
Goa,15.260803347119156,74.26756447200992,Beach,October,Hot,High,Railway Station,30.16
Kerala,10.894581979890571,76.20628675661122,City,April,Moderate,Medium,Railway Station,17.83
Kerala,10.730639984803705,76.25360526390041,Historical,June,Moderate,Medium,Road,12.27
Himachal Pradesh,31.123058780421434,77.15215412749657,Religious,April,Moderate,Medium,Railway Station,15.54
Tamil Nadu,11.086987969382909,78.86401325937607,City,February,Moderate,High,Railway Station,25.75
Maharashtra,19.873048872162478,75.68063292014871,Wildlife,February,Hot,High,Railway Station,34.4
West Bengal,22.959511669724037,87.77105821893403,Wildlife,April,Moderate,Medium,Railway Station,25.11
Tamil Nadu,11.13331792298123,78.46895330360537,Beach,October,Hot,High,Airport,38.67
Maharashtra,19.917432939311457,75.9048874867909,Beach,July,Hot,Low,Road,19.61
Delhi,28.892885898795864,77.135622275986,Religious,March,Moderate,Medium,Road,20.99
Goa,15.16543172584545,74.10788147617806,City,June,Moderate,Medium,Railway Station,21.52
Himachal Pradesh,31.255967341418543,77.39420460475435,Hill Station,July,Cold,Medium,Railway Station,24.23
Maharashtra,19.790302180529864,75.63472757261108,Beach,October,Hot,High,Railway Station,35.38
Kerala,11.004053077337188,76.4009541329769,Beach,August,Hot,Medium,Airport,28.13
Rajasthan,26.937118087140586,74.22621600833993,Hill Station,July,Cold,Medium,Railway Station,26.84
Maharashtra,19.975968225543024,75.66993179910816,Religious,August,Moderate,Medium,Road,11.41
Himachal Pradesh,30.966122413730844,77.11909635050704,Beach,January,Hot,Medium,Railway Station,33.41
Punjab,31.093922429903834,75.40082997854613,Religious,March,Moderate,Medium,Airport,16.37
Rajasthan,26.957289262898122,74.15954394521039,Wildlife,September,Hot,Low,Railway Station,22.85
Tamil Nadu,11.138489991890319,78.6331829368874,City,March,Moderate,Medium,Railway Station,19.1
Maharashtra,19.761186603247587,75.89843996812503,Beach,December,Hot,High,Railway Station,30.52
Himachal Pradesh,31.164944159361063,77.26066539356296,City,June,Moderate,Medium,Road,19.05
Delhi,28.54809869047019,77.21193608572808,Wildlife,February,Moderate,High,Road,35.16
Punjab,31.00625685096316,75.01616665238043,Hill Station,December,Cold,Medium,Railway Station,17.81
West Bengal,23.156942374044036,87.9394853590025,Historical,November,Moderate,High,Railway Station,29.34
Tamil Nadu,11.248053140113628,78.62790788469749,City,August,Moderate,Low,Road,16.86
Rajasthan,27.057183761907737,74.26888251816074,Religious,March,Moderate,Medium,Road,14.36
Delhi,28.706502102774984,77.01746529020258,Wildlife,February,Moderate,Medium,Airport,24.42
Punjab,31.252401920993993,75.45190142239824,Wildlife,October,Moderate,High,Railway Station,31.8
West Bengal,22.90691484559827,87.97206787887066,Historical,June,Moderate,Medium,Railway Station,16.78
Rajasthan,26.954505676985296,74.2755561120509,Wildlife,December,Hot,Medium,Road,24.85
Goa,15.379628003597174,74.08273098403191,Hill Station,April,Cold,Low,Railway Station,23.55
West Bengal,23.107121278229226,87.80004456041405,City,January,Moderate,High,Road,23.88
Maharashtra,19.84810928553563,75.7699280893679,Wildlife,October,Moderate,Medium,Road,24.79
Tamil Nadu,10.988902262532735,78.76968099799572,City,June,Moderate,Medium,Railway Station,14.04
Uttarakhand,30.103002455098846,79.02473402941419,Beach,March,Hot,Medium,Airport,28.93
Kerala,10.897015399482692,76.14108177566904,Historical,September,Moderate,Low,Railway Station,15.29
Delhi,28.952820076739236,77.08049925508942,Wildlife,June,Hot,Low,Airport,22.61
Uttarakhand,30.22575633328626,79.15784377816564,City,March,Moderate,Medium,Airport,22.22
Goa,15.297612499427565,74.07043519274723,City,August,Moderate,Medium,Railway Station,21.74
Kerala,10.825522738795962,76.32395392018314,Beach,May,Hot,Medium,Railway Station,30.96
Delhi,28.808407049197037,77.3137687387144,Hill Station,April,Cold,Low,Road,17.0
Goa,15.336721673480248,74.16078195684439,Beach,February,Hot,High,Airport,37.53
Maharashtra,19.727547568308893,75.71011071682052,Wildlife,March,Moderate,Low,Airport,15.85
Delhi,28.588634781509644,77.10486750563304,Hill Station,September,Cold,Medium,Road,28.84
Kerala,10.767084095328341,76.32535042296645,Hill Station,August,Cold,Medium,Airport,21.35
Uttarakhand,30.12148017883386,79.16276987329614,Beach,May,Hot,Low,Road,28.78
Tamil Nadu,10.885222453293059,78.66800883513048,Religious,August,Moderate,Low,Road,14.09
Rajasthan,27.01520056843547,74.24435406157362,Historical,May,Hot,Medium,Airport,14.87
Himachal Pradesh,31.090084469478313,77.17649480882679,Historical,July,Moderate,Low,Railway Station,16.49
Goa,15.313305930611625,74.15807676757274,Hill Station,March,Cold,Low,Railway Station,15.48
Himachal Pradesh,31.02349771478312,77.09603601550619,City,February,Moderate,Medium,Road,21.67
Kerala,10.882337245005862,76.2155364111824,Religious,February,Moderate,High,Railway Station,22.67
Rajasthan,26.81782747731215,74.32036551902844,Wildlife,June,Hot,Medium,Railway Station,30.18
West Bengal,22.753204638119854,87.7734688885212,Religious,December,Moderate,High,Road,25.44
Himachal Pradesh,31.021024090013782,77.09754822036172,Religious,December,Moderate,Medium,Railway Station,13.42
Punjab,31.268263962564916,75.2379357301878,Historical,February,Moderate,Medium,Road,21.95
Maharashtra,19.636792985430876,75.84320975212411,City,April,Moderate,Medium,Road,15.29
Punjab,31.168212477684467,75.29937510847202,Religious,November,Moderate,Medium,Airport,16.53
Kerala,10.832075402114596,76.39170858873997,Beach,October,Hot,High,Railway Station,34.62
Kerala,10.917235528445469,76.28921122888895,Religious,April,Moderate,Low,Railway Station,12.04
West Bengal,23.084913915357166,87.89713270695157,Beach,August,Hot,Medium,Airport,29.65
West Bengal,22.779772645548658,87.8591179516949,City,March,Moderate,Medium,Airport,19.32
Himachal Pradesh,31.038651211471848,77.18086280098169,Wildlife,December,Hot,Medium,Road,29.54
Kerala,10.886601400468127,76.22244609654437,Hill Station,July,Cold,Medium,Airport,23.12
West Bengal,22.82742741440449,87.81410008207735,Wildlife,October,Hot,High,Airport,34.84
Rajasthan,27.048046297172274,74.25027550672316,Hill Station,July,Cold,Medium,Road,20.41
Goa,15.347490163204034,74.25967284907121,Wildlife,July,Hot,Medium,Road,30.48
Delhi,28.525767651481143,77.17061469645655,Beach,November,Hot,Medium,Railway Station,31.36
West Bengal,23.045791723284367,87.84393508515691,Wildlife,November,Moderate,High,Airport,34.93
Goa,15.32582570235804,74.08037098090058,Beach,May,Hot,Medium,Road,33.95
West Bengal,23.026409100485974,88.05287106842381,Historical,November,Moderate,Medium,Railway Station,15.2
Delhi,28.72418242896745,77.00669206203587,City,September,Moderate,Low,Railway Station,10.83
Goa,15.341561157331412,74.09719442315729,Hill Station,April,Cold,Medium,Airport,25.03
Goa,15.372868076375974,74.06698064023018,Historical,August,Moderate,Medium,Railway Station,21.66
Kerala,10.967593077859542,76.26972165880133,Religious,July,Moderate,Low,Airport,13.34
Rajasthan,26.965350656720563,74.18067434798743,Historical,June,Hot,Medium,Road,15.65
Himachal Pradesh,30.93320609274478,77.2034153741527,City,December,Moderate,High,Railway Station,23.7
Rajasthan,27.109294465105616,74.27134685350686,Historical,August,Hot,Medium,Road,20.02
Tamil Nadu,11.156701205313814,78.48064478139582,Religious,April,Moderate,Low,Airport,14.43
Goa,15.388885088010282,74.13314800059776,City,September,Moderate,Low,Airport,15.84
Tamil Nadu,11.114112735688261,78.85271522269126,Hill Station,September,Cold,Medium,Railway Station,26.7
Goa,15.359264364072503,74.25116967915226,Religious,June,Moderate,Low,Railway Station,14.55
Tamil Nadu,11.035591624938913,78.6028072771405,Historical,July,Moderate,Low,Railway Station,6.49
Goa,15.23026618766561,73.94438022446654,Hill Station,May,Cold,Low,Railway Station,21.35
Kerala,10.862175481783849,76.31641231087106,City,November,Moderate,High,Airport,23.05
Goa,15.371492125240838,74.05882958517817,Historical,July,Moderate,Medium,Airport,16.06
Delhi,28.698985436817836,77.23401253352252,Beach,September,Hot,Medium,Airport,28.83
Himachal Pradesh,31.279884107165003,77.0500182198226,Wildlife,October,Hot,Medium,Railway Station,24.96
Rajasthan,27.15548798384685,74.22607527464645,Wildlife,September,Hot,Low,Airport,20.27
Punjab,31.111260551697196,75.15171656324178,Historical,February,Moderate,High,Road,23.13
Uttarakhand,30.106031821900455,79.13757773704721,City,September,Moderate,Medium,Airport,14.44
Punjab,30.927752489461497,75.30606105320852,Wildlife,April,Hot,Medium,Railway Station,32.09
Maharashtra,19.8335967139313,75.71032423556264,Beach,March,Hot,Medium,Road,29.89
Tamil Nadu,11.134364421304332,78.80883945969413,Religious,April,Moderate,Low,Railway Station,11.15
Rajasthan,26.8902983754352,74.2093581167167,City,June,Moderate,Medium,Railway Station,27.31
Kerala,10.87111353796226,76.27088883200152,Wildlife,December,Hot,Medium,Airport,33.83
Punjab,31.100490959576486,75.47092303535118,Hill Station,January,Cold,High,Road,30.59
Himachal Pradesh,30.97099470994651,77.34994092134733,Wildlife,July,Hot,Medium,Railway Station,25.62
Punjab,31.14670874907049,75.41124970631581,Beach,May,Hot,Low,Railway Station,30.6
Punjab,31.337599984041024,75.28537630664158,Beach,November,Hot,Medium,Road,27.74
Kerala,10.837783720370586,76.29982679291209,Hill Station,May,Cold,Medium,Road,26.89
Himachal Pradesh,31.16582360060047,77.33747522582728,Historical,November,Moderate,High,Railway Station,22.89
Rajasthan,27.088329695843104,74.26170236053281,Religious,May,Moderate,Medium,Airport,17.93
Himachal Pradesh,31.06232283658832,77.29347077511837,Hill Station,September,Cold,Medium,Road,24.21
Tamil Nadu,11.16363962082362,78.54643316438978,Hill Station,January,Cold,Medium,Road,22.12
Maharashtra,19.608327030347525,75.99631670094027,Wildlife,March,Hot,Medium,Airport,29.61
Delhi,28.59373307290328,77.00710838580041,Historical,April,Hot,Medium,Road,20.43
Goa,15.4344088946337,74.21533910908022,City,July,Moderate,Low,Road,19.12
Punjab,31.158862398407482,75.49022968916692,City,May,Moderate,Medium,Railway Station,19.59
Kerala,10.762089085897008,76.25572148348539,Hill Station,May,Cold,Medium,Road,21.51
Delhi,28.713275832675553,77.03480297089388,Historical,July,Hot,Medium,Railway Station,21.56
Tamil Nadu,11.000796464642294,78.60838700579001,Hill Station,April,Cold,Low,Railway Station,15.69
Maharashtra,19.73348088103361,75.88376881537836,City,August,Moderate,Medium,Railway Station,20.33
Maharashtra,19.79345653159883,75.65522111925289,Wildlife,April,Hot,Medium,Railway Station,26.76
Punjab,31.12723978446465,75.24220846869764,Historical,December,Moderate,Medium,Railway Station,15.94
Uttarakhand,30.135210499093475,79.03275832848122,Wildlife,December,Hot,Medium,Airport,27.37
West Bengal,23.04962594678874,87.75947845295038,Beach,October,Hot,High,Airport,31.86
Tamil Nadu,11.136517646917365,78.73093334225564,Beach,August,Hot,Medium,Railway Station,30.92
West Bengal,22.82043100218036,87.91070296224878,Wildlife,February,Moderate,High,Road,30.12
Goa,15.198895913897978,74.07072424605387,City,March,Moderate,Low,Road,20.23
Himachal Pradesh,31.106378477336065,77.1329537712076,Hill Station,September,Cold,Medium,Airport,21.61
Kerala,10.764774809954906,76.22659965174623,Historical,October,Moderate,High,Airport,19.06
Himachal Pradesh,31.104159924739687,77.12327620424999,Beach,July,Hot,Medium,Road,30.58
West Bengal,23.090802671986268,87.89441265104342,Wildlife,December,Hot,Medium,Road,28.61
Kerala,10.843420757481528,76.23469000898403,Hill Station,August,Cold,Low,Railway Station,18.16
Tamil Nadu,11.106991206439963,78.53320467415571,City,December,Moderate,High,Railway Station,21.2
Rajasthan,26.91051231321526,74.27241694612222,Hill Station,June,Cold,Medium,Road,17.56
Delhi,28.706240404540083,77.22055262912318,Wildlife,July,Hot,Medium,Airport,28.54
Goa,15.250420020164908,74.14479296919616,Religious,April,Moderate,Low,Road,13.69
West Bengal,23.053255241439416,87.93247733900743,Wildlife,August,Hot,Low,Railway Station,24.95
Kerala,10.882432188607295,76.3108505945091,City,August,Moderate,Medium,Road,18.84
West Bengal,22.89906489961907,87.87919691680554,Wildlife,September,Hot,Medium,Road,23.71
Himachal Pradesh,31.208966673308336,76.99377234332225,Hill Station,July,Cold,Medium,Road,19.91
Himachal Pradesh,31.106132101952326,77.40901289626774,Historical,March,Moderate,Medium,Airport,16.98
Rajasthan,26.89391711819012,74.042383412001,Wildlife,December,Hot,High,Airport,28.45
Rajasthan,27.1428699617555,74.23756377417503,Beach,August,Hot,Medium,Airport,29.15
Punjab,31.16271053524822,75.37424011110058,Historical,August,Moderate,Medium,Airport,20.1
Maharashtra,19.8198861113932,75.58525305064306,Historical,March,Moderate,Medium,Road,17.89
Maharashtra,19.846708777081826,75.56795051039737,Historical,July,Moderate,Medium,Airport,13.59
Goa,15.359423678815167,74.31019148781502,Hill Station,July,Cold,Medium,Railway Station,27.3
Goa,15.266360354403746,74.30582787037427,Wildlife,June,Hot,Medium,Road,29.83
Uttarakhand,29.9735051529827,78.95652450132425,Wildlife,November,Hot,High,Airport,33.58
Rajasthan,26.898647524578468,74.4337634915835,City,September,Moderate,Medium,Road,22.0
Kerala,10.7856658815856,76.25358682443607,Wildlife,December,Hot,Medium,Railway Station,22.62
Maharashtra,19.784678803170962,75.58087076436853,Wildlife,May,Moderate,Low,Railway Station,22.35
West Bengal,22.920084044993366,87.8583223238517,Beach,June,Hot,Medium,Road,29.45
Rajasthan,27.040511659922498,74.26588283715195,Beach,September,Hot,Low,Road,28.81
West Bengal,23.017396002443782,87.98459976706398,Hill Station,June,Cold,Low,Railway Station,19.19
Rajasthan,27.12217917519532,74.22063724786932,Beach,August,Hot,Medium,Airport,33.55
Punjab,31.094254900209958,75.24316862540493,City,December,Moderate,High,Airport,25.97
Kerala,10.81202439967893,76.26245425794271,Religious,February,Moderate,High,Road,24.59
West Bengal,23.04582703110753,87.84477336497824,City,February,Moderate,Medium,Airport,18.33
Delhi,28.83405007670066,77.10735485446811,Historical,October,Hot,High,Airport,25.26
Himachal Pradesh,31.07064795849947,77.26270774345657,City,November,Moderate,High,Road,20.02
Kerala,10.801464340347533,76.27225579227715,City,November,Moderate,Medium,Airport,18.73
Kerala,10.905555693282624,76.19436525140618,City,May,Moderate,Medium,Railway Station,16.21
Delhi,28.601267821795982,77.26968358587445,Religious,May,Moderate,Medium,Railway Station,15.35
Delhi,28.59070536640322,77.11053850387637,Historical,May,Hot,Medium,Road,19.41
Maharashtra,19.800061258014953,75.71668228856277,Religious,November,Moderate,Medium,Airport,17.62
Himachal Pradesh,31.229361831221823,77.22003977492476,Wildlife,March,Hot,Low,Airport,21.91
Kerala,10.654581839126402,76.23196968960596,City,March,Moderate,Medium,Railway Station,18.8
Delhi,28.67878784237142,77.00459778704243,Hill Station,March,Cold,Low,Road,17.1
Delhi,28.67819159409194,77.2222423199805,Religious,July,Moderate,Low,Railway Station,11.16
Delhi,28.5982141991142,76.88438247623344,Wildlife,October,Hot,Medium,Railway Station,30.09
Delhi,28.711767120561472,76.94406165733334,Religious,August,Moderate,Low,Airport,10.26
Rajasthan,27.192374419197396,74.34117283420683,Hill Station,April,Cold,Low,Airport,14.76
Himachal Pradesh,31.171099370205262,77.21103259576466,Wildlife,March,Moderate,Low,Airport,19.13
Rajasthan,27.023018408290945,74.09791938259511,Historical,January,Hot,Medium,Railway Station,19.82
Himachal Pradesh,31.0577010189736,77.25246415838876,Hill Station,March,Cold,Medium,Road,27.81
West Bengal,23.07477386742199,87.76509768862753,Historical,November,Moderate,Medium,Railway Station,20.82
Uttarakhand,30.018077905833177,79.04053800860235,City,September,Moderate,Medium,Airport,17.35
Kerala,10.784331012903369,76.15704215105114,Wildlife,July,Moderate,Medium,Railway Station,30.64
Tamil Nadu,11.14334985102491,78.64703778956658,Religious,August,Moderate,Medium,Railway Station,16.98
Goa,15.220240077886874,74.13256811116406,Wildlife,June,Hot,Medium,Road,29.31
Himachal Pradesh,31.210763822064436,77.2026296012614,Wildlife,April,Hot,Medium,Airport,28.81
Goa,15.524975247216878,74.14007045512784,Religious,March,Moderate,Low,Railway Station,13.87
Maharashtra,19.745991524538294,75.82836661572756,Historical,August,Moderate,Medium,Road,21.63
Goa,15.352865405135248,74.01379154352239,Religious,February,Moderate,Medium,Road,18.65
Tamil Nadu,11.209361536997365,78.77656177360048,Religious,June,Moderate,Medium,Airport,22.26
Punjab,31.195214589076517,75.36992965727491,City,August,Moderate,Low,Road,13.87
Uttarakhand,30.13628161429231,78.9162924117519,Religious,July,Moderate,Medium,Airport,18.36
Delhi,28.69469877558991,77.0986173711344,Wildlife,April,Hot,Low,Railway Station,26.83
Uttarakhand,29.974328811959882,79.05003093537364,Beach,December,Hot,Medium,Airport,33.64
Kerala,10.684926548950205,76.33398712544525,Historical,June,Moderate,Low,Road,18.5
Kerala,10.853975447829185,76.28151333880214,Hill Station,October,Cold,Medium,Railway Station,24.43
Uttarakhand,30.052368806758324,79.11966368783692,Hill Station,June,Cold,Low,Railway Station,22.75
Maharashtra,19.532761908502394,75.73143652406553,Hill Station,October,Cold,High,Railway Station,26.06
Punjab,31.2820446682538,75.38630436337459,Religious,May,Moderate,Medium,Road,17.72
West Bengal,22.840196179855113,87.8549868313773,Historical,January,Moderate,Medium,Road,14.23
Goa,15.394142577071818,74.1967462194532,City,November,Moderate,High,Airport,30.38
Delhi,28.627349296332618,76.88810331683781,Hill Station,December,Cold,High,Railway Station,28.64
Delhi,28.705566737268562,77.03532863431226,Religious,August,Moderate,Medium,Railway Station,17.31
Rajasthan,27.132594025326856,74.27008912341351,Historical,December,Hot,High,Road,15.71
Maharashtra,19.80338439229401,75.73605980181367,Hill Station,January,Cold,High,Railway Station,29.16
Punjab,31.039942105948228,75.31886296622132,Wildlife,December,Hot,Medium,Airport,27.95
Rajasthan,27.16951018262274,74.10550988750771,Beach,February,Hot,High,Railway Station,34.94
Himachal Pradesh,31.04405591047168,76.9991112026183,Hill Station,August,Cold,Low,Road,19.24
Punjab,31.103259111196326,75.33595173176893,City,February,Moderate,Medium,Road,13.47
Goa,15.401439976888184,74.0063312578445,Beach,November,Hot,Medium,Road,30.11
Punjab,31.10782410475832,75.19101630753701,City,November,Moderate,High,Railway Station,25.85
Rajasthan,26.94306199437159,74.36949451462942,Wildlife,December,Moderate,High,Railway Station,31.16
Maharashtra,19.872738445288974,75.51244624085143,Hill Station,November,Cold,High,Railway Station,25.72
Tamil Nadu,11.105131295497616,78.77219341769747,Religious,November,Moderate,High,Airport,20.92
Himachal Pradesh,31.209700070106543,77.20641080101151,Beach,September,Hot,Low,Airport,22.93
Goa,15.391709812884079,73.96685108124237,Hill Station,March,Cold,Medium,Railway Station,24.27
Punjab,31.01878509545833,75.22821289834674,City,October,Moderate,High,Airport,20.06
Maharashtra,19.710733942143406,75.63151386893769,Historical,March,Moderate,Medium,Road,20.16
Punjab,31.151738355791654,75.20833564257727,City,May,Moderate,Medium,Road,18.95
Uttarakhand,30.163427873923467,78.8745603907941,Hill Station,June,Cold,Medium,Railway Station,23.29
Delhi,28.68832775549301,77.1830937124487,Religious,February,Moderate,Medium,Road,15.37
West Bengal,22.865215601717463,87.7201572487219,Hill Station,February,Cold,Medium,Airport,24.29
Rajasthan,27.062658528903263,74.39252922006601,Religious,February,Moderate,High,Airport,26.64
Uttarakhand,30.15129059226217,79.10722965256794,Wildlife,November,Hot,Medium,Airport,33.12
Rajasthan,27.090633322960617,74.10495144224046,Hill Station,April,Cold,Medium,Road,26.39
Uttarakhand,30.238143800905057,79.15284317289697,Historical,February,Moderate,Medium,Road,15.6
Kerala,10.69564169663786,76.35060214592693,City,November,Moderate,Medium,Road,17.67
Kerala,10.876034010009093,76.20831224609795,Religious,December,Moderate,Medium,Airport,21.29
Goa,15.301075254617329,74.05914783704954,Hill Station,July,Cold,Low,Road,16.55
Goa,15.395694484907967,74.03196095721643,Beach,May,Hot,Medium,Airport,27.49
Delhi,28.57051731548495,77.28726600029425,City,July,Moderate,Medium,Airport,20.5
Kerala,10.995951823560132,76.34506229667441,City,April,Moderate,Low,Airport,16.66
Goa,15.255915247664744,74.14356405283122,City,December,Moderate,High,Railway Station,24.72
Goa,15.165721403761514,74.06857975450474,Hill Station,August,Cold,Low,Railway Station,16.32
Delhi,28.843492453054107,77.02065249138698,City,June,Moderate,Low,Road,11.96
Maharashtra,20.00600355234036,75.86472349315811,Historical,November,Moderate,High,Road,21.48
Rajasthan,26.94690400873252,74.22916852001603,Hill Station,October,Cold,High,Railway Station,29.26
Rajasthan,27.205264916732308,74.22798038704597,Wildlife,October,Hot,High,Airport,32.75
Tamil Nadu,11.200777540890318,78.70894017627353,City,November,Moderate,High,Road,29.96
Goa,15.343001762207342,74.05972784061173,Beach,June,Hot,Low,Road,29.62
Maharashtra,19.72224052500924,75.51499658038287,Wildlife,December,Hot,High,Railway Station,34.41
Himachal Pradesh,31.214293405564195,77.35719420299922,Wildlife,April,Moderate,Medium,Railway Station,30.81
Kerala,10.92871156049764,76.24320080997114,Historical,May,Moderate,Low,Airport,14.27
Himachal Pradesh,31.117566134984347,77.30917845520581,Wildlife,November,Hot,Medium,Road,26.26
Rajasthan,26.868973833176916,74.29550873728626,Historical,March,Hot,Medium,Railway Station,15.86
Delhi,28.771140548905947,76.92090680039803,City,June,Moderate,Low,Road,16.86
Tamil Nadu,11.068182095030236,78.56893261865854,Religious,October,Moderate,Medium,Airport,17.63
Uttarakhand,30.1789076368449,78.91988942657692,Religious,February,Moderate,High,Road,25.6
Uttarakhand,30.06846209813624,79.10769831604696,Hill Station,March,Cold,Medium,Railway Station,30.39
West Bengal,23.023937909761738,87.82883564470994,City,June,Moderate,Medium,Road,16.15
Himachal Pradesh,31.147576894435062,77.14553210971604,Beach,June,Hot,Medium,Railway Station,26.95
Rajasthan,27.006710580183316,74.24778142249082,Historical,September,Hot,Medium,Airport,23.88
Punjab,31.130678621595848,75.15234765872846,Historical,October,Moderate,High,Railway Station,26.56
Delhi,28.740816540504305,77.21280832782934,Wildlife,December,Hot,High,Railway Station,38.83
Tamil Nadu,11.173380645918186,78.65403183413626,Historical,April,Moderate,Low,Railway Station,12.53
Uttarakhand,29.902290274586022,78.97782506832911,Wildlife,June,Hot,Medium,Railway Station,32.18
Tamil Nadu,11.15485246844763,78.63093220364924,City,January,Moderate,High,Airport,31.82
Maharashtra,19.876365575388963,75.58374536168147,Hill Station,July,Cold,Low,Railway Station,23.54
Goa,15.262056914696261,74.12688187135284,Wildlife,July,Hot,Medium,Road,29.28
Punjab,31.21578469770637,75.41077457924726,Beach,September,Hot,Low,Airport,23.57
Goa,15.071133792757943,74.01281492933359,Wildlife,December,Hot,High,Road,33.57
Kerala,10.798597428108186,76.18200145580467,Wildlife,March,Moderate,Medium,Airport,27.69
Uttarakhand,29.95622945245804,79.10380430673105,Hill Station,February,Cold,Medium,Railway Station,26.97
Rajasthan,27.218530422888968,74.33009504919153,City,August,Moderate,Medium,Railway Station,18.94
Rajasthan,26.83183244996617,74.08818044245668,Historical,January,Hot,Medium,Road,13.39
Rajasthan,26.945024174237957,74.13951582609153,Beach,March,Hot,Medium,Railway Station,30.3
Goa,15.318658699506571,73.97999774421498,Hill Station,March,Cold,Medium,Airport,23.94
Kerala,10.821550991956638,76.3630186153677,Historical,February,Moderate,High,Road,14.43
Kerala,10.848634320622237,76.48113956109557,Beach,November,Hot,High,Road,31.82
Uttarakhand,30.054979155442908,79.01858287890187,Hill Station,August,Cold,Medium,Airport,16.37
Uttarakhand,30.177653157725302,79.12002091029977,Hill Station,August,Cold,Medium,Road,17.55
Tamil Nadu,11.00418289664817,78.42695444763301,Religious,April,Moderate,Medium,Railway Station,11.61
Tamil Nadu,11.18870542355371,78.68724422502909,Historical,December,Moderate,Medium,Airport,23.4
Himachal Pradesh,31.131892134270746,77.1841603436223,Historical,March,Moderate,Low,Railway Station,13.23
Rajasthan,26.88615265589086,74.17851414328308,Historical,June,Hot,Low,Railway Station,11.17
Tamil Nadu,11.028785687373315,78.55684473652651,Wildlife,July,Hot,Medium,Road,31.43
Himachal Pradesh,31.02044033874683,77.15114349292286,City,August,Moderate,Medium,Road,16.39
Delhi,28.673060351504493,76.86217602090187,Hill Station,April,Cold,Low,Road,22.63
Rajasthan,27.12940416064586,74.066944837753,Beach,June,Hot,Medium,Railway Station,31.33
Uttarakhand,30.210759792743016,78.94511793582983,Wildlife,January,Hot,Medium,Road,34.43
Delhi,28.613420728447906,77.12879407787612,Historical,February,Hot,Medium,Road,17.62
Kerala,10.85005182036232,76.39454569787647,Beach,August,Hot,Medium,Airport,27.85
Punjab,31.186559893535826,75.30884825565576,Beach,May,Hot,Low,Railway Station,26.28
Himachal Pradesh,31.068917362905648,77.25356051597264,City,July,Moderate,Medium,Road,27.58
Rajasthan,27.02865146622196,74.19632662922295,Historical,March,Hot,Medium,Railway Station,15.76
Goa,15.357985153878488,73.93099131306765,Historical,November,Moderate,High,Railway Station,22.08
Punjab,31.127489971788286,75.40097706503364,City,July,Moderate,Low,Airport,16.3
Rajasthan,27.019934823117268,74.21961838503856,Historical,November,Hot,Medium,Road,10.47
Himachal Pradesh,30.986844297831663,77.25858649257218,Historical,February,Moderate,High,Railway Station,25.17
Himachal Pradesh,31.15273542588185,77.11883446056375,Religious,July,Moderate,Medium,Airport,17.59
Rajasthan,27.027784823951535,74.09361739416701,City,March,Moderate,Medium,Road,22.34
Maharashtra,19.77034789910895,75.76433190155645,Historical,November,Moderate,High,Railway Station,23.08
Punjab,31.05963196986607,75.18355901921903,Historical,November,Moderate,Medium,Road,19.16
Tamil Nadu,11.053514642408764,78.74291507958725,Historical,January,Moderate,High,Railway Station,23.15
Tamil Nadu,11.22576912199945,78.74817497799138,City,December,Moderate,High,Road,23.02
Himachal Pradesh,31.2403495532875,77.37770422434703,Wildlife,August,Moderate,Medium,Road,25.51
Uttarakhand,30.018587571567853,79.04296469126729,Historical,December,Moderate,Medium,Railway Station,19.82
Maharashtra,19.707023741866625,75.69021685410344,City,February,Moderate,High,Airport,20.16
Tamil Nadu,11.205002953797973,78.74640868360643,Wildlife,July,Hot,Medium,Road,27.36
Himachal Pradesh,31.34283877461645,77.28596799321235,Beach,January,Hot,High,Railway Station,37.04
Delhi,28.617663849757424,77.19466763194777,City,April,Moderate,Medium,Road,20.73
Delhi,28.75968584593174,77.0737415852408,Religious,August,Moderate,Medium,Railway Station,16.27
Punjab,30.963974136218823,75.27168973379234,Historical,May,Moderate,Medium,Airport,17.38
Himachal Pradesh,31.146164789828237,77.07853780987911,Historical,August,Moderate,Low,Railway Station,13.95
Punjab,31.033221706302378,75.2758102905768,Wildlife,November,Moderate,High,Railway Station,33.22
Goa,15.369624172882242,74.2250942108053,Historical,June,Moderate,Low,Road,12.16
Goa,15.313329342570055,74.0583423036653,Hill Station,September,Cold,Low,Railway Station,14.47
Rajasthan,27.000104086005585,74.13731390447465,City,June,Moderate,Low,Railway Station,16.22
Punjab,31.082649229812432,75.41702823861179,Historical,June,Moderate,Low,Railway Station,15.35
Punjab,31.102427313427714,75.35688987411986,Wildlife,February,Moderate,Medium,Railway Station,24.85
Punjab,31.284196276012928,75.10100530560494,Wildlife,December,Moderate,Medium,Railway Station,25.45
Kerala,10.725248380779233,76.4327641178989,Beach,February,Hot,High,Road,34.8
Himachal Pradesh,31.26211360220429,77.32792264458848,Beach,December,Hot,Medium,Airport,21.93
West Bengal,23.085604931461333,88.20636763130655,Historical,May,Moderate,Medium,Railway Station,17.33
West Bengal,23.048402570874767,87.88396698121382,Religious,October,Moderate,High,Airport,23.02
Maharashtra,19.84524062824695,75.86214440287546,Wildlife,August,Hot,Medium,Airport,25.32
Himachal Pradesh,31.12579881940805,77.30578246127209,City,June,Moderate,Medium,Airport,22.81
Rajasthan,27.004437264037637,74.31434174581203,Wildlife,December,Moderate,Medium,Road,27.07
Himachal Pradesh,31.06065241946871,77.26273472626082,Historical,September,Moderate,Medium,Road,17.57
Himachal Pradesh,31.196373981915755,77.10689080519182,City,November,Moderate,High,Road,24.48
Goa,15.450254686261264,74.1674126981541,Historical,July,Moderate,Low,Airport,15.2
Rajasthan,27.022082856141182,74.16541452200657,Religious,May,Moderate,Medium,Road,19.82
Himachal Pradesh,31.02441968199029,77.23199917689787,Historical,February,Moderate,High,Airport,17.55
Delhi,28.913854391504707,77.13770391100077,City,May,Moderate,Medium,Road,19.31
Maharashtra,19.638438807604942,75.5849483280699,Wildlife,April,Hot,Medium,Road,26.07
Punjab,31.20220601242159,75.22064176489762,City,October,Moderate,Medium,Railway Station,15.69
Kerala,10.886367470605114,76.47246983495349,Historical,May,Moderate,Medium,Road,14.54
Rajasthan,27.00203448788619,74.18644996066499,City,September,Moderate,Medium,Road,19.09
Punjab,30.999476951969058,75.38568749166771,Wildlife,July,Moderate,Medium,Airport,28.7
Goa,15.399310089720558,74.093665308118,City,January,Moderate,Medium,Railway Station,22.49
Kerala,10.751413924598328,76.21043360592495,Hill Station,July,Cold,Low,Road,19.56
Rajasthan,27.172763528338837,74.3747602106438,City,May,Moderate,Medium,Railway Station,21.22
Delhi,28.651098924122003,77.06222427100937,Religious,June,Moderate,Low,Airport,10.56
Kerala,11.040286807579912,76.42777037214441,Beach,January,Hot,Medium,Road,27.91
Uttarakhand,30.05308350891259,79.09802736948163,Beach,February,Hot,Medium,Road,31.4
Goa,15.48053562925095,73.97144200748161,Religious,December,Moderate,High,Road,18.72
West Bengal,23.085479843503702,87.91794941559996,Wildlife,July,Hot,Medium,Road,33.41
Delhi,28.586256328706934,77.06077651647618,City,September,Moderate,Medium,Railway Station,19.1
West Bengal,23.060593492626214,87.79051910636066,Wildlife,January,Hot,High,Railway Station,37.11
Uttarakhand,30.0792887289901,79.01981431414745,City,June,Moderate,Medium,Railway Station,15.62
Rajasthan,27.125662451003382,74.30400979890067,Historical,December,Hot,High,Railway Station,20.72
Kerala,11.038662128935778,76.45441141483985,Wildlife,December,Moderate,High,Airport,36.3
Tamil Nadu,11.113770243300607,78.62583531181517,City,July,Moderate,Low,Airport,10.56
Delhi,28.73644523642604,77.04581965479042,Hill Station,November,Cold,High,Railway Station,27.17
Maharashtra,19.751233781201734,75.8424693270572,City,February,Moderate,Medium,Airport,26.22
Maharashtra,19.90031346272402,75.66882934408227,City,May,Moderate,Low,Railway Station,20.87
Uttarakhand,30.204400648636387,78.91906478900695,Historical,November,Moderate,High,Railway Station,16.97
Punjab,31.199468474137916,75.21994780529164,Beach,October,Hot,Medium,Road,30.19
Rajasthan,27.11954098452322,74.0954600226779,Wildlife,June,Hot,Medium,Road,29.23
Tamil Nadu,11.1095452081369,78.64439627156796,Historical,January,Moderate,High,Railway Station,21.79
Maharashtra,19.680508086704794,75.82310554114387,Religious,August,Moderate,Medium,Airport,16.36
Tamil Nadu,11.119618157964942,78.7681060680033,Wildlife,March,Moderate,Medium,Railway Station,33.93
Delhi,28.700485640277947,76.94627651433498,Hill Station,February,Cold,Medium,Railway Station,30.01
Kerala,10.721762140686465,76.19309568418501,Beach,February,Hot,Medium,Road,31.93
Goa,15.158765955289507,74.18749129212136,Beach,March,Hot,Medium,Road,28.19
Tamil Nadu,11.165888771707989,78.59853395426946,Wildlife,July,Hot,Medium,Railway Station,28.46
Kerala,10.987032874827582,76.25077017554233,Historical,October,Moderate,High,Railway Station,26.72
Uttarakhand,29.96211214972235,79.08212080117964,City,November,Moderate,High,Airport,23.96
Uttarakhand,29.997631034091757,78.9592980418346,Wildlife,September,Moderate,Medium,Road,28.78
Tamil Nadu,11.072054812731078,78.79511379948467,Beach,July,Hot,Medium,Railway Station,30.4
West Bengal,23.00201937798011,87.99347875073683,City,August,Moderate,Medium,Airport,23.56
Rajasthan,26.962917683757667,74.10032655533331,Historical,May,Hot,Medium,Airport,17.55
Maharashtra,19.84421029658316,75.64318994141237,City,August,Moderate,Low,Road,14.88
Rajasthan,27.063905830769365,74.14515342937663,Religious,February,Moderate,Medium,Railway Station,13.22
Delhi,28.83582459401477,77.03338033732531,Religious,July,Moderate,Low,Railway Station,8.34
Tamil Nadu,11.087690952101942,78.77290484289064,Beach,November,Hot,High,Airport,36.65
Delhi,28.558501445489632,77.06177980382553,Beach,March,Hot,Medium,Road,31.34
Delhi,28.65287511528178,77.02615268771098,Wildlife,February,Hot,High,Road,35.91
Delhi,28.653346865647425,77.18591005719101,Religious,July,Moderate,Medium,Airport,19.82
Uttarakhand,30.124937305933894,78.86196530503943,Wildlife,April,Hot,Low,Airport,18.75
Delhi,28.81617586339391,77.06453464109084,Religious,August,Moderate,Low,Road,12.46
Himachal Pradesh,31.204799100505962,77.37943415438369,City,January,Moderate,High,Road,23.46
Delhi,28.71414444968598,77.16366357854984,Religious,July,Moderate,Medium,Road,13.8
Maharashtra,19.757678827022964,75.7927498947351,Beach,March,Hot,Medium,Railway Station,30.2
Uttarakhand,30.089901541457625,78.92698422571924,Religious,April,Moderate,Medium,Airport,17.12
West Bengal,22.945120834886165,87.97574257491567,Religious,April,Moderate,Medium,Railway Station,10.99
Rajasthan,26.929715112779395,74.12753656364076,City,February,Moderate,High,Airport,23.93
Kerala,10.924813326542484,76.20029229270541,Wildlife,August,Hot,Low,Railway Station,23.77
Kerala,10.821366799387505,76.31813927420092,Religious,October,Moderate,Medium,Railway Station,14.93
Kerala,10.91058689137235,76.27906887814447,Beach,August,Hot,Medium,Road,31.46
Himachal Pradesh,31.15338344244122,77.09348880754393,Wildlife,June,Moderate,Medium,Airport,32.08
Kerala,10.93097874435274,76.23829435493232,Historical,December,Moderate,High,Airport,21.55
Punjab,31.061954842014977,75.48214980979851,Religious,January,Moderate,Medium,Road,17.33
Tamil Nadu,11.221005192440757,78.57161217901258,Wildlife,August,Hot,Medium,Railway Station,26.51
Himachal Pradesh,31.175149352271116,77.27284102812176,Historical,May,Moderate,Low,Road,10.14
Maharashtra,19.76714358673593,75.47342562034702,Hill Station,December,Cold,High,Road,30.1
Maharashtra,19.669929395190067,75.6164115695361,Religious,January,Moderate,Medium,Railway Station,17.05
West Bengal,23.13137181121423,87.72254269254631,Religious,January,Moderate,High,Railway Station,23.6
Tamil Nadu,11.05987811274476,78.7824677525741,Religious,January,Moderate,Medium,Railway Station,18.54
Tamil Nadu,11.054653783175763,78.6624128205364,Religious,September,Moderate,Low,Road,15.71
West Bengal,22.916516718706454,87.84557561564753,Historical,February,Moderate,Medium,Airport,16.49
Rajasthan,27.141478338217432,74.03799991597886,City,October,Moderate,Medium,Airport,14.08
Rajasthan,27.091196515171006,74.06610508850532,City,July,Moderate,Medium,Road,20.75
Uttarakhand,30.18126542192482,78.99033255449051,Beach,April,Hot,Low,Railway Station,24.62
Kerala,10.888412363306925,76.2178298912445,City,February,Moderate,High,Railway Station,28.69
Himachal Pradesh,31.1051275907103,77.08756118857934,Historical,December,Moderate,Medium,Railway Station,17.59
Kerala,10.820601600262815,76.41258401364593,City,June,Moderate,Medium,Railway Station,19.17
West Bengal,23.13185757008193,87.8113998029775,City,August,Moderate,Medium,Road,26.26
Goa,15.192177771350446,74.01970309666562,Wildlife,May,Moderate,Medium,Road,30.43
Punjab,31.207191378241532,75.35514524660292,Beach,March,Hot,Medium,Road,26.04
Goa,15.286096031351777,74.0859460271949,Hill Station,April,Cold,Low,Railway Station,22.35
Delhi,28.662006643541623,77.09545264261226,City,December,Moderate,High,Railway Station,27.01
Goa,15.41580994130652,74.09540668552665,Religious,March,Moderate,Medium,Road,15.47
Goa,15.427426964540135,74.13535214964779,Historical,December,Moderate,Medium,Railway Station,15.55
Goa,15.378658411766915,74.11006196037401,Beach,December,Hot,High,Road,35.72
Rajasthan,27.19080939005831,74.29139359742543,Beach,October,Hot,High,Railway Station,32.99
Tamil Nadu,11.363230102278786,78.65945678187946,City,November,Moderate,Medium,Airport,17.27
Punjab,31.21778962909185,75.46792736463183,Beach,October,Hot,High,Railway Station,34.03
Rajasthan,27.030427473734424,74.29638886874942,Wildlife,January,Hot,High,Railway Station,31.84
Uttarakhand,29.824441718716876,79.05353993499959,Religious,September,Moderate,Medium,Road,14.5
Maharashtra,19.83618537431799,75.66229734682783,Historical,August,Moderate,Medium,Road,21.25
Rajasthan,26.92574536728837,74.10743690075815,City,November,Moderate,High,Airport,22.24
Delhi,28.707050859126806,76.98448583955383,Wildlife,June,Hot,Medium,Road,30.0
Uttarakhand,30.180945457832127,79.16280654120021,Historical,August,Moderate,Low,Road,17.0
Rajasthan,26.918547694500262,74.0092151470684,Wildlife,August,Hot,Medium,Airport,32.38
West Bengal,22.89709046995183,87.82082196250785,Historical,January,Moderate,High,Road,21.98
Himachal Pradesh,30.99261711995874,77.16807663324366,City,April,Moderate,Low,Railway Station,13.38
Kerala,10.82517540528258,76.26244056233618,Beach,March,Hot,Medium,Railway Station,29.41
Delhi,28.881195755334776,77.24566359869381,Religious,February,Moderate,Medium,Road,15.12
Kerala,10.807104450292753,76.39632006555546,City,August,Moderate,Medium,Railway Station,22.88
Delhi,28.82494399891361,77.02509743496374,Religious,January,Moderate,High,Road,21.82
Maharashtra,19.818571832243578,75.70395275972204,Beach,December,Hot,Medium,Airport,34.69
Uttarakhand,29.910314557504453,79.09586431064827,Religious,January,Moderate,High,Railway Station,23.45
Himachal Pradesh,31.10283499877985,76.90278430002284,City,September,Moderate,Medium,Airport,17.77
Goa,15.246555554437208,74.06750009767568,Wildlife,September,Moderate,Medium,Road,26.46
Maharashtra,19.647453269211045,75.56817263418004,Hill Station,January,Cold,High,Railway Station,31.53
Delhi,28.703752279029807,77.15308643581162,Wildlife,April,Hot,Low,Airport,28.18
Goa,15.335192050887265,74.19032184207404,Religious,March,Moderate,Medium,Road,15.53
Kerala,10.849832142694734,76.34465668983026,Beach,December,Hot,High,Road,36.66
West Bengal,23.16048727731524,87.81953225564271,Beach,January,Hot,High,Road,29.91
Goa,15.3726248472563,74.25403095457887,Wildlife,May,Hot,Medium,Airport,23.9
Kerala,10.89609683998806,76.19074690385729,Religious,February,Moderate,High,Airport,26.2
Maharashtra,19.54820264517628,75.85288682046779,City,January,Moderate,High,Airport,33.26
Kerala,10.763435720903333,76.41410303889214,Beach,October,Hot,Medium,Road,34.99
West Bengal,23.165779069983735,87.9292723061425,Historical,February,Moderate,Medium,Road,18.6
Punjab,31.042381564475175,75.26085905402076,City,November,Moderate,High,Airport,20.77
Kerala,10.912095508904406,76.28449402959306,Historical,February,Moderate,High,Railway Station,24.51
Himachal Pradesh,31.214216683561514,77.35540348127674,Historical,April,Moderate,Medium,Airport,20.0
Maharashtra,19.637074518373538,75.64602958678883,Wildlife,April,Moderate,Medium,Road,27.94
West Bengal,23.066895356930115,87.95317898365691,City,October,Moderate,High,Airport,24.03
Delhi,28.81695457775312,77.1135880502893,Historical,February,Hot,High,Road,21.97
West Bengal,23.012191571933478,87.81894332682101,Religious,April,Moderate,Medium,Road,15.26
Delhi,28.65936370508388,77.18770150349086,Historical,January,Hot,High,Railway Station,19.36
Tamil Nadu,11.044076536633272,78.7031252329293,Wildlife,May,Moderate,Medium,Railway Station,32.69
Rajasthan,27.11553182278767,74.21805093991782,City,September,Moderate,Medium,Railway Station,23.14
Maharashtra,19.72608454691256,75.59835039578712,City,November,Moderate,Medium,Railway Station,17.16
Goa,15.4590674996705,74.20973221919061,Wildlife,April,Hot,Low,Railway Station,15.29
Goa,15.346177520611352,74.02259116668174,Religious,September,Moderate,Medium,Road,19.62
Goa,15.292819074643887,74.14451848907362,Religious,August,Moderate,Medium,Airport,17.84
Rajasthan,26.95716285922953,74.17277632544331,Historical,January,Hot,Medium,Railway Station,17.19
Maharashtra,19.79623862964734,75.67326431486295,Historical,August,Moderate,Medium,Airport,17.55
Rajasthan,27.174069786634423,74.08971478426204,Hill Station,July,Cold,Medium,Road,27.77
Goa,15.38430042679696,74.18419362371031,Hill Station,August,Cold,Medium,Railway Station,29.44
Maharashtra,19.742825555275466,75.766454568019,Beach,April,Hot,Medium,Airport,25.03
Kerala,10.781811976521187,76.16849647524448,Beach,May,Hot,Medium,Road,27.77
Goa,15.227976798937545,74.05529549340446,City,September,Moderate,Low,Railway Station,21.62
Himachal Pradesh,30.944781071323785,77.24405207734206,Religious,May,Moderate,Medium,Road,16.4
Kerala,10.818590396574898,76.22244187536452,Wildlife,November,Moderate,High,Airport,30.3
Uttarakhand,30.012568091431515,78.7727506006687,Beach,April,Hot,Medium,Railway Station,29.7
Rajasthan,26.846597217157598,74.0181952563382,Beach,October,Hot,High,Road,35.54
Rajasthan,26.825436852710364,74.27187664303241,City,September,Moderate,Low,Railway Station,15.29
Delhi,28.854001206823355,77.19538512460502,Historical,December,Hot,Medium,Railway Station,15.15
Kerala,10.93910273870114,76.30052050199296,City,August,Moderate,Low,Railway Station,11.26
Uttarakhand,30.04775143021949,78.99121307542023,Beach,May,Hot,Medium,Railway Station,32.5
Uttarakhand,30.078621787129876,79.11097682707243,Religious,June,Moderate,Medium,Railway Station,21.5
Goa,15.023847837160163,74.1491869448318,Historical,October,Moderate,High,Railway Station,25.09
Tamil Nadu,11.25503526763661,78.61696736166202,Hill Station,July,Cold,Medium,Airport,23.75
Tamil Nadu,11.223657355879318,78.57626687811204,City,November,Moderate,High,Airport,23.66
West Bengal,23.05098107560002,87.85532443440782,City,January,Moderate,Medium,Road,22.28
Kerala,10.708517468654243,76.31280804980086,Beach,November,Hot,High,Road,27.3
Goa,15.341030346150362,74.09141882175102,City,June,Moderate,Medium,Airport,13.87
Uttarakhand,30.009294180381264,78.9461739026673,Historical,July,Moderate,Medium,Railway Station,15.12
Maharashtra,19.853164320731587,75.62682336235592,Wildlife,December,Moderate,High,Airport,25.74
Kerala,10.865985044831039,76.30003046358738,Wildlife,September,Hot,Medium,Railway Station,30.49
Goa,15.292937593314765,74.0374195737408,Hill Station,February,Cold,High,Airport,33.43
Rajasthan,26.95686439037497,74.12408201487787,City,December,Moderate,Medium,Railway Station,16.2
Delhi,28.728621470470436,77.01883776503382,Historical,January,Hot,High,Road,24.07
Tamil Nadu,10.914762146160177,78.68756197869818,Religious,December,Moderate,High,Railway Station,19.79
Kerala,10.930941097092358,76.37952152041414,City,October,Moderate,Medium,Road,20.45
Tamil Nadu,11.128216800950634,78.6993585096047,Hill Station,February,Cold,High,Airport,34.56
Uttarakhand,30.12018200702519,79.14936633667656,City,September,Moderate,Medium,Railway Station,19.04
West Bengal,23.05787740251752,87.83680545616576,City,February,Moderate,High,Railway Station,27.73
Rajasthan,27.08327947065766,74.46004651329618,Religious,February,Moderate,Medium,Railway Station,18.79
Tamil Nadu,11.142665829767175,78.68255773958492,Beach,March,Hot,Low,Road,21.08
Goa,15.509398718981311,73.94807129799594,Wildlife,April,Hot,Low,Road,25.13
Himachal Pradesh,31.069232265275197,77.15182960222714,Historical,April,Moderate,Medium,Railway Station,15.13
Delhi,28.942298236940857,77.12524672678808,Wildlife,November,Hot,High,Railway Station,38.85
Maharashtra,19.590814205363717,75.73967645534086,Wildlife,May,Hot,Low,Road,24.96
Punjab,31.103924882496884,75.20797554132366,Beach,February,Hot,Medium,Road,30.06
Uttarakhand,29.994216569586253,78.96996420309415,City,August,Moderate,Medium,Road,23.64
Kerala,10.794004847334477,76.33401352982578,Beach,June,Hot,Low,Railway Station,25.27
Kerala,10.766196147356192,76.22475916655016,Historical,June,Moderate,Medium,Railway Station,15.8
Kerala,10.830111653102016,76.34269171404856,Religious,December,Moderate,Medium,Railway Station,17.34
Goa,15.370972764771734,74.08272807208051,Wildlife,December,Hot,High,Airport,34.06
Rajasthan,27.236715586240994,74.23253059745402,Hill Station,November,Cold,High,Railway Station,24.83
Tamil Nadu,11.057978756220889,78.63805831530912,Historical,August,Moderate,Medium,Airport,18.46
Maharashtra,19.66941327325902,75.60329315470382,Hill Station,September,Cold,Low,Railway Station,21.25
Punjab,31.147476640350824,75.36376709659632,Wildlife,July,Hot,Low,Airport,26.11
Maharashtra,19.8008117527216,75.80948606065249,City,September,Moderate,Medium,Railway Station,19.46
Goa,15.218759832993442,74.12602718921222,Wildlife,June,Hot,Low,Road,20.57
Himachal Pradesh,31.120437719199263,77.05775597263685,Religious,February,Moderate,Medium,Road,12.4
Himachal Pradesh,31.29709934548285,77.20711944225086,Wildlife,February,Moderate,Medium,Road,25.49
Rajasthan,27.023514772932685,74.18104270906933,Wildlife,February,Moderate,Medium,Road,26.13
West Bengal,23.158484593055217,87.7511769269508,Wildlife,November,Hot,Medium,Airport,29.36
Himachal Pradesh,31.057198999997915,77.16362050029159,Religious,July,Moderate,Medium,Railway Station,19.33
West Bengal,22.844573981778982,88.03664205713615,Historical,December,Moderate,High,Airport,25.55
Uttarakhand,29.966365973770042,78.97841038250105,Hill Station,March,Cold,Low,Road,23.43
Delhi,28.75374009969787,77.17414073912991,City,August,Moderate,Medium,Road,23.33
Tamil Nadu,11.036640878628694,78.75018287040922,Hill Station,July,Cold,Medium,Road,26.71
Goa,15.240054112421658,74.15959512148443,Hill Station,October,Cold,Medium,Railway Station,23.4
Punjab,31.178115382610148,75.35484269180672,Hill Station,April,Cold,Low,Railway Station,26.87
Tamil Nadu,11.085178966031432,78.73664841151322,Beach,May,Hot,Medium,Airport,32.68
Delhi,28.689641323267356,77.28483589620366,Religious,June,Moderate,Medium,Road,17.04
West Bengal,22.98728812406186,87.74713480075489,Religious,November,Moderate,Medium,Airport,18.56
Delhi,28.614155202374032,76.95821114259424,City,December,Moderate,Medium,Road,22.5
Rajasthan,27.078861496377577,74.24868438329172,Beach,March,Hot,Medium,Airport,29.12
Goa,15.338782002041219,74.07138346289398,Beach,February,Hot,Medium,Airport,29.47
Maharashtra,19.879697836237668,75.7051191648365,Wildlife,January,Moderate,High,Airport,33.56
Maharashtra,19.746658674078795,75.6633579964945,City,February,Moderate,Medium,Railway Station,26.24
Uttarakhand,30.1604506606057,78.79532083696338,Beach,November,Hot,High,Airport,33.38
Kerala,10.997997143158114,76.2614752454055,City,March,Moderate,Low,Railway Station,10.67
Goa,15.164145254573578,74.00428334073098,Beach,April,Hot,Medium,Railway Station,30.68
Punjab,31.239667663561075,75.1951329617482,Beach,August,Hot,Low,Airport,30.02
Tamil Nadu,11.032095811973418,78.50438943589856,Hill Station,August,Cold,Medium,Road,28.82
Kerala,10.811176364033283,76.39151277404635,Historical,January,Moderate,Medium,Railway Station,18.4
West Bengal,22.877137495585266,87.94057353208609,Historical,April,Moderate,Medium,Airport,20.58
Tamil Nadu,11.045702820410948,78.59590972930508,Wildlife,February,Hot,High,Airport,31.58
Rajasthan,27.10242982309003,74.28190560810329,Wildlife,October,Hot,High,Road,30.68
Maharashtra,19.69124161868193,75.85187500638776,Hill Station,March,Cold,Low,Airport,25.06
Himachal Pradesh,31.124809405912842,77.03113665307856,Historical,December,Moderate,Medium,Road,13.54
Uttarakhand,30.121979111905507,79.02541173026977,Religious,June,Moderate,Medium,Railway Station,24.36
Kerala,10.938792480558675,76.1495456787949,Beach,February,Hot,High,Road,33.62
Uttarakhand,30.203834280951078,78.85208509644761,Historical,May,Moderate,Medium,Road,10.37
Himachal Pradesh,31.233971560752124,77.26853849835008,Historical,January,Moderate,High,Airport,18.79
Tamil Nadu,11.121478318787153,78.64753722140313,Historical,July,Moderate,Medium,Airport,13.29
Uttarakhand,29.9439220649095,79.00941273743405,City,May,Moderate,Medium,Airport,22.24
Tamil Nadu,11.06083259480655,78.75611074211514,Religious,May,Moderate,Low,Airport,9.94
Himachal Pradesh,31.083470342436794,77.37700428328401,Religious,November,Moderate,Medium,Railway Station,15.39
West Bengal,22.93161239488142,87.7987882407924,Hill Station,May,Cold,Medium,Road,23.75
Uttarakhand,30.031552105441335,78.98151305460387,Hill Station,March,Cold,Medium,Airport,31.69
Rajasthan,27.051398584942056,74.42662721617937,Wildlife,January,Hot,High,Airport,33.48
Maharashtra,19.75888325797978,75.68896321616519,Beach,March,Hot,Medium,Road,32.59
West Bengal,23.069465179743244,87.71146311729531,Hill Station,January,Cold,Medium,Road,21.61
Kerala,10.691866492486811,76.32142374038773,Religious,November,Moderate,High,Railway Station,22.26
Uttarakhand,30.00481473716428,79.08249871331739,Wildlife,July,Moderate,Medium,Airport,29.35
Tamil Nadu,11.047060889570332,78.56866106969213,Beach,March,Hot,Low,Road,30.95
Rajasthan,26.913053921965023,74.25593018024448,Religious,November,Moderate,Medium,Airport,18.65
Uttarakhand,29.95776078011926,79.18063589290794,Hill Station,March,Cold,Medium,Airport,25.68
West Bengal,23.079803719722328,87.75014275317518,Beach,May,Hot,Medium,Railway Station,32.68
Uttarakhand,30.18282481318296,79.03860508029581,City,October,Moderate,Medium,Railway Station,23.38
Punjab,31.16329883436562,75.31306294644727,Hill Station,June,Cold,Medium,Airport,20.45
West Bengal,23.092335306747103,87.7078788255721,Hill Station,December,Cold,High,Airport,25.47
Tamil Nadu,11.188905146283817,78.66887699815406,Hill Station,September,Cold,Low,Railway Station,19.34
Delhi,28.700881404905573,77.11104772503484,Religious,September,Moderate,Medium,Airport,16.92
Rajasthan,26.939451450372292,74.1708926280192,Hill Station,January,Cold,High,Railway Station,29.43
Kerala,10.818164633056128,76.18474016072682,Hill Station,July,Cold,Low,Airport,19.53
Himachal Pradesh,31.086010577671136,77.21640220741502,Historical,August,Moderate,Medium,Railway Station,16.52
Maharashtra,19.638518496973543,75.66203749987356,Historical,March,Moderate,Medium,Road,25.79
Punjab,31.228189302575448,75.43499953450912,City,August,Moderate,Low,Railway Station,16.55
Goa,15.268086863245871,74.14854097417712,Beach,June,Hot,Medium,Road,30.18
Maharashtra,19.778243303495042,75.65903504378595,City,October,Moderate,High,Road,28.17
Himachal Pradesh,30.929176976552043,77.26391191831694,Historical,August,Moderate,Low,Road,17.75
Delhi,28.737137881776167,77.03208942538379,Beach,March,Hot,Medium,Airport,31.8
Maharashtra,19.66858410775146,75.75815624290227,Beach,March,Hot,Low,Airport,28.15
Himachal Pradesh,31.098298617722197,77.23339416089408,Religious,February,Moderate,High,Road,24.61
Tamil Nadu,11.047486849445704,78.56898468009064,City,October,Moderate,High,Airport,25.9
Kerala,10.915118601213653,76.3569058225546,Beach,May,Hot,Low,Airport,24.59
Goa,15.138283020200657,74.08728564289527,City,December,Moderate,High,Railway Station,22.49
Delhi,28.769696055214137,77.10234281926269,Wildlife,September,Hot,Medium,Road,31.37
Goa,15.252265229209048,74.16906078354157,Beach,June,Hot,Low,Railway Station,23.61
Uttarakhand,30.07767849058608,78.91245625141542,Religious,March,Moderate,Medium,Road,15.43
Punjab,31.074244981566913,75.3499526349845,Religious,July,Moderate,Medium,Road,16.25
Punjab,31.11622382088066,75.25005725624621,Beach,March,Hot,Low,Airport,19.66
Rajasthan,27.11908001076054,74.16431793442807,Religious,January,Moderate,Medium,Airport,16.2
Rajasthan,27.027427929263833,74.26366097419404,Historical,June,Hot,Low,Airport,13.78
Delhi,28.589954320079237,77.27772111572057,Historical,August,Hot,Medium,Railway Station,19.47
Kerala,11.071633302860153,76.38459242815992,Religious,October,Moderate,High,Railway Station,25.13
West Bengal,22.898803164239347,87.9325409534404,Beach,August,Hot,Medium,Road,27.97
Goa,15.320521912837604,74.15988285326452,Wildlife,August,Moderate,Medium,Airport,32.63
Goa,15.258206492342614,74.11598629321202,Religious,September,Moderate,Medium,Railway Station,16.26
Uttarakhand,30.118627522803635,78.96687110889687,Beach,May,Hot,Medium,Railway Station,30.58
West Bengal,22.791159254882075,87.86609447982454,Wildlife,August,Hot,Medium,Road,23.46
Himachal Pradesh,31.15492490868072,77.22704877271214,Religious,June,Moderate,Low,Road,5.0
Goa,15.321819232749094,74.14535669332925,Hill Station,June,Cold,Medium,Railway Station,24.14
Punjab,31.300382909766252,75.49141942171482,Wildlife,March,Moderate,Low,Airport,26.9
Kerala,10.800786597613007,76.19835351935457,Historical,February,Moderate,Medium,Airport,16.15
Maharashtra,19.64541165784377,75.57497187313767,Religious,May,Moderate,Medium,Airport,20.65
Uttarakhand,30.255781390389384,79.11060708059289,City,August,Moderate,Low,Railway Station,15.88
Maharashtra,19.677602331540623,75.63937827162724,Hill Station,September,Cold,Medium,Airport,25.08
Tamil Nadu,11.236902354926018,78.51970586494514,Wildlife,April,Hot,Medium,Airport,31.86
Kerala,11.066989258910146,76.4028351304652,Hill Station,April,Cold,Medium,Road,25.44
Uttarakhand,30.1877086398014,79.07861053993578,Wildlife,October,Hot,Medium,Airport,28.62
Delhi,28.639090624469134,77.0573063861994,Wildlife,September,Moderate,Medium,Airport,24.99
Maharashtra,19.73753563587584,75.72987701361119,City,September,Moderate,Low,Airport,13.04
Maharashtra,19.622269662507154,75.6177748512549,Beach,June,Hot,Medium,Airport,33.12
Himachal Pradesh,30.90544216175709,77.24413735171147,Religious,March,Moderate,Medium,Road,18.76
Delhi,28.82723042635687,77.11290464810392,Beach,December,Hot,High,Airport,38.33
Maharashtra,19.83365641246246,75.78216525072925,Wildlife,July,Hot,Medium,Airport,34.1
Goa,15.270820954571724,74.1411941403174,Hill Station,July,Cold,Medium,Railway Station,22.59
Tamil Nadu,11.092104172176398,78.6576255173636,Wildlife,July,Hot,Medium,Railway Station,31.24
West Bengal,23.020100212944904,87.8876563015863,City,March,Moderate,Medium,Road,19.47
Goa,15.197060470912902,74.14872033996267,Hill Station,February,Cold,Medium,Railway Station,26.15
Maharashtra,19.75790488450177,75.62322710346498,Religious,May,Moderate,Low,Airport,17.31
Delhi,28.77083831031406,77.08326968157185,Wildlife,February,Hot,Medium,Airport,29.31
Tamil Nadu,11.244740153641368,78.56858689467411,Beach,March,Hot,Low,Railway Station,26.63
Rajasthan,26.919803184838297,74.15670869473581,Beach,July,Hot,Low,Airport,25.35
Tamil Nadu,11.016130102965297,78.69198394744245,Historical,October,Moderate,High,Airport,24.79
Kerala,10.782868413642264,76.06285280232974,City,February,Moderate,Medium,Airport,17.08
Goa,15.294724003083811,74.22845856045414,Beach,July,Hot,Low,Airport,29.06
Delhi,28.61566197846378,77.24015226597388,Religious,March,Moderate,Medium,Airport,13.47
West Bengal,22.97592708865311,87.71755698931531,Beach,November,Hot,High,Railway Station,35.6
Uttarakhand,30.256357477322858,78.82766992340024,Hill Station,November,Cold,High,Airport,30.52
Maharashtra,19.84133055138569,75.68480132588998,City,September,Moderate,Low,Airport,14.9
Delhi,28.610900887471647,77.22362654964931,Historical,April,Hot,Low,Road,14.04
West Bengal,23.1052700008269,87.92598259885273,City,February,Moderate,Medium,Road,22.4
Delhi,28.682194141197538,77.10183960895166,Historical,March,Hot,Medium,Airport,19.13
Uttarakhand,30.027594483974852,79.01328970581835,City,January,Moderate,Medium,Railway Station,19.93
Goa,15.308773847583291,74.16282742549264,Hill Station,November,Cold,High,Railway Station,30.89
Tamil Nadu,10.9890428982553,78.63364007615644,Wildlife,March,Hot,Medium,Road,36.94
West Bengal,23.017929165026644,87.87149292487864,City,April,Moderate,Medium,Road,21.69
Himachal Pradesh,31.05458921751703,77.20441758271828,Hill Station,December,Cold,High,Road,31.83
Delhi,28.793523751321167,76.99391925864936,City,April,Moderate,Medium,Road,22.17
West Bengal,22.90957469291168,87.81588218363643,Religious,July,Moderate,Low,Railway Station,14.64
Punjab,31.113786566984206,75.44922927581214,Religious,February,Moderate,Medium,Railway Station,18.62
Goa,15.256601962849324,74.01399833579254,City,November,Moderate,High,Road,28.73
Uttarakhand,30.05844743238143,79.03789302950572,Historical,November,Moderate,Medium,Railway Station,13.75
Uttarakhand,30.174359490819835,79.05072893154787,Hill Station,January,Cold,High,Airport,27.18
West Bengal,23.11376292205834,87.82068668869404,Beach,October,Hot,High,Railway Station,33.66
Kerala,10.863676187600039,76.38032907020248,Wildlife,July,Moderate,Medium,Road,26.92
Goa,15.284411720397912,74.11518451311295,Hill Station,December,Cold,High,Railway Station,33.99
Maharashtra,19.839120599167167,75.77130812821065,Wildlife,October,Moderate,High,Railway Station,38.33
Delhi,28.787366575788038,76.94329915428814,Wildlife,November,Hot,Medium,Railway Station,22.04
Punjab,31.11072154703901,75.26418808927683,Wildlife,February,Hot,High,Road,34.36
Himachal Pradesh,31.159314087951056,77.07683503603927,Wildlife,February,Moderate,High,Airport,30.86
Kerala,10.994954807547943,76.42893366953388,City,October,Moderate,High,Road,24.43
Delhi,28.69619349805126,77.05676870934434,Historical,July,Hot,Medium,Road,21.37
Punjab,31.08361376233584,75.57628520262347,City,November,Moderate,Medium,Railway Station,20.47
West Bengal,23.032672284520206,87.74781216399273,Wildlife,September,Hot,Medium,Airport,24.54
Tamil Nadu,11.271800461758506,78.78409183034223,Religious,December,Moderate,High,Railway Station,22.55
Punjab,31.025892070489043,75.35558856266518,Beach,October,Hot,High,Airport,36.19
Punjab,31.22222777051426,75.37069347351101,Religious,June,Moderate,Medium,Airport,15.25
Goa,15.364260591350032,74.1201636693094,Historical,January,Moderate,Medium,Road,19.21
West Bengal,22.898188734865233,87.69303101344835,City,June,Moderate,Low,Road,18.76
Uttarakhand,30.108455376162905,78.91184852483967,City,April,Moderate,Low,Railway Station,16.01
West Bengal,22.985133586670205,87.8199047257862,Hill Station,June,Cold,Medium,Railway Station,20.89
Goa,15.262337876761995,74.31706420024625,Beach,April,Hot,Medium,Road,31.26
Maharashtra,19.768715866960644,75.72927638295447,Religious,June,Moderate,Medium,Road,20.08
Tamil Nadu,11.218019834902934,78.62653342210868,City,March,Moderate,Medium,Railway Station,22.76
Himachal Pradesh,31.072593860352168,77.22050804040968,City,June,Moderate,Medium,Road,18.43
Maharashtra,19.804354509378896,75.56204762047706,Religious,April,Moderate,Low,Railway Station,7.72
Goa,15.302436841609971,74.13035379551567,Hill Station,December,Cold,Medium,Airport,24.95
Tamil Nadu,11.26246506078806,78.72713857243545,City,October,Moderate,High,Railway Station,28.5
Rajasthan,26.99565399201117,74.21729381742264,Historical,April,Hot,Medium,Railway Station,15.71
West Bengal,23.035041822472476,87.7575790426111,City,June,Moderate,Low,Railway Station,13.04
Uttarakhand,30.08319514808948,79.0603460221902,Beach,March,Hot,Low,Railway Station,23.64
Punjab,30.925465104397404,75.50456409904037,Hill Station,April,Cold,Medium,Road,23.92
Goa,15.451569697351584,74.10535400569837,Wildlife,December,Hot,High,Road,36.04
Maharashtra,19.80812707080587,75.66245741817382,City,September,Moderate,Medium,Road,22.65
Rajasthan,27.03396470829485,74.24892185252548,Historical,October,Hot,High,Road,19.87
Himachal Pradesh,31.126298453633275,77.09110513741376,Beach,February,Hot,High,Airport,35.36
Delhi,28.705881292268085,77.1510138999332,Religious,July,Moderate,Medium,Railway Station,12.61
Rajasthan,26.985206687348445,74.19421821569631,Religious,June,Moderate,Low,Road,14.72
Uttarakhand,30.10595717038851,79.04391704303626,Historical,March,Moderate,Low,Railway Station,15.14
Himachal Pradesh,31.094322798831847,77.1220511636226,Religious,May,Moderate,Medium,Road,20.33
Delhi,28.637393471747025,77.01104350800074,Hill Station,June,Cold,Low,Airport,24.03
West Bengal,22.711014637045263,87.65658719332424,Hill Station,April,Cold,Medium,Road,28.39
Rajasthan,26.97169707231681,74.35775322446781,Religious,May,Moderate,Medium,Airport,18.58
West Bengal,23.01177254870536,87.85043571466663,Beach,December,Hot,High,Airport,37.12
Kerala,10.848914486611243,76.29929842426945,Beach,August,Hot,Low,Road,25.06
Kerala,11.070133223452252,76.39118008194285,Beach,January,Hot,Medium,Railway Station,24.38
Kerala,10.771939271887554,76.11461050809643,Hill Station,October,Cold,High,Railway Station,26.15
West Bengal,22.810736355666247,87.82649044841718,Historical,September,Moderate,Medium,Road,16.5
Delhi,28.862388004532363,77.14001823124511,Beach,July,Hot,Medium,Airport,28.58
Maharashtra,19.73858972915263,75.77175853082124,Wildlife,July,Hot,Medium,Road,29.3
Delhi,28.73501381873348,77.10871509060858,Historical,December,Hot,High,Railway Station,15.85
Uttarakhand,30.20579850432724,78.79593947540044,City,July,Moderate,Low,Railway Station,13.55
Uttarakhand,30.02281467368996,79.19824387110774,Beach,June,Hot,Low,Road,24.74
Uttarakhand,30.068307703878283,78.88529960049755,Hill Station,December,Cold,High,Airport,31.07
Uttarakhand,30.13268202446895,78.99641198368421,Religious,April,Moderate,Medium,Road,17.29
Delhi,28.83784262538004,77.28521567575794,Beach,February,Hot,Medium,Road,36.26
West Bengal,22.950876344965227,87.79698547347844,Wildlife,June,Hot,Medium,Airport,29.03
Delhi,28.795146110245184,77.03147291016882,Beach,December,Hot,Medium,Railway Station,30.26
Maharashtra,19.630975283550104,75.46970844370752,Beach,August,Hot,Medium,Railway Station,35.01
Delhi,28.653397173720897,77.0889204359743,Hill Station,August,Cold,Low,Road,18.79
West Bengal,22.89832651625269,87.87010557569172,Historical,October,Moderate,Medium,Railway Station,17.85
Himachal Pradesh,31.08649092153887,77.07038778947032,Beach,January,Hot,High,Road,33.36
West Bengal,22.903486686631965,87.93666035703578,Wildlife,November,Hot,Medium,Airport,24.46
Uttarakhand,29.925805359811044,78.84962640572489,Historical,December,Moderate,High,Airport,19.97
Himachal Pradesh,31.22580659331756,77.14276186358377,Religious,June,Moderate,Medium,Airport,12.67
Goa,15.339704916653297,74.30384149791648,Wildlife,May,Hot,Medium,Road,29.56
Punjab,31.08650558371529,75.345123805482,Religious,October,Moderate,High,Railway Station,19.44
Tamil Nadu,11.215652737230595,78.70322695691475,Religious,March,Moderate,Medium,Railway Station,12.37
Kerala,10.862033979039383,76.44945000132964,Religious,August,Moderate,Medium,Railway Station,17.85
Maharashtra,19.912307713545356,75.79344327068074,Religious,November,Moderate,High,Railway Station,25.48
Uttarakhand,30.067318248435367,79.04684510983633,Beach,October,Hot,High,Road,35.09
Tamil Nadu,11.114692277389697,78.82051051105962,Beach,September,Hot,Medium,Road,26.0
Delhi,28.696903434703042,77.01017582956291,City,January,Moderate,High,Road,27.47
Punjab,31.212400793830987,75.58961440807454,Religious,June,Moderate,Medium,Road,20.12
Himachal Pradesh,31.004610124932587,77.20937229251436,Hill Station,October,Cold,Medium,Airport,28.58
Maharashtra,19.852399147693166,75.6897945785406,Historical,December,Moderate,High,Airport,26.92
Kerala,10.89082987430518,76.36112590232206,Beach,October,Hot,Medium,Airport,30.82
Rajasthan,27.048162002148985,74.20113684745117,Hill Station,November,Cold,Medium,Railway Station,20.61
Himachal Pradesh,30.97276919238718,77.28544162316813,City,February,Moderate,Medium,Airport,23.34
Tamil Nadu,11.260349435995069,78.7306347760058,Wildlife,December,Hot,High,Road,34.16
Tamil Nadu,11.072378155973404,78.83587907703084,Historical,July,Moderate,Medium,Road,16.28
West Bengal,23.003724826174267,87.73897829429673,Beach,June,Hot,Low,Airport,25.3
Himachal Pradesh,31.025391629339456,77.16605269454358,City,June,Moderate,Low,Airport,14.42
Tamil Nadu,11.120404066609858,78.653008625509,City,August,Moderate,Low,Airport,14.56
Rajasthan,27.084813354508796,74.25211194201097,City,July,Moderate,Medium,Airport,22.78
Kerala,10.925634746115014,76.2658274915765,City,November,Moderate,High,Road,28.2
Himachal Pradesh,31.169984157198037,77.21969127794931,City,August,Moderate,Medium,Airport,15.58
Maharashtra,19.816160339750375,75.84580756280592,City,January,Moderate,High,Road,26.66
Punjab,31.360936724197852,75.43072873269006,Wildlife,January,Hot,Medium,Road,24.82
Uttarakhand,30.086067992984947,79.09869351209105,Hill Station,March,Cold,Medium,Airport,28.36
Maharashtra,19.86766069404668,75.81979280641174,Hill Station,January,Cold,High,Railway Station,30.64
Tamil Nadu,11.050954444323615,78.72255060831752,City,January,Moderate,Medium,Road,19.62
Delhi,28.699157095979253,77.15326500985508,City,February,Moderate,Medium,Airport,16.06
Kerala,10.906355815328158,76.33016880448443,Religious,October,Moderate,Medium,Railway Station,17.74
Rajasthan,27.106208658054427,74.24821538283763,Wildlife,April,Moderate,Low,Railway Station,18.77
Himachal Pradesh,31.072411775911895,77.35228664942841,Religious,March,Moderate,Medium,Road,16.18
Uttarakhand,29.944826439367365,78.81894695805879,Wildlife,March,Hot,Medium,Railway Station,23.24
Rajasthan,26.844267177694878,74.09602237668108,Wildlife,March,Moderate,Medium,Railway Station,24.08
Punjab,31.23028577036136,75.41337672558612,Wildlife,January,Hot,Medium,Road,25.9
Himachal Pradesh,31.093482935170993,77.1283331822432,City,May,Moderate,Medium,Airport,24.35
Uttarakhand,30.080938067630132,79.10597179952096,Religious,March,Moderate,Medium,Road,23.78
Maharashtra,19.759515976048757,75.81776542873197,Beach,February,Hot,Medium,Railway Station,28.48
Kerala,10.799313159890648,76.42571085604314,Wildlife,March,Moderate,Medium,Road,22.02
Uttarakhand,30.15995796230033,79.02394163362348,Historical,November,Moderate,High,Road,21.12
Tamil Nadu,11.139639097180675,78.59608464483796,Historical,February,Moderate,High,Road,20.23
Maharashtra,19.93500049552612,75.67643384374927,Hill Station,June,Cold,Medium,Airport,25.56
Uttarakhand,30.149458396513726,79.15677979700548,Beach,April,Hot,Medium,Railway Station,26.72
Kerala,10.799347883162419,76.25223653361479,Historical,January,Moderate,Medium,Railway Station,22.93
Punjab,31.085370093024192,75.4110575480862,Historical,November,Moderate,High,Road,22.4
Delhi,28.783207544387256,77.03444819277166,Hill Station,September,Cold,Medium,Airport,25.49
Uttarakhand,29.95923095750776,79.25282777865768,Wildlife,October,Moderate,High,Road,30.26
Maharashtra,19.848253185260397,75.80189875152999,Wildlife,July,Hot,Medium,Road,31.4
Kerala,10.928642891946554,76.22858070467271,City,June,Moderate,Low,Airport,12.94
West Bengal,22.81198121527593,87.97192196043477,Beach,May,Hot,Medium,Road,27.42
Tamil Nadu,11.152655969898682,78.7426291504123,Historical,July,Moderate,Medium,Railway Station,17.46
Himachal Pradesh,31.02700769691671,77.08332615633813,Historical,January,Moderate,High,Railway Station,19.57
Himachal Pradesh,31.4119336701606,76.95567639311032,City,September,Moderate,Low,Railway Station,21.31
Delhi,28.842960978689295,77.16837608578241,Historical,May,Hot,Medium,Railway Station,16.92
Goa,15.471496428813218,74.26618930887042,Religious,December,Moderate,High,Airport,20.74
Maharashtra,19.77470761965026,75.67222847437718,Hill Station,April,Cold,Low,Airport,19.17
Goa,15.513654876137197,74.15509404457666,Wildlife,December,Hot,High,Road,33.66
Maharashtra,19.732740299990837,75.8506651303936,Beach,November,Hot,High,Railway Station,36.89
Punjab,31.116822545487445,75.40724889823457,Wildlife,January,Moderate,Medium,Airport,27.22
Goa,15.338728954596116,74.19452834899766,Historical,April,Moderate,Low,Railway Station,14.28
Maharashtra,19.499456152938095,75.71557073847379,Hill Station,November,Cold,High,Railway Station,32.2
Maharashtra,19.629404942900113,75.58036774612445,Wildlife,March,Moderate,Medium,Road,22.52
Uttarakhand,30.112788224371382,78.9121661249842,Religious,December,Moderate,High,Airport,18.87
Kerala,10.858829463754681,76.30292552465835,Hill Station,August,Cold,Low,Airport,14.3
Kerala,10.71849414340922,76.17584809387237,Religious,June,Moderate,Low,Airport,11.01
Kerala,11.001333609805773,76.4127661308298,Historical,April,Moderate,Medium,Road,17.27
Delhi,28.85494231286249,77.02961770094983,Hill Station,January,Cold,Medium,Railway Station,27.55
Kerala,10.837592001195315,76.17415675567118,Religious,February,Moderate,High,Railway Station,27.75
Punjab,31.004030062838815,75.35171836595639,Beach,November,Hot,High,Railway Station,34.19
Rajasthan,26.88253088475074,74.23037638628774,Historical,April,Hot,Low,Railway Station,11.59
Tamil Nadu,10.972855491648428,78.65089144326201,Hill Station,March,Cold,Medium,Airport,21.39
Delhi,28.826334525646796,77.06410563779366,Beach,October,Hot,High,Road,36.85
Goa,15.088309216373053,74.09570550246356,Historical,November,Moderate,Medium,Road,17.59
Goa,15.389461944892474,73.98183309519409,Beach,November,Hot,Medium,Road,29.07
Goa,15.192128192065178,74.20577972485357,Historical,December,Moderate,Medium,Airport,12.09
Tamil Nadu,11.040407476065557,78.72624958206045,Historical,July,Moderate,Medium,Railway Station,15.72
Kerala,11.005563623825546,76.13142705532368,Historical,May,Moderate,Medium,Road,14.46
Punjab,31.165944008042075,75.1903924120199,Religious,December,Moderate,High,Railway Station,20.44
Punjab,30.932700473735867,75.60023744751955,Religious,August,Moderate,Medium,Airport,14.77
Kerala,10.788889984676072,76.35605219869942,Hill Station,November,Cold,High,Airport,31.24
Himachal Pradesh,30.960554554210603,77.30032806778651,Beach,August,Hot,Medium,Airport,27.4
Rajasthan,26.800571064392148,74.19690770102716,Wildlife,June,Moderate,Low,Airport,24.27
Goa,15.33751312758908,74.02493024904638,Religious,December,Moderate,High,Road,19.1
Tamil Nadu,11.08246672028479,78.6945297779191,City,September,Moderate,Low,Railway Station,16.31
Goa,15.315281762272715,74.04387067493663,Wildlife,May,Moderate,Low,Airport,22.4
Himachal Pradesh,31.195926228303783,77.12105475701655,Historical,April,Moderate,Low,Airport,17.62
Maharashtra,19.810186793585835,75.75804880392603,Historical,April,Moderate,Medium,Airport,21.88
Maharashtra,19.93373928325514,75.82255305578988,Hill Station,August,Cold,Medium,Railway Station,26.37
Himachal Pradesh,31.324718803788908,77.25973565146047,Hill Station,April,Cold,Medium,Airport,26.57
Tamil Nadu,11.199145689507608,78.571041377437,Beach,February,Hot,Medium,Road,30.36
Himachal Pradesh,31.198511550798425,77.15308782637275,Beach,July,Hot,Medium,Road,35.09
Uttarakhand,30.10140344109108,79.07472544760266,Historical,December,Moderate,High,Airport,24.09
West Bengal,22.87835293764212,87.85446694266739,Wildlife,January,Moderate,High,Road,35.43
Maharashtra,19.68574097177102,75.62193046812386,Beach,April,Hot,Medium,Road,31.45
Uttarakhand,30.15647077783687,78.95236337608813,Hill Station,October,Cold,Medium,Airport,26.96
Rajasthan,27.16767631124234,74.31624764405626,City,May,Moderate,Medium,Airport,17.79
Uttarakhand,30.07116436368796,79.03328252713261,Historical,April,Moderate,Medium,Road,16.68
Punjab,31.177738280074244,75.37573568607345,Historical,July,Moderate,Medium,Airport,15.29
Goa,15.49260652257108,74.04154814465329,Wildlife,February,Hot,Medium,Airport,28.03
Rajasthan,27.02138285736418,74.26984366231918,Religious,April,Moderate,Medium,Railway Station,18.18
West Bengal,23.187614193613744,87.96847210354859,Hill Station,August,Cold,Medium,Airport,21.52
Kerala,10.729184931269977,76.24155192654734,Wildlife,September,Hot,Medium,Railway Station,27.03
Maharashtra,19.957582656390265,75.66099753493612,Beach,March,Hot,Medium,Road,32.73
Uttarakhand,30.019600782737665,78.98093780679964,Hill Station,February,Cold,High,Road,24.85
Himachal Pradesh,31.055673697233868,77.20335204194161,Historical,September,Moderate,Low,Road,13.77
Punjab,31.189925439751686,75.35425422924284,Wildlife,December,Hot,High,Airport,37.21
Uttarakhand,30.3004746454025,78.94388078812048,City,January,Moderate,Medium,Airport,20.64
Himachal Pradesh,31.205676250713314,77.28371739387937,Religious,April,Moderate,Medium,Airport,17.35
Tamil Nadu,11.17934641173901,78.62171178258595,Hill Station,October,Cold,Medium,Airport,24.9
Tamil Nadu,11.103730118647382,78.71237233026508,Wildlife,February,Moderate,High,Airport,29.2
Punjab,30.79300388536534,75.48585764535018,Wildlife,September,Hot,Low,Airport,19.8
Punjab,31.130804368919414,75.34751836688078,Religious,August,Moderate,Medium,Road,9.12
Tamil Nadu,11.13225531822112,78.59558111856126,City,November,Moderate,High,Road,25.73
Tamil Nadu,11.045853016770767,78.72869313858226,Historical,December,Moderate,High,Airport,19.88
West Bengal,23.005667044751,87.94890291574991,Wildlife,May,Hot,Medium,Railway Station,34.04
West Bengal,23.18055627203909,87.81122744246132,Historical,March,Moderate,Low,Railway Station,15.72
Maharashtra,19.679966243090533,75.73912314799192,City,April,Moderate,Low,Airport,15.04
Goa,15.244925888963408,74.12329041404274,Religious,December,Moderate,High,Airport,22.4
Tamil Nadu,11.275552076584871,78.9459642990399,City,March,Moderate,Medium,Railway Station,27.3
Punjab,31.140256163117517,75.3698267015179,Historical,May,Moderate,Medium,Airport,17.58
Punjab,31.21747958837508,75.30441367063035,Historical,July,Moderate,Low,Road,14.53
Maharashtra,19.726234278429025,75.75732672691437,Beach,July,Hot,Medium,Airport,25.51
Uttarakhand,30.121180665388813,78.92933813424543,Beach,July,Hot,Medium,Railway Station,30.77
Tamil Nadu,11.224766649522662,78.47168967454753,Historical,December,Moderate,Medium,Railway Station,15.47
West Bengal,23.033432164918327,87.99722585085763,Historical,August,Moderate,Low,Railway Station,9.16
Uttarakhand,30.118366280493756,79.0265453129811,City,November,Moderate,High,Railway Station,25.54
Rajasthan,26.96935989804211,74.32268490568897,Religious,September,Moderate,Low,Airport,13.28
Kerala,10.87351662035794,76.35364141182488,Beach,December,Hot,Medium,Airport,29.76
Delhi,28.73242699501466,77.20316246315966,Beach,December,Hot,Medium,Road,35.89
Delhi,28.630766930657213,77.28539196752065,City,August,Moderate,Low,Road,11.82
Tamil Nadu,11.032553166000534,78.81790761231896,City,November,Moderate,High,Railway Station,22.86
Kerala,10.827675905228142,76.32158666322954,Historical,March,Moderate,Low,Railway Station,13.25
Himachal Pradesh,31.13298315015665,77.23853867121869,Wildlife,November,Moderate,Medium,Railway Station,28.51
Goa,15.454509500767205,74.19462831431437,Wildlife,July,Hot,Low,Airport,21.58
Kerala,10.837885845012268,76.30376709215422,Beach,June,Hot,Low,Road,26.21
Rajasthan,26.97853408834022,74.18686745426714,Religious,July,Moderate,Medium,Road,16.12
Tamil Nadu,11.239377124023335,78.72301854748159,Beach,August,Hot,Medium,Airport,32.56
Kerala,10.666388826757993,76.26345404491606,Historical,October,Moderate,High,Road,21.54
Rajasthan,27.140098088039185,74.15591289293755,City,December,Moderate,Medium,Road,23.78
Delhi,28.856436855312978,77.0711677407996,Beach,November,Hot,High,Railway Station,34.27
Delhi,28.6858685299283,77.11314354164314,Beach,March,Hot,Medium,Railway Station,28.37
Uttarakhand,30.1964879671361,78.95184719220848,Historical,April,Moderate,Medium,Road,20.77
Rajasthan,27.03878721979353,74.27757937773308,Historical,June,Hot,Medium,Road,19.64
Delhi,28.600900210863475,77.06985823738519,Wildlife,December,Hot,Medium,Road,31.72
Punjab,31.175402161944838,75.37198675874772,Religious,February,Moderate,High,Airport,23.29
Himachal Pradesh,31.1735140306003,77.06081291728549,Hill Station,January,Cold,Medium,Airport,24.75
Uttarakhand,30.225922319976824,78.97452103816366,Hill Station,June,Cold,Medium,Railway Station,29.82
Kerala,10.925609054300363,76.27523857623072,Religious,March,Moderate,Medium,Airport,18.76
Goa,15.431077669772593,74.10604832137685,Hill Station,June,Cold,Medium,Road,24.54
Uttarakhand,30.24303216521618,78.86733658134824,Wildlife,August,Hot,Low,Railway Station,24.31
Uttarakhand,30.269021256297208,79.07195477791537,Religious,March,Moderate,Low,Railway Station,10.92
Goa,15.174319609272485,74.09892149339635,Hill Station,September,Cold,Medium,Airport,21.54
Rajasthan,27.166059519778997,74.2665894811162,Beach,July,Hot,Medium,Airport,35.69
Maharashtra,19.82220588584012,75.62357963911045,Wildlife,July,Hot,Low,Airport,28.67
Maharashtra,19.76922972131473,75.71379288664626,Wildlife,November,Hot,Medium,Railway Station,22.84
Goa,15.147225247519112,74.18151351036511,Religious,April,Moderate,Medium,Airport,17.12
Rajasthan,27.11468890363693,74.14575592501699,Historical,February,Hot,Medium,Airport,20.43
Rajasthan,26.87875817587679,74.3140085968242,Historical,August,Hot,Medium,Railway Station,18.05
West Bengal,22.827381732027458,87.85802686711087,Beach,January,Hot,High,Road,37.22
Uttarakhand,29.97458050368857,78.93831740429862,Historical,October,Moderate,Medium,Road,19.33
Rajasthan,26.99068357341442,74.19667656983844,Historical,January,Hot,Medium,Railway Station,14.04
Delhi,28.711408213092746,77.22332567326532,City,June,Moderate,Medium,Airport,26.73
Uttarakhand,30.09532819511675,79.05150204796553,Hill Station,March,Cold,Medium,Airport,21.71
Delhi,28.759249852999577,77.24962621252058,City,November,Moderate,Medium,Railway Station,19.45
Rajasthan,26.95100501325257,74.18240786463008,Hill Station,November,Cold,High,Airport,28.19
Uttarakhand,30.092667908548325,79.0863596626111,City,December,Moderate,High,Airport,20.69
Uttarakhand,30.237475235472417,78.73604285092169,Wildlife,August,Hot,Medium,Airport,24.58
Delhi,28.669177052458462,77.13579900797782,Wildlife,July,Moderate,Low,Airport,20.86
Uttarakhand,30.152106045605162,79.13209249855169,City,April,Moderate,Medium,Road,19.91
Goa,15.332081871581599,74.07605405890494,Wildlife,January,Moderate,High,Railway Station,34.48
Uttarakhand,29.9951774990577,79.11180174681225,Beach,January,Hot,Medium,Road,26.92
Kerala,10.59513689843514,76.13745975766417,Religious,May,Moderate,Medium,Railway Station,16.2
West Bengal,23.029173967684134,87.88656223308284,Historical,June,Moderate,Medium,Airport,15.37
Goa,15.372236979512977,74.21276229633804,Religious,November,Moderate,High,Railway Station,20.34
Himachal Pradesh,31.059189899218865,77.13277756706265,City,September,Moderate,Medium,Airport,19.52
Rajasthan,27.077371874834146,74.20148484151918,Wildlife,January,Hot,Medium,Road,29.06
Delhi,28.724278510737097,77.06272597157545,Hill Station,May,Cold,Low,Railway Station,22.04
Kerala,10.642228373931047,76.15390790672832,Historical,July,Moderate,Low,Railway Station,16.05
Punjab,31.173257748406538,75.1922390387649,Religious,November,Moderate,High,Railway Station,20.46
Tamil Nadu,11.104543752161904,78.6168862362147,City,June,Moderate,Low,Road,14.59
Tamil Nadu,11.287211868563928,78.83660165164979,Historical,December,Moderate,High,Railway Station,22.27
Rajasthan,26.92480667234239,74.16924687291075,City,December,Moderate,High,Railway Station,28.8
Maharashtra,19.67667253452223,75.67187359688411,Beach,August,Hot,Medium,Railway Station,33.1
Goa,15.178678431682599,74.1962473910909,Hill Station,August,Cold,Medium,Road,24.61
Himachal Pradesh,30.979941831090024,77.19408163617913,Religious,June,Moderate,Medium,Road,14.47
Himachal Pradesh,31.18703340695725,77.20204986092894,Hill Station,March,Cold,Medium,Airport,26.15
Kerala,10.59769954109795,76.18768059061263,Hill Station,March,Cold,Medium,Railway Station,22.9
Himachal Pradesh,30.960905713655006,77.28622334261578,Beach,October,Hot,Medium,Airport,28.28
Himachal Pradesh,31.14256184064201,77.21776757268881,Hill Station,January,Cold,Medium,Road,22.87
Punjab,31.229846480124948,75.47648021496805,Religious,June,Moderate,Low,Road,15.16
Himachal Pradesh,31.11037397733264,77.23987630897244,Beach,October,Hot,Medium,Road,32.28
West Bengal,22.959925400949626,87.69267823050502,Religious,June,Moderate,Medium,Road,17.07
Himachal Pradesh,31.200803918089544,77.1354461102578,Wildlife,February,Hot,Medium,Airport,21.53
Rajasthan,27.020987567605818,74.29713950394158,Beach,December,Hot,Medium,Airport,21.01
Rajasthan,26.99509141336779,74.16937608749619,Hill Station,December,Cold,High,Airport,32.98
Punjab,31.058174783752907,75.38463769220284,Historical,November,Moderate,High,Airport,19.9
Kerala,10.790645468316397,76.42981324514544,Hill Station,December,Cold,Medium,Airport,25.39
Tamil Nadu,11.124832247451266,78.58989094261818,City,November,Moderate,High,Road,24.31
Kerala,10.858502708834754,76.41125781389995,Historical,April,Moderate,Medium,Road,20.74
West Bengal,23.301689664504686,87.7531536970075,Wildlife,December,Hot,Medium,Airport,28.73
West Bengal,22.864143942009804,87.83641943899002,City,December,Moderate,Medium,Road,16.72
Delhi,28.51371104658748,77.06252720175851,Hill Station,August,Cold,Medium,Airport,17.61
Maharashtra,19.842286063770448,75.71564142489981,Hill Station,February,Cold,High,Airport,36.36
Kerala,11.016692977034728,76.20723101593562,City,March,Moderate,Medium,Road,22.47
Delhi,28.80887015688776,77.13901606324752,Beach,December,Hot,Medium,Airport,31.36
Himachal Pradesh,31.176229938410078,77.01116593591715,Beach,March,Hot,Medium,Railway Station,32.52
Kerala,10.87547360678638,76.22800561995147,Beach,July,Hot,Medium,Road,25.7
Delhi,28.59869131201708,77.13492373012664,City,October,Moderate,High,Railway Station,26.68
Maharashtra,19.719548755008095,75.76538611799351,Religious,May,Moderate,Low,Airport,14.84
Tamil Nadu,10.997343187045947,78.8309323962417,City,June,Moderate,Low,Road,13.89
Kerala,10.689276620089007,76.39376461317191,Wildlife,January,Hot,High,Road,34.42
Goa,15.368826922708875,74.16041700631423,City,March,Moderate,Low,Airport,11.35
Punjab,31.097000940319003,75.24567881903003,Hill Station,August,Cold,Medium,Railway Station,22.0
Punjab,31.174783914813023,75.4645550697369,Wildlife,July,Hot,Medium,Airport,32.67
West Bengal,23.188609673283548,87.73623988826228,Hill Station,December,Cold,High,Road,30.86
Himachal Pradesh,31.197316429288463,77.10238854953153,City,October,Moderate,Medium,Railway Station,23.25
Delhi,28.81355732912206,77.21578422117129,Religious,February,Moderate,Medium,Road,17.8
Goa,15.431499200320275,74.14401450330405,Religious,June,Moderate,Medium,Railway Station,18.6
Uttarakhand,30.02383238729254,79.05083728961274,Religious,August,Moderate,Low,Railway Station,10.89
West Bengal,22.907453853036884,87.93273564295852,City,August,Moderate,Medium,Railway Station,23.03
Maharashtra,19.783683519002278,75.6357642304383,Religious,April,Moderate,Medium,Airport,13.71
Delhi,28.81542103250442,77.11638247571415,Beach,January,Hot,Medium,Road,28.42
Uttarakhand,29.894695287437035,78.9210583759519,Historical,August,Moderate,Medium,Railway Station,18.58
Uttarakhand,29.984301785832837,79.05159322148384,Historical,August,Moderate,Low,Railway Station,18.09
West Bengal,23.152163521602986,87.80152491954091,Beach,March,Hot,Low,Road,25.21
Tamil Nadu,11.009969540445507,78.53375318295713,Historical,January,Moderate,Medium,Airport,14.81
Uttarakhand,30.06338281184657,79.2308770809563,Historical,November,Moderate,High,Airport,22.27
Tamil Nadu,11.186677199661071,78.6277980682757,City,January,Moderate,Medium,Railway Station,20.48
Rajasthan,27.10840450088894,74.0437508343386,Beach,October,Hot,High,Airport,35.68
Kerala,10.991667206385534,76.30670225035863,Hill Station,January,Cold,High,Railway Station,25.91
West Bengal,23.079676753507577,87.81119213518966,Beach,May,Hot,Medium,Railway Station,32.88
Kerala,10.90133650441335,76.13953330070791,Hill Station,August,Cold,Medium,Railway Station,31.35
Rajasthan,26.9539133819558,74.1255599527475,City,September,Moderate,Medium,Railway Station,17.08
Kerala,10.733139590033382,76.28051154134992,Beach,August,Hot,Medium,Road,26.78
West Bengal,23.032567161119356,87.97151571238946,Historical,July,Moderate,Low,Airport,14.45
West Bengal,22.753722721797427,88.01256818972253,Religious,January,Moderate,High,Railway Station,24.84
Himachal Pradesh,31.043114466689644,77.25807223387709,Hill Station,June,Cold,Low,Road,22.11
West Bengal,23.043702953725976,87.86815227300782,Wildlife,May,Moderate,Low,Airport,25.38
Kerala,10.971532384994156,76.23372791295095,Wildlife,August,Hot,Medium,Airport,27.47
Tamil Nadu,11.047921386403422,78.69619540631734,Historical,January,Moderate,High,Railway Station,22.09
Rajasthan,26.8889965748455,74.22782296233811,City,November,Moderate,High,Railway Station,26.68
Delhi,28.715889407276336,77.07447718179013,Historical,October,Hot,High,Airport,28.19
Delhi,28.771788820448073,77.0915683742764,Beach,September,Hot,Low,Railway Station,23.32
Uttarakhand,30.08981653220072,78.96884044412509,Religious,June,Moderate,Low,Road,6.51
Rajasthan,26.99058022838581,74.36052342580798,City,October,Moderate,High,Railway Station,26.29
Himachal Pradesh,31.188365725118228,77.13563771784027,Hill Station,August,Cold,Medium,Railway Station,28.86
Tamil Nadu,11.261595966617415,78.59556243715268,Beach,April,Hot,Medium,Railway Station,28.1
Kerala,10.800431860019113,76.20127262037687,City,November,Moderate,Medium,Railway Station,18.84
Goa,15.377939635304914,74.1923358823497,Wildlife,June,Hot,Medium,Road,26.65
Uttarakhand,30.115723977541236,78.82269515870321,Religious,April,Moderate,Medium,Airport,19.45
Uttarakhand,29.815076962336967,79.050381273605,Religious,October,Moderate,High,Airport,23.33
Delhi,28.556154666691025,77.02181880463185,Wildlife,April,Moderate,Low,Airport,24.47
West Bengal,22.843572251426796,87.88899637907569,Wildlife,August,Hot,Low,Airport,24.27
Uttarakhand,30.123925169864663,78.95755475889943,Wildlife,February,Hot,High,Railway Station,27.05
Rajasthan,27.065586402619946,74.13192123580285,Wildlife,June,Hot,Medium,Airport,28.56
Maharashtra,19.698145466261593,75.89229186066075,Historical,August,Moderate,Medium,Road,22.23
Goa,15.444182181778727,74.17562858974074,Hill Station,August,Cold,Medium,Railway Station,24.99
Kerala,10.90157320661359,76.25698596805562,City,December,Moderate,Medium,Airport,23.83
Uttarakhand,30.043125615234807,78.94993032829113,Hill Station,August,Cold,Medium,Airport,26.54
Kerala,10.976727789067168,76.36368046415961,Religious,January,Moderate,High,Railway Station,22.15
Uttarakhand,30.24149896981755,78.96239386091534,Wildlife,August,Hot,Medium,Road,27.75
Rajasthan,26.976720251029214,74.30279702961353,City,June,Moderate,Medium,Railway Station,25.99
Uttarakhand,30.168783381238477,79.06775230229456,Wildlife,September,Hot,Medium,Airport,25.52
Kerala,10.8180582097844,76.31562323628985,Wildlife,October,Moderate,Medium,Airport,25.39
Goa,15.510461321841797,74.17627667423666,Religious,January,Moderate,Medium,Road,15.96
Kerala,10.975482109705368,76.22091058850023,Wildlife,September,Moderate,Medium,Railway Station,26.05
Kerala,10.780326751618245,76.2453725109857,Historical,July,Moderate,Medium,Road,16.37
Punjab,31.173821065514502,75.2920775585383,City,May,Moderate,Medium,Airport,22.47
Rajasthan,26.89239833364198,74.23837582548234,City,January,Moderate,High,Airport,27.02
Tamil Nadu,11.104860584892036,78.59140155113911,Hill Station,June,Cold,Low,Railway Station,22.54
Rajasthan,26.880285440713,74.25625404689576,Historical,November,Hot,High,Railway Station,18.6
Maharashtra,19.78229615520803,75.68761509338395,Beach,October,Hot,High,Railway Station,35.21
Uttarakhand,30.240214802418443,78.95858470336977,Hill Station,May,Cold,Medium,Railway Station,29.42
Goa,15.427688878327027,74.02135658893641,Beach,December,Hot,Medium,Road,19.99
West Bengal,23.087681535504387,87.79329502118398,City,March,Moderate,Low,Road,13.48
Rajasthan,27.049092720421314,74.25949226590576,City,January,Moderate,Medium,Airport,22.45
Punjab,31.240012886253155,75.253070626631,City,September,Moderate,Low,Railway Station,11.73
Uttarakhand,30.15784921319437,78.90317555475197,Beach,June,Hot,Low,Road,23.46
Tamil Nadu,10.974955790793452,78.83324040459185,Wildlife,January,Moderate,High,Road,36.23
Tamil Nadu,11.16260476714551,78.82485018425491,Religious,June,Moderate,Medium,Railway Station,20.15
Rajasthan,26.93364345046965,74.14108057649945,City,October,Moderate,High,Airport,24.1
Goa,15.178251741005809,74.1958970039322,City,October,Moderate,High,Road,23.05
Punjab,31.22152758266127,75.33727403161248,Wildlife,January,Hot,Medium,Road,32.44
Rajasthan,27.116257786586285,74.24122875815574,Historical,February,Hot,High,Airport,25.83
Rajasthan,26.937947590657554,74.26126526641592,Beach,February,Hot,High,Road,34.52
Rajasthan,27.105961575223716,73.98309316028991,Religious,April,Moderate,Medium,Airport,11.82
Uttarakhand,30.04791076237306,79.01880985230696,City,June,Moderate,Medium,Airport,19.98
Tamil Nadu,11.036989671301566,78.64329035413182,City,February,Moderate,Medium,Railway Station,14.51
Tamil Nadu,11.072145540918996,78.64880120905978,Wildlife,January,Hot,Medium,Road,27.41
Tamil Nadu,11.05124713012854,78.65627082049498,Religious,July,Moderate,Medium,Road,17.48
Rajasthan,26.9785538188565,74.02328511390854,Wildlife,February,Hot,Medium,Airport,23.9
West Bengal,22.95518837193696,87.75838734768709,Beach,February,Hot,Medium,Railway Station,34.17
Kerala,10.857460207363822,76.29122129708598,Beach,January,Hot,High,Road,40.24
Maharashtra,19.6188565172692,75.68684632628387,Hill Station,January,Cold,Medium,Road,24.79
Kerala,10.773320899099756,76.26117995008306,Historical,January,Moderate,Medium,Airport,19.87
Kerala,10.76268636819146,76.13918280421679,Beach,March,Hot,Low,Airport,26.15
Maharashtra,19.719900335511667,75.66750819596781,City,June,Moderate,Low,Railway Station,14.53
Tamil Nadu,11.141920296862791,78.58662729345727,Hill Station,September,Cold,Medium,Railway Station,28.16
West Bengal,22.950234853115116,87.88457477864702,Hill Station,November,Cold,High,Road,30.05
Tamil Nadu,11.277493674616627,78.49432574176753,Wildlife,February,Hot,High,Airport,34.68
Kerala,10.886043957236046,76.24814640631898,Wildlife,January,Hot,Medium,Airport,28.79
Kerala,10.845768610800068,76.37703425433608,Wildlife,August,Hot,Medium,Airport,29.95
Uttarakhand,30.18327107852399,79.04332306257704,Religious,February,Moderate,High,Road,21.29
Uttarakhand,29.97132901663071,78.99264277150711,Wildlife,March,Moderate,Medium,Railway Station,25.43
Kerala,10.854604432810383,76.28251157501334,Beach,September,Hot,Medium,Airport,28.52
Delhi,28.668729495774443,77.11167189497485,City,May,Moderate,Medium,Road,26.52
Uttarakhand,30.177549924011817,79.149864556184,Wildlife,July,Hot,Medium,Airport,27.44
Kerala,11.026327215787529,76.31512480302105,Wildlife,May,Hot,Medium,Railway Station,24.08
Kerala,10.90015923511903,76.22274874114635,City,May,Moderate,Medium,Railway Station,17.53
Himachal Pradesh,31.288675450091212,77.33396901078208,Religious,May,Moderate,Medium,Railway Station,13.56
Punjab,31.19736518176033,75.34229397425759,Historical,October,Moderate,Medium,Road,15.37
Maharashtra,19.71782569699521,75.79533398145678,Historical,April,Moderate,Low,Airport,16.7
Himachal Pradesh,31.193833531498207,77.18984181871251,Hill Station,July,Cold,Medium,Airport,33.99
Kerala,10.894662506781422,76.14565989402725,Beach,October,Hot,Medium,Road,28.43
Goa,15.113701525233685,74.23317613641014,Religious,November,Moderate,High,Airport,20.0
Delhi,28.65420212569441,77.13118638428195,City,June,Moderate,Medium,Railway Station,14.81
Punjab,31.121010773051317,75.34730976352891,Religious,November,Moderate,High,Airport,25.98
Delhi,28.617010117953207,77.11644151593465,City,April,Moderate,Low,Road,16.74
Punjab,31.19329817108955,75.48633090463004,City,January,Moderate,High,Airport,21.4
Rajasthan,27.141345401233917,74.05733665969372,City,April,Moderate,Medium,Railway Station,20.48
Tamil Nadu,11.217420933413123,78.56320057710799,Religious,June,Moderate,Low,Railway Station,11.77
Tamil Nadu,10.972861939155374,78.63044309673955,Wildlife,March,Moderate,Low,Railway Station,20.99
West Bengal,23.298125167789827,87.96086952264248,Wildlife,October,Hot,High,Railway Station,25.11
Kerala,10.860594697028958,76.38035254146784,Hill Station,October,Cold,Medium,Airport,20.3
Punjab,31.05104625664086,75.38073180533209,Hill Station,October,Cold,High,Airport,31.8
Punjab,31.211036284348662,75.62590095889577,City,January,Moderate,High,Railway Station,30.15
West Bengal,22.97354426803599,87.78150326513233,Historical,December,Moderate,High,Road,21.6
Rajasthan,27.03346907028868,74.22184967612021,Hill Station,January,Cold,Medium,Railway Station,25.37
Kerala,10.854233507711072,76.26830830760326,Religious,April,Moderate,Medium,Railway Station,15.04
Uttarakhand,29.98275652373303,78.98010063752123,Hill Station,May,Cold,Medium,Railway Station,30.28
Punjab,31.166916848318223,75.34756894526073,City,January,Moderate,High,Airport,22.52
Goa,15.40966269104448,73.87141683141954,Beach,May,Hot,Low,Railway Station,25.72
Kerala,10.972050680502308,76.16572092026576,Hill Station,November,Cold,Medium,Road,26.48
Punjab,31.07253795328278,75.27923762453108,Historical,March,Moderate,Low,Airport,15.38
Himachal Pradesh,31.045770211482843,77.11505562235389,Hill Station,December,Cold,High,Airport,32.26
West Bengal,22.959066597979934,87.82431872039096,Wildlife,December,Hot,Medium,Road,30.66
Goa,15.30617617508448,74.22941831646372,City,January,Moderate,Medium,Road,15.12
Delhi,28.781694307873686,77.0919890126887,Historical,February,Hot,High,Road,21.8
Rajasthan,27.031611569248348,74.17522135290766,Beach,February,Hot,Medium,Railway Station,27.59
Tamil Nadu,11.16436386387632,78.61097738894647,Hill Station,January,Cold,High,Railway Station,29.44
Tamil Nadu,11.206494580363218,78.78927605380122,Historical,July,Moderate,Medium,Airport,12.88
Punjab,31.224591455491396,75.3698278223082,Wildlife,January,Moderate,Medium,Road,27.62
Himachal Pradesh,31.254302451963618,77.16116896239308,City,December,Moderate,Medium,Railway Station,25.41
West Bengal,23.060344328620413,87.65385086745383,Beach,May,Hot,Low,Airport,27.62
Goa,15.297376491088109,73.89245546626343,Beach,April,Hot,Medium,Road,32.79
West Bengal,22.85649980781852,87.70767198271064,Hill Station,November,Cold,High,Airport,30.1
Delhi,28.69782721210203,77.19610986445777,Historical,September,Hot,Medium,Road,19.46
West Bengal,22.89509719712592,87.69897580224463,Beach,December,Hot,Medium,Road,29.84
Punjab,31.06996738584426,75.26500227682934,City,June,Moderate,Medium,Airport,25.56
Delhi,28.785917552547147,77.14273911690283,City,August,Moderate,Low,Railway Station,16.14
Maharashtra,19.940803614540354,75.54339912272614,Beach,June,Hot,Low,Road,24.64
Uttarakhand,30.10132705096123,78.97246513114406,Religious,September,Moderate,Low,Road,11.89
Rajasthan,26.9785215048363,74.16571445421029,City,December,Moderate,High,Road,27.46
Uttarakhand,30.073107767542925,78.84965418455535,Historical,March,Moderate,Medium,Road,13.28
Tamil Nadu,11.094082142522982,78.76110069943601,City,August,Moderate,Low,Railway Station,11.1
Goa,15.178818565906255,74.11460476343677,Beach,November,Hot,Medium,Railway Station,33.86
Maharashtra,19.647434042058283,75.62302065328043,Historical,June,Moderate,Medium,Railway Station,19.2
Himachal Pradesh,31.09719528110161,77.15383972375723,Wildlife,May,Hot,Low,Airport,25.13
Uttarakhand,30.094645878944743,79.24042429502826,City,November,Moderate,High,Railway Station,25.99
West Bengal,23.14372411812847,87.77977111782386,Wildlife,November,Hot,Medium,Airport,26.84
Punjab,31.18691787880153,75.13477377275545,City,September,Moderate,Medium,Road,20.65
Rajasthan,26.949265570495022,74.2133188955682,Wildlife,June,Hot,Medium,Road,28.03
Rajasthan,26.920133268384745,74.12241257689494,Wildlife,March,Hot,Medium,Airport,27.81
Tamil Nadu,11.010053829071138,78.67019284648275,Hill Station,July,Cold,Low,Airport,19.96
Maharashtra,19.66778936732531,75.74224766040189,Wildlife,January,Moderate,High,Road,34.44
Himachal Pradesh,30.961913384955036,77.30913414957163,Wildlife,January,Hot,Medium,Railway Station,27.43
Maharashtra,19.683960351302613,75.8440486944256,Religious,March,Moderate,Low,Road,11.49
Kerala,10.738780233425956,76.48389180747573,Religious,December,Moderate,High,Railway Station,26.0
West Bengal,22.97369795759575,87.73701283194526,Hill Station,June,Cold,Medium,Road,22.77
Uttarakhand,30.063677704117612,78.86016753932782,Wildlife,July,Hot,Low,Road,23.34
Tamil Nadu,11.11225773528408,78.54391119120972,Beach,October,Hot,High,Railway Station,35.78
Tamil Nadu,11.124169448332863,78.77238151195135,Religious,February,Moderate,High,Airport,22.78
West Bengal,22.804734050680068,87.8320909896617,Beach,December,Hot,High,Airport,37.27
Punjab,31.038489031367437,75.46975004964844,Wildlife,February,Moderate,High,Railway Station,39.95
Rajasthan,27.148385908118836,74.16560228995368,Hill Station,December,Cold,High,Railway Station,30.16
Kerala,10.842403857526323,76.37213708501903,Historical,May,Moderate,Medium,Airport,16.83
Maharashtra,19.741747677431807,75.93098844048583,Religious,February,Moderate,High,Airport,23.02
Punjab,31.185921499159104,75.3213543560456,Hill Station,January,Cold,Medium,Railway Station,16.78
Himachal Pradesh,30.992312169460877,77.10497914251759,Beach,March,Hot,Low,Road,19.51
Himachal Pradesh,31.040379700168007,77.18340486277778,Hill Station,May,Cold,Medium,Railway Station,24.89
Himachal Pradesh,31.125620510866884,77.03384853136271,Historical,June,Moderate,Medium,Road,17.39
Tamil Nadu,11.32083842411794,78.73000375253855,Hill Station,December,Cold,Medium,Road,24.75
Goa,15.341042203124962,74.08964909708999,City,July,Moderate,Low,Railway Station,17.56
Kerala,10.872737774893055,76.28716113021552,City,July,Moderate,Medium,Road,19.67
Delhi,28.888987405548225,77.15043660066384,Historical,November,Hot,High,Road,22.95
Delhi,28.773509674681176,77.04298310009248,Hill Station,November,Cold,Medium,Railway Station,22.97
Punjab,31.09025231698595,75.26638738840508,Historical,June,Moderate,Medium,Railway Station,17.13
Punjab,30.96128749862664,75.27051465984857,City,December,Moderate,Medium,Railway Station,22.14
Tamil Nadu,11.096310403496156,78.72630200870607,Wildlife,February,Hot,High,Railway Station,32.49
Delhi,28.767754203807566,77.22436081743345,Wildlife,June,Hot,Low,Road,25.2
West Bengal,22.891063236828384,87.74702038541172,Hill Station,July,Cold,Medium,Airport,23.95
West Bengal,22.952907236865084,87.86915592668959,Hill Station,August,Cold,Medium,Railway Station,24.1
Maharashtra,19.67557573180735,75.71501589116235,Hill Station,February,Cold,Medium,Airport,27.11
Himachal Pradesh,31.096907332422546,77.13595995520011,Historical,July,Moderate,Medium,Road,17.43
Uttarakhand,29.990232138201577,78.94166359785375,Beach,October,Hot,High,Railway Station,34.51
Punjab,31.248634278627097,75.30592992049964,City,May,Moderate,Medium,Road,19.04
West Bengal,23.089531400597,87.69495956014701,Beach,October,Hot,High,Railway Station,37.49
Himachal Pradesh,31.179518659012512,77.07340529732066,Hill Station,November,Cold,High,Airport,26.59
Delhi,28.88947985610248,77.15998307500487,Religious,January,Moderate,High,Road,25.95
West Bengal,23.064492185476016,87.79762444495957,Hill Station,September,Cold,Medium,Airport,26.54
West Bengal,22.86172698835413,87.86739484465853,City,December,Moderate,High,Road,30.96
Tamil Nadu,11.188575307410533,78.6037682288738,Wildlife,November,Hot,High,Road,30.42
Punjab,31.206917460299056,75.47111812526292,City,October,Moderate,High,Airport,27.95
Maharashtra,19.66117362948945,75.54379357290736,Historical,March,Moderate,Medium,Railway Station,13.38
Goa,15.188970725717539,74.14884624211312,Beach,January,Hot,Medium,Railway Station,32.89
Delhi,28.570822922507023,77.2453651780629,City,July,Moderate,Medium,Airport,18.43
Rajasthan,26.89450339875965,74.11617546307131,Hill Station,April,Cold,Low,Railway Station,30.13
West Bengal,23.107115555993666,87.90588348945408,Beach,January,Hot,Medium,Railway Station,28.56
Rajasthan,27.093326750025224,74.3306281123432,Historical,January,Hot,Medium,Railway Station,18.98
Rajasthan,27.059103638356508,74.21115710036572,Beach,June,Hot,Low,Road,24.85
Delhi,28.773943278206296,76.93709644997394,Historical,April,Hot,Medium,Road,15.76
West Bengal,23.041180890646324,87.94347058197229,Religious,February,Moderate,High,Airport,24.83
Rajasthan,27.056600971798343,74.25185299482636,Beach,March,Hot,Medium,Road,29.47
Delhi,28.645185645451562,77.05300881267002,Wildlife,January,Hot,High,Railway Station,35.82
West Bengal,22.977025775920648,87.74196332791347,City,December,Moderate,High,Railway Station,27.89
Punjab,31.089114481853667,75.23336358362052,Religious,September,Moderate,Low,Road,10.44
Uttarakhand,29.99194148473267,78.97811714026753,Religious,September,Moderate,Low,Airport,13.45
Tamil Nadu,11.086014280086353,78.7578103411728,Historical,January,Moderate,High,Railway Station,22.29
Tamil Nadu,11.177926732146336,78.82317060160034,Wildlife,December,Moderate,High,Railway Station,31.89
Himachal Pradesh,31.219000163808236,77.3205324336716,Hill Station,February,Cold,High,Railway Station,32.78
Uttarakhand,30.163552299490917,78.98903389563245,Historical,July,Moderate,Medium,Road,22.46
Kerala,10.930343682788365,76.2970492721031,Beach,February,Hot,High,Airport,34.02
Rajasthan,26.99547070405823,74.3470330729065,Hill Station,October,Cold,High,Airport,27.08
Kerala,10.784212939037094,76.42062012744289,Historical,November,Moderate,Medium,Road,14.99
Uttarakhand,30.049861827654144,78.97999136162073,Wildlife,May,Hot,Medium,Railway Station,23.3
Himachal Pradesh,31.3720156742628,77.32966685052307,Religious,March,Moderate,Medium,Road,22.88
Tamil Nadu,11.005048404791157,78.57618124306637,Hill Station,September,Cold,Low,Airport,21.43
Kerala,11.03112822963826,76.34572783899354,Beach,March,Hot,Medium,Railway Station,36.45
Rajasthan,27.017826243018703,74.19044905923772,Religious,December,Moderate,Medium,Railway Station,14.12
Punjab,31.175810063740123,75.2570086959166,City,January,Moderate,Medium,Road,13.54
Punjab,31.141652908290226,75.33870973136372,Hill Station,September,Cold,Medium,Road,22.58
Goa,15.12301837778238,73.96385599475221,Wildlife,September,Moderate,Medium,Airport,30.02
Goa,15.26644467482097,74.11316651526306,Beach,June,Hot,Medium,Airport,28.0
West Bengal,23.143257511219964,87.92446441783379,Beach,April,Hot,Medium,Road,30.95
West Bengal,23.009946158249875,87.8859729503087,Historical,August,Moderate,Low,Airport,15.99
Himachal Pradesh,30.909267980417102,77.41923866628277,Beach,July,Hot,Medium,Road,30.21
Maharashtra,19.694395342212566,75.91866519038967,Hill Station,March,Cold,Medium,Road,25.14
Rajasthan,26.99194333319392,74.21446866692501,Wildlife,March,Hot,Medium,Airport,23.78
West Bengal,22.879083317384147,87.92133830488474,Wildlife,February,Hot,High,Road,36.21
Rajasthan,27.052879580722976,74.09113597033532,Beach,November,Hot,Medium,Railway Station,24.54
Uttarakhand,30.176387345497684,79.05275576345379,Beach,May,Hot,Low,Railway Station,27.67
Punjab,31.06557343756404,75.231622606689,Historical,January,Moderate,High,Railway Station,26.83
Tamil Nadu,11.196521104294524,78.51204690579662,Hill Station,April,Cold,Medium,Road,26.67
Uttarakhand,30.001372062403675,78.89029475075509,Historical,August,Moderate,Medium,Road,14.99
Kerala,10.656620009061843,76.1575555805663,Religious,March,Moderate,Low,Railway Station,10.84
Delhi,28.898769846236558,77.09758258699729,Wildlife,July,Hot,Medium,Road,26.98
Rajasthan,26.831673899224988,74.16429056575818,Beach,October,Hot,Medium,Road,31.03
Goa,15.281126575514639,74.12878887826751,Historical,February,Moderate,High,Railway Station,26.95
Delhi,28.64365722320355,77.04860130116249,Hill Station,July,Cold,Low,Airport,19.15
Maharashtra,19.690586391114245,75.57377459858002,Hill Station,December,Cold,Medium,Airport,22.7
Punjab,31.011110014687578,75.5124821719866,City,May,Moderate,Low,Railway Station,10.23
Goa,15.189090804440745,74.13837374378208,Historical,November,Moderate,High,Railway Station,22.26
Goa,15.35849119062446,74.12208469095987,Wildlife,October,Hot,High,Railway Station,31.75
Goa,15.357119830778709,74.00136197282434,Historical,September,Moderate,Medium,Railway Station,11.23
Tamil Nadu,10.960237057349921,78.61238594873686,Religious,October,Moderate,High,Road,20.62
Maharashtra,19.55441991839068,75.72010582647053,Religious,October,Moderate,High,Road,22.27
Delhi,28.66605314638827,77.11926501553867,Beach,August,Hot,Medium,Railway Station,31.94
Himachal Pradesh,31.23030102168635,77.13231665734278,Religious,August,Moderate,Low,Railway Station,14.28
Maharashtra,19.797512429163817,75.69722060476204,Wildlife,October,Moderate,High,Road,33.69
Himachal Pradesh,31.101078214133622,77.10566377712783,City,November,Moderate,High,Railway Station,22.82
Goa,15.386268176442043,74.03967997357113,City,October,Moderate,High,Road,25.63
Kerala,10.807657826999996,76.29724045025472,City,June,Moderate,Medium,Airport,19.71
Delhi,28.6153831151095,77.16675742891547,Beach,June,Hot,Medium,Railway Station,28.76
Kerala,10.682536450229337,76.34573165225592,City,September,Moderate,Medium,Road,18.96
Tamil Nadu,11.11281769520406,78.68280061592566,City,May,Moderate,Medium,Road,22.3
Tamil Nadu,11.27066771037998,78.66915551569507,Religious,November,Moderate,High,Airport,26.59
Delhi,28.779741454805244,77.16324835600169,Beach,December,Hot,High,Railway Station,33.45
Kerala,10.933422358563712,76.3231560795844,Religious,November,Moderate,High,Railway Station,19.49
Maharashtra,19.780445107285065,75.57156632051186,Wildlife,June,Hot,Medium,Airport,27.88
West Bengal,22.846964292553977,87.98662472971613,Wildlife,September,Moderate,Medium,Airport,30.96
Himachal Pradesh,31.0041629736986,77.36731847007127,Religious,December,Moderate,High,Railway Station,27.09
Kerala,10.85269815526436,76.29921651428947,Beach,October,Hot,High,Road,35.81
Uttarakhand,30.011378504731315,79.05270351289565,Beach,November,Hot,High,Railway Station,34.73
Uttarakhand,30.213190078617433,79.07482941900136,Beach,July,Hot,Medium,Railway Station,35.75
Goa,15.148742865898033,74.09778360798748,Wildlife,August,Hot,Low,Road,26.98
Uttarakhand,29.99288962500975,79.03894687510292,Beach,May,Hot,Medium,Road,34.72
Himachal Pradesh,31.13725043223708,77.05666030199323,City,February,Moderate,High,Railway Station,22.28
Maharashtra,19.57081772021598,75.71736484367597,Historical,January,Moderate,Medium,Airport,20.53
Kerala,10.867372257734589,76.29411808062292,City,August,Moderate,Medium,Railway Station,18.85
Maharashtra,20.00762977767711,75.64997838592133,Wildlife,May,Moderate,Medium,Road,34.58
Delhi,28.71908390538147,77.17015699283897,Historical,April,Hot,Medium,Railway Station,11.05
Punjab,31.25999065958772,75.46807805884139,Historical,November,Moderate,Medium,Railway Station,18.18
Delhi,28.683362879306376,77.0314659763331,Hill Station,August,Cold,Medium,Railway Station,20.84
Tamil Nadu,11.104501679664775,78.70032071778618,City,February,Moderate,Medium,Airport,20.3
Rajasthan,26.9652792668561,74.38980358336359,Hill Station,June,Cold,Medium,Airport,27.99
Punjab,31.198564023998113,75.3800168033434,Hill Station,May,Cold,Medium,Airport,24.77
Maharashtra,19.705348686474508,75.75237505337668,Wildlife,May,Hot,Low,Airport,29.15
Himachal Pradesh,31.27570551833236,77.08700752961745,Religious,November,Moderate,Medium,Railway Station,16.4
Kerala,10.858708689962743,76.19307828518625,Hill Station,November,Cold,High,Road,30.73
Punjab,31.210076968063717,75.3883490178449,Hill Station,February,Cold,High,Railway Station,31.14
Delhi,28.589333737205227,77.13938244122487,Religious,May,Moderate,Medium,Railway Station,16.09
Tamil Nadu,11.160977482389962,78.65339523876779,Beach,April,Hot,Low,Airport,24.54
Delhi,28.589438501826972,77.20157993854842,Wildlife,October,Hot,Medium,Railway Station,31.42
Maharashtra,19.623191456362356,75.67078202796503,City,April,Moderate,Medium,Airport,18.71
Punjab,31.071773578826285,75.45162630672607,Wildlife,October,Hot,Medium,Railway Station,26.59
Kerala,11.059018696839757,76.02800673529846,Beach,July,Hot,Low,Airport,23.09
Maharashtra,19.9772907698802,75.93863569088495,Wildlife,January,Hot,High,Airport,30.41
Himachal Pradesh,31.270411489288037,77.16267952879019,Wildlife,December,Moderate,High,Road,34.79
Goa,15.34662152090076,74.23421953187712,Historical,February,Moderate,Medium,Airport,19.29
Kerala,10.756242456800901,76.1947643086517,Historical,April,Moderate,Medium,Airport,18.45
West Bengal,23.015726376021654,87.8524833812594,Wildlife,March,Hot,Low,Airport,17.45
Kerala,10.807684774691209,76.26243058464146,City,February,Moderate,High,Airport,23.83
Kerala,10.828945812152979,76.15756007148131,Religious,May,Moderate,Medium,Railway Station,17.13
Delhi,28.636008219267865,77.04068824808417,Wildlife,July,Moderate,Medium,Railway Station,26.49
Kerala,10.788028583314674,76.28644273803855,Beach,February,Hot,High,Airport,34.43
Tamil Nadu,11.035968273453793,78.45944582159885,Religious,August,Moderate,Medium,Railway Station,11.72
Rajasthan,26.975186353315117,74.26070587476512,Religious,July,Moderate,Medium,Road,19.22
Tamil Nadu,11.132667430649674,78.69523421397051,Hill Station,September,Cold,Medium,Railway Station,19.18
Kerala,10.956757200573337,76.33003696072696,Religious,August,Moderate,Medium,Railway Station,22.11
Maharashtra,19.783009023346956,75.71412712703655,City,June,Moderate,Low,Airport,17.74
West Bengal,23.152461371470725,87.87645783537123,Wildlife,October,Hot,High,Railway Station,32.89
West Bengal,22.940510555114397,87.77139505989011,Wildlife,April,Hot,Medium,Railway Station,19.5
Rajasthan,26.940979429434073,74.24943096267705,Religious,February,Moderate,High,Road,17.52
Tamil Nadu,11.328519432235453,78.5419085585499,Beach,July,Hot,Medium,Airport,31.75
Kerala,10.877993078107009,76.29154451705232,City,June,Moderate,Medium,Railway Station,19.31
Goa,15.254468672495628,74.04591195890953,Beach,December,Hot,Medium,Railway Station,30.52
Kerala,10.915380181615157,76.39149589650103,Historical,October,Moderate,High,Railway Station,19.72
Punjab,31.220919251588057,75.54709856957943,Religious,October,Moderate,Medium,Airport,13.53
Himachal Pradesh,31.037602384664652,77.26551890378245,Historical,December,Moderate,Medium,Airport,15.43
Tamil Nadu,11.324965128754851,78.73551205475982,Wildlife,June,Moderate,Medium,Railway Station,26.46
Tamil Nadu,11.090374745373236,78.61677095640286,Hill Station,August,Cold,Medium,Railway Station,30.39
West Bengal,23.071198925211917,87.94490415328372,Historical,February,Moderate,Medium,Railway Station,15.09
Goa,15.375582914558592,74.17673482352811,City,April,Moderate,Low,Railway Station,22.19
Uttarakhand,30.0783860758842,79.03675156615458,City,August,Moderate,Medium,Airport,18.86
Rajasthan,27.140268809498604,74.24519141152332,Beach,October,Hot,High,Road,33.94
Maharashtra,19.769522882416464,75.77362420907518,Wildlife,September,Hot,Medium,Airport,29.09
Punjab,31.200142346397524,75.30136613773112,Historical,June,Moderate,Medium,Airport,22.96
Kerala,10.870112250538824,76.33318076608404,Hill Station,December,Cold,High,Airport,34.88
Himachal Pradesh,31.204623910583035,77.29907705974733,Wildlife,December,Moderate,Medium,Road,31.65
Punjab,31.037723159977446,75.41291699746132,City,February,Moderate,High,Road,24.45
Goa,15.29275717183738,74.15867709029008,Historical,March,Moderate,Low,Railway Station,11.31
Rajasthan,27.12664790091901,74.2332193140558,Historical,May,Hot,Medium,Airport,15.6
Kerala,10.856910177204847,76.09212987274474,Historical,May,Moderate,Low,Airport,17.15
Maharashtra,19.82085176642254,75.5716924672574,Hill Station,April,Cold,Medium,Airport,27.58
Delhi,28.74477036839483,77.16867784795794,Hill Station,October,Cold,High,Road,31.76
Rajasthan,27.23716456046819,74.2293169083488,City,September,Moderate,Medium,Railway Station,17.08
Tamil Nadu,11.11961642343267,78.56545380085286,Beach,April,Hot,Medium,Airport,26.33
Kerala,10.790159996716092,76.24476103121879,Wildlife,December,Hot,High,Airport,28.52
Himachal Pradesh,30.99089433338603,77.15387054202039,Hill Station,May,Cold,Low,Airport,19.1
Maharashtra,19.687186420797165,75.61018053022332,Hill Station,August,Cold,Medium,Road,27.85
Uttarakhand,30.020588403620014,79.02473356594653,Religious,March,Moderate,Medium,Airport,15.76
Maharashtra,19.84961478261603,75.56708618733838,Beach,April,Hot,Medium,Airport,33.6
Uttarakhand,30.220333371663852,78.93294316402901,Beach,May,Hot,Medium,Road,33.59
Punjab,31.25242871339524,75.4318281120176,Wildlife,September,Hot,Medium,Airport,32.13
Tamil Nadu,11.296811148047313,78.6120524769011,Beach,March,Hot,Low,Airport,24.06
West Bengal,22.999598836367724,87.84411461192673,Beach,March,Hot,Low,Airport,17.42
Delhi,28.799435486292236,77.06579972012642,City,October,Moderate,High,Railway Station,25.5
West Bengal,22.951169868226792,87.91246929937077,Beach,August,Hot,Low,Airport,26.39
Himachal Pradesh,31.11330532208235,77.20271555559997,Religious,April,Moderate,Medium,Airport,14.99
Delhi,28.682771158661406,77.18774088777982,Hill Station,February,Cold,Medium,Railway Station,25.89
Rajasthan,27.058313930965408,74.2465016155397,Hill Station,May,Cold,Low,Railway Station,21.18
Maharashtra,19.626258881551447,75.60886158926502,Historical,November,Moderate,High,Railway Station,27.28
Maharashtra,19.81151164552445,75.71175817050477,Wildlife,December,Hot,High,Railway Station,30.66
Maharashtra,19.69992625272366,75.60978152148256,Historical,November,Moderate,Medium,Road,21.32
Uttarakhand,30.062564984396754,79.07131670887294,Wildlife,October,Hot,High,Road,34.98
Tamil Nadu,11.082318499612823,78.85669482045128,City,September,Moderate,Low,Railway Station,21.18
Rajasthan,27.13575661169811,74.17007673921415,Wildlife,August,Hot,Low,Airport,20.08
Punjab,31.248922042923443,75.29789506852616,Beach,February,Hot,High,Road,31.49
Uttarakhand,29.932237208167187,79.11445520780791,City,February,Moderate,Medium,Road,23.92
Tamil Nadu,11.099975526248326,78.91288992597684,Historical,July,Moderate,Medium,Railway Station,21.6
Uttarakhand,30.178026829303512,78.91334814153058,Hill Station,June,Cold,Low,Railway Station,18.19
Kerala,10.734480613108454,76.20339145765483,Hill Station,April,Cold,Low,Railway Station,18.32
Rajasthan,27.105586642494966,74.24222215732522,Historical,October,Hot,High,Road,18.45
Rajasthan,26.964666398319764,74.20304104900426,Religious,May,Moderate,Medium,Railway Station,17.02
Kerala,10.930678518432849,76.17046919944069,Beach,January,Hot,Medium,Airport,28.17
West Bengal,22.92845120375686,87.82343661457911,City,August,Moderate,Medium,Railway Station,20.22
West Bengal,22.999791890441127,87.87293980391804,Religious,August,Moderate,Medium,Railway Station,20.5
Kerala,11.025066902867298,76.26734550420761,Historical,March,Moderate,Medium,Railway Station,18.04
Punjab,31.115783847711988,75.61952351422474,Beach,March,Hot,Medium,Road,35.05
Himachal Pradesh,30.897326417787745,77.44736821354215,City,June,Moderate,Medium,Airport,14.07
Uttarakhand,29.935685617821303,79.10732141396242,Historical,July,Moderate,Low,Road,19.37
Tamil Nadu,11.259885992750823,78.53379069407342,Hill Station,October,Cold,High,Railway Station,34.38
Uttarakhand,29.998890263643055,79.00806768827984,Wildlife,September,Hot,Medium,Railway Station,28.98
Punjab,31.122338846355852,75.20378265476285,Historical,February,Moderate,Medium,Railway Station,19.97
Uttarakhand,30.064278695300253,79.00517011041944,Beach,May,Hot,Low,Road,24.77
Rajasthan,27.00144929397035,74.21595235346986,Hill Station,February,Cold,Medium,Airport,22.64
Maharashtra,19.876035331205568,75.70151904751721,City,January,Moderate,High,Airport,19.21
Maharashtra,19.595395742441323,75.81516922045509,Beach,November,Hot,Medium,Road,31.98
Uttarakhand,30.091906956097695,78.93876424033499,Hill Station,August,Cold,Low,Railway Station,18.77
Uttarakhand,30.025727111002254,79.12977763680558,Wildlife,August,Hot,Medium,Railway Station,26.75
Delhi,28.701410014751062,77.11936927448095,City,May,Moderate,Medium,Railway Station,26.07
Punjab,31.152837555380696,75.4020092623967,Wildlife,October,Hot,High,Airport,33.98
West Bengal,22.98683287236681,87.56841700657735,Historical,July,Moderate,Medium,Road,18.29
Punjab,31.112529609437292,75.3353984905606,Religious,September,Moderate,Medium,Road,19.85
Delhi,28.65061420944938,76.93734602865699,Wildlife,February,Hot,Medium,Airport,26.64
Tamil Nadu,11.19948708749077,78.57396875604442,City,November,Moderate,High,Road,28.18
West Bengal,22.940516947656963,87.92224527753862,Religious,December,Moderate,Medium,Road,20.74
Goa,15.109752742337305,74.16527077672234,Beach,March,Hot,Medium,Airport,28.54
Himachal Pradesh,30.945687402798175,77.24200804386,Wildlife,July,Moderate,Medium,Railway Station,29.56
Tamil Nadu,11.17000068480164,78.77558930775959,Beach,January,Hot,High,Airport,32.51
Goa,15.33566426845226,74.0777627830697,Hill Station,March,Cold,Low,Airport,24.04
Tamil Nadu,11.24747105353951,78.81758927004822,Wildlife,April,Moderate,Low,Railway Station,25.33
Rajasthan,27.14414600569004,74.2713135942266,Historical,September,Hot,Low,Road,11.36
Goa,15.197434621869734,74.05300347259663,Beach,January,Hot,High,Airport,35.48
Rajasthan,27.144200113008566,74.17220059614435,Hill Station,May,Cold,Medium,Road,20.67
West Bengal,22.960087068935742,87.83504947946308,Hill Station,April,Cold,Medium,Railway Station,24.95
Rajasthan,27.109318905339283,74.2626266558251,Religious,August,Moderate,Medium,Airport,11.44
Himachal Pradesh,30.97362414555247,77.1732919442745,Religious,August,Moderate,Low,Railway Station,12.38
Delhi,28.997132028549252,77.2870801320372,Religious,June,Moderate,Medium,Railway Station,15.19
Goa,15.219121089204895,74.16021843221047,Wildlife,September,Moderate,Medium,Road,25.06
Uttarakhand,30.020212215522026,79.03044848171511,Religious,November,Moderate,Medium,Railway Station,15.43
Maharashtra,19.761673720583993,75.54582203750893,Beach,November,Hot,Medium,Road,31.0
Delhi,28.800057589238513,77.2054758164309,Wildlife,November,Hot,High,Railway Station,35.24
Delhi,28.72685702828151,76.97417574328541,Beach,April,Hot,Medium,Airport,29.56
Tamil Nadu,11.195406258150827,78.69635236051619,Historical,May,Moderate,Medium,Railway Station,15.27
Maharashtra,19.88677998456957,75.71465029744816,City,August,Moderate,Medium,Road,16.79
Tamil Nadu,11.133510256495024,78.6421730172487,Hill Station,October,Cold,High,Railway Station,29.29
Goa,15.255596770767054,74.34332775030606,Hill Station,March,Cold,Low,Road,25.9
Kerala,10.7430537233644,76.3304170990998,Beach,April,Hot,Medium,Railway Station,31.94
Rajasthan,26.82274218716381,74.15667342346886,Hill Station,December,Cold,High,Road,24.59
Maharashtra,19.67187758772262,75.64453020323833,City,July,Moderate,Medium,Road,23.8
Tamil Nadu,11.100933251175436,78.7499688633912,Historical,October,Moderate,Medium,Railway Station,23.52
Goa,15.384183679597953,74.1636271563586,Hill Station,April,Cold,Low,Airport,19.4
Delhi,28.853479434786813,77.02417162211998,Historical,November,Hot,High,Airport,23.69
Uttarakhand,30.079425587271395,78.95801420053256,Hill Station,July,Cold,Low,Railway Station,16.1
Tamil Nadu,11.100536207068773,78.68677553119882,Beach,July,Hot,Medium,Railway Station,32.7
Punjab,30.898071829162365,75.27455200730365,City,June,Moderate,Medium,Airport,23.21
Goa,15.2051375197153,74.22734872927683,Beach,August,Hot,Medium,Railway Station,30.31
Tamil Nadu,11.0825808287853,78.65761213688151,Wildlife,April,Hot,Medium,Railway Station,24.18
Tamil Nadu,11.173714713049495,78.58038653328903,Beach,May,Hot,Medium,Airport,31.03
Delhi,28.744560403504302,77.25128043483205,Beach,June,Hot,Medium,Airport,31.28
Delhi,28.623135554029634,77.13448879678545,City,October,Moderate,Medium,Railway Station,17.19
Himachal Pradesh,31.198532907243408,77.13493083751928,Hill Station,February,Cold,High,Airport,32.83
Punjab,31.24528219444386,75.22415642425025,Beach,September,Hot,Medium,Railway Station,38.36
West Bengal,22.983664471262397,87.75737940973933,Hill Station,December,Cold,Medium,Road,22.7
Rajasthan,26.927758307959078,74.37441034055742,Hill Station,January,Cold,Medium,Railway Station,25.14
Rajasthan,27.081888853169186,74.04521343056204,Hill Station,March,Cold,Medium,Railway Station,26.5
Uttarakhand,30.12149684731272,78.99285196512314,Religious,November,Moderate,Medium,Road,19.5
Uttarakhand,30.07860810998988,79.01614849408196,Religious,October,Moderate,High,Airport,20.37
Punjab,31.148744092861936,75.251406910662,Beach,May,Hot,Medium,Railway Station,29.61
Himachal Pradesh,31.220796220744106,77.10365008095832,Hill Station,October,Cold,High,Airport,31.89
Punjab,31.213616564394236,75.24783023088685,Wildlife,January,Hot,High,Airport,37.76
Rajasthan,26.996888919746972,74.1174681615617,Historical,August,Hot,Medium,Airport,19.19
Goa,15.385145884263904,74.14909431932367,Wildlife,May,Hot,Medium,Road,29.95
Maharashtra,19.74316685251246,75.54582121024477,Hill Station,October,Cold,Medium,Railway Station,26.1
Rajasthan,27.051935653753837,74.21193901546114,Hill Station,August,Cold,Medium,Road,22.36
Goa,15.334399959176974,74.17939689256819,Beach,November,Hot,Medium,Road,35.84
Maharashtra,19.784667396163528,75.71812496044268,Hill Station,August,Cold,Medium,Road,24.91
Kerala,11.142549040442061,76.28876905342302,Religious,May,Moderate,Medium,Airport,15.79
Tamil Nadu,11.161922110414418,78.58486311451033,City,November,Moderate,High,Airport,29.7
West Bengal,23.043587036233752,87.93591143329552,Historical,June,Moderate,Medium,Road,13.67
Goa,15.302660170735356,74.16236443849697,City,November,Moderate,Medium,Road,21.43
Tamil Nadu,11.118259492576184,78.46434379822297,Historical,April,Moderate,Medium,Railway Station,17.64
Uttarakhand,30.13980800925376,79.0420709118476,Beach,April,Hot,Medium,Railway Station,34.56
Rajasthan,26.99774922467184,74.30780096064679,Religious,March,Moderate,Medium,Airport,14.8
Himachal Pradesh,31.020073005578038,77.0251881629566,Hill Station,October,Cold,Medium,Airport,22.75
Rajasthan,27.03494531972153,74.50547898840946,Hill Station,August,Cold,Medium,Airport,22.19
Rajasthan,27.082722828488667,74.22102145896696,Religious,February,Moderate,High,Railway Station,16.95
Uttarakhand,30.1214289716909,79.09762561840454,Religious,June,Moderate,Medium,Road,23.35
Kerala,10.869587993591871,76.25798795367504,Religious,August,Moderate,Medium,Railway Station,12.57
Tamil Nadu,11.148167741079213,78.72185528894502,Hill Station,November,Cold,Medium,Road,23.97
Maharashtra,19.76083651929316,75.64795731127836,Religious,October,Moderate,Medium,Railway Station,18.25
Kerala,10.774434817098367,76.15137611607004,Historical,November,Moderate,High,Airport,23.01
Uttarakhand,30.158437882736333,78.96945359174592,Beach,July,Hot,Medium,Airport,30.11
Uttarakhand,30.160635031302434,79.04024962477283,Hill Station,January,Cold,High,Airport,30.59
Goa,15.321958392902731,74.05346716690573,Historical,March,Moderate,Medium,Railway Station,18.56
West Bengal,22.84422061292531,87.64330182391517,Religious,July,Moderate,Medium,Road,22.91
Uttarakhand,30.01224462195885,79.20647146243158,Historical,March,Moderate,Low,Railway Station,12.09
Tamil Nadu,10.982801027123754,78.68576656165459,Religious,June,Moderate,Medium,Road,18.06
Rajasthan,27.07347016122424,74.2286979812885,Hill Station,March,Cold,Medium,Railway Station,27.6
Tamil Nadu,10.959385112250057,78.554971588499,Hill Station,August,Cold,Medium,Railway Station,26.41
Rajasthan,27.111536220920648,74.04010244652976,Hill Station,March,Cold,Medium,Airport,32.08
Maharashtra,19.734645408409644,75.7530886628942,Wildlife,August,Moderate,Medium,Railway Station,27.33
Kerala,10.804137614539,76.31595252785921,Religious,March,Moderate,Medium,Railway Station,21.77
Punjab,31.22685103068781,75.31934416616616,Hill Station,November,Cold,High,Railway Station,25.02
Uttarakhand,30.006634757111087,78.96975163189008,Wildlife,June,Moderate,Medium,Railway Station,25.89
Punjab,31.003384621018878,75.21358943262938,Hill Station,August,Cold,Low,Road,23.5
Kerala,10.932390830634729,76.42645948104499,Beach,March,Hot,Medium,Railway Station,33.02
Maharashtra,19.988371646519475,75.68642155641999,City,September,Moderate,Low,Railway Station,16.16
Maharashtra,19.831983884117147,75.69237991391816,Wildlife,October,Hot,High,Road,32.11
Kerala,10.943106759323285,76.27073289115195,Historical,December,Moderate,High,Airport,18.69
West Bengal,23.009895745105542,87.8764391648287,Religious,October,Moderate,Medium,Road,16.35
Goa,15.37919403953984,74.13985581857293,Wildlife,August,Hot,Medium,Airport,30.53
Goa,15.525146079615466,74.24684664904235,City,January,Moderate,High,Railway Station,23.7
Delhi,28.70809906474641,76.90746410071064,Religious,February,Moderate,High,Railway Station,17.58
Tamil Nadu,11.07510581625778,78.75906587281979,Historical,October,Moderate,High,Road,25.68
Kerala,10.69013562691274,76.20388850487625,City,October,Moderate,Medium,Airport,20.18
West Bengal,22.983660406293396,88.04587762733777,City,May,Moderate,Medium,Road,22.01
Punjab,31.135648079670844,75.22628980474032,Beach,November,Hot,High,Road,37.08
Goa,15.267039222719836,74.15223777511994,Historical,May,Moderate,Low,Airport,15.62
Maharashtra,19.694731527192435,75.6511053918556,Beach,January,Hot,Medium,Airport,27.25
West Bengal,23.226029838366976,87.93133194514331,Beach,July,Hot,Low,Airport,30.95
Tamil Nadu,11.153419097456975,78.64243620052123,Hill Station,February,Cold,Medium,Railway Station,25.21
Maharashtra,19.916923051827997,75.74804426227644,Wildlife,July,Hot,Medium,Airport,25.28
Maharashtra,19.661931148830423,75.78955529007024,Religious,November,Moderate,Medium,Railway Station,15.2
Delhi,28.57253552321795,77.08849969012685,Religious,January,Moderate,Medium,Railway Station,22.15
Delhi,28.691879784895924,77.22353826090618,Beach,September,Hot,Low,Road,29.13
Maharashtra,19.714849219922517,75.91507564458793,City,February,Moderate,Medium,Airport,12.81
Tamil Nadu,11.21158629037752,78.67160117508661,Wildlife,December,Moderate,High,Railway Station,33.9
Rajasthan,26.92207450997763,74.18169016057081,Wildlife,November,Moderate,High,Airport,34.76
Punjab,31.202300831031575,75.39813016678895,Religious,July,Moderate,Medium,Airport,16.81
Uttarakhand,29.97973612729814,79.03329575897045,Religious,April,Moderate,Medium,Railway Station,24.57
Punjab,30.939248025110945,75.31021477753094,Hill Station,March,Cold,Medium,Road,20.48
Goa,15.451393472858573,74.06068677902695,Beach,November,Hot,Medium,Railway Station,26.07
Goa,15.425240180299213,74.1964002255,Historical,March,Moderate,Medium,Railway Station,18.59
Kerala,10.848931254024155,76.25742081751758,Religious,March,Moderate,Medium,Railway Station,19.03
Himachal Pradesh,31.13941658210548,77.18023938606366,City,May,Moderate,Low,Road,15.95
Maharashtra,19.825077519003838,75.85887195853611,Religious,February,Moderate,High,Airport,24.15
Rajasthan,27.003938427712153,74.1176458037995,Hill Station,January,Cold,High,Airport,29.96
Himachal Pradesh,31.106058893324523,77.07790466891849,City,March,Moderate,Low,Airport,21.86
West Bengal,22.95492611004225,87.73684692466699,City,February,Moderate,High,Road,25.97
Maharashtra,19.61647819030879,75.55981791617603,Historical,September,Moderate,Medium,Airport,16.06
West Bengal,23.1055127252408,87.7436155622599,Religious,October,Moderate,High,Railway Station,22.7
Himachal Pradesh,31.157247650965076,77.24139686647979,City,February,Moderate,High,Railway Station,25.64
Rajasthan,27.07684897985299,74.06041323875253,Historical,April,Hot,Medium,Road,25.28
Goa,15.251491346980261,74.10081135945829,Religious,January,Moderate,Medium,Road,17.21
Himachal Pradesh,31.047393528643198,76.98975111614295,Hill Station,March,Cold,Medium,Airport,24.36
Uttarakhand,30.281148438785262,79.00922028313484,Beach,September,Hot,Medium,Road,28.7
Maharashtra,19.75762527103404,75.54405730907627,Beach,August,Hot,Low,Road,25.95
Uttarakhand,29.86362605125245,79.08866922352576,Hill Station,June,Cold,Medium,Railway Station,23.99
Tamil Nadu,11.060641451205141,78.49804968635918,Hill Station,September,Cold,Low,Railway Station,17.04
Kerala,10.779893613601681,76.1422042465504,Beach,April,Hot,Medium,Road,32.25
West Bengal,22.92408690054718,87.7449904659032,Wildlife,December,Hot,Medium,Road,29.39
Himachal Pradesh,31.338799632193247,77.155667721211,Religious,April,Moderate,Medium,Road,12.51
West Bengal,23.08280608747015,87.8849796171573,Wildlife,August,Moderate,Medium,Railway Station,28.76
Uttarakhand,30.123647521174938,79.06092768309523,Religious,June,Moderate,Medium,Airport,19.44
Punjab,31.01865849730449,75.37245151661956,Hill Station,August,Cold,Low,Airport,17.79
Punjab,31.050947731267076,75.22766086761268,Wildlife,June,Hot,Medium,Airport,28.1
Uttarakhand,30.053330613284935,79.02541679026174,Religious,June,Moderate,Medium,Railway Station,9.15
Punjab,31.080377676311333,75.05359677179536,City,August,Moderate,Medium,Airport,19.65
Rajasthan,27.10114489466367,74.37153451472194,Hill Station,October,Cold,Medium,Road,22.81
Maharashtra,19.718646277791144,75.82241889161344,Hill Station,October,Cold,Medium,Airport,28.91
West Bengal,23.086311789758664,87.73710228997896,Historical,September,Moderate,Medium,Road,16.85
Uttarakhand,29.963497115496505,79.09067352196614,Hill Station,October,Cold,High,Airport,27.77
Uttarakhand,30.083738898316543,79.1467733007658,Beach,May,Hot,Medium,Road,30.98
Tamil Nadu,11.0351841341526,78.54643750259059,City,January,Moderate,High,Airport,25.38
Punjab,31.03899021520628,75.49771014406086,City,November,Moderate,High,Airport,22.96
Goa,15.389549165555785,74.2192590507952,Historical,March,Moderate,Low,Railway Station,15.67
Uttarakhand,30.026539745297704,79.15554464238751,Historical,February,Moderate,High,Road,24.16
Uttarakhand,30.09513235925357,78.92564801541945,Hill Station,August,Cold,Medium,Railway Station,26.04
Goa,15.270526353926641,74.22521121187164,Historical,January,Moderate,High,Airport,24.74
Goa,15.455162651696282,74.10084505060547,City,March,Moderate,Medium,Road,14.0
Himachal Pradesh,31.070409150781902,77.21332381762515,Beach,September,Hot,Medium,Road,36.5
Delhi,28.6969485990727,76.96857296845148,Hill Station,June,Cold,Medium,Airport,26.57
Himachal Pradesh,31.16282232496524,77.16300998676299,City,June,Moderate,Medium,Railway Station,15.45
Himachal Pradesh,31.12529891473089,77.18829427962413,Beach,October,Hot,Medium,Airport,36.64
Delhi,28.582071481586038,77.04120619972656,Hill Station,April,Cold,Low,Airport,18.99
Goa,15.209958091416071,74.11571616215754,City,September,Moderate,Low,Road,20.62
Himachal Pradesh,31.252115875731448,77.01285663336641,Religious,September,Moderate,Low,Road,10.65
Maharashtra,19.73728488263982,75.80320678269867,City,September,Moderate,Medium,Road,22.18
Goa,15.283178339440758,74.07655695913502,Hill Station,July,Cold,Low,Airport,20.44
Goa,15.292118685714897,73.85677926155286,Historical,February,Moderate,Medium,Road,16.95
Uttarakhand,29.975763767256684,78.94827194447234,City,December,Moderate,Medium,Airport,16.74
Rajasthan,26.862008935420995,74.01077559325564,Hill Station,February,Cold,High,Road,32.45
Punjab,31.174902946757893,75.33360336209354,Hill Station,August,Cold,Medium,Airport,23.92
West Bengal,23.074397383791258,87.93388642158521,City,July,Moderate,Medium,Road,21.72
Himachal Pradesh,30.943631041544453,77.2094598899263,City,March,Moderate,Medium,Road,23.33
Maharashtra,19.698539180043046,75.63915757540096,Beach,February,Hot,High,Railway Station,36.35
Rajasthan,27.173751402939278,74.1733455746633,Beach,November,Hot,High,Road,36.68
Himachal Pradesh,31.016808659527687,77.2477829634582,Religious,January,Moderate,Medium,Railway Station,17.41
Kerala,10.965580195705792,76.27930882504906,Religious,December,Moderate,High,Airport,24.04
Rajasthan,26.991146339662368,74.19293270321917,Religious,November,Moderate,High,Road,25.98
Kerala,10.749466614976356,76.33921620645962,Historical,January,Moderate,High,Road,22.51
Maharashtra,19.87077690016471,75.89336889471625,City,October,Moderate,Medium,Road,11.32
Kerala,10.775073183870854,76.25842166933614,Historical,September,Moderate,Medium,Airport,16.16
Punjab,31.233663418481967,75.40115112411642,Historical,April,Moderate,Medium,Road,14.04
Tamil Nadu,11.177259824772257,78.64830230583755,Beach,September,Hot,Medium,Railway Station,33.18
Uttarakhand,30.13776010214015,78.82834172328032,Beach,July,Hot,Medium,Road,24.77
Tamil Nadu,11.072477958451282,78.60501629571782,Wildlife,May,Hot,Low,Railway Station,20.63
Kerala,10.804876599539151,76.10992149365129,Wildlife,February,Moderate,High,Road,36.75
Tamil Nadu,11.230515299772188,78.62726273243024,City,November,Moderate,High,Road,25.47
West Bengal,22.96548862459072,87.88565122064698,Hill Station,February,Cold,High,Railway Station,30.89
Delhi,28.54486272211384,77.24671342627089,Beach,December,Hot,High,Railway Station,32.32
Rajasthan,27.14007853918189,74.21827324092914,Wildlife,March,Hot,Medium,Road,31.44
Delhi,28.846140092312986,77.2037635254402,Hill Station,November,Cold,High,Airport,36.83
Rajasthan,27.052471626455603,74.14971641224436,Religious,January,Moderate,Medium,Airport,13.6
Kerala,10.882350085299818,76.4273748785053,Religious,January,Moderate,Medium,Road,14.53
Himachal Pradesh,31.244591891459176,77.2896710593606,Religious,July,Moderate,Medium,Airport,16.25
Kerala,10.735038143246227,76.15517176007693,City,February,Moderate,Medium,Road,17.43
Punjab,31.149188172952144,75.13519450496935,Religious,April,Moderate,Medium,Road,11.52
Himachal Pradesh,31.270083418633902,77.28475213534584,Religious,January,Moderate,Medium,Railway Station,14.4
Himachal Pradesh,31.053179386864354,77.18886670700745,City,April,Moderate,Medium,Railway Station,19.07
Rajasthan,27.058414694395243,74.14024567104698,Beach,December,Hot,Medium,Road,28.04
Himachal Pradesh,31.077805977237897,77.25382110316697,City,June,Moderate,Medium,Railway Station,18.2
Tamil Nadu,11.153270728347634,78.83352424096718,Religious,September,Moderate,Low,Road,11.46
Goa,15.282508394033224,74.07327158353336,Historical,November,Moderate,Medium,Airport,14.51
Rajasthan,27.051776770772822,74.12196792347811,Beach,July,Hot,Medium,Railway Station,32.33
Kerala,10.757021829331281,76.41141548490346,Religious,November,Moderate,Medium,Airport,19.66
West Bengal,22.900845917865787,87.74530482028455,Historical,May,Moderate,Low,Railway Station,14.28
Punjab,31.140567647772055,75.3307240451044,City,January,Moderate,High,Railway Station,22.06
West Bengal,23.004070441657696,87.97945489907632,Beach,January,Hot,Medium,Airport,26.81
West Bengal,22.953168995454934,87.8376513409286,Wildlife,May,Hot,Medium,Airport,26.84
Tamil Nadu,11.034928156395079,78.71835200456752,Hill Station,May,Cold,Low,Airport,24.34
Goa,15.146359227676838,74.1599765704166,City,March,Moderate,Medium,Railway Station,13.76
Punjab,31.106699733940673,75.17658219562828,Historical,September,Moderate,Low,Airport,13.1
Delhi,28.7042912936021,77.09640604882141,Historical,June,Hot,Medium,Railway Station,20.78
Kerala,10.837198108422564,76.28041582623473,Historical,April,Moderate,Medium,Road,21.53
Goa,15.335689136215006,74.12474371388099,Historical,July,Moderate,Low,Railway Station,15.4
Rajasthan,26.97416925227877,74.12406563600675,Historical,April,Hot,Medium,Railway Station,18.61
Rajasthan,27.113937671642894,74.20837988844589,Hill Station,April,Cold,Medium,Road,23.26
West Bengal,23.30351901440133,87.78854938632306,Historical,April,Moderate,Medium,Road,14.11
Maharashtra,19.94951543515314,75.7713906040915,Religious,March,Moderate,Medium,Airport,16.59
Goa,15.307359288598064,74.10609260076727,Religious,June,Moderate,Medium,Road,18.59
Goa,15.262835794588288,74.07533371926763,Religious,February,Moderate,Medium,Railway Station,12.07
Maharashtra,19.936508334487723,75.62327476585166,City,December,Moderate,High,Railway Station,22.64
Punjab,31.096459758172564,75.34065886653472,Hill Station,October,Cold,High,Airport,29.57
Kerala,10.671372069307354,76.27399475209793,City,May,Moderate,Low,Airport,18.5
Maharashtra,19.832719074766885,75.79599694439098,Wildlife,October,Hot,Medium,Road,34.97
Rajasthan,27.038943376016075,74.35800693556271,Religious,August,Moderate,Medium,Road,19.78
Punjab,31.22304137742218,75.31492045230529,Beach,January,Hot,High,Railway Station,41.83
Maharashtra,19.6815185056342,75.68828340937542,Historical,October,Moderate,High,Railway Station,19.65
Punjab,31.040286576799577,75.32600261661457,Historical,April,Moderate,Medium,Airport,16.8
Himachal Pradesh,31.207234620198584,77.10625024860525,Religious,May,Moderate,Medium,Road,17.61
Tamil Nadu,11.066373776462656,78.6586915077827,City,December,Moderate,High,Railway Station,23.26
Delhi,28.627405873761695,77.04990472602057,Beach,November,Hot,High,Railway Station,35.37
Delhi,28.696617145668082,77.16428382188793,Wildlife,October,Hot,Medium,Railway Station,34.93
Himachal Pradesh,31.20976127949702,77.04104956473658,Historical,August,Moderate,Medium,Road,12.17
Kerala,10.884963050463451,76.24843553764337,Beach,June,Hot,Medium,Airport,33.11
Uttarakhand,29.977552691483616,79.03243798349183,City,August,Moderate,Medium,Airport,18.11
Maharashtra,19.84543630640716,75.74823703497954,City,August,Moderate,Low,Airport,15.41
Tamil Nadu,11.166646944004558,78.77814909440819,Wildlife,January,Hot,High,Road,35.27
Himachal Pradesh,31.083053554696363,77.10733872086325,Hill Station,October,Cold,High,Airport,33.79
Kerala,10.692110440891215,76.15340801078685,Historical,January,Moderate,Medium,Airport,17.22
West Bengal,23.012639061100046,87.94163791234755,Historical,September,Moderate,Medium,Road,17.45
Himachal Pradesh,31.072302140583133,77.29291854024031,Hill Station,November,Cold,High,Road,30.93
West Bengal,22.891412512776775,87.81546965844407,Religious,March,Moderate,Medium,Airport,21.38
Kerala,10.80081009528474,76.3255929188179,Beach,June,Hot,Medium,Airport,31.16
Punjab,31.143256418265327,75.21704706256313,City,January,Moderate,Medium,Road,13.11
Tamil Nadu,11.037180390395198,78.76732145208197,Hill Station,May,Cold,Medium,Road,28.81
Delhi,28.757736120263537,77.4433050705846,Historical,April,Hot,Medium,Airport,19.6
Uttarakhand,29.80087188159526,79.049028709476,Beach,October,Hot,Medium,Airport,29.07
Himachal Pradesh,30.995992432728563,77.20759659799234,City,October,Moderate,Medium,Road,20.86
Kerala,10.727035458251814,76.18247615666365,Hill Station,August,Cold,Low,Road,22.11
Goa,15.344890263316765,74.15436925939211,Wildlife,March,Moderate,Medium,Road,25.7
Punjab,31.34003279863223,75.3358158926938,Historical,April,Moderate,Medium,Railway Station,22.76
Uttarakhand,30.2806055211634,79.09053833448665,Hill Station,February,Cold,High,Road,31.94
Delhi,28.68123655835371,76.92524376579466,Beach,October,Hot,High,Railway Station,32.64
Punjab,31.131256335587274,75.30950929513943,Historical,December,Moderate,Medium,Railway Station,16.01
Uttarakhand,30.15650981713964,78.9729738106801,Historical,September,Moderate,Low,Road,17.7
Rajasthan,27.032279763391312,74.18639363904008,Hill Station,December,Cold,High,Airport,34.75
Delhi,28.60066206178371,77.01927165733565,Hill Station,November,Cold,Medium,Railway Station,25.2
Kerala,10.87507850173812,76.1547900814949,Beach,March,Hot,Medium,Airport,34.66
Punjab,31.22364259139507,75.3216995235099,Religious,March,Moderate,Medium,Airport,10.8
Kerala,10.805009933189487,76.31991542645389,Beach,March,Hot,Low,Railway Station,23.14
West Bengal,23.029555180110936,87.85371356180333,Hill Station,November,Cold,High,Railway Station,28.45
Kerala,10.783769506212309,76.3135604508446,Wildlife,March,Moderate,Low,Airport,24.73
Himachal Pradesh,31.254083189136516,77.24547272382961,Religious,December,Moderate,Medium,Airport,10.64
Uttarakhand,29.991751342496343,78.89390972408759,Religious,May,Moderate,Medium,Road,16.78
Tamil Nadu,11.105347061616646,78.55655279113569,Beach,December,Hot,High,Airport,38.02
Rajasthan,26.842988267957995,74.19455036487733,Historical,July,Hot,Low,Airport,13.79
Rajasthan,26.90978028022439,74.08696060545667,City,January,Moderate,Medium,Road,22.47
Rajasthan,27.002755611556026,74.21785663715814,Religious,July,Moderate,Low,Airport,12.55
Himachal Pradesh,31.00219381691076,77.21354659675845,Beach,April,Hot,Medium,Airport,34.59
Rajasthan,27.114678332978016,74.22108375590855,Historical,February,Hot,High,Railway Station,23.65
Kerala,10.933983573758466,76.25481659604489,Religious,March,Moderate,Medium,Railway Station,17.01
Maharashtra,19.674577140152792,75.68950922575411,Religious,September,Moderate,Medium,Road,17.77
Maharashtra,19.656167654326346,75.68169301751463,Wildlife,October,Hot,High,Railway Station,30.67
West Bengal,23.16329718541264,87.92011897695754,Beach,October,Hot,Medium,Road,29.58
Delhi,28.67012521378192,76.9840561932197,Beach,August,Hot,Medium,Railway Station,25.89
Rajasthan,27.092847493483735,74.24989316921378,Wildlife,August,Hot,Low,Railway Station,24.39
Uttarakhand,30.060268928832762,78.95308114523233,City,October,Moderate,Medium,Airport,21.58
Punjab,31.17849757504841,75.21306669698143,Beach,July,Hot,Low,Railway Station,21.33
Tamil Nadu,11.243956504200883,78.66179110980174,Wildlife,August,Hot,Medium,Airport,24.64
Delhi,28.60618195637224,77.11046809798455,Hill Station,December,Cold,Medium,Airport,19.61
Punjab,31.136386479172025,75.40100277403306,Beach,December,Hot,High,Road,34.57
Maharashtra,19.645155813373826,75.78744685092816,Hill Station,September,Cold,Low,Railway Station,17.05
Tamil Nadu,11.0971278605389,78.79537103342804,Religious,October,Moderate,Medium,Road,17.09
Rajasthan,26.942193581150825,74.17586446734235,Hill Station,September,Cold,Medium,Airport,21.94
Maharashtra,19.794638511840052,75.69998282039809,Beach,March,Hot,Medium,Airport,33.0
Punjab,31.00278217308664,75.22138976812056,Wildlife,October,Hot,Medium,Road,27.87
Himachal Pradesh,31.21872418183633,77.14275481999888,Beach,September,Hot,Low,Road,19.68
Himachal Pradesh,31.162886735942177,77.18053371150285,City,September,Moderate,Medium,Road,25.69
Himachal Pradesh,30.98204757573616,77.17778045566072,City,May,Moderate,Low,Railway Station,10.31
Maharashtra,19.758837293133467,75.6730887154311,Beach,March,Hot,Medium,Airport,28.87
Tamil Nadu,11.211136359955479,78.62930369035449,Historical,April,Moderate,Medium,Airport,16.15
Kerala,10.956444883942602,76.26324306525113,Religious,November,Moderate,Medium,Airport,17.23
Maharashtra,19.648019483655464,75.55503558314032,Beach,October,Hot,Medium,Railway Station,27.37
Himachal Pradesh,31.04666935980463,77.0759400694446,Historical,December,Moderate,High,Road,21.81
Maharashtra,19.984648609255682,75.88645185567545,Hill Station,December,Cold,Medium,Railway Station,29.67
West Bengal,22.988765300184852,88.0400773646012,Beach,November,Hot,High,Railway Station,33.7
Uttarakhand,29.984435687014436,78.94780941529504,Hill Station,January,Cold,High,Airport,24.78
Punjab,30.936031915241156,75.46973701610378,Religious,December,Moderate,High,Airport,20.29
Punjab,31.182375022525886,75.3841088403611,Hill Station,June,Cold,Low,Airport,23.98
Delhi,28.570262346516422,77.13026413275345,Hill Station,February,Cold,Medium,Road,26.75
Kerala,10.836658214766002,76.17992021183393,Historical,February,Moderate,Medium,Railway Station,20.6
Maharashtra,19.68058601233657,75.69701678018204,Religious,June,Moderate,Low,Airport,16.23
Delhi,28.64873535154492,77.13382239910067,Hill Station,December,Cold,High,Airport,31.88
Uttarakhand,30.11928666105287,78.9828181594321,City,July,Moderate,Medium,Road,21.6
Himachal Pradesh,31.102313929772286,77.23333984109263,Wildlife,November,Moderate,High,Railway Station,30.91
Goa,15.300835345175598,73.98516954916865,City,March,Moderate,Medium,Airport,22.09
Maharashtra,19.750809827240083,75.8320097927205,Beach,October,Hot,High,Road,33.44
Delhi,28.55096495971872,77.18649921663705,Wildlife,August,Hot,Medium,Railway Station,30.2
West Bengal,22.96038670024891,87.86993636961513,Wildlife,February,Moderate,High,Airport,34.63
Rajasthan,26.919356380319222,74.149495655496,City,September,Moderate,Medium,Road,19.57
Punjab,31.22896236834905,75.13932802767208,City,July,Moderate,Medium,Railway Station,17.22
Punjab,31.08982873201687,75.28119928615453,Wildlife,July,Hot,Medium,Railway Station,28.46
Punjab,31.09225963187364,75.403712045634,Hill Station,October,Cold,High,Airport,33.32
Punjab,31.1487962149555,75.49830166564485,Religious,May,Moderate,Medium,Airport,23.65
Tamil Nadu,10.976215131637051,78.61546132838909,City,November,Moderate,High,Railway Station,27.2
Himachal Pradesh,31.17068419843715,77.14934153815393,City,December,Moderate,Medium,Road,18.84
Goa,15.344246465197449,74.12762457273232,Wildlife,March,Hot,Medium,Railway Station,26.82
Tamil Nadu,11.089695587560534,78.7168091767115,Wildlife,February,Hot,High,Airport,31.9
Tamil Nadu,11.127688377785038,78.66980027580138,Beach,May,Hot,Medium,Road,27.89
Kerala,10.747130118719271,76.06804233881742,City,June,Moderate,Medium,Road,24.14
Punjab,31.12680910214167,75.38252254496861,City,May,Moderate,Medium,Airport,18.98
Delhi,28.679791983102273,77.05296328222353,Historical,December,Hot,High,Airport,20.98
Maharashtra,19.88850263763762,75.66851164011509,Religious,January,Moderate,Medium,Road,15.5
West Bengal,22.853290215378223,87.92884312046881,Hill Station,July,Cold,Low,Airport,20.82
Kerala,10.758314132007243,76.36493913340597,Historical,October,Moderate,Medium,Road,22.04
Maharashtra,19.70293145563129,75.93484667898029,Historical,October,Moderate,High,Railway Station,24.92
Punjab,31.07788625523655,75.38693020996132,Wildlife,November,Moderate,Medium,Road,27.1
Rajasthan,27.18008898196782,74.20373408022978,Beach,February,Hot,Medium,Airport,34.33
Goa,15.465001073392544,74.1327146593758,Hill Station,February,Cold,High,Railway Station,30.71
Goa,15.204948663135605,74.0801614225314,Wildlife,February,Hot,Medium,Road,34.58
Maharashtra,19.72497712477753,75.85803991103217,Religious,January,Moderate,Medium,Railway Station,18.33
Goa,15.16116871656054,74.12237677225191,Religious,March,Moderate,Medium,Road,13.56
West Bengal,22.932950011300566,87.9912740826999,Historical,April,Moderate,Low,Road,6.67
Kerala,10.95571636812814,76.38387934571838,Historical,December,Moderate,Medium,Airport,15.1
Maharashtra,19.77823913007974,75.84257697563753,Religious,February,Moderate,High,Railway Station,26.05
Goa,15.372799899876645,74.07981489104989,Beach,March,Hot,Low,Road,23.62
Himachal Pradesh,31.083436969151464,77.08052166300166,Beach,December,Hot,Medium,Railway Station,30.32
Delhi,28.693486394162758,76.98460200561897,Religious,May,Moderate,Low,Road,10.5
Rajasthan,27.056665261240784,74.07050480749814,Wildlife,October,Hot,Medium,Road,29.99
Goa,15.335551101134417,74.2505198887953,Historical,May,Moderate,Medium,Airport,19.49
Punjab,31.050582689519516,75.24743512576673,Beach,July,Hot,Medium,Road,26.23
Rajasthan,26.983777704760044,74.13719119402624,City,December,Moderate,High,Road,26.08
Maharashtra,19.906095443207292,75.64397680242622,Historical,April,Moderate,Medium,Airport,17.0
Goa,15.355010244693615,74.10817698634891,City,February,Moderate,Medium,Railway Station,17.89
Punjab,30.982548596738543,75.28239587538508,Historical,May,Moderate,Medium,Road,19.92
Tamil Nadu,10.946639709061078,78.73001108396895,Beach,June,Hot,Low,Railway Station,27.54
Goa,15.40286597806267,74.00780799044614,Hill Station,March,Cold,Low,Railway Station,18.08
Kerala,10.977180360844333,76.19155634162678,Religious,November,Moderate,Medium,Railway Station,23.12
Uttarakhand,30.17728699546987,79.00041198632866,Wildlife,November,Hot,High,Airport,33.42
Goa,15.264788485907046,74.04482468428294,Beach,December,Hot,High,Airport,33.42
Himachal Pradesh,30.935940779937262,77.25185362375298,Historical,July,Moderate,Medium,Railway Station,19.02
Tamil Nadu,11.158954276366396,78.46503238344772,City,May,Moderate,Medium,Road,19.09
Delhi,28.52183872967644,77.01376574922867,Wildlife,September,Hot,Low,Airport,21.49
Kerala,10.778483898042817,76.01794168714989,Religious,February,Moderate,Medium,Railway Station,14.92
Kerala,10.985087105837565,76.27993090132844,Wildlife,December,Hot,High,Road,34.7
Maharashtra,19.610166603359726,75.68631801680418,Beach,May,Hot,Low,Railway Station,26.6
Rajasthan,27.015614225364036,74.22920207102989,Historical,October,Hot,Medium,Road,21.23
Punjab,31.095758907554355,75.35334731121722,Religious,December,Moderate,High,Railway Station,20.54
Punjab,31.306319791403816,75.20887426432314,City,November,Moderate,High,Road,23.26
Punjab,31.114829410013154,75.26120333532516,City,April,Moderate,Low,Airport,14.72
Kerala,10.79161984333805,76.41180992891611,Beach,June,Hot,Medium,Airport,24.37
Maharashtra,19.77995316663413,75.63914929375358,City,October,Moderate,High,Railway Station,25.91
Himachal Pradesh,31.081363397828056,77.116799027148,Historical,December,Moderate,Medium,Airport,14.77
Rajasthan,26.977297611489742,74.37056469647929,Hill Station,February,Cold,High,Airport,28.57
Delhi,28.773671970084507,77.02569296445357,Historical,September,Hot,Low,Railway Station,11.65
Himachal Pradesh,31.01573318667543,77.04769469253566,Wildlife,January,Hot,High,Road,31.01
Kerala,10.824350097836259,76.38743915627249,Beach,October,Hot,Medium,Airport,29.17
Kerala,10.915693340103003,76.28838122797713,Historical,April,Moderate,Low,Airport,9.73
Tamil Nadu,10.965862529596905,78.91293954846995,Religious,June,Moderate,Medium,Airport,10.64
Punjab,31.139569557925913,75.44023862366113,Historical,January,Moderate,High,Road,14.45
Himachal Pradesh,31.172939378011012,77.3290089486811,Hill Station,October,Cold,Medium,Road,25.32
West Bengal,22.993472645623484,87.76813230845191,City,July,Moderate,Medium,Airport,18.79
West Bengal,23.121025352630358,87.82198319374932,Wildlife,July,Hot,Low,Road,22.31
Maharashtra,19.667317819680978,75.83232845970325,Hill Station,January,Cold,High,Airport,27.42
Kerala,10.879759844574084,76.26363946108813,Hill Station,January,Cold,High,Road,31.31
Himachal Pradesh,31.067247174019794,77.14605741803874,City,July,Moderate,Medium,Airport,12.29
Maharashtra,19.77862730301093,75.8087150011802,Beach,October,Hot,High,Road,33.58
Punjab,31.200511881193854,75.39645232328665,Beach,December,Hot,Medium,Railway Station,37.4
Uttarakhand,30.18929814080559,78.9202286478612,Historical,November,Moderate,High,Road,23.82
West Bengal,22.96789217921351,87.84557914165106,City,December,Moderate,Medium,Railway Station,19.3
Delhi,28.781219190532973,77.24383729246853,Hill Station,December,Cold,High,Railway Station,31.91
Punjab,31.03974565564761,75.32387213517066,Wildlife,November,Hot,High,Airport,33.96
Tamil Nadu,10.999682098421701,78.57763632560527,City,October,Moderate,Medium,Railway Station,19.98
Rajasthan,26.861790566080497,74.25208303218461,Hill Station,February,Cold,High,Railway Station,27.76
Delhi,28.730463900084114,77.14455235612837,Hill Station,February,Cold,High,Road,32.68
Delhi,28.72584206424363,77.27693112524233,City,February,Moderate,High,Road,26.92
Goa,15.235273029466352,74.15466606401189,Beach,April,Hot,Low,Railway Station,24.92
Maharashtra,19.81763399641423,75.70335146328422,Historical,June,Moderate,Medium,Airport,13.32
Delhi,28.726773380185122,77.29099697124154,Beach,July,Hot,Medium,Airport,31.53
Rajasthan,26.95055461240287,74.25762663356215,Religious,March,Moderate,Medium,Airport,17.5
Delhi,28.851775372984893,77.03033778087708,Wildlife,September,Hot,Medium,Airport,30.36
Himachal Pradesh,31.10564797774365,77.17956093863774,Beach,August,Hot,Medium,Railway Station,33.78
Uttarakhand,30.189598780958562,78.8830970317999,City,July,Moderate,Medium,Airport,17.46
Himachal Pradesh,31.173691182179702,77.0863117279133,City,January,Moderate,High,Road,20.23
Goa,15.321603802482649,74.13089310523084,Beach,September,Hot,Low,Road,26.24
Tamil Nadu,11.292764240643663,78.73844893322996,Religious,January,Moderate,Medium,Railway Station,20.29
Punjab,31.11215287620826,75.23568140553688,City,April,Moderate,Low,Railway Station,15.5
Tamil Nadu,11.107315872623134,78.65638554722617,Historical,July,Moderate,Medium,Road,22.89
Punjab,31.260418541407248,75.25844913274757,Wildlife,December,Hot,High,Airport,37.43
Himachal Pradesh,31.181413758452667,76.87687894701146,Religious,March,Moderate,Low,Railway Station,11.38
Punjab,31.20872829123272,75.3912793351227,Hill Station,April,Cold,Low,Airport,23.98
Maharashtra,19.89107074818675,75.60782683760443,Beach,June,Hot,Medium,Railway Station,29.04
Tamil Nadu,11.094179543667108,78.52607808021035,Wildlife,February,Moderate,Medium,Airport,32.42
Tamil Nadu,11.233490027332953,78.7138838375645,Beach,November,Hot,Medium,Railway Station,29.62
Himachal Pradesh,31.295989416449746,77.17433471763657,City,December,Moderate,High,Airport,26.86
Himachal Pradesh,31.142148265029714,77.28598393017292,Beach,April,Hot,Medium,Railway Station,30.77
Uttarakhand,29.996851049494932,79.0673529662522,City,January,Moderate,High,Railway Station,22.75
Maharashtra,19.825360806609343,75.80573631149338,Wildlife,March,Hot,Medium,Railway Station,26.76
Delhi,28.767292641229517,77.0217434185273,Hill Station,August,Cold,Low,Road,21.67
West Bengal,22.95957778282273,87.83257412085605,Historical,September,Moderate,Low,Road,5.0
Rajasthan,26.915933922896947,74.24390545154608,Wildlife,April,Moderate,Medium,Road,30.01
Goa,15.37733588491961,74.12777482591987,City,December,Moderate,High,Airport,29.29
Himachal Pradesh,31.104935330246565,77.09055918927612,Beach,May,Hot,Medium,Road,28.31
Punjab,31.297166084946003,75.29359015305572,Wildlife,August,Moderate,Medium,Airport,29.32
Uttarakhand,30.047093249738953,78.93621940951513,City,April,Moderate,Low,Railway Station,16.69
Maharashtra,19.82062624910088,75.63857675233353,Religious,September,Moderate,Medium,Airport,18.13
Tamil Nadu,11.172672761449606,78.6737902892429,Hill Station,April,Cold,Medium,Airport,23.68
Uttarakhand,30.44747173661196,79.06614457328789,Wildlife,December,Moderate,Medium,Airport,27.29
Punjab,31.115843294197866,75.28896400741459,Hill Station,November,Cold,Medium,Railway Station,25.32
West Bengal,23.06683686802923,87.94391430275674,Religious,December,Moderate,Medium,Airport,15.34
Delhi,28.726559063325,77.08524756266733,Hill Station,September,Cold,Medium,Railway Station,28.58
Delhi,28.79155876458098,77.07661991363912,Wildlife,December,Hot,High,Airport,36.09
Goa,15.331151528878069,74.0143558356059,City,October,Moderate,Medium,Airport,21.08
Punjab,30.89249949353785,75.37087725070842,Religious,August,Moderate,Medium,Railway Station,14.65
Delhi,28.70863335176619,77.09082099087671,Beach,July,Hot,Medium,Road,32.4
Delhi,28.680733580219464,76.9342156304816,Wildlife,November,Hot,Medium,Railway Station,25.62
Delhi,28.63385414676761,76.87303121183656,Wildlife,July,Hot,Medium,Road,29.56
Goa,15.261939536209043,74.15974146202923,Wildlife,November,Moderate,High,Road,28.19
Delhi,28.6988702862429,77.07166215307664,Religious,December,Moderate,High,Road,19.48
West Bengal,22.79818386572296,87.96215439701707,Hill Station,September,Cold,Medium,Railway Station,23.29
Rajasthan,26.875881080141905,74.20374217133146,Wildlife,June,Moderate,Medium,Road,32.66
Tamil Nadu,11.012181663259634,78.8395220478461,Religious,October,Moderate,Medium,Airport,16.91
Rajasthan,27.102090699490322,74.15806244182295,City,October,Moderate,Medium,Airport,17.28
Goa,15.25940038557777,74.16182589823178,Hill Station,September,Cold,Medium,Railway Station,30.37
Delhi,28.840375956229625,77.12141158497111,Wildlife,April,Hot,Medium,Airport,28.25
Kerala,10.857130707912944,76.12274277518009,Hill Station,March,Cold,Medium,Airport,25.64
Goa,15.466669069732134,74.10148874393148,Beach,July,Hot,Medium,Railway Station,34.4
Delhi,28.700669164342756,77.04931563771888,Wildlife,January,Hot,Medium,Railway Station,29.01
Delhi,28.49637559558824,77.15991300508671,Religious,January,Moderate,High,Road,21.19
West Bengal,23.13779796104155,87.98076769778532,Beach,July,Hot,Medium,Road,26.76
Himachal Pradesh,31.212116481759796,76.97632024847069,Historical,July,Moderate,Low,Airport,14.78
West Bengal,22.960596477815855,87.81206561495053,Beach,December,Hot,High,Airport,32.95
Goa,15.420847054207979,74.00163307279392,Wildlife,December,Hot,Medium,Airport,24.78
Maharashtra,19.6354626548932,75.82145000211305,Wildlife,April,Moderate,Medium,Railway Station,28.81
Delhi,28.88958815801329,76.9576306133335,City,November,Moderate,High,Airport,25.36
Maharashtra,19.768544705041297,75.82494972790916,Beach,November,Hot,High,Road,31.95
Punjab,31.258368743761547,75.23642537149506,City,January,Moderate,High,Railway Station,21.19
Tamil Nadu,11.04292659310059,78.61262090620721,Religious,February,Moderate,Medium,Airport,17.48
Delhi,28.761582648446186,77.15152574444286,Wildlife,July,Hot,Medium,Railway Station,26.11
Punjab,31.01737884608337,75.35721348969828,Wildlife,March,Moderate,Medium,Railway Station,27.76
Delhi,28.76340711132281,77.04359683496014,City,September,Moderate,Medium,Road,18.25
Rajasthan,27.046575392125884,74.30266378150694,Historical,November,Hot,High,Railway Station,21.16
Himachal Pradesh,31.25805330906093,77.03749335031112,Wildlife,July,Hot,Medium,Road,25.15
Tamil Nadu,11.091659501665958,78.80493707499856,City,July,Moderate,Low,Road,11.65
Himachal Pradesh,31.04148136606348,77.12090734792196,Beach,January,Hot,Medium,Road,28.92
West Bengal,23.04287848691274,87.85138839244811,Historical,February,Moderate,Medium,Road,17.16
Rajasthan,27.202191419818316,74.12830300327633,Beach,September,Hot,Medium,Railway Station,27.61
Delhi,28.643057375133157,76.96500170409148,City,February,Moderate,High,Railway Station,28.62
Kerala,10.900479173049696,76.41447500342143,City,July,Moderate,Medium,Road,23.41
Rajasthan,27.11385758955653,74.23299890252085,Beach,October,Hot,High,Railway Station,36.65
Maharashtra,19.626672524397026,75.6682958325714,City,November,Moderate,Medium,Airport,17.75
Punjab,31.26265472628682,75.5074498662827,Beach,August,Hot,Medium,Airport,35.12
Punjab,31.111229375923383,75.2911830902626,Hill Station,November,Cold,Medium,Road,28.4
Tamil Nadu,11.243688673946842,78.71074693872544,Wildlife,July,Hot,Medium,Railway Station,32.29
Himachal Pradesh,31.07876134008875,77.00510546669946,Hill Station,February,Cold,High,Railway Station,25.71
Maharashtra,19.643255895621955,75.59306480505043,Beach,February,Hot,Medium,Airport,35.74
Kerala,10.808328814815649,76.11631595387213,Wildlife,June,Moderate,Medium,Airport,26.01
Punjab,31.24045796218348,75.44248751316556,Hill Station,July,Cold,Medium,Road,19.68
Punjab,31.167569585913675,75.44829996607916,Wildlife,November,Moderate,Medium,Railway Station,27.1
Himachal Pradesh,31.13366096512985,77.07570681789095,City,November,Moderate,Medium,Road,24.32
Himachal Pradesh,31.172668406481755,77.22861532131732,Religious,June,Moderate,Low,Airport,12.38
West Bengal,22.88247224058893,87.74342152886146,Historical,March,Moderate,Medium,Road,15.2
Maharashtra,19.693865373826625,75.63602673507403,Beach,October,Hot,High,Railway Station,35.07
Tamil Nadu,11.134263127677617,78.68158869015322,Religious,March,Moderate,Low,Airport,10.49
Uttarakhand,30.055685867480484,79.15477467456519,Beach,November,Hot,Medium,Railway Station,28.5
Goa,15.231036797798788,74.15470275179293,Hill Station,August,Cold,Low,Railway Station,18.46
West Bengal,22.918430951487572,87.87490211127627,Wildlife,May,Hot,Medium,Railway Station,26.87
Rajasthan,27.203095105621543,74.15189239665565,Hill Station,December,Cold,High,Railway Station,31.7
Rajasthan,27.216003693960655,74.21966213109769,Religious,July,Moderate,Low,Railway Station,9.85
Rajasthan,27.068696755557024,74.19215694758891,Wildlife,March,Hot,Medium,Railway Station,28.19
Punjab,31.09132246374812,75.22770258351008,Wildlife,February,Hot,High,Road,29.97
West Bengal,22.852889291757656,87.95598534940791,Religious,November,Moderate,Medium,Railway Station,18.26
Tamil Nadu,11.210413032839835,78.62312037369426,Hill Station,March,Cold,Low,Road,23.93
Delhi,28.699549132662973,77.02813369016505,Hill Station,May,Cold,Medium,Airport,24.71
Tamil Nadu,11.166311791555419,78.7450079326253,Wildlife,November,Moderate,Medium,Road,28.85
Goa,15.366039443805784,73.97210048367427,Hill Station,April,Cold,Medium,Airport,26.3
Kerala,10.811550989624937,76.32876803472443,Historical,April,Moderate,Medium,Airport,14.77
Rajasthan,27.07959377815244,74.10709836060192,City,June,Moderate,Medium,Road,19.21
Rajasthan,27.045315642089157,74.23057314856379,Beach,June,Hot,Low,Railway Station,25.07
Himachal Pradesh,31.010619726767505,77.41910044432505,Historical,September,Moderate,Medium,Airport,16.28
West Bengal,23.138155921099226,87.76850540255255,Hill Station,April,Cold,Low,Airport,19.1
Himachal Pradesh,31.05034718830653,77.07351847318105,Hill Station,October,Cold,Medium,Airport,29.79
Punjab,31.25278296091987,75.37257803731612,Historical,February,Moderate,High,Airport,19.27
Tamil Nadu,11.023289301353897,78.65414440634844,Beach,September,Hot,Medium,Road,34.78
Uttarakhand,29.99730359232786,78.9204957737749,Beach,August,Hot,Medium,Railway Station,27.07
Maharashtra,19.604521050736484,75.83418723612267,Wildlife,June,Moderate,Medium,Railway Station,28.56
Himachal Pradesh,31.0947139076921,77.12942816406223,Beach,April,Hot,Low,Railway Station,27.74
Himachal Pradesh,31.187117101055854,77.16031938912344,Religious,September,Moderate,Low,Railway Station,12.62
Goa,15.265771652548267,73.99711274073941,City,October,Moderate,High,Airport,23.3
Rajasthan,26.99283182179633,74.29549681608964,Wildlife,June,Hot,Medium,Airport,33.41
Rajasthan,27.146068917876267,74.06063311519917,Historical,May,Hot,Medium,Road,11.63
Punjab,31.31666125332781,75.31575632723144,Hill Station,July,Cold,Medium,Railway Station,26.38
Goa,15.187819751325286,74.19197501924428,Hill Station,April,Cold,Medium,Railway Station,29.09
Kerala,10.85868966752008,76.47419536173491,Religious,May,Moderate,Medium,Airport,16.07
Tamil Nadu,11.089931966132852,78.7208108325498,Historical,September,Moderate,Low,Airport,9.12
Rajasthan,27.0549395357412,74.26915831526885,Historical,December,Hot,High,Railway Station,21.72
Maharashtra,19.699685547928564,75.74798727472117,Beach,March,Hot,Low,Airport,26.77
Punjab,31.092431217826277,75.32773845669368,Beach,November,Hot,High,Airport,29.45
West Bengal,23.025352712684178,87.82799880125488,Wildlife,September,Hot,Medium,Airport,31.76
Himachal Pradesh,31.393432888121755,77.29825874792165,Religious,April,Moderate,Medium,Railway Station,17.95
Maharashtra,19.736503797710373,75.78181921419241,Historical,March,Moderate,Medium,Road,20.21
Maharashtra,19.869306824028126,75.66790092479083,City,December,Moderate,Medium,Railway Station,19.0
Delhi,28.691294882127032,76.94507903543979,Historical,April,Hot,Low,Railway Station,10.17
Kerala,10.901251287208233,76.31068981069434,Wildlife,April,Hot,Medium,Airport,28.56
Maharashtra,19.6680226013574,75.6458985231781,Beach,September,Hot,Low,Road,29.15
Uttarakhand,30.188332597047648,78.79336291161682,Historical,January,Moderate,Medium,Railway Station,21.23
Kerala,10.648896978048572,76.06653771090545,Wildlife,August,Hot,Medium,Road,26.2
Punjab,31.159432439762856,75.42259071174396,Historical,December,Moderate,High,Road,24.26
Maharashtra,19.6882555807936,75.73256148260735,Religious,November,Moderate,High,Railway Station,22.97
Tamil Nadu,11.267521616167514,78.67721533306056,Religious,February,Moderate,High,Railway Station,16.49
West Bengal,23.150158483240904,87.75086209114785,Religious,January,Moderate,Medium,Railway Station,21.22
West Bengal,22.927605243743233,87.58799000209667,Beach,July,Hot,Medium,Road,32.39
Rajasthan,27.048770716122256,73.8966046389485,Hill Station,June,Cold,Medium,Airport,28.3
Tamil Nadu,11.23891694148952,78.65287557253077,Wildlife,March,Hot,Low,Airport,25.39
Rajasthan,26.958618128488368,74.22948767425532,Beach,April,Hot,Medium,Road,30.25
Uttarakhand,29.988355808125878,79.06247057853214,City,November,Moderate,Medium,Airport,20.22
Himachal Pradesh,31.074433572563002,77.23362284349489,Historical,November,Moderate,High,Road,22.31
Uttarakhand,30.198050934395443,78.9735210647141,Hill Station,June,Cold,Medium,Road,19.41
West Bengal,22.909978830885734,88.0193538199409,Hill Station,November,Cold,High,Railway Station,31.02
Tamil Nadu,11.127297881800764,78.72914577375295,Wildlife,March,Hot,Low,Road,22.09
Himachal Pradesh,31.075420092469002,77.18905204679685,Wildlife,November,Hot,High,Airport,33.58
Himachal Pradesh,31.14835644754037,77.21941971650152,Wildlife,March,Hot,Medium,Railway Station,26.48
Delhi,28.757269873398986,77.10430734734237,Historical,August,Hot,Medium,Road,20.97
Punjab,31.1807153170114,75.28828873327255,Wildlife,October,Hot,High,Road,30.07
Goa,15.258297735833562,74.11818393034969,Beach,July,Hot,Low,Road,24.35
Delhi,28.689245371785958,77.09355605096395,Wildlife,May,Hot,Medium,Road,29.84
Punjab,31.175214325269156,75.24224195962708,Beach,March,Hot,Medium,Airport,22.49
Uttarakhand,29.959139164625697,78.96705635480424,Hill Station,October,Cold,Medium,Road,24.32
Kerala,10.673422557740894,76.3719752071684,Religious,September,Moderate,Medium,Railway Station,17.71
Delhi,28.652449540562046,76.93594789492799,Religious,December,Moderate,High,Railway Station,23.01
Maharashtra,19.889741863000715,75.76027138792755,City,November,Moderate,High,Airport,28.74
Goa,15.194186826422383,74.08607904700735,Wildlife,June,Hot,Medium,Road,30.01
Delhi,28.65305014412364,77.23792881995846,Wildlife,September,Hot,Medium,Road,27.5
Himachal Pradesh,31.106459191936445,77.26986774583641,Religious,February,Moderate,Medium,Railway Station,15.29
Uttarakhand,30.194561901323173,79.04053261406679,Historical,November,Moderate,High,Road,23.75
Maharashtra,19.848077573712207,75.82098423528589,Historical,January,Moderate,Medium,Road,15.14
West Bengal,23.015776714435653,87.77430779141902,Hill Station,June,Cold,Medium,Airport,28.12
Kerala,10.910608273810777,76.37232459076529,Wildlife,July,Moderate,Medium,Railway Station,28.7
Tamil Nadu,11.254146619408647,78.55382480324897,Historical,April,Moderate,Medium,Road,16.05
Rajasthan,27.023830496426232,74.22397361255813,Hill Station,October,Cold,High,Railway Station,34.06
Goa,15.343575958038882,74.05375625989575,Historical,February,Moderate,Medium,Road,15.7
Himachal Pradesh,31.097612921418925,77.041182704336,Religious,November,Moderate,High,Road,26.33
West Bengal,23.006427625742976,87.9255435746741,Historical,October,Moderate,High,Road,23.77
West Bengal,22.931656718760358,87.87762262814246,Historical,September,Moderate,Low,Airport,9.85
Delhi,28.806443345556453,77.19322736847917,Wildlife,July,Hot,Medium,Road,23.0
West Bengal,23.102866523206842,87.7315022836298,Religious,March,Moderate,Medium,Airport,19.4
Uttarakhand,30.08814460759892,79.1946194558512,Wildlife,October,Hot,High,Airport,37.66
West Bengal,23.063378053948025,87.92086908139056,Religious,January,Moderate,Medium,Road,21.35
Maharashtra,19.708446022410236,75.70508951197748,City,November,Moderate,High,Road,20.17
Punjab,31.077772387607684,75.30343950469421,Historical,November,Moderate,High,Airport,22.45
Kerala,10.863590599015536,76.48608170208026,City,January,Moderate,Medium,Road,23.18
Goa,15.449929591488717,73.96919116103075,Hill Station,November,Cold,High,Railway Station,32.9
Tamil Nadu,11.111559359069416,78.69258733133178,Historical,December,Moderate,High,Road,21.95
Uttarakhand,29.89790983314363,79.0251460456834,Religious,August,Moderate,Medium,Road,14.15
Punjab,31.146554337818685,75.20935653688353,Hill Station,November,Cold,High,Airport,32.69
Rajasthan,27.06242115546625,74.21243530552356,City,September,Moderate,Low,Airport,10.17
Uttarakhand,30.07833615761332,78.97124133040887,City,May,Moderate,Medium,Railway Station,19.53
Rajasthan,27.060632699865465,74.02291187576574,Wildlife,July,Hot,Low,Railway Station,16.15
Delhi,28.617833364211148,77.11348430931339,Historical,April,Hot,Medium,Airport,19.35
Uttarakhand,30.082371731953046,79.1177362469582,Wildlife,May,Hot,Medium,Airport,27.29
Kerala,10.808823672277834,76.28788478360778,Religious,March,Moderate,Medium,Road,13.01
Maharashtra,19.80653036740091,75.80300786773974,Religious,October,Moderate,High,Railway Station,23.31
Tamil Nadu,11.167363949781802,78.65852620346891,Beach,April,Hot,Low,Road,26.04
Delhi,28.873660986012926,77.07351780911317,Hill Station,June,Cold,Medium,Railway Station,20.43
Rajasthan,27.007053731506897,74.20489438635629,City,February,Moderate,High,Road,26.71
Uttarakhand,30.171012830861446,79.06660079549674,Beach,September,Hot,Medium,Railway Station,31.45
West Bengal,22.7611356953681,87.87580848642558,Beach,June,Hot,Medium,Railway Station,28.37
Rajasthan,26.966194953923942,74.31148800728776,Wildlife,March,Moderate,Medium,Railway Station,27.16
Delhi,28.736019644464214,77.02546864621091,Beach,December,Hot,High,Airport,38.84
Uttarakhand,29.930446413627198,78.88993744639177,Wildlife,October,Hot,High,Road,34.07
Uttarakhand,30.056164200257022,79.02779720615943,Hill Station,April,Cold,Low,Road,18.92
Himachal Pradesh,31.15764041345903,77.39873119368622,Wildlife,December,Hot,High,Railway Station,36.69
Uttarakhand,30.30160185086539,79.0802285116416,City,January,Moderate,Medium,Road,23.86
West Bengal,22.899279079922124,87.87316152147945,Wildlife,May,Hot,Low,Railway Station,20.66
Maharashtra,19.772303199688178,75.46800443802742,City,January,Moderate,High,Road,24.37
Uttarakhand,30.082357511275855,78.86856864185181,Historical,November,Moderate,High,Railway Station,26.96
Goa,15.133252867019664,74.08525773998804,Beach,January,Hot,High,Airport,31.25
Goa,15.214177660833688,74.21616912981428,Religious,October,Moderate,Medium,Airport,16.44
Maharashtra,19.92488831383786,75.84163740385132,Wildlife,February,Hot,Medium,Airport,27.34
West Bengal,22.854827134385097,87.84184059178367,Wildlife,August,Hot,Medium,Airport,29.43
Punjab,31.02442010140603,75.18869395293162,Beach,September,Hot,Low,Road,26.28
Uttarakhand,30.24693914142753,78.97009070363679,Wildlife,April,Hot,Low,Railway Station,22.5
Punjab,31.22218321093468,75.14433178619166,Hill Station,June,Cold,Medium,Airport,25.07
Tamil Nadu,11.225851305048447,78.73233684220403,City,February,Moderate,High,Railway Station,28.06
Goa,15.243995499228307,74.15404160995512,Historical,February,Moderate,High,Railway Station,20.78
Uttarakhand,30.17872696739848,79.07476500584893,Beach,February,Hot,Medium,Airport,22.23
Rajasthan,26.88253179329931,74.14827716196278,City,October,Moderate,Medium,Airport,16.05
Tamil Nadu,11.312828418812778,78.66348602564958,Historical,December,Moderate,High,Road,19.36
Himachal Pradesh,31.07818959447538,77.02407470689684,Beach,July,Hot,Medium,Railway Station,33.18
Uttarakhand,29.870136106728665,78.95859405151653,Hill Station,January,Cold,Medium,Road,26.06
Goa,15.413957906131538,74.01413041849314,Beach,December,Hot,Medium,Road,31.73
Himachal Pradesh,31.123886030765256,77.11657944257918,City,February,Moderate,Medium,Airport,20.99
Uttarakhand,30.0922819218347,79.19090759463985,Beach,August,Hot,Medium,Railway Station,27.23
Delhi,28.752449470196428,77.18053955945852,Wildlife,February,Hot,Medium,Road,27.7
Delhi,28.887482472899997,77.15245007969689,Wildlife,August,Moderate,Medium,Road,24.92
Punjab,31.197741034137913,75.5036191327722,Wildlife,December,Hot,High,Airport,35.38
West Bengal,22.927138070120378,87.80024804125937,Hill Station,May,Cold,Medium,Railway Station,24.07
Rajasthan,27.15656978629317,74.198320829886,Beach,September,Hot,Medium,Road,33.87
Maharashtra,19.67245995172718,75.53902739549424,City,July,Moderate,Medium,Airport,18.82
Rajasthan,27.067229146131574,74.390341836061,City,September,Moderate,Low,Railway Station,14.65
Tamil Nadu,11.192426860370862,78.60596430638766,Hill Station,June,Cold,Medium,Road,25.6
Maharashtra,19.606820934617012,75.63310048308851,Historical,August,Moderate,Low,Road,8.72
West Bengal,22.92012202021287,87.71149098721523,City,May,Moderate,Medium,Airport,23.04
Rajasthan,27.00868026143029,74.13927025946252,Historical,December,Hot,High,Railway Station,28.11
Maharashtra,19.724277661576906,75.72676904023162,City,December,Moderate,High,Road,25.08
Goa,15.362666794124856,74.03467672164733,Wildlife,November,Hot,High,Railway Station,28.03
Delhi,28.77254930246969,76.97649921023478,Historical,June,Hot,Medium,Railway Station,22.39
Delhi,28.636580333068636,77.1647355798209,City,March,Moderate,Medium,Road,17.4
Rajasthan,27.114171836104994,74.3517677974233,City,October,Moderate,Medium,Airport,16.95
Himachal Pradesh,30.983728420042254,77.03786241156749,Religious,July,Moderate,Low,Railway Station,6.59
Punjab,31.225855340680504,75.34289142171767,Beach,January,Hot,High,Airport,33.86
Punjab,31.065254232668593,75.45929594988542,Beach,May,Hot,Medium,Railway Station,27.0
Kerala,10.73235057444288,76.1604317975175,Wildlife,November,Moderate,High,Airport,30.22
Himachal Pradesh,31.163462488261683,77.21794791746875,Beach,March,Hot,Medium,Road,30.56
Himachal Pradesh,31.158662658316324,77.09296877355511,City,June,Moderate,Low,Airport,14.85
Kerala,10.758158437500965,76.22334000486264,Hill Station,June,Cold,Medium,Railway Station,26.76
West Bengal,22.889142752118566,87.8920382638005,Hill Station,September,Cold,Medium,Airport,25.14
Tamil Nadu,11.025085061904328,78.52114430535445,Wildlife,December,Hot,High,Airport,33.22
Himachal Pradesh,31.04240857981551,77.09119974798851,City,May,Moderate,Medium,Railway Station,25.08
Maharashtra,19.860676349091666,75.76632025730471,Wildlife,October,Moderate,High,Railway Station,35.05
Tamil Nadu,11.141827985576748,78.74304183598763,Wildlife,October,Hot,High,Road,27.14
West Bengal,22.95000618730597,87.87524628184192,Beach,August,Hot,Low,Road,23.66
Kerala,10.8421089101216,76.26807872732158,Historical,August,Moderate,Medium,Road,18.55
West Bengal,22.97340261753487,87.67866484481887,Religious,May,Moderate,Low,Road,18.72
Tamil Nadu,11.201573826971533,78.75993166954736,Beach,December,Hot,High,Airport,31.97
Rajasthan,26.963678142213507,73.94102433510275,City,September,Moderate,Medium,Road,20.51
Rajasthan,26.781887086192427,74.22606427344212,City,May,Moderate,Low,Airport,16.86
Himachal Pradesh,31.12071652603214,77.07917388061061,Wildlife,April,Hot,Low,Airport,20.45
Maharashtra,19.769502928663773,75.78896722304333,Hill Station,December,Cold,Medium,Airport,30.62
Kerala,10.784483591338644,76.26902128161092,Hill Station,March,Cold,Low,Airport,20.27
Delhi,28.733456613389457,77.04063523694062,Beach,November,Hot,High,Airport,39.92
Goa,15.343751409265664,74.07127614276835,Wildlife,February,Moderate,Medium,Airport,31.14
Tamil Nadu,11.072283712105985,78.5901690394529,Religious,January,Moderate,Medium,Airport,17.77
Maharashtra,19.634000235070665,75.66109359877319,Beach,July,Hot,Medium,Railway Station,26.61
West Bengal,23.143024421063828,87.83924380444462,Beach,April,Hot,Medium,Road,27.46
Maharashtra,19.875731886760477,75.62125611005442,Historical,June,Moderate,Low,Airport,12.03
Maharashtra,19.865153485577476,75.84831056937544,Beach,August,Hot,Medium,Railway Station,33.02
Maharashtra,19.787898060384965,75.7501984399738,Religious,February,Moderate,Medium,Road,13.77
West Bengal,22.91324693340924,87.95474209381244,Beach,March,Hot,Low,Railway Station,28.02
West Bengal,22.826930087435148,87.98366551405479,Historical,June,Moderate,Medium,Railway Station,17.24
Uttarakhand,30.042956126376833,79.08705424065583,Wildlife,November,Hot,Medium,Railway Station,24.64
West Bengal,22.90385322654197,87.95713976838404,Beach,July,Hot,Low,Airport,26.35
Delhi,28.9065724420816,77.07629674530138,Hill Station,June,Cold,Medium,Airport,28.04
Delhi,28.802492690920623,77.00293575927559,Hill Station,September,Cold,Low,Road,21.95
West Bengal,23.03548276281111,87.9064059680873,Historical,November,Moderate,High,Road,23.58
Kerala,10.84505756996287,76.18904147041461,Religious,February,Moderate,Medium,Railway Station,15.73
Punjab,31.151857941715278,75.24252263818265,Wildlife,March,Hot,Low,Road,17.64
West Bengal,22.992178512588325,87.70552528773804,Hill Station,November,Cold,High,Railway Station,26.18
Rajasthan,26.9298384418721,74.11297852309929,Hill Station,August,Cold,Medium,Road,25.92
Kerala,10.823708381864726,76.45822489183307,Beach,August,Hot,Medium,Road,28.47
Kerala,10.723537323803775,76.17517498028988,Wildlife,November,Moderate,High,Road,32.99
Rajasthan,26.92783926877882,74.3039120391985,Hill Station,June,Cold,Medium,Airport,20.8
Rajasthan,26.96079061264506,74.26180586608704,Beach,October,Hot,High,Road,35.91
Delhi,28.663310107545634,77.07058355167818,Beach,December,Hot,Medium,Railway Station,28.92
Rajasthan,27.14413619835582,74.0282012689501,Hill Station,December,Cold,High,Railway Station,28.02
Uttarakhand,30.14297697262638,79.20494155178264,Religious,October,Moderate,Medium,Airport,18.67
Goa,15.269847069658447,74.08792862804704,Beach,September,Hot,Low,Road,27.28
Rajasthan,27.13383918240555,74.03555072649505,Beach,March,Hot,Medium,Railway Station,29.15
Uttarakhand,30.0421317134355,78.83804408571818,Religious,April,Moderate,Low,Road,8.25
Maharashtra,19.75836514570743,75.8078088943631,Beach,June,Hot,Medium,Road,33.46
Goa,15.305627701991014,74.11346202555228,City,July,Moderate,Low,Airport,13.22
West Bengal,22.868240399222554,87.77491590838372,Religious,November,Moderate,High,Railway Station,23.11
West Bengal,23.011533361283348,87.89880832815973,Beach,March,Hot,Medium,Railway Station,34.69
Goa,15.298982414323287,74.15345926209433,Beach,January,Hot,High,Road,33.57
Uttarakhand,30.131016468498824,78.95158720891821,City,May,Moderate,Medium,Road,13.7
West Bengal,22.824161512549548,87.91005529479153,Wildlife,December,Hot,High,Road,31.4
Himachal Pradesh,30.970850783702996,77.1611940304631,Beach,August,Hot,Medium,Road,26.37
Delhi,28.600693500385884,77.10646976451817,Historical,January,Hot,High,Airport,28.22
Delhi,28.72605713561411,77.11567252880653,Beach,August,Hot,Low,Airport,26.87
Rajasthan,26.932060801473675,74.23148578495528,Hill Station,June,Cold,Medium,Airport,20.22
Delhi,28.637954589004924,77.20122372384193,Historical,September,Hot,Medium,Railway Station,19.44
Himachal Pradesh,31.254842802973464,77.15645080291928,Beach,August,Hot,Medium,Road,36.78
Uttarakhand,30.137205122996708,78.8430472888655,Beach,October,Hot,Medium,Road,33.85
Maharashtra,19.71883665980624,75.77524157022484,Beach,March,Hot,Medium,Airport,33.06
Punjab,31.061438735644998,75.429723661365,Religious,February,Moderate,High,Airport,20.32
Uttarakhand,30.197370890321533,78.77335252687885,Historical,December,Moderate,Medium,Road,14.95
Punjab,31.099319352579975,75.228623926008,Wildlife,April,Moderate,Medium,Airport,26.08
Punjab,31.16889581756374,75.30546123353368,Hill Station,May,Cold,Medium,Road,26.4
West Bengal,22.962481905192288,87.91720649049903,Wildlife,November,Hot,Medium,Railway Station,29.93
Maharashtra,19.529735347928025,75.63609910876335,Wildlife,September,Hot,Low,Road,22.08
West Bengal,22.977953955414762,88.0096447015715,City,November,Moderate,High,Airport,21.58
Uttarakhand,30.222124718668876,79.14911939116966,Religious,September,Moderate,Medium,Railway Station,14.39
Rajasthan,26.95495816780668,74.37987390823844,Beach,November,Hot,High,Road,39.85
Tamil Nadu,11.066948848523014,78.70918712669142,Hill Station,January,Cold,Medium,Airport,22.39
Punjab,30.98344913253948,75.32485995492522,City,May,Moderate,Medium,Airport,17.71
Tamil Nadu,11.248816713489665,78.77493183169861,Religious,February,Moderate,High,Road,19.2
Delhi,28.604691700550145,77.22091564793224,City,February,Moderate,High,Railway Station,26.12
Himachal Pradesh,31.130044855495367,77.17828311248084,City,March,Moderate,Medium,Airport,15.46
Delhi,28.611838816453318,77.19060201840557,Hill Station,January,Cold,High,Airport,27.2
Delhi,28.766837267018744,77.11777823671002,Beach,December,Hot,Medium,Road,30.0
Uttarakhand,30.005520296353886,78.99346850634264,Religious,January,Moderate,High,Airport,26.81
Goa,15.17283527277135,74.21642969323081,Beach,August,Hot,Low,Railway Station,26.9
Maharashtra,19.721089988618086,75.73619014537553,Beach,January,Hot,High,Road,31.1
Kerala,10.941234294606103,76.2864421195504,Hill Station,October,Cold,Medium,Railway Station,26.43
West Bengal,23.025882921819935,87.71172599925691,Hill Station,April,Cold,Medium,Road,21.4
Delhi,28.5905481954811,77.24806748574584,Historical,February,Hot,High,Road,23.33
Himachal Pradesh,30.9985728730655,77.37514885185973,Beach,July,Hot,Medium,Airport,27.9
Rajasthan,27.113629687120607,74.25255331468192,Religious,March,Moderate,Medium,Airport,15.65
Kerala,10.699852984036776,76.20423446388567,Beach,February,Hot,High,Road,35.42
West Bengal,23.111549672356826,87.97045902476093,Historical,August,Moderate,Low,Road,16.4
Rajasthan,27.095598914130832,74.06156925958226,Hill Station,February,Cold,Medium,Road,24.26
Himachal Pradesh,30.998711574430043,77.05021314458433,Hill Station,February,Cold,High,Railway Station,30.08
Tamil Nadu,11.169342282217764,78.53878037254935,Hill Station,March,Cold,Medium,Airport,21.17
Punjab,31.109259749408253,75.21238892699324,Hill Station,October,Cold,High,Road,29.84
Punjab,31.107809338229384,75.34848416046357,Historical,March,Moderate,Low,Road,12.1
Uttarakhand,29.880758849780353,79.1184092876598,Religious,December,Moderate,Medium,Road,15.55
West Bengal,22.894770834933585,87.93388795811242,Beach,April,Hot,Medium,Road,27.19
Kerala,10.850232191244187,76.17430371605383,Hill Station,May,Cold,Medium,Road,29.25
Kerala,10.884872471388775,76.16739853032166,Historical,July,Moderate,Low,Railway Station,10.13
Kerala,10.80754068752417,76.36427772655252,Wildlife,January,Moderate,Medium,Road,27.47
Rajasthan,27.11132814266352,74.19860846289086,Historical,November,Hot,High,Road,24.39
Goa,15.167088205855627,74.1765639922727,Wildlife,February,Moderate,High,Airport,31.77
Goa,15.214651106997513,74.14327173434897,Beach,February,Hot,High,Airport,38.96
Goa,15.316995924973984,74.35903391201542,Hill Station,September,Cold,Medium,Road,19.36
Tamil Nadu,11.094176816684303,78.76207516999592,Religious,September,Moderate,Medium,Airport,20.81
Uttarakhand,30.00886594304242,78.94912726534041,Hill Station,October,Cold,High,Road,32.29
Uttarakhand,30.06259562320357,79.0175753711689,Beach,March,Hot,Medium,Road,29.03
Goa,15.150582218544997,74.10259422293679,Historical,March,Moderate,Medium,Airport,18.3
Delhi,28.689409457496133,77.03895022591999,Beach,December,Hot,High,Railway Station,31.71
Uttarakhand,29.92548221581342,79.19708671402788,Religious,July,Moderate,Medium,Airport,18.71
Punjab,31.055200668644375,75.27336762806092,Beach,December,Hot,High,Road,38.61
Delhi,28.638931507617517,77.13098393011866,Wildlife,June,Hot,Medium,Airport,31.29
Delhi,28.554586034151612,76.9886737865042,Historical,January,Hot,High,Airport,21.8
Kerala,11.071432835446407,76.24267409454296,Historical,February,Moderate,Medium,Airport,19.81
Goa,15.193947737968397,74.11069155720793,Beach,July,Hot,Low,Railway Station,24.11
Maharashtra,19.576393141443774,75.65915990572377,City,September,Moderate,Medium,Railway Station,20.25
Tamil Nadu,11.075889510165144,78.63624919413,City,March,Moderate,Medium,Airport,14.0
Punjab,31.073578562159746,75.30464873637192,City,February,Moderate,Medium,Road,21.88
Rajasthan,27.10742309764109,74.26557725530026,Hill Station,March,Cold,Medium,Railway Station,18.56
Punjab,31.036019137624443,75.39389462190343,Historical,February,Moderate,High,Railway Station,25.35
Delhi,28.730530141407595,77.33933934682355,Beach,August,Hot,Medium,Airport,26.55
Maharashtra,19.953358032461153,75.65212233838862,Historical,May,Moderate,Medium,Airport,15.83
Rajasthan,27.034998432318815,74.24885217495654,Wildlife,October,Hot,High,Airport,29.42
West Bengal,23.083662378570583,87.69916435552796,Religious,December,Moderate,High,Airport,20.4
Tamil Nadu,11.167265292371964,78.82901040966031,Historical,October,Moderate,Medium,Airport,20.03
Tamil Nadu,10.986485755801711,78.61551322750262,Beach,March,Hot,Medium,Airport,27.99
Goa,15.184055553189113,74.0515778686169,Wildlife,November,Hot,Medium,Airport,25.29
Uttarakhand,30.15838530583141,79.17747637029615,City,May,Moderate,Low,Airport,14.37
Punjab,31.102390340213432,75.49668402404262,Beach,December,Hot,High,Road,40.1
Goa,15.310536153574386,74.27162165180297,Hill Station,April,Cold,Medium,Airport,20.05
Himachal Pradesh,31.04335845197388,77.15648650393281,Hill Station,October,Cold,Medium,Railway Station,26.99
Tamil Nadu,11.14185672945549,78.62736426473117,Historical,October,Moderate,Medium,Road,19.6
West Bengal,22.85010608414179,87.85557212810991,City,July,Moderate,Medium,Railway Station,17.78
Delhi,28.9666858395318,76.99331036179579,Hill Station,June,Cold,Medium,Railway Station,25.57
Delhi,28.710094288939718,77.07645114671867,Religious,June,Moderate,Medium,Railway Station,20.28
Goa,15.36518272447932,73.97411750861046,Historical,March,Moderate,Medium,Airport,18.67
Goa,15.315763853144974,74.17140419565617,Historical,February,Moderate,Medium,Airport,16.07
Goa,15.254425490313007,74.0588639168307,Historical,July,Moderate,Medium,Airport,19.51
Himachal Pradesh,31.271087109856406,77.29649120908822,Hill Station,September,Cold,Medium,Airport,22.7
Himachal Pradesh,31.22047619824643,77.16603479737422,Wildlife,February,Moderate,High,Airport,23.11
Kerala,10.760619912927673,76.19811440180617,Hill Station,December,Cold,High,Railway Station,27.88
Maharashtra,19.64746198491561,75.74623938550657,Beach,February,Hot,High,Railway Station,30.94
Tamil Nadu,11.049946929884534,78.4541232076835,City,February,Moderate,Medium,Railway Station,20.15
Rajasthan,27.073244092349363,74.11743107211251,Historical,September,Hot,Low,Airport,9.08
Maharashtra,19.677572912937652,75.63492305467847,Hill Station,September,Cold,Medium,Airport,26.94
Uttarakhand,30.134240480105696,79.03689972521273,Historical,February,Moderate,High,Airport,21.92
Delhi,28.690126311782624,77.01181746698981,Hill Station,December,Cold,High,Airport,30.06
Uttarakhand,29.958681152196103,78.84223476900777,Religious,January,Moderate,High,Railway Station,18.88
Himachal Pradesh,31.150081139330506,77.21523644931774,Beach,September,Hot,Low,Airport,22.84
Tamil Nadu,10.954844517211972,78.57724744248395,Historical,February,Moderate,High,Airport,22.0
Punjab,31.269706203364493,75.37132478930185,Historical,December,Moderate,High,Airport,21.61
Uttarakhand,29.855243858588132,79.14721757773482,Hill Station,January,Cold,High,Railway Station,28.66
Uttarakhand,30.21804557258472,78.94197239148887,Wildlife,May,Hot,Medium,Railway Station,30.2
Goa,15.141863664267643,74.14184675674571,Beach,July,Hot,Medium,Airport,28.56
Himachal Pradesh,31.09529579963071,77.07872159362537,Religious,April,Moderate,Low,Airport,14.84
Punjab,31.184765659210726,75.45663562861525,Wildlife,July,Hot,Medium,Airport,29.24
Uttarakhand,30.243287371045252,79.01278232330777,Wildlife,September,Moderate,Medium,Road,32.16
Uttarakhand,29.95191069319398,78.99994149232965,Historical,July,Moderate,Medium,Road,18.87
Tamil Nadu,11.13568959456495,78.61901955259158,Wildlife,May,Moderate,Medium,Railway Station,23.84
Punjab,30.992504522207692,75.32336616125053,Beach,February,Hot,High,Road,29.67
Punjab,31.149241406449487,75.24264661584009,City,April,Moderate,Medium,Road,20.76
Kerala,11.008112595741066,76.25700364646876,Wildlife,July,Moderate,Medium,Airport,27.23
West Bengal,22.91933794756433,87.8720575581477,City,July,Moderate,Medium,Railway Station,16.1
Tamil Nadu,11.050715133726605,78.53336367246267,Beach,February,Hot,High,Railway Station,37.98
Delhi,28.552925346191184,77.32318049320546,Hill Station,September,Cold,Medium,Airport,23.95
Rajasthan,26.897801171579705,74.19294986001204,Religious,August,Moderate,Low,Airport,14.83
Punjab,31.192958677994856,75.20062537241097,Hill Station,May,Cold,Low,Railway Station,17.31
Tamil Nadu,11.031719475344135,78.58312789423086,Historical,February,Moderate,High,Railway Station,23.17
Uttarakhand,30.025520615564773,78.98951258767138,Religious,October,Moderate,Medium,Airport,18.0
Himachal Pradesh,31.248720226431942,77.22630829817298,Hill Station,January,Cold,High,Railway Station,29.94
Delhi,28.65178562535585,77.0253963685859,Historical,November,Hot,High,Railway Station,22.61
Himachal Pradesh,31.1036707777234,77.3801727139301,City,January,Moderate,High,Airport,19.39
Goa,15.270630155347403,74.10202483141424,Wildlife,April,Moderate,Low,Road,23.59
Maharashtra,19.783143568342645,75.63447181528649,Hill Station,December,Cold,High,Road,23.93
Goa,15.300703373388187,74.05404173035026,Wildlife,January,Moderate,Medium,Railway Station,31.28
Kerala,11.04439421306357,76.04279643777048,Religious,December,Moderate,High,Airport,21.93
Uttarakhand,30.052326760108148,79.05470485085876,Beach,January,Hot,High,Railway Station,34.14
Delhi,28.81188730765648,77.16615983775087,Wildlife,September,Hot,Medium,Airport,28.78
Delhi,28.575259986645747,77.12269661426174,City,November,Moderate,Medium,Road,21.72
West Bengal,23.092416404381,87.84730742442208,Historical,October,Moderate,High,Road,17.28
West Bengal,22.90125482882311,87.9167728242101,Religious,April,Moderate,Medium,Road,25.8
Himachal Pradesh,31.108266143205718,77.14303118103231,Beach,August,Hot,Medium,Road,31.08
West Bengal,22.959795405544394,87.76403456519795,Religious,February,Moderate,Medium,Railway Station,20.52
Tamil Nadu,11.120779546554777,78.59371353951853,Wildlife,September,Moderate,Medium,Road,24.05
Goa,15.142808407583994,74.2612363945265,Hill Station,July,Cold,Low,Railway Station,22.53
Himachal Pradesh,31.077694983046413,77.20330015362164,Beach,April,Hot,Medium,Railway Station,31.18
Goa,15.25036676245378,74.33732646815618,Hill Station,August,Cold,Medium,Railway Station,28.81
Delhi,28.654660393191723,76.99954071397435,City,April,Moderate,Medium,Airport,22.61
Rajasthan,26.8929156157997,74.21280822696608,City,July,Moderate,Low,Airport,18.67
Kerala,10.891611414131399,76.32621559752583,Religious,December,Moderate,High,Road,24.26
Delhi,28.796744814682498,77.06204702364522,Wildlife,May,Hot,Medium,Road,31.27
Delhi,28.626400878830648,77.05683324100953,Hill Station,October,Cold,Medium,Railway Station,27.36
Punjab,31.084961655325223,75.42611543040802,Hill Station,December,Cold,High,Railway Station,30.22
Rajasthan,27.01891227664804,74.24723062360171,Historical,November,Hot,Medium,Airport,17.76
Punjab,31.162121641425347,75.48401692662333,Beach,August,Hot,Medium,Airport,29.11
Maharashtra,19.882816978709133,75.85437908419597,Historical,September,Moderate,Medium,Airport,17.02
Himachal Pradesh,31.156219889836418,77.03738723815917,Hill Station,July,Cold,Low,Airport,22.84
Rajasthan,26.998409903725914,74.22779864870402,Religious,November,Moderate,High,Road,19.44
Punjab,31.26003367921631,75.30074888326808,Religious,November,Moderate,Medium,Road,16.68
Goa,15.33150472043257,74.08404469440032,Hill Station,September,Cold,Medium,Airport,27.85
Kerala,10.968352853600871,76.24596878297595,City,November,Moderate,Medium,Road,23.19
Delhi,28.62869198852668,77.31920170724847,Wildlife,September,Hot,Low,Road,23.48
Maharashtra,19.685426684760813,75.78122710449601,Wildlife,August,Hot,Low,Airport,25.97
Himachal Pradesh,31.01349508160033,77.21097821336848,Hill Station,August,Cold,Low,Airport,20.89
Maharashtra,19.79298748990891,75.7055290142861,Wildlife,November,Hot,High,Road,34.32
Goa,15.314504181076527,74.19345501040036,Religious,September,Moderate,Medium,Airport,14.61
Himachal Pradesh,31.47354668014983,77.19161609544446,Wildlife,July,Hot,Low,Railway Station,20.77
Goa,15.170336549216472,73.9797201298851,Wildlife,March,Hot,Low,Airport,23.46
Himachal Pradesh,31.010766781249043,77.21748798982375,Historical,June,Moderate,Medium,Road,12.65
Maharashtra,19.893643817485252,75.66348451164464,Religious,April,Moderate,Medium,Road,16.17
West Bengal,23.060608679590437,87.6342768794824,Wildlife,June,Hot,Medium,Railway Station,25.29
Punjab,31.22254597233303,75.21101922652697,Wildlife,March,Hot,Medium,Airport,26.39
Punjab,31.21912615235526,75.4192497520688,City,September,Moderate,Low,Airport,15.54
Tamil Nadu,11.039019766913713,78.79346736844771,Historical,June,Moderate,Low,Railway Station,15.16
Himachal Pradesh,31.086039085535575,77.07171054857623,Beach,April,Hot,Medium,Railway Station,26.45
Delhi,28.842790883405968,77.28446725713056,Hill Station,May,Cold,Medium,Road,24.64
Tamil Nadu,11.252873846750367,78.58504015976524,Hill Station,November,Cold,High,Road,29.61
Himachal Pradesh,30.987377207021765,77.272627472944,Beach,September,Hot,Low,Railway Station,23.18
Delhi,28.73140888585299,76.96898533883392,City,March,Moderate,Low,Road,11.32
Tamil Nadu,11.152957490073714,78.52237675479002,Wildlife,September,Hot,Medium,Airport,30.53
West Bengal,23.00216019198653,87.75515895599634,Religious,July,Moderate,Medium,Road,21.85
West Bengal,22.86283295606475,87.851214930919,Religious,November,Moderate,High,Airport,23.67
Goa,15.440652980509585,74.10182815061881,Hill Station,October,Cold,High,Railway Station,25.09
Kerala,10.859854545938616,76.16965783767165,Religious,February,Moderate,High,Railway Station,22.2
Himachal Pradesh,31.045430057301274,77.18085123850963,Wildlife,July,Hot,Medium,Airport,26.41
Uttarakhand,30.014904291735654,78.98888453508788,Historical,January,Moderate,Medium,Railway Station,17.14
Maharashtra,19.61810333690121,75.77024535216012,Religious,April,Moderate,Low,Airport,10.53
West Bengal,23.061659129825056,87.89109287229901,City,November,Moderate,Medium,Road,21.89
Maharashtra,19.78228534436267,75.5657764288359,Wildlife,April,Hot,Medium,Railway Station,31.15
Tamil Nadu,11.144075642953688,78.79430565511599,City,February,Moderate,Medium,Railway Station,22.27
Delhi,28.820315388085554,77.23906067662507,Religious,November,Moderate,Medium,Road,13.98
Tamil Nadu,11.066441798088094,78.46803808102823,Beach,May,Hot,Medium,Road,29.87
Punjab,31.12602895194238,75.42289851431433,Wildlife,July,Moderate,Low,Road,19.97
Goa,15.343405411281566,74.17269847076588,Wildlife,July,Hot,Low,Railway Station,20.83
Maharashtra,19.611596470340945,75.82035358472304,Beach,December,Hot,High,Railway Station,37.02
Delhi,28.68286885520196,77.14558140706974,Historical,January,Hot,High,Railway Station,25.24
West Bengal,23.064256330438244,87.86679501708926,Wildlife,May,Hot,Medium,Airport,23.57
Himachal Pradesh,31.03115899895419,77.06627011297331,Historical,January,Moderate,High,Airport,25.11
Maharashtra,19.713103979796514,75.72673390272028,City,February,Moderate,High,Railway Station,23.74
Rajasthan,27.16174609163017,74.10144711739215,Beach,June,Hot,Medium,Road,30.27
Kerala,10.818056741825151,76.47125757451298,Religious,July,Moderate,Low,Railway Station,13.62
Maharashtra,19.63349760859015,75.52936056747771,Wildlife,March,Moderate,Medium,Airport,30.16
Maharashtra,19.85411622148442,75.61195732662243,Wildlife,April,Hot,Medium,Railway Station,30.46
Maharashtra,19.63098254795163,75.57467719870483,Historical,September,Moderate,Medium,Road,11.76
Maharashtra,19.662125471788233,75.59803449026771,Beach,October,Hot,High,Airport,32.4
Tamil Nadu,11.263740096950944,78.79735118084233,Beach,May,Hot,Medium,Railway Station,28.44
West Bengal,23.05640423134079,88.00947973463843,Beach,September,Hot,Medium,Railway Station,34.99
Delhi,28.437083206662845,77.25772829093768,Wildlife,February,Hot,Medium,Railway Station,31.42
Punjab,31.122990255101207,75.3853104484367,Wildlife,February,Moderate,Medium,Airport,25.82
Goa,15.163218417366298,74.19724890414061,Hill Station,April,Cold,Low,Airport,19.19
Delhi,28.75677642170047,77.29472389753136,Religious,April,Moderate,Medium,Railway Station,20.91
Delhi,28.761276826297202,76.88196551633195,Religious,March,Moderate,Medium,Airport,13.53
Tamil Nadu,11.34761873001591,78.6807377404841,Hill Station,April,Cold,Medium,Airport,28.26
West Bengal,23.067001360272997,87.61336878903265,Religious,July,Moderate,Low,Airport,13.57
Uttarakhand,30.165880285612285,78.97922642013836,Beach,April,Hot,Medium,Airport,28.59
Goa,15.270151628723829,74.10277435783263,City,September,Moderate,Medium,Road,14.81
Himachal Pradesh,31.32060190108572,77.06763710697652,Historical,June,Moderate,Medium,Road,17.67
Punjab,31.223328092428407,75.34076180566468,Beach,June,Hot,Medium,Railway Station,31.92
Goa,15.273077186276618,74.01070219053086,Historical,March,Moderate,Medium,Railway Station,22.69
Himachal Pradesh,31.276454031587747,76.9060996356116,Wildlife,February,Hot,High,Railway Station,34.38
Uttarakhand,30.16869320177836,78.91698963935849,Religious,January,Moderate,High,Airport,20.4
Goa,15.225337095153142,73.94191244481819,City,January,Moderate,High,Road,32.98
Tamil Nadu,11.14896656225919,78.74373972296874,Historical,February,Moderate,High,Railway Station,24.68
West Bengal,22.96425133293979,87.79404255602269,Religious,February,Moderate,Medium,Road,21.82
Rajasthan,26.945801034298785,74.17601214277062,Religious,May,Moderate,Low,Road,12.35
Maharashtra,19.858264771171665,75.68999369204126,Wildlife,September,Hot,Low,Road,26.14
Punjab,31.212300145585274,75.4707316761605,Wildlife,September,Hot,Medium,Road,29.97
Punjab,31.077348342936386,75.42273168852078,Historical,August,Moderate,Low,Road,13.45
Rajasthan,26.99399395392858,74.2124555909052,Hill Station,May,Cold,Medium,Airport,25.62
West Bengal,22.996053139174105,87.95758195333019,City,July,Moderate,Medium,Road,21.46
Himachal Pradesh,31.07872138126276,77.19539869682815,Beach,June,Hot,Medium,Road,33.71
Rajasthan,26.96940602330284,74.41326567479767,Historical,November,Hot,Medium,Railway Station,14.83
Goa,15.273418632950708,74.11659434633559,Wildlife,July,Hot,Medium,Road,28.85
Maharashtra,19.674134908813226,75.59901517318333,Wildlife,April,Moderate,Low,Road,22.72
Delhi,28.55916295671441,77.1192170012935,Historical,December,Hot,High,Road,24.5
Maharashtra,19.864072742937356,75.79539874547962,Historical,May,Moderate,Medium,Road,15.69
Tamil Nadu,11.165419615120841,78.73273887130111,Wildlife,May,Moderate,Medium,Road,25.37
Himachal Pradesh,31.052309230259365,77.15750993819981,City,June,Moderate,Medium,Road,24.92
Goa,15.526885588187687,74.20698197674916,City,November,Moderate,Medium,Airport,15.6
Himachal Pradesh,30.9740385159812,77.32383080027024,Hill Station,October,Cold,High,Airport,28.83
Delhi,28.743986812413116,77.09632787893186,Religious,March,Moderate,Medium,Airport,17.52
West Bengal,22.874821012466455,87.91516104825875,City,April,Moderate,Medium,Road,18.18
Tamil Nadu,11.071418524234295,78.5699870757502,Religious,January,Moderate,High,Railway Station,18.09
Himachal Pradesh,31.136467965978998,77.19989183372259,Hill Station,August,Cold,Medium,Airport,25.75
Tamil Nadu,11.224604405472288,78.59652589068337,Religious,December,Moderate,High,Airport,18.14
Kerala,10.822755149064903,76.24303625206866,Wildlife,September,Hot,Medium,Road,23.91
Tamil Nadu,11.13710104993418,78.72678849347845,Beach,July,Hot,Medium,Railway Station,22.61
Kerala,10.969503875320704,76.25792829172293,Historical,December,Moderate,Medium,Road,20.21
Rajasthan,26.939649912846072,74.1861888719249,Hill Station,September,Cold,Medium,Road,25.0
Goa,15.081321880803575,74.08107257771267,City,June,Moderate,Medium,Road,22.22
Punjab,31.20110061049021,75.31168899889265,Historical,August,Moderate,Medium,Airport,20.72
Punjab,30.94610707355314,75.41274784317831,Hill Station,October,Cold,High,Road,28.75
Delhi,28.567863996611454,77.10669871252011,City,March,Moderate,Medium,Railway Station,19.63
Maharashtra,19.771217084398447,75.82003443717528,Wildlife,May,Hot,Low,Airport,23.66
Punjab,31.287821102147838,75.39943128855245,City,July,Moderate,Medium,Railway Station,20.6
Goa,15.239339855111332,74.00515727910411,Religious,September,Moderate,Medium,Road,16.37
Tamil Nadu,11.040578939964627,78.74418789499187,Historical,August,Moderate,Medium,Railway Station,19.44
Punjab,31.195453587393565,75.32674597795516,City,July,Moderate,Medium,Railway Station,22.5
Rajasthan,26.934780542677768,74.14660815897571,Hill Station,May,Cold,Low,Railway Station,21.68
Tamil Nadu,11.142459025634476,78.75801808267879,City,August,Moderate,Medium,Railway Station,20.45
Uttarakhand,30.155059082607924,79.05246711008586,Wildlife,January,Hot,High,Road,34.5
West Bengal,23.110628321085564,88.07488370382613,City,June,Moderate,Medium,Airport,19.71
Kerala,10.934706886037791,76.01921690450818,Wildlife,October,Moderate,High,Airport,34.03
Tamil Nadu,11.124119078773358,78.72201871189027,Beach,April,Hot,Medium,Railway Station,24.4
Goa,15.37275292184245,74.28950422214687,Historical,July,Moderate,Low,Airport,12.82
Rajasthan,26.999989375750935,74.15179081505042,Historical,June,Hot,Medium,Road,15.8
Goa,15.24550448249759,73.90922967607331,Hill Station,February,Cold,Medium,Railway Station,28.22
Uttarakhand,29.93457285214088,78.89625239418227,Wildlife,October,Hot,Medium,Railway Station,26.61
Kerala,10.858698313873719,76.36597362744278,Hill Station,January,Cold,High,Road,31.24
Tamil Nadu,11.092341237705519,78.56075555560255,Beach,March,Hot,Medium,Airport,36.13
Rajasthan,26.93602727363132,73.9810565564288,Beach,May,Hot,Medium,Airport,31.15
West Bengal,22.944223012722464,87.82543343879146,Historical,August,Moderate,Low,Road,10.31
West Bengal,23.089088441656898,87.97012796886276,City,July,Moderate,Medium,Airport,21.15
Uttarakhand,30.03253678569898,78.83728896921873,Wildlife,February,Moderate,High,Railway Station,30.4
Punjab,31.201870619316313,75.33313836351849,Hill Station,February,Cold,Medium,Airport,26.08
Goa,15.277794904258736,74.04127539412079,Religious,February,Moderate,Medium,Airport,16.72
Uttarakhand,29.920733863444006,79.0067382420574,Wildlife,May,Hot,Medium,Road,29.2
Maharashtra,19.645986245306762,75.8776755018538,Religious,July,Moderate,Medium,Airport,11.7
Punjab,31.14193745758908,75.29821880771686,Wildlife,January,Hot,Medium,Airport,28.74
West Bengal,23.01217245031042,87.60912580767285,Wildlife,September,Hot,Low,Railway Station,19.49
West Bengal,22.98718659348321,87.71341072629336,Religious,August,Moderate,Medium,Road,18.24
Rajasthan,27.17408270852496,74.06376423449885,Beach,February,Hot,High,Airport,36.73
Delhi,28.780085650505946,77.07890751489148,Wildlife,June,Hot,Medium,Railway Station,30.93
Punjab,31.219583469866954,75.41441872924638,City,August,Moderate,Medium,Airport,17.2
Tamil Nadu,11.06380029677037,78.75126000527945,City,March,Moderate,Medium,Road,21.2
Tamil Nadu,11.275675093966305,78.63431485111278,Hill Station,March,Cold,Medium,Road,24.92
Himachal Pradesh,31.138433856166554,77.12570900724027,Beach,January,Hot,High,Airport,34.9
Maharashtra,19.887459662548366,75.56954571625025,City,April,Moderate,Medium,Road,23.42
West Bengal,23.027869531377753,87.73627795902571,City,April,Moderate,Medium,Railway Station,22.17
Uttarakhand,29.940037981029747,78.94789446766927,Religious,October,Moderate,Medium,Road,21.12
Tamil Nadu,11.03226620184925,78.83453423118756,Wildlife,January,Hot,Medium,Railway Station,28.28
Maharashtra,19.779721775497066,75.57303367322413,City,November,Moderate,High,Airport,22.2
Uttarakhand,29.842069689037576,79.00764065778942,City,September,Moderate,Medium,Airport,17.85
Goa,15.170019071007184,74.08350813092964,Beach,February,Hot,High,Road,37.01
Maharashtra,19.83610493484672,75.90855639205097,Religious,April,Moderate,Medium,Road,18.56
Uttarakhand,30.073790665445884,79.07508630298877,City,June,Moderate,Medium,Railway Station,19.3
Punjab,31.36360822174346,75.35193573175873,Hill Station,November,Cold,High,Railway Station,23.32
Goa,15.425562585234905,74.16895250881602,City,November,Moderate,Medium,Railway Station,15.12
Goa,15.50947300876587,74.15076804458393,Religious,August,Moderate,Low,Railway Station,7.36
Rajasthan,26.944677282335302,74.12361291646103,Beach,February,Hot,High,Airport,30.46
Rajasthan,27.123425807178076,74.18112760594288,Beach,March,Hot,Medium,Road,34.13
West Bengal,22.959666083477398,87.8804534301037,City,September,Moderate,Low,Road,17.0
West Bengal,23.121933054710762,87.96089160358953,Religious,October,Moderate,Medium,Road,15.05
Himachal Pradesh,30.98036375158502,77.23673012362556,Historical,August,Moderate,Low,Railway Station,14.56
Kerala,10.867612462506314,76.22190404045251,Beach,November,Hot,High,Railway Station,35.34
Rajasthan,26.855377520246986,74.20899994633915,Historical,March,Hot,Low,Airport,14.65
Kerala,10.82290542239067,76.31700339049067,Wildlife,September,Hot,Low,Railway Station,21.33
Rajasthan,26.976779955259175,74.11966480211505,Hill Station,August,Cold,Medium,Railway Station,24.65
Punjab,31.271672507760297,75.43863993553013,Religious,September,Moderate,Medium,Airport,14.75
Himachal Pradesh,31.40467341055025,77.29771035778484,Wildlife,July,Moderate,Low,Airport,22.2
Punjab,31.03594245843883,75.22651403280396,City,June,Moderate,Medium,Road,17.15
Kerala,10.758397407177348,76.19628420627015,Hill Station,July,Cold,Low,Road,19.69
Kerala,10.775961841583914,76.27339289721026,City,December,Moderate,High,Road,24.62
Maharashtra,20.045775264600543,75.67797209650462,Beach,May,Hot,Medium,Road,34.21
Kerala,10.792094026956551,76.25055272323671,City,April,Moderate,Medium,Railway Station,14.83
Punjab,31.313758934337553,75.42773749705965,Hill Station,December,Cold,Medium,Road,30.91
Himachal Pradesh,31.17257665661808,77.19990063590683,Wildlife,February,Hot,High,Road,31.24
Tamil Nadu,11.344432767157556,78.52982967203543,Historical,August,Moderate,Medium,Road,24.03
Goa,15.31924909986241,74.17964545027571,Wildlife,February,Hot,High,Railway Station,32.09
Uttarakhand,30.145749875965006,78.91388945630044,Beach,May,Hot,Medium,Railway Station,24.75
Goa,15.415452195751921,74.19502785391761,Religious,June,Moderate,Medium,Railway Station,10.82
Goa,15.145999842139657,74.02838319397493,Historical,January,Moderate,High,Road,28.56
Kerala,10.742474743842193,76.41257453379683,Wildlife,June,Hot,Medium,Road,25.35
Himachal Pradesh,31.004748059965166,77.08055087393174,Historical,October,Moderate,Medium,Road,17.75
Kerala,10.762127670181316,76.31488721449495,Historical,December,Moderate,Medium,Road,16.71
Himachal Pradesh,30.889189824185166,77.21267781927321,Hill Station,November,Cold,High,Road,29.78
Uttarakhand,30.14985051886335,78.92394752741633,Beach,November,Hot,Medium,Road,31.11
Himachal Pradesh,30.958818507926594,77.13725234684613,Beach,September,Hot,Medium,Railway Station,30.72
Maharashtra,19.781515797644705,75.81721771413689,Wildlife,November,Hot,Medium,Railway Station,28.43
Maharashtra,19.823816011265496,75.53734787110841,Religious,July,Moderate,Medium,Road,18.44
Delhi,28.608723633412822,76.97601057915467,Wildlife,July,Hot,Medium,Road,30.34
Maharashtra,19.78490693621614,75.8814975871068,Wildlife,March,Hot,Medium,Road,26.84
Delhi,28.664119583478033,76.88120630205357,Hill Station,May,Cold,Medium,Railway Station,24.61
West Bengal,23.041044784672128,87.86440427909945,Wildlife,December,Moderate,Medium,Airport,31.64
West Bengal,22.80297302656026,87.86595822504384,Hill Station,May,Cold,Low,Railway Station,21.7
Rajasthan,27.20579848644791,74.30893639516779,City,July,Moderate,Low,Airport,19.48
Punjab,31.130299319355043,75.19491221631925,Hill Station,December,Cold,Medium,Road,26.22
Maharashtra,19.760205755421392,75.76877830415874,Religious,July,Moderate,Low,Road,14.1
Goa,15.399841101548244,73.98682385847121,Beach,May,Hot,Medium,Airport,33.11
Kerala,10.958427769274653,76.265994558724,Wildlife,November,Hot,Medium,Airport,25.66
Delhi,28.793857196018976,77.08274070393671,Historical,March,Hot,Medium,Road,23.7
Kerala,10.717489961720013,76.29399274027028,Beach,October,Hot,High,Airport,32.22
Rajasthan,26.969041859338695,74.28124322269187,Hill Station,November,Cold,High,Road,25.61
Maharashtra,19.73319655150063,75.79025226679047,Historical,January,Moderate,High,Railway Station,26.89
Rajasthan,26.908055504763407,74.3061257509608,Wildlife,April,Moderate,Medium,Airport,30.88
Maharashtra,19.61448622572401,75.91029992359884,Wildlife,January,Moderate,Medium,Road,23.72
Delhi,28.7143428664078,77.15523547467524,Wildlife,April,Hot,Medium,Airport,31.34
Rajasthan,27.023452569199662,74.35976510064395,Hill Station,January,Cold,High,Airport,30.72
Punjab,31.04041401583377,75.23171365076331,Beach,April,Hot,Medium,Airport,24.9
Punjab,31.25149361704227,75.2539040072499,Hill Station,February,Cold,High,Road,28.44
Maharashtra,19.693374405002448,75.75625533960354,Historical,August,Moderate,Medium,Railway Station,16.93
Tamil Nadu,11.010806447680956,78.6311716361326,Hill Station,January,Cold,High,Airport,28.3
Maharashtra,19.881050758211746,75.78767867562898,Religious,October,Moderate,Medium,Road,20.19
Maharashtra,19.769627779894357,75.61484356506875,Religious,August,Moderate,Medium,Road,23.91
Tamil Nadu,11.163119018436523,78.48709238520804,Hill Station,January,Cold,High,Road,33.94
Himachal Pradesh,31.204085108184227,77.35434423214643,City,April,Moderate,Medium,Railway Station,13.05
Tamil Nadu,11.260670139495472,78.62175122347962,Hill Station,May,Cold,Medium,Airport,30.18
Kerala,10.926413919892012,76.3266084924574,Wildlife,May,Hot,Low,Railway Station,23.87
Kerala,10.802695582911607,76.1933024767763,Religious,February,Moderate,High,Road,26.02
Maharashtra,19.723385627398546,75.63203940955921,Hill Station,August,Cold,Medium,Railway Station,28.32
Tamil Nadu,11.194536778564839,78.65543586461966,Wildlife,November,Hot,High,Airport,29.7
Kerala,11.04151226932653,76.27158857409303,City,May,Moderate,Medium,Railway Station,17.04
Delhi,28.73605007664155,77.15094842391298,City,November,Moderate,High,Airport,23.12
Punjab,31.176909716799138,75.42950361717256,Hill Station,April,Cold,Medium,Road,22.53
Punjab,31.048408061676763,75.25108476573659,Historical,July,Moderate,Low,Airport,14.66
Punjab,31.085741417770965,75.3236396245263,City,May,Moderate,Medium,Railway Station,23.67
Delhi,28.618894686235752,76.97630810231624,Historical,August,Hot,Low,Airport,13.93
Uttarakhand,30.069327701314847,78.91361858191846,Hill Station,December,Cold,High,Airport,33.68
Tamil Nadu,11.326884477362714,78.80787018191876,Historical,November,Moderate,High,Railway Station,23.24
Tamil Nadu,11.107091834039124,78.65919440880134,City,February,Moderate,High,Airport,25.36
Punjab,31.1708234875631,75.41006622951464,Religious,July,Moderate,Low,Railway Station,14.68
Goa,15.38803958319229,74.23916206068141,Hill Station,December,Cold,Medium,Airport,22.12
Kerala,10.87553986972793,76.3537128633823,City,January,Moderate,High,Railway Station,25.83
Maharashtra,19.91962587597832,75.70737509439988,City,February,Moderate,High,Railway Station,20.98
Delhi,28.748985445390833,77.03556233917838,Wildlife,May,Moderate,Medium,Road,31.74
West Bengal,23.100609709411042,87.8998052798605,Hill Station,September,Cold,Medium,Road,25.97
Punjab,31.165255211104384,75.23604327128515,City,September,Moderate,Medium,Airport,27.43
Tamil Nadu,11.155221052995588,78.6636187675494,Historical,September,Moderate,Medium,Airport,18.69
Goa,15.211133487191765,74.08648262751645,Wildlife,March,Moderate,Medium,Railway Station,26.17
Maharashtra,19.779378713822435,75.91766524975722,Religious,October,Moderate,Medium,Road,14.73
Delhi,28.803996783531662,77.15757426915326,Historical,March,Hot,Medium,Railway Station,16.81
Delhi,28.738006470845207,77.07953142817993,Historical,January,Hot,Medium,Road,21.1
Kerala,10.991408783354991,76.31683986378363,Wildlife,July,Hot,Low,Road,25.48
Maharashtra,19.66488416334739,75.90979166240822,Wildlife,November,Hot,Medium,Road,25.75
Himachal Pradesh,31.14088284084018,77.25533469063825,Historical,September,Moderate,Medium,Road,16.52
West Bengal,23.045105073096387,87.85127187819805,Wildlife,February,Hot,Medium,Railway Station,25.81
Punjab,31.136431094833657,75.37007928551867,City,October,Moderate,Medium,Railway Station,12.96
Rajasthan,27.040668085941054,74.25591773876054,City,August,Moderate,Low,Airport,10.48
Delhi,28.638136194548007,77.10357094094395,Historical,July,Hot,Medium,Airport,18.28
Delhi,28.742032536403062,77.0747002878255,Beach,March,Hot,Medium,Airport,33.22
Himachal Pradesh,31.209723987195844,77.09189875571549,Beach,July,Hot,Low,Road,30.17
Uttarakhand,30.07844142278907,79.00531296412272,Historical,November,Moderate,High,Road,23.26
Delhi,28.706907618111618,77.27263251064568,Wildlife,March,Hot,Low,Railway Station,23.59
Punjab,31.031062474938846,75.3609414841833,City,February,Moderate,High,Road,22.42
Punjab,31.113393721712594,75.21622209542568,Wildlife,June,Hot,Low,Airport,23.61
Himachal Pradesh,31.164520037063145,77.3093137683302,Historical,June,Moderate,Medium,Railway Station,19.24
Maharashtra,19.60154616510265,75.5702784196428,City,February,Moderate,High,Railway Station,21.72
West Bengal,23.06393944348903,87.76016458933783,Historical,May,Moderate,Medium,Road,19.1
Himachal Pradesh,31.141931491715383,76.9606111805323,Religious,December,Moderate,High,Airport,19.57
West Bengal,23.153103137821184,87.89598087996497,City,July,Moderate,Medium,Road,17.8
Rajasthan,26.86031347634451,74.07658983582674,Hill Station,February,Cold,High,Road,29.49
Maharashtra,19.6515828157154,75.75160947274424,Beach,May,Hot,Medium,Airport,27.9
Delhi,28.759667050285753,76.79508900063844,Religious,October,Moderate,Medium,Railway Station,18.54
Rajasthan,26.968729911803276,74.1481337153987,Historical,May,Hot,Medium,Airport,17.34
Rajasthan,26.947391446573633,74.0816755789475,Beach,October,Hot,High,Railway Station,34.98
Uttarakhand,29.981498743666418,78.99950305581787,Wildlife,October,Hot,High,Airport,30.78
West Bengal,22.901447169189648,88.00739458091633,Hill Station,December,Cold,High,Railway Station,28.52
Uttarakhand,30.022002453223042,78.87795177302056,City,March,Moderate,Medium,Airport,19.02
Maharashtra,19.67951864490067,75.75407256377261,City,November,Moderate,High,Railway Station,27.03
Uttarakhand,30.273693035642115,78.9548413062833,Historical,January,Moderate,High,Railway Station,25.56
Tamil Nadu,11.041020779624798,78.60370385426057,Wildlife,March,Hot,Low,Airport,26.67
Delhi,28.814785362447257,77.11235122210797,Beach,March,Hot,Medium,Railway Station,28.22
West Bengal,22.965122685376535,87.87061175445213,Hill Station,December,Cold,High,Road,32.68
Punjab,31.05180317406676,75.42551503725964,Religious,January,Moderate,Medium,Airport,14.56
Tamil Nadu,11.247143686667304,78.72154489772377,Beach,December,Hot,High,Railway Station,35.63
Tamil Nadu,11.2487859709129,78.60826661227568,City,January,Moderate,High,Railway Station,24.08
Rajasthan,26.94840227046129,74.12382954777192,Beach,March,Hot,Medium,Railway Station,26.84
West Bengal,23.166404420826616,87.72198104844465,Beach,September,Hot,Medium,Airport,32.57
Maharashtra,19.58608539694267,75.76630350173448,Wildlife,June,Moderate,Medium,Road,31.79
Goa,15.234810467616178,74.15428448392672,Hill Station,January,Cold,High,Airport,33.19
West Bengal,22.97477922652043,87.93529656838075,Wildlife,November,Hot,High,Road,34.47
Rajasthan,27.011212067260594,74.23957019911096,Beach,December,Hot,Medium,Railway Station,31.59
West Bengal,23.066209153916645,87.83575471182391,Beach,February,Hot,High,Airport,36.72
Tamil Nadu,11.00371634137458,78.6845079005548,Hill Station,July,Cold,Low,Road,18.81
Uttarakhand,29.99313890664925,79.01510061487714,Hill Station,August,Cold,Low,Airport,23.57
Punjab,31.09404616817073,75.43014709464518,City,September,Moderate,Medium,Road,23.32
Punjab,31.143797625362307,75.34596813673862,Hill Station,February,Cold,High,Road,33.32
Uttarakhand,30.046600000294138,78.96970007446647,Hill Station,October,Cold,Medium,Airport,25.08
West Bengal,22.949160899522848,87.71389326441596,Hill Station,November,Cold,High,Airport,30.43
Uttarakhand,29.90945651610095,79.0555729566566,Beach,July,Hot,Low,Airport,21.3
Punjab,31.01977683718618,75.40046779072618,Religious,June,Moderate,Medium,Airport,14.72
West Bengal,23.051684754062464,87.88886251576366,Hill Station,October,Cold,High,Airport,31.3
Kerala,10.84312395587276,76.18278174305185,Hill Station,January,Cold,Medium,Railway Station,21.74
Himachal Pradesh,31.086804445081963,77.02454553609681,Historical,October,Moderate,High,Railway Station,27.55
Punjab,31.199746756461465,75.33658616342096,Hill Station,August,Cold,Medium,Railway Station,23.18
Himachal Pradesh,31.159104054417256,77.34072075106393,Wildlife,October,Hot,High,Railway Station,35.65
Maharashtra,19.844297353742004,75.69876542653506,Religious,June,Moderate,Medium,Road,14.5
Goa,15.442730415258065,74.15350628637323,Beach,November,Hot,Medium,Airport,27.53
Delhi,28.513186889631324,76.92968430833216,Wildlife,August,Hot,Low,Railway Station,20.82
Delhi,28.69141332199621,77.03092951672785,Wildlife,October,Hot,Medium,Airport,23.55
Tamil Nadu,11.053258529519713,78.68063481194895,City,March,Moderate,Medium,Road,23.27
Goa,15.295188926783597,74.12016280657056,City,August,Moderate,Low,Airport,15.36
Tamil Nadu,10.92153002260438,78.67140063173613,Religious,February,Moderate,High,Road,20.47
Maharashtra,19.793728312950336,75.7588471837595,Beach,August,Hot,Medium,Airport,26.85
Goa,15.304006261318415,74.15395982327595,Wildlife,February,Moderate,High,Airport,37.38
Himachal Pradesh,31.139541047769512,77.10285762859975,Hill Station,May,Cold,Low,Railway Station,23.98
Punjab,31.22924003028561,75.20268766093155,Beach,June,Hot,Medium,Road,30.3
Delhi,28.66260441208672,76.90441461525047,Historical,April,Hot,Low,Road,16.19
Rajasthan,26.96192858053503,74.06799352692465,Hill Station,August,Cold,Medium,Railway Station,23.91
Kerala,11.004895060476114,76.16381098842851,Religious,June,Moderate,Medium,Railway Station,15.91
Goa,15.377079475172142,74.23339069516324,Wildlife,April,Moderate,Medium,Railway Station,28.04
Rajasthan,27.046021440801464,74.2399776900141,Historical,September,Hot,Medium,Airport,19.69
Tamil Nadu,11.163069210431706,78.74176609521722,City,September,Moderate,Medium,Railway Station,21.26
Punjab,31.134546232010887,75.29938843254004,Religious,July,Moderate,Medium,Railway Station,16.54
Kerala,10.908019706565154,76.17126116553747,Wildlife,September,Hot,Medium,Airport,20.59
Goa,15.317090625950621,74.08010492295011,City,September,Moderate,Medium,Road,16.57
Kerala,10.717771596212186,76.15339796119774,Wildlife,May,Hot,Medium,Airport,24.25
Uttarakhand,30.133623860823946,79.11169322440179,Beach,July,Hot,Low,Road,26.69
Goa,15.282884456650619,74.1615621231703,Historical,March,Moderate,Medium,Road,16.36
Punjab,31.12152080227728,75.45291961643419,City,June,Moderate,Low,Airport,16.38
West Bengal,22.90493149567888,87.67801086641094,Historical,May,Moderate,Low,Road,12.96
Punjab,31.0653413788337,75.34558291476853,Historical,June,Moderate,Low,Railway Station,16.12
Delhi,28.60181873559273,77.01492187249472,City,June,Moderate,Medium,Airport,17.62
Uttarakhand,30.01411710273748,79.01874616457867,Historical,March,Moderate,Low,Airport,14.59
Delhi,28.684421816661725,76.94928175839186,Beach,December,Hot,High,Airport,39.37
Delhi,28.708398489309236,77.12701970901819,Hill Station,September,Cold,Medium,Railway Station,26.86
Uttarakhand,30.011867946971677,79.11187624504569,Hill Station,January,Cold,Medium,Railway Station,21.54
Goa,15.36993567623953,74.01813580292145,Religious,January,Moderate,Medium,Road,16.98
Delhi,28.756581370300935,76.97508025195593,Hill Station,April,Cold,Medium,Airport,19.62
Himachal Pradesh,31.096380760896164,77.12071421923274,Hill Station,August,Cold,Medium,Road,22.27
Tamil Nadu,10.991171094857984,78.82195209030878,Hill Station,October,Cold,High,Road,31.44
Punjab,31.081720931762934,75.18606407791034,Beach,June,Hot,Medium,Railway Station,33.69
West Bengal,23.071486973468424,87.8837994312427,Religious,July,Moderate,Medium,Airport,20.91
Rajasthan,27.160057686042208,74.2734328147204,Beach,November,Hot,Medium,Airport,30.28
Tamil Nadu,11.112851114827345,78.74170871588008,Religious,October,Moderate,Medium,Railway Station,17.92
Kerala,10.881693762554063,76.28165623967381,City,May,Moderate,Low,Road,17.85
Himachal Pradesh,31.154971632423422,77.07236702124035,Religious,March,Moderate,Low,Airport,11.08
Himachal Pradesh,30.94490726340579,77.24737581839774,Religious,March,Moderate,Low,Airport,9.86
West Bengal,22.898872553791932,87.77274803558184,City,October,Moderate,High,Railway Station,33.05
Punjab,31.18833101940335,75.3385388098039,Hill Station,March,Cold,Low,Railway Station,24.49
Punjab,31.193428034179036,75.41922139722003,Hill Station,June,Cold,Medium,Airport,22.68
Uttarakhand,30.08269776810394,79.3309348033018,Beach,December,Hot,Medium,Airport,33.87
Uttarakhand,29.945528492420117,79.1093864440549,Religious,November,Moderate,High,Road,23.66
Delhi,28.66743919052471,77.02507963888912,City,August,Moderate,Medium,Road,22.63
Delhi,28.6104232567417,77.09972312696587,City,January,Moderate,Medium,Railway Station,18.59
Goa,15.318150928443366,74.25347634314122,Hill Station,August,Cold,Medium,Airport,28.27
West Bengal,23.047368621112916,87.85003954888413,Religious,April,Moderate,Medium,Airport,22.74
West Bengal,23.17784356321334,87.7560995561714,Wildlife,September,Hot,Medium,Airport,25.54
Uttarakhand,30.15237434435568,78.98336029641062,Religious,December,Moderate,High,Road,18.98
Uttarakhand,29.929467572023917,79.04848613130147,Religious,January,Moderate,High,Airport,20.17
Himachal Pradesh,31.0542612083363,77.24317833900456,Hill Station,January,Cold,High,Railway Station,29.83
Goa,15.260043832264241,74.06853558919539,Religious,October,Moderate,High,Airport,22.27
Goa,15.2174409766751,74.01623991125352,Religious,January,Moderate,Medium,Airport,11.45
Delhi,28.701229592829964,76.96871536281841,Hill Station,January,Cold,Medium,Railway Station,28.9
Uttarakhand,30.06244039655492,79.0409394874248,Beach,January,Hot,High,Airport,30.04
Tamil Nadu,10.901172382856448,78.61732838891248,Hill Station,September,Cold,Low,Road,16.36
Goa,15.402739162229956,74.05749843868907,Hill Station,February,Cold,High,Road,31.21
Goa,15.23512989695775,74.24507577396176,Religious,October,Moderate,High,Airport,17.82
Kerala,10.810607881085565,76.28131586309497,Religious,June,Moderate,Medium,Road,18.48
Delhi,28.596094252469825,77.18090955963726,Beach,September,Hot,Medium,Railway Station,27.42
Uttarakhand,30.085267672923372,79.06973114914764,Beach,June,Hot,Low,Road,24.82
Delhi,28.67862812100141,77.05433425489454,City,March,Moderate,Medium,Airport,21.32
Uttarakhand,29.95066783900125,78.93808416331208,Historical,February,Moderate,High,Airport,20.55
Punjab,31.251313989263515,75.36361794848538,Historical,August,Moderate,Medium,Road,13.85
Delhi,28.531539511762055,77.3210371733285,Hill Station,November,Cold,High,Airport,28.64
Tamil Nadu,11.208626910150159,78.56246404094546,Wildlife,July,Moderate,Medium,Road,28.06
Punjab,31.341504829380188,75.37232075941728,Hill Station,September,Cold,Medium,Railway Station,20.94
West Bengal,23.052818823985792,87.83416724342061,Historical,May,Moderate,Medium,Airport,21.47
Kerala,10.761141187510159,76.24947930822167,Historical,September,Moderate,Low,Railway Station,19.07
Rajasthan,26.931009633424093,74.17921136988618,Religious,April,Moderate,Low,Road,14.06
Kerala,10.926036261586848,76.34516481588025,Wildlife,May,Hot,Medium,Railway Station,24.79
Delhi,28.82027832013558,77.11027843419772,Religious,June,Moderate,Low,Airport,11.19
Punjab,31.056026012841055,75.41074666411386,Hill Station,July,Cold,Medium,Railway Station,28.31
West Bengal,22.967254034261355,87.71873997202506,Historical,March,Moderate,Low,Railway Station,9.9
Uttarakhand,30.017023317566697,79.07472958974564,Hill Station,April,Cold,Medium,Airport,22.19
Uttarakhand,30.096741193801748,79.20441540620192,Hill Station,February,Cold,Medium,Railway Station,27.13
Kerala,10.884879657987995,76.30500209913264,Historical,June,Moderate,Medium,Railway Station,19.57
Rajasthan,27.044806361295745,74.23846546659297,Historical,March,Hot,Medium,Railway Station,20.01
Himachal Pradesh,31.15667344358765,77.03395266437266,Historical,September,Moderate,Medium,Railway Station,19.61
Rajasthan,26.95152134803394,74.25328972266698,Wildlife,January,Hot,High,Road,34.96
Rajasthan,27.091442810532094,74.30756012948531,Religious,October,Moderate,Medium,Road,14.26
Rajasthan,27.002630641042913,74.33380985818617,Beach,April,Hot,Low,Railway Station,24.12
Uttarakhand,30.033386676115665,79.0345569248741,Hill Station,February,Cold,High,Airport,31.24
Punjab,31.079093436874498,75.47446455186959,Wildlife,January,Hot,Medium,Road,30.03
Tamil Nadu,11.018718016318875,78.59096069499817,Religious,January,Moderate,High,Railway Station,23.88
Kerala,11.020300968488625,76.28791014612617,Hill Station,November,Cold,Medium,Road,22.19
Maharashtra,19.693441019915277,75.80078833600885,Historical,September,Moderate,Medium,Railway Station,15.83
Kerala,10.797933968275615,76.29900973372216,Hill Station,March,Cold,Low,Airport,14.68
Himachal Pradesh,31.15705971530634,77.3327747594044,Historical,July,Moderate,Low,Railway Station,6.52
Kerala,10.7313705894115,76.36305605468628,Beach,October,Hot,High,Airport,35.02
Goa,15.27553238557258,74.04173617822588,Religious,June,Moderate,Medium,Railway Station,19.51
Uttarakhand,29.94855642202307,79.01129409401194,Wildlife,September,Moderate,Medium,Road,24.52
West Bengal,22.986973493587385,87.90596672754636,City,October,Moderate,Medium,Airport,16.7
Himachal Pradesh,31.183601735756064,77.16270589719586,Beach,October,Hot,High,Road,38.32
Delhi,28.802109162019796,77.22083758058331,Historical,May,Hot,Medium,Airport,21.85
Tamil Nadu,11.283361582467078,78.80875485564445,Hill Station,April,Cold,Medium,Airport,23.9
Tamil Nadu,11.09008883965775,78.81654645248001,Religious,March,Moderate,Medium,Airport,17.76
Rajasthan,27.016382036015663,74.31408628306511,Historical,June,Hot,Medium,Railway Station,18.62
Maharashtra,19.710062023429245,75.54292321926702,Beach,February,Hot,Medium,Railway Station,25.54
West Bengal,22.921751080541757,87.91278612140964,Historical,January,Moderate,High,Road,23.07
Delhi,28.697009189291926,77.0220457385306,Beach,January,Hot,Medium,Railway Station,23.81
Himachal Pradesh,31.374157720242657,77.03740995447706,Hill Station,June,Cold,Low,Airport,19.49
Kerala,10.73750241292156,76.30906728556845,Religious,September,Moderate,Medium,Airport,13.86
Rajasthan,27.076484935570733,74.27352573912096,Beach,July,Hot,Low,Road,20.15
Rajasthan,26.999983045762406,74.07926209277842,Hill Station,November,Cold,High,Road,30.0
Rajasthan,27.056534151362705,74.31505217651024,Hill Station,June,Cold,Medium,Road,27.6
Himachal Pradesh,31.09842214363719,77.24148955389609,Wildlife,October,Hot,High,Railway Station,31.49
Punjab,31.171643762257876,75.34103873276055,Religious,June,Moderate,Low,Road,16.79
Himachal Pradesh,31.05156263833296,77.21743246655707,Historical,February,Moderate,Medium,Airport,17.28
Maharashtra,19.733083746045782,75.8487927506119,Historical,April,Moderate,Medium,Road,15.29
Uttarakhand,30.119424494763084,79.0116024951379,City,September,Moderate,Medium,Road,19.25
Himachal Pradesh,31.161702814598147,77.25300099700058,Religious,October,Moderate,High,Railway Station,26.54
Delhi,28.709504813981983,77.03267895237578,Religious,August,Moderate,Low,Road,14.89
West Bengal,23.07385507172005,87.91929313324226,Beach,December,Hot,Medium,Road,31.76
Himachal Pradesh,31.268286116661642,77.16139321397334,Historical,September,Moderate,Low,Road,12.62
Punjab,31.206760561359204,75.29657666332156,Religious,January,Moderate,Medium,Railway Station,18.65
Kerala,10.898190342558488,76.31998080744034,Historical,September,Moderate,Medium,Road,16.26
Delhi,28.734278883079718,77.07288604201663,Beach,February,Hot,High,Road,38.66
Tamil Nadu,11.071271760698973,78.77847747564078,Wildlife,March,Hot,Low,Road,22.63
Delhi,28.747262598605847,77.0191607622058,Historical,March,Hot,Medium,Road,21.16
Goa,15.27463166324116,74.16922871657835,City,May,Moderate,Medium,Airport,25.5
Himachal Pradesh,31.20797987545994,77.06140547294228,Wildlife,March,Hot,Low,Airport,18.52
West Bengal,22.996489811852783,87.71829364049998,Beach,January,Hot,Medium,Airport,30.81
Rajasthan,26.986772442761758,74.39846671746074,Wildlife,April,Hot,Medium,Road,30.4
Goa,15.387306438580858,74.33686947930526,Wildlife,March,Hot,Medium,Road,26.49
Kerala,10.802877611929505,76.37173355691051,Beach,November,Hot,Medium,Airport,29.3
Punjab,31.07857997697114,75.2705659622234,City,February,Moderate,Medium,Railway Station,24.81
Goa,15.215986221981044,73.96622467721997,Historical,May,Moderate,Medium,Road,18.44
Kerala,10.809916822267926,76.13686169685384,Religious,March,Moderate,Medium,Road,14.65
Maharashtra,19.789061387714565,75.77325389863982,Religious,February,Moderate,High,Airport,19.86
Tamil Nadu,11.072164256832396,78.58515469275581,City,October,Moderate,High,Road,25.78
Kerala,10.674529740134954,76.26302750616871,Religious,January,Moderate,High,Road,24.11
Rajasthan,27.03957766033466,74.22136759248048,Religious,November,Moderate,High,Road,21.03
Punjab,31.039667202713826,75.33202101531872,Beach,January,Hot,High,Road,29.29
Kerala,10.771111845480169,76.3910855335522,Hill Station,May,Cold,Medium,Road,26.54
Rajasthan,26.90086467617859,74.13136776739522,Beach,March,Hot,Medium,Airport,30.25
West Bengal,23.08456866536233,87.89540511411454,Historical,June,Moderate,Low,Airport,15.8
Himachal Pradesh,31.166892155688917,77.194597093565,Beach,June,Hot,Low,Road,22.91
Kerala,10.881871685402533,76.2673774099486,Hill Station,March,Cold,Medium,Road,21.36
Himachal Pradesh,31.157569650330014,77.32446929323382,Historical,June,Moderate,Medium,Airport,14.33
Tamil Nadu,11.180905437643485,78.64417097902589,City,July,Moderate,Medium,Airport,20.44
Punjab,31.184769484867637,75.486297632295,Religious,January,Moderate,Medium,Railway Station,12.68
Delhi,28.780069612443963,76.98277802692725,Beach,August,Hot,Low,Railway Station,23.81
West Bengal,22.94585319414219,87.85344618412635,City,July,Moderate,Medium,Road,20.13
Himachal Pradesh,31.012930563907993,77.28299361476076,Wildlife,September,Moderate,Medium,Airport,33.29
Rajasthan,27.066926137114006,74.22771077749412,Hill Station,November,Cold,High,Airport,26.15
Rajasthan,26.97759405292217,74.00685635136189,Wildlife,February,Hot,Medium,Railway Station,32.05
Himachal Pradesh,31.1063422970889,77.0879533493733,Historical,May,Moderate,Medium,Railway Station,20.62
Delhi,28.688476560614696,77.16428554137566,Hill Station,March,Cold,Low,Road,19.85
Maharashtra,19.596388294140088,75.7645382538488,Beach,February,Hot,High,Airport,34.86
Goa,15.256205939220619,73.92709844371787,Beach,December,Hot,High,Road,32.11
Goa,15.224136372898071,74.08898718284824,Hill Station,October,Cold,High,Railway Station,31.31
Tamil Nadu,11.05826597107514,78.7135635137015,Beach,March,Hot,Medium,Road,31.81
Himachal Pradesh,31.167014097370064,77.22863771930093,Beach,February,Hot,High,Railway Station,30.93
West Bengal,22.987648634071157,87.98908216152681,Hill Station,September,Cold,Medium,Airport,24.15
Uttarakhand,30.097725026955246,79.07021626800767,Historical,September,Moderate,Medium,Railway Station,19.56
Tamil Nadu,11.209572637990643,78.75477111111739,Historical,August,Moderate,Medium,Airport,15.72
Tamil Nadu,10.995234409078213,78.63751448437027,Beach,December,Hot,High,Railway Station,34.64
Rajasthan,27.178894129934697,74.29211389233807,Hill Station,October,Cold,Medium,Road,26.6
Tamil Nadu,11.0609259591767,78.7539248514668,City,June,Moderate,Low,Airport,13.66
Goa,15.364338369139585,74.01261911149858,Wildlife,May,Hot,Medium,Railway Station,30.85
Goa,15.511548341068709,73.9705909830049,Religious,January,Moderate,High,Railway Station,21.71
Tamil Nadu,11.413810681718799,78.69478512292349,Historical,April,Moderate,Low,Road,10.39
Goa,15.392247906209354,74.16010019461771,Wildlife,April,Moderate,Medium,Road,26.68
Kerala,10.800361391092272,76.299363385626,Wildlife,July,Hot,Medium,Railway Station,28.95
Punjab,30.98297251268043,75.306627632651,City,November,Moderate,Medium,Road,21.66
Tamil Nadu,11.110584587697163,78.8105317573818,Beach,August,Hot,Medium,Airport,28.28
Rajasthan,26.89440812226007,74.09342868636232,Beach,July,Hot,Medium,Airport,31.43
Tamil Nadu,11.010430780406073,78.77095163348461,Hill Station,February,Cold,High,Railway Station,30.41
Rajasthan,26.91908050081163,74.34677121948035,City,April,Moderate,Medium,Railway Station,20.64
Rajasthan,26.863267471864628,74.27861510407793,Religious,June,Moderate,Low,Road,8.54
Maharashtra,19.726868192039674,75.70973575817987,Religious,June,Moderate,Medium,Railway Station,18.2
Rajasthan,26.827557048727147,74.27141210087996,Hill Station,November,Cold,Medium,Road,29.76
Maharashtra,19.765132743204568,75.74244594926813,Religious,January,Moderate,High,Road,25.37
West Bengal,22.937643994384942,88.00080753950411,Wildlife,November,Hot,Medium,Road,31.0
Himachal Pradesh,31.141468677385507,77.13593376909279,Religious,October,Moderate,High,Railway Station,24.29
Rajasthan,26.958274871038952,74.28177392794771,Religious,April,Moderate,Medium,Road,20.37
Goa,15.207240905553041,74.25765551717522,Religious,February,Moderate,Medium,Road,18.28
Delhi,28.618721361997196,77.25291128377009,Wildlife,November,Hot,High,Railway Station,34.6
Goa,15.30186495491891,74.14694419029205,Beach,April,Hot,Medium,Road,30.01
Uttarakhand,30.14315125671748,79.14177245219098,Beach,March,Hot,Low,Road,30.51
Goa,15.263655347917586,74.0731090195285,Historical,March,Moderate,Low,Railway Station,18.48
Punjab,31.129547193740294,75.13150858207749,City,September,Moderate,Medium,Airport,23.67
Kerala,10.906041152584928,76.34575416529873,Beach,May,Hot,Medium,Airport,29.11
Punjab,31.250867954073023,75.39207407198072,Religious,April,Moderate,Medium,Airport,15.31
Himachal Pradesh,31.110538951468726,77.15005290815067,Religious,June,Moderate,Low,Road,11.75
Maharashtra,19.501817000877907,75.7149197682007,Historical,July,Moderate,Medium,Airport,16.48
Uttarakhand,29.876723817462214,78.91291503690073,Religious,May,Moderate,Medium,Railway Station,16.6
West Bengal,23.08297159605132,87.90566221699518,Religious,July,Moderate,Medium,Road,15.27
Delhi,28.817235456552424,77.04502027037532,Religious,May,Moderate,Low,Railway Station,15.11
Uttarakhand,30.03311416507105,78.98010520928058,Historical,July,Moderate,Medium,Road,20.02
Goa,15.133426374815839,74.1690820987623,Religious,November,Moderate,Medium,Railway Station,15.94
Kerala,10.972129388509728,76.21202194226258,City,April,Moderate,Low,Railway Station,12.35
Uttarakhand,30.04862441892198,78.9617159787802,Wildlife,August,Hot,Medium,Railway Station,27.17
Tamil Nadu,11.035768360552852,78.48074926022186,Historical,December,Moderate,High,Road,21.91
Maharashtra,19.767877687119285,75.719372642511,Historical,February,Moderate,Medium,Railway Station,18.6
Kerala,10.898197501866468,75.98728705171705,City,March,Moderate,Low,Airport,15.28
Rajasthan,27.011917915727093,74.25966215163717,City,May,Moderate,Low,Railway Station,13.66
Punjab,31.009795245533493,75.40717747586417,Wildlife,December,Moderate,High,Airport,37.5
Delhi,28.588357470359025,77.00792840747707,City,October,Moderate,Medium,Railway Station,17.81
Maharashtra,19.794552961167703,75.67806490676443,Hill Station,June,Cold,Medium,Airport,25.97
Tamil Nadu,11.150003296059815,78.67999267640396,Wildlife,March,Hot,Medium,Railway Station,30.16
Uttarakhand,30.236877478754092,78.89582052487815,Wildlife,July,Hot,Low,Railway Station,23.48
Goa,15.076328338516586,74.24124249199674,Historical,March,Moderate,Medium,Airport,22.31
Kerala,10.744836178529448,76.34564614547456,Hill Station,August,Cold,Medium,Railway Station,23.27
Rajasthan,27.081308531043966,74.14781570144638,Beach,June,Hot,Low,Road,21.74
Delhi,28.962824913540448,77.23568803042754,Hill Station,May,Cold,Medium,Airport,26.61
Tamil Nadu,11.111315344378868,78.57948750310484,Hill Station,May,Cold,Medium,Airport,26.39
Goa,15.405861525970831,74.00712790884316,Religious,September,Moderate,Low,Road,10.55
Kerala,10.945672484500207,76.26350623628292,Beach,March,Hot,Medium,Railway Station,23.52
Himachal Pradesh,31.241860838149012,77.00301686648338,City,June,Moderate,Medium,Railway Station,21.56
Kerala,10.817939211382607,76.41423126129014,Religious,January,Moderate,High,Railway Station,18.63
Delhi,28.74927753858747,77.10648493041504,Historical,April,Hot,Medium,Road,24.69
West Bengal,22.98289707237505,87.74879633337245,Beach,February,Hot,Medium,Road,32.56
Punjab,31.2020887681902,75.27562026885302,Hill Station,September,Cold,Medium,Road,25.66
Himachal Pradesh,30.908001256124262,77.00722760523662,Historical,September,Moderate,Low,Railway Station,10.24
Rajasthan,26.962167801089116,74.23454383973709,Beach,February,Hot,Medium,Airport,28.18
Uttarakhand,29.915600268689165,78.9968468362232,Religious,September,Moderate,Low,Railway Station,16.28
Himachal Pradesh,31.120915199018732,77.26017669605329,Wildlife,May,Moderate,Medium,Railway Station,26.17
Rajasthan,27.058772968207638,74.33925975623022,Beach,June,Hot,Low,Road,24.9
Goa,15.325955144399117,74.22886590282133,Religious,March,Moderate,Medium,Railway Station,17.71
Maharashtra,19.739234632774533,75.8116908269273,Historical,May,Moderate,Low,Railway Station,13.23
West Bengal,23.127907106234552,87.72683817578944,Hill Station,February,Cold,High,Railway Station,28.18
Kerala,10.854858766394178,76.3230530432516,Religious,March,Moderate,Medium,Road,16.68
Punjab,31.09631129256397,75.477304559766,Religious,September,Moderate,Medium,Railway Station,16.21
Uttarakhand,30.115191194237948,79.04402940534868,Religious,March,Moderate,Low,Airport,17.78
West Bengal,23.042939874639174,87.77902537289414,Historical,August,Moderate,Low,Airport,10.72
Delhi,28.67486828542309,77.08591999818971,Historical,July,Hot,Medium,Road,15.64
Uttarakhand,30.046337351965185,78.84413733303708,Historical,April,Moderate,Medium,Airport,18.17
West Bengal,23.19203954921212,87.92283771996446,Hill Station,February,Cold,High,Railway Station,33.11
Punjab,31.22566842495727,75.28850187316762,Religious,January,Moderate,Medium,Road,13.3
Uttarakhand,30.03044997556345,79.19454240039161,Beach,August,Hot,Medium,Road,29.71
Himachal Pradesh,31.026566660015046,77.1487081163826,Hill Station,June,Cold,Medium,Railway Station,25.18
Maharashtra,19.40199547775114,75.79083867580376,Religious,January,Moderate,High,Airport,17.51
Punjab,31.117427598700647,75.34707759509214,Beach,August,Hot,Medium,Road,32.73
Rajasthan,27.16500694308093,74.11323339413683,Religious,March,Moderate,Medium,Airport,15.39
Goa,15.344617284834635,74.23614870325811,Beach,June,Hot,Medium,Railway Station,30.95
Kerala,10.887183486883215,76.33244432666501,Hill Station,July,Cold,Low,Airport,21.29
Delhi,28.71396799262208,77.16217675799791,City,April,Moderate,Medium,Road,18.84
Himachal Pradesh,30.949028288347037,77.18198070999235,Beach,July,Hot,Low,Road,23.35
Himachal Pradesh,31.170013351084847,77.0650190488673,Historical,March,Moderate,Medium,Airport,13.95
Kerala,10.789836543377739,76.1006084919271,Hill Station,April,Cold,Medium,Railway Station,24.52
Delhi,28.606564671173256,77.05578621161345,City,June,Moderate,Medium,Road,17.44
Rajasthan,26.917291311582126,74.1796453184863,Wildlife,July,Hot,Low,Airport,25.14
Punjab,31.324407800592866,75.274157341163,Wildlife,November,Hot,Medium,Airport,25.19
Delhi,28.69134986813217,76.99923244709821,Religious,November,Moderate,Medium,Railway Station,15.87
Kerala,10.697533097378061,76.39086687498775,City,March,Moderate,Medium,Road,16.24
Uttarakhand,30.16055060366457,78.97351577450581,Wildlife,June,Hot,Medium,Road,31.81
Kerala,10.769284163644844,76.44960297916136,Beach,March,Hot,Medium,Airport,28.12
Rajasthan,26.917340732955743,74.34259119282432,Religious,December,Moderate,High,Railway Station,20.64
Kerala,10.911149262615874,76.27808763835965,Religious,October,Moderate,Medium,Airport,20.22
Maharashtra,19.726872558858247,75.52416226694771,Wildlife,October,Hot,High,Airport,31.83
Punjab,31.197113165082232,75.29773724779854,City,June,Moderate,Medium,Railway Station,21.48
Kerala,10.803567181868244,76.39270517252285,City,April,Moderate,Low,Airport,17.71
Kerala,10.996883816872874,76.36028124316947,Historical,July,Moderate,Medium,Airport,15.76
Maharashtra,19.71217158633862,75.57369993765718,City,January,Moderate,Medium,Railway Station,21.41
Tamil Nadu,11.102894316128912,78.57437197503849,Hill Station,January,Cold,High,Road,28.83
West Bengal,23.035591275212788,87.73159998792602,Hill Station,September,Cold,Medium,Airport,28.76
Tamil Nadu,11.111516550999301,78.90206253718362,Wildlife,August,Hot,Medium,Airport,22.7
Maharashtra,19.845026156497543,75.79341657775365,Beach,April,Hot,Low,Railway Station,24.79
Punjab,31.132225928520086,75.32656513298318,Hill Station,January,Cold,Medium,Railway Station,29.0
Himachal Pradesh,31.088311288233225,76.98626153002833,Beach,July,Hot,Medium,Airport,30.51
Uttarakhand,29.97187865192433,79.04183251795405,Religious,September,Moderate,Medium,Airport,20.33
Maharashtra,19.89022052684128,75.75377503899178,Religious,September,Moderate,Low,Road,12.6
Rajasthan,27.00766872772265,74.06594866617588,Religious,February,Moderate,High,Railway Station,20.54
Tamil Nadu,11.09913478927925,78.5635611884368,Religious,May,Moderate,Low,Road,13.68
Goa,15.25982503796647,74.03843210334742,Historical,August,Moderate,Medium,Airport,19.8
Uttarakhand,30.17158638023464,79.12844757488118,Historical,May,Moderate,Medium,Airport,20.69
Rajasthan,26.918935385390597,74.11101299122618,Beach,April,Hot,Low,Road,28.28
Rajasthan,27.01104104946003,74.03076499707447,Beach,March,Hot,Low,Road,25.58
Maharashtra,19.75470743275572,75.71260063213164,Hill Station,November,Cold,Medium,Airport,25.98
Delhi,28.737011144967322,77.11371797797756,City,May,Moderate,Low,Airport,12.71
Uttarakhand,30.169150744180538,79.0211537390052,Wildlife,November,Moderate,High,Road,27.83
Delhi,28.603589249916197,77.14799055288448,Beach,December,Hot,High,Road,37.03
Rajasthan,26.996342720280857,74.1189855268193,Beach,December,Hot,Medium,Railway Station,31.45
Tamil Nadu,11.133278182319353,78.6698911672672,Hill Station,July,Cold,Low,Airport,20.04
Delhi,28.743838875978145,77.01708657032177,City,April,Moderate,Medium,Railway Station,20.18
Punjab,31.209108658949944,75.25415904649469,Historical,April,Moderate,Low,Road,15.86
West Bengal,22.986270127057974,87.8925231263311,Beach,February,Hot,High,Road,34.5
Himachal Pradesh,31.10396838369796,77.08026530131653,Wildlife,January,Hot,Medium,Railway Station,31.78
Tamil Nadu,11.080371937983179,78.71727890707317,Religious,August,Moderate,Medium,Railway Station,17.34
Himachal Pradesh,31.07916785995006,76.87487371177572,Beach,January,Hot,High,Railway Station,37.41
Uttarakhand,30.17288286869859,79.02652679097689,Beach,September,Hot,Low,Railway Station,25.76
Himachal Pradesh,31.045857777722226,77.20822931726795,Religious,September,Moderate,Medium,Railway Station,18.94
Rajasthan,27.021232473964552,74.09010868934435,Hill Station,November,Cold,High,Airport,29.51
Kerala,10.795520458978277,76.2502814159693,Historical,March,Moderate,Medium,Railway Station,17.99
Punjab,31.314267660663937,75.4045236588792,Wildlife,May,Hot,Medium,Road,22.37
Tamil Nadu,11.097295582580351,78.75636931513215,Beach,October,Hot,Medium,Road,26.95
West Bengal,22.873428083577608,87.75138630806241,Religious,June,Moderate,Medium,Railway Station,17.0
Himachal Pradesh,30.97398784230275,77.09802225414424,City,December,Moderate,Medium,Railway Station,20.43
West Bengal,23.01535231583196,87.83565465676573,Hill Station,June,Cold,Medium,Railway Station,29.66
Goa,15.307631558411115,74.1202652281009,Wildlife,February,Hot,Medium,Airport,29.99
Himachal Pradesh,31.26927816462164,77.26901734355607,City,February,Moderate,High,Railway Station,27.68
Goa,15.344706820607373,74.24872608526944,Hill Station,February,Cold,High,Road,28.66
Uttarakhand,30.118121105042086,79.01264265506697,City,July,Moderate,Medium,Railway Station,16.68
Punjab,31.242368675490816,75.23461258995151,Wildlife,November,Hot,Medium,Airport,30.89
Delhi,28.616006198472533,77.02627226336362,Religious,July,Moderate,Medium,Road,17.82
Kerala,10.987905535432601,76.2596947618852,Wildlife,June,Hot,Medium,Railway Station,27.78
Maharashtra,19.707362638630308,75.70047343265605,Historical,June,Moderate,Medium,Airport,14.52
Punjab,31.226161487750925,75.4459214380212,Historical,January,Moderate,Medium,Airport,16.02
Punjab,31.273246080398877,75.58513342787192,City,March,Moderate,Medium,Railway Station,19.21
Rajasthan,27.244165679288944,74.2086145682891,Religious,January,Moderate,High,Airport,20.73
Delhi,28.63274688637857,77.26688259300892,Religious,August,Moderate,Medium,Airport,14.0
Rajasthan,26.9362410517435,74.04331205887084,Religious,November,Moderate,Medium,Airport,18.09
Rajasthan,27.077363758846516,74.01095607407858,City,February,Moderate,High,Airport,27.23
Delhi,28.655753423608232,77.03508057809952,Beach,December,Hot,High,Railway Station,35.19
Delhi,28.575439087460026,77.06264163356992,Historical,August,Hot,Medium,Road,20.3
Delhi,28.762955905907916,76.98511819606902,Religious,August,Moderate,Medium,Railway Station,11.2
Punjab,31.13695861263585,75.31929746321516,Wildlife,September,Hot,Medium,Railway Station,32.72
Kerala,10.725661218787295,76.26434859924717,Hill Station,March,Cold,Medium,Railway Station,27.27
West Bengal,23.047062123288093,87.85579520533742,Historical,April,Moderate,Low,Airport,13.46
Delhi,28.746845540469696,77.09690959668488,Beach,March,Hot,Medium,Railway Station,29.84
Tamil Nadu,11.18966174317358,78.74254606878314,Religious,January,Moderate,High,Railway Station,23.84
Uttarakhand,30.02827105963888,79.12294323557452,Religious,October,Moderate,Medium,Road,21.07
Maharashtra,19.77906680760362,75.75729720803463,Wildlife,August,Hot,Low,Road,23.75
Maharashtra,19.596738940312036,75.6120454705578,Historical,June,Moderate,Low,Airport,14.01
Kerala,10.956125845344795,76.19748132899115,Religious,November,Moderate,High,Road,25.25
Goa,15.373655159307562,73.99719853698683,Beach,February,Hot,Medium,Road,29.35
Himachal Pradesh,30.98671340601992,77.31192373796081,Religious,July,Moderate,Medium,Railway Station,11.8
Goa,15.266683459191743,74.12103985188905,Beach,January,Hot,High,Road,30.57
Delhi,28.53036719374358,77.06555828287136,Religious,June,Moderate,Medium,Airport,15.56
Kerala,10.873891699233084,76.33598987989654,Hill Station,March,Cold,Medium,Airport,25.07
Rajasthan,26.971645682187244,74.13783222571209,Hill Station,October,Cold,High,Airport,30.68
Uttarakhand,29.991133970856495,79.03417277069644,Hill Station,June,Cold,Medium,Railway Station,26.31
Tamil Nadu,11.185698417975052,78.63259878693741,City,May,Moderate,Medium,Road,19.67
West Bengal,22.855449660673024,87.95387759285215,City,August,Moderate,Medium,Airport,18.99
Punjab,31.324188220766043,75.35860560393431,Hill Station,March,Cold,Medium,Railway Station,29.03
Maharashtra,19.747866906037018,75.63311568980102,Historical,July,Moderate,Medium,Railway Station,16.98
Goa,15.342569099616249,74.15651594256937,Wildlife,November,Hot,High,Railway Station,32.01
West Bengal,22.988358457256965,87.8720873528747,Historical,May,Moderate,Medium,Road,19.87
West Bengal,22.943684493358262,87.85474733391523,Wildlife,August,Hot,Low,Railway Station,23.04
Himachal Pradesh,31.14451604406467,77.07312901457496,Historical,April,Moderate,Low,Railway Station,12.7
Uttarakhand,30.01028686282076,79.14801810467061,Historical,December,Moderate,High,Airport,24.76
Goa,15.254217658892287,74.02418396992601,City,January,Moderate,High,Airport,20.71
Tamil Nadu,11.058861541452844,78.50832605342774,Beach,June,Hot,Low,Railway Station,26.8
Kerala,10.878063296788374,76.06346329696831,Historical,April,Moderate,Medium,Airport,15.71
Delhi,28.690653734447967,77.092426573707,Religious,July,Moderate,Low,Railway Station,11.18
Delhi,28.62703375447155,76.97582126202262,Historical,October,Hot,High,Airport,16.22
West Bengal,22.920399022227752,87.7144271855582,Historical,February,Moderate,Medium,Airport,14.37
Delhi,28.676259301171225,77.0679761174268,Religious,June,Moderate,Medium,Airport,15.26
Delhi,28.744148552524145,77.04219401706021,Religious,July,Moderate,Low,Airport,10.02
Uttarakhand,30.164741574625364,79.04565359332565,Beach,January,Hot,High,Road,34.45
Uttarakhand,29.975556139591774,79.00958457953675,Wildlife,August,Hot,Medium,Road,24.22
Punjab,31.101094075777983,75.42115188490736,Beach,June,Hot,Low,Railway Station,21.41
Himachal Pradesh,31.078418471700434,77.28586654557934,Beach,September,Hot,Medium,Airport,29.91
West Bengal,22.878171082639643,87.97556366088695,Historical,November,Moderate,High,Airport,19.93
Tamil Nadu,11.20011878551878,78.55900599400631,City,April,Moderate,Medium,Airport,18.74
Uttarakhand,30.105484181953347,79.05369321087363,Wildlife,May,Hot,Medium,Road,28.67
Delhi,28.78878536933992,77.17086197510505,Wildlife,October,Hot,Medium,Railway Station,24.76
Delhi,28.74914141613157,77.11734953058011,Historical,June,Hot,Medium,Railway Station,14.62
Tamil Nadu,11.181712674137257,78.55233621327946,Religious,July,Moderate,Medium,Airport,18.14
Goa,15.396455171096846,74.02083016802317,City,May,Moderate,Medium,Railway Station,17.3
Kerala,10.862611586003066,76.31434272808356,City,December,Moderate,High,Railway Station,26.51
Himachal Pradesh,31.283793648630628,77.08616597146997,City,October,Moderate,High,Airport,25.8
Tamil Nadu,11.11709589622694,78.76393518353638,Wildlife,October,Hot,Medium,Road,26.33
Kerala,10.79070506549822,76.09686307737488,Wildlife,April,Hot,Low,Road,14.54
Goa,15.22401619510125,74.35845868200543,City,October,Moderate,High,Railway Station,21.41
Goa,15.122643549247975,74.22782984117696,Beach,October,Hot,Medium,Railway Station,32.28
Tamil Nadu,11.1797805541262,78.602453012674,City,January,Moderate,High,Road,22.54
Maharashtra,19.759962004839355,75.57759038464197,Beach,March,Hot,Medium,Airport,30.95
Punjab,31.27859370453403,75.2539308064086,Wildlife,June,Hot,Low,Road,23.3
Tamil Nadu,11.127729749245496,78.67448937519586,Beach,October,Hot,Medium,Road,34.52
West Bengal,22.934098301261667,87.77772611970501,Religious,April,Moderate,Medium,Road,11.02
Maharashtra,19.96744143713093,75.70512834935415,Religious,September,Moderate,Medium,Road,16.72
Goa,15.210994487839164,74.23641767851123,Hill Station,April,Cold,Low,Airport,24.33
Himachal Pradesh,31.135510457642507,77.17945683070467,Hill Station,October,Cold,High,Railway Station,32.17
Rajasthan,27.1194128605741,74.1045180806246,Hill Station,December,Cold,High,Airport,26.02
Himachal Pradesh,31.133407583562914,77.19284612158837,Historical,January,Moderate,High,Railway Station,25.12
Uttarakhand,30.14398030002742,79.00347851891823,City,September,Moderate,Medium,Railway Station,20.34
Kerala,10.925227608387221,76.25957031110696,City,November,Moderate,High,Road,25.14
Tamil Nadu,11.160840107032467,78.4797245220968,City,June,Moderate,Medium,Railway Station,17.24
Delhi,28.70025694392384,77.09382301906666,Beach,March,Hot,Medium,Airport,27.37
Kerala,10.797253460599281,76.36561547356669,Hill Station,January,Cold,Medium,Railway Station,29.24
Goa,15.326146189986673,74.12657553509233,Wildlife,July,Hot,Low,Railway Station,21.79
Tamil Nadu,11.073407702508026,78.6753366663809,Hill Station,March,Cold,Medium,Road,23.59
Delhi,28.474308746721427,77.1308059546509,Beach,October,Hot,High,Airport,33.97
Punjab,31.34232322197953,75.42974932673921,Beach,December,Hot,High,Railway Station,31.37
Himachal Pradesh,31.08632191673572,77.08058137992364,Beach,February,Hot,High,Airport,35.8
West Bengal,22.967809129292863,87.90832657549792,City,July,Moderate,Medium,Railway Station,21.79
Maharashtra,19.820349454998208,75.55555105988869,Religious,October,Moderate,High,Railway Station,21.82
Kerala,10.81938765560201,76.38194416200825,City,October,Moderate,Medium,Railway Station,18.31
West Bengal,22.965046722162665,87.82395164356875,Hill Station,September,Cold,Medium,Railway Station,21.1
Himachal Pradesh,31.093003241583133,77.11928309032145,Wildlife,October,Hot,Medium,Airport,24.89
Himachal Pradesh,31.127935363654988,77.3248524244785,City,December,Moderate,High,Railway Station,23.45
Maharashtra,19.69152457618412,75.74362916277053,City,April,Moderate,Low,Railway Station,15.78
Uttarakhand,30.13699563337598,79.05994016420367,Historical,July,Moderate,Medium,Airport,15.41
Himachal Pradesh,31.24507643105807,77.24214563978781,Hill Station,April,Cold,Low,Road,19.87
Maharashtra,19.817688960351703,75.73067603184711,City,January,Moderate,High,Airport,20.19
Goa,15.444688448854814,74.33019349560035,Beach,April,Hot,Medium,Railway Station,27.11
Rajasthan,26.92102816439499,74.16012628657658,Religious,December,Moderate,High,Airport,21.51
Punjab,31.260362245777173,75.33927392439266,Beach,April,Hot,Medium,Railway Station,32.93
West Bengal,23.054132227553076,88.01545229462218,City,March,Moderate,Medium,Railway Station,21.54
Tamil Nadu,11.183511692640021,78.69201701427616,Beach,November,Hot,High,Airport,34.37
Punjab,31.132858963984063,75.54503058257598,City,April,Moderate,Low,Road,18.38
West Bengal,22.89606211148335,87.84877689430276,Religious,October,Moderate,High,Railway Station,23.94
Maharashtra,19.817396787301536,75.81793609061715,Religious,December,Moderate,Medium,Road,18.32
Tamil Nadu,11.135105796251107,78.7893569818193,Wildlife,January,Hot,Medium,Airport,29.61
Maharashtra,19.9215288642298,75.5675181415849,Religious,June,Moderate,Medium,Road,19.53
Rajasthan,27.071659110986975,74.27966208143407,Wildlife,May,Hot,Medium,Railway Station,31.62
Delhi,28.500942267568888,77.11511831572537,Hill Station,March,Cold,Medium,Road,28.56
Himachal Pradesh,31.11814844954145,77.12176025153393,Religious,November,Moderate,Medium,Railway Station,17.17
West Bengal,22.942414306050303,87.9219578430505,City,February,Moderate,Medium,Railway Station,22.46
Goa,15.341379888882752,74.11634640607315,Beach,January,Hot,Medium,Railway Station,28.54
Kerala,10.814003391820185,76.16734003044421,City,January,Moderate,Medium,Airport,23.94
Kerala,10.91592407547832,76.3781533573558,Wildlife,June,Hot,Medium,Airport,25.28
Rajasthan,27.11277490428141,74.26926373890002,Beach,September,Hot,Medium,Road,29.4
Goa,15.500537144720614,74.1363712251616,Historical,July,Moderate,Low,Railway Station,13.79
Rajasthan,27.101951172562245,74.07738361400602,Historical,June,Hot,Medium,Road,14.14
Rajasthan,27.12802478330484,74.24322190905532,Beach,April,Hot,Medium,Airport,29.05
Maharashtra,19.61280295520692,75.61515495312764,Beach,October,Hot,High,Airport,34.45
Punjab,31.280808317755678,75.3491915104508,Beach,January,Hot,High,Airport,36.49
Uttarakhand,29.944806910000977,78.9831409534136,Historical,October,Moderate,High,Airport,26.97
Kerala,10.599378733151473,76.23980034178531,Beach,January,Hot,High,Airport,33.48
Punjab,31.07224367799061,75.2506171237183,Beach,April,Hot,Low,Railway Station,25.35
Tamil Nadu,11.242579632793355,78.4915957784996,Historical,August,Moderate,Medium,Airport,22.5
Himachal Pradesh,31.229459631428867,77.2180860116396,Religious,July,Moderate,Low,Railway Station,11.02
Uttarakhand,30.16073053306313,79.15928718787191,Hill Station,August,Cold,Low,Railway Station,20.7
Rajasthan,27.007395281185183,74.09421068124293,Historical,October,Hot,High,Road,22.42
Uttarakhand,30.105016268136083,79.23667594077179,City,April,Moderate,Medium,Road,19.84
Punjab,31.05018806557017,75.35614411526137,Beach,May,Hot,Medium,Road,26.11
Uttarakhand,30.005035464112215,79.08812155675005,Beach,January,Hot,Medium,Airport,28.52
Rajasthan,26.966798850142577,74.05907348565584,Beach,December,Hot,High,Road,28.77
Maharashtra,19.715184952606442,75.76046103440284,City,August,Moderate,Medium,Airport,14.39
Kerala,10.891597616501418,76.25802996732675,Hill Station,April,Cold,Medium,Railway Station,21.59
Rajasthan,26.89090316435498,74.14114293521139,Hill Station,March,Cold,Medium,Road,22.73
Goa,15.30481545573416,74.11614882952382,Historical,February,Moderate,High,Road,21.7
Punjab,31.08662192139682,75.4261730995622,Hill Station,August,Cold,Medium,Road,25.69
Rajasthan,27.089159668394597,74.28504776714321,Beach,November,Hot,Medium,Airport,28.47
Goa,15.378506454992612,74.1681691082386,Hill Station,June,Cold,Medium,Airport,22.96
West Bengal,22.984170379913433,87.71655643960938,Religious,July,Moderate,Low,Railway Station,13.44
Maharashtra,19.69312743416661,75.92194607714384,Historical,December,Moderate,High,Airport,21.7
West Bengal,22.733366380819287,87.85497645150852,Religious,November,Moderate,High,Road,24.25
West Bengal,22.912167685902954,87.97389785216677,City,May,Moderate,Medium,Railway Station,21.89
Himachal Pradesh,31.07721723020961,77.19801802338384,Wildlife,October,Moderate,High,Airport,31.0
Goa,15.304101781715808,74.23273183786586,Hill Station,July,Cold,Medium,Railway Station,23.07
Maharashtra,19.895303088692046,75.76916689670227,Beach,September,Hot,Medium,Railway Station,32.42
Rajasthan,26.921503211513194,74.37854583679787,Religious,August,Moderate,Medium,Road,20.46
Rajasthan,27.089081989118036,74.06011827209605,City,September,Moderate,Medium,Airport,19.35
Rajasthan,27.247368468142554,74.11085170991267,Beach,June,Hot,Medium,Road,33.88
Punjab,31.08768077294611,75.32529133356314,Wildlife,December,Hot,High,Railway Station,35.72
Tamil Nadu,11.066656743884193,78.59157547763033,Historical,September,Moderate,Low,Railway Station,15.29
Goa,15.259444477834874,74.13014663379218,Wildlife,December,Moderate,Medium,Road,27.3
Rajasthan,27.116571591875008,74.23790341621302,Beach,August,Hot,Medium,Airport,34.83
Kerala,10.871463008391828,76.32414674904527,Historical,October,Moderate,High,Airport,24.38
Rajasthan,27.02944963414185,74.46702483300072,Hill Station,March,Cold,Medium,Airport,23.65
Himachal Pradesh,30.992974385535042,77.10388518299729,Hill Station,February,Cold,High,Road,32.19
West Bengal,22.967915554499662,87.84055591639216,Wildlife,January,Hot,Medium,Airport,23.59
Uttarakhand,30.135391111966896,78.98684232602153,Religious,September,Moderate,Medium,Railway Station,21.46
Delhi,28.766754526868016,77.12805728050373,Hill Station,November,Cold,High,Airport,36.29
West Bengal,22.881549108919394,87.86364590900425,Hill Station,August,Cold,Medium,Railway Station,22.94
Punjab,31.204627493336226,75.41779729081546,Religious,April,Moderate,Medium,Road,15.92
Rajasthan,26.884419555410037,74.11562217590122,City,February,Moderate,High,Road,28.8
Delhi,28.673022282121234,77.06989396775481,Wildlife,May,Hot,Low,Road,22.97
Uttarakhand,30.225681041380746,79.28600572308305,Beach,October,Hot,Medium,Railway Station,34.45
Himachal Pradesh,31.167048333456158,77.37419881064702,Historical,February,Moderate,Medium,Airport,15.6
Rajasthan,26.977164442171436,74.25407611077617,Beach,August,Hot,Medium,Railway Station,26.68
Goa,15.31938398386811,74.12275686478182,Beach,April,Hot,Medium,Road,29.59
West Bengal,22.995045702989756,87.75356828190208,Beach,March,Hot,Low,Airport,29.21
Uttarakhand,29.88541175295305,79.22758099902086,City,March,Moderate,Medium,Airport,22.43
Himachal Pradesh,31.012192797230952,77.28690443777751,Historical,March,Moderate,Medium,Railway Station,15.8
Uttarakhand,30.216873638265795,78.93820667753612,Religious,May,Moderate,Medium,Road,20.34
Tamil Nadu,11.0862391786116,78.62653064038936,Beach,April,Hot,Medium,Road,27.78
Punjab,31.051501808388874,75.4339813678572,Religious,September,Moderate,Medium,Airport,7.79
Kerala,10.73944287848262,76.40994386811552,City,May,Moderate,Low,Railway Station,13.63
West Bengal,23.018052481582323,87.96534975012723,Hill Station,May,Cold,Medium,Road,29.83
Maharashtra,19.860159270937285,75.70133093797374,Historical,September,Moderate,Low,Road,13.41
Delhi,28.72894732179971,77.14835508587852,City,January,Moderate,High,Railway Station,28.95
West Bengal,22.876988687778915,87.77109709640939,Hill Station,March,Cold,Medium,Airport,28.86
Uttarakhand,30.076019691658775,78.81267853689901,Wildlife,November,Hot,Medium,Railway Station,27.87
Maharashtra,19.802781956365823,75.73339902920995,Religious,June,Moderate,Low,Airport,9.96
Delhi,28.667093134776024,77.00106721113579,City,April,Moderate,Low,Road,12.42
West Bengal,23.053663857051106,87.83775131158261,Historical,May,Moderate,Low,Road,12.79
Rajasthan,27.02002264305655,74.05673953555248,Historical,July,Hot,Medium,Road,17.1
Kerala,11.018899333751907,76.2527417710507,Beach,October,Hot,High,Road,39.1
Uttarakhand,30.234457656695167,79.34099835867902,Historical,April,Moderate,Medium,Railway Station,19.11
Rajasthan,27.21295803383936,74.19424270613054,Historical,August,Hot,Medium,Railway Station,16.73
Uttarakhand,30.08539811164947,78.97527176166199,Beach,March,Hot,Low,Railway Station,30.85
Delhi,28.76042918957712,77.05132360432664,Beach,January,Hot,High,Railway Station,36.52
Himachal Pradesh,31.093757047926424,77.02292867269736,Historical,June,Moderate,Medium,Road,19.73
Himachal Pradesh,31.08012374611399,77.33541116050064,Beach,October,Hot,Medium,Airport,28.98
Punjab,30.918812613488036,75.46226968400431,Religious,June,Moderate,Medium,Road,19.57
Rajasthan,27.060383055706588,73.97727218619698,Beach,October,Hot,Medium,Railway Station,34.11
Himachal Pradesh,31.019939893256947,77.04410034866142,Hill Station,June,Cold,Medium,Railway Station,27.65
Kerala,10.883489259738122,76.32546808988768,Hill Station,March,Cold,Low,Road,22.7
Uttarakhand,30.156149676322354,78.88060533786646,City,November,Moderate,Medium,Road,23.3
Delhi,28.744951606498777,77.00635108009386,Historical,April,Hot,Medium,Railway Station,14.68
Kerala,10.776979244414449,76.16832397490576,Historical,November,Moderate,Medium,Road,14.99
Rajasthan,26.98918235504058,74.2044948563803,Religious,July,Moderate,Medium,Airport,20.44
Delhi,28.64019479476896,76.9834901644913,Religious,May,Moderate,Medium,Road,17.63
Rajasthan,27.084531258066832,74.0631468974511,Hill Station,July,Cold,Low,Railway Station,23.55
Himachal Pradesh,31.149026852235963,77.23062353666923,City,November,Moderate,High,Railway Station,26.59
Delhi,28.43804770046067,77.15825874056748,Wildlife,January,Hot,Medium,Road,24.8
Maharashtra,19.677222002926673,75.61899139717148,City,February,Moderate,High,Airport,27.95
Kerala,10.75702587947582,76.3356469524949,Religious,February,Moderate,High,Airport,25.02
Maharashtra,19.666049052227006,75.54114389623636,Hill Station,January,Cold,High,Railway Station,28.51
Delhi,29.025637419621283,77.13570591209492,Wildlife,April,Moderate,Medium,Road,29.59
Rajasthan,26.971822273174645,74.20057751567367,Hill Station,November,Cold,High,Airport,30.71
Rajasthan,27.016989942565782,74.1999070847068,Beach,February,Hot,Medium,Airport,29.59
Himachal Pradesh,31.13821869322989,77.10812748868724,City,December,Moderate,High,Railway Station,31.27
Maharashtra,19.82984311866439,75.73157636999721,Religious,February,Moderate,High,Road,20.79
Uttarakhand,30.035842372642026,79.0132259343113,Wildlife,March,Hot,Medium,Railway Station,27.16
Maharashtra,19.663708691638973,75.86065451276792,Historical,September,Moderate,Medium,Railway Station,22.2
Tamil Nadu,11.012871749127356,78.84123871640718,City,January,Moderate,Medium,Airport,23.73
Delhi,28.665422480270173,77.02399492585089,Hill Station,September,Cold,Medium,Railway Station,25.85
Goa,15.262109993972967,74.12235724272689,Wildlife,September,Moderate,Medium,Airport,30.42
Tamil Nadu,11.151567034907096,78.6767022800578,City,May,Moderate,Medium,Airport,17.86
Punjab,31.31664875051353,75.58177542736621,Hill Station,July,Cold,Low,Airport,19.95
Delhi,28.753364796952468,77.09212870810079,Wildlife,August,Hot,Low,Railway Station,23.63
Maharashtra,19.605547662594436,75.72367947828197,Historical,April,Moderate,Medium,Railway Station,17.57
Maharashtra,19.75481810412104,75.63768508924932,City,December,Moderate,Medium,Railway Station,18.94
Tamil Nadu,10.99113209123139,78.53477129943344,City,July,Moderate,Low,Road,16.79
Goa,15.282611409315033,74.01681210091706,Religious,February,Moderate,High,Road,19.39
Tamil Nadu,11.031114039484674,78.5712892159606,Religious,March,Moderate,Low,Airport,14.95
Goa,15.35321201720709,74.10884159122357,Religious,March,Moderate,Medium,Airport,18.22
Delhi,28.701105655294224,76.95775335827261,Beach,December,Hot,High,Railway Station,34.88
Rajasthan,27.068669520021857,74.11058645733269,Beach,February,Hot,High,Airport,39.29
Rajasthan,26.90066330739062,74.1212309891075,Hill Station,May,Cold,Low,Road,18.84
Himachal Pradesh,30.991422314347417,77.11073846909271,Hill Station,May,Cold,Low,Airport,20.03
Delhi,28.700178618607566,76.99742768048057,City,September,Moderate,Low,Airport,13.23
Himachal Pradesh,31.12561067459051,77.1943473897843,City,December,Moderate,Medium,Railway Station,16.84
Maharashtra,19.808882184689207,75.48967900997273,Wildlife,December,Hot,Medium,Airport,27.43
Himachal Pradesh,30.986593792612354,77.22560455362448,Historical,October,Moderate,Medium,Railway Station,21.64
Rajasthan,26.97651735791567,74.1555998684107,Historical,October,Hot,Medium,Road,19.29
Delhi,28.789391834212363,77.05429874013694,Wildlife,May,Moderate,Medium,Road,26.28
Maharashtra,19.5713933895282,75.79280574680831,Hill Station,November,Cold,High,Airport,28.32
Maharashtra,20.02067946738145,75.8196042261196,Religious,April,Moderate,Medium,Airport,18.97
Maharashtra,19.728346057688253,75.71199112497641,Hill Station,January,Cold,Medium,Airport,29.01
Tamil Nadu,11.329696360254907,78.5462364687452,Historical,July,Moderate,Medium,Airport,18.75
Rajasthan,26.905022180820144,74.29460441288752,Religious,January,Moderate,High,Airport,25.56
Punjab,31.027144589569254,75.30239573821504,City,April,Moderate,Medium,Road,10.21
Rajasthan,26.89282167343215,74.18623970116788,Wildlife,June,Moderate,Low,Airport,23.24
Maharashtra,19.865160588653318,75.65515575565759,Historical,April,Moderate,Medium,Airport,14.38
Punjab,31.262535252085485,75.47773527245968,City,November,Moderate,High,Airport,21.03
Uttarakhand,29.943584197525198,79.03046108572447,Beach,May,Hot,Low,Airport,26.8
Maharashtra,19.701147781270006,75.58197779053789,Beach,September,Hot,Medium,Road,27.21
Punjab,31.033284935491693,75.34192171460879,City,September,Moderate,Low,Road,14.36
Rajasthan,26.976262884891984,74.27035416745817,Historical,October,Hot,Medium,Airport,20.28
Delhi,28.539904465204533,77.07360544983842,Wildlife,January,Hot,Medium,Airport,25.18
West Bengal,22.882046721896298,88.01623121400237,Historical,September,Moderate,Low,Road,16.65
Tamil Nadu,11.227886835419152,78.79117415562735,Beach,August,Hot,Medium,Railway Station,24.28
Kerala,10.792033812132576,76.41584548323462,Beach,March,Hot,Medium,Road,26.8
Kerala,10.722401207626255,76.18550315480361,Wildlife,October,Hot,High,Railway Station,31.58
Kerala,10.77423643936235,76.25489595409377,Beach,August,Hot,Medium,Railway Station,27.34
Himachal Pradesh,31.35286655578623,77.09727407588674,Wildlife,June,Hot,Medium,Road,28.49
Himachal Pradesh,30.911408518832257,77.02398502048574,Religious,September,Moderate,Medium,Railway Station,16.97
Rajasthan,27.02740328730952,74.1838812796274,Historical,August,Hot,Medium,Airport,17.51
Kerala,11.001497398797701,76.31607826179444,Historical,September,Moderate,Medium,Railway Station,16.55
Himachal Pradesh,31.206533854197147,77.27480477909451,Hill Station,February,Cold,Medium,Airport,23.94
Rajasthan,26.885756791775687,74.20036535850558,Religious,September,Moderate,Medium,Airport,15.58
Kerala,10.807126703268867,76.16412256031293,Beach,December,Hot,Medium,Road,25.94
Rajasthan,27.168468616948733,74.10157601712497,Hill Station,November,Cold,Medium,Road,27.41
Maharashtra,19.791946436288434,75.8085860773014,Religious,April,Moderate,Medium,Railway Station,18.47
Rajasthan,27.070261996034514,74.09145447410742,Historical,December,Hot,Medium,Road,18.96
Himachal Pradesh,31.07581601073227,77.19172355990351,Wildlife,August,Hot,Medium,Railway Station,24.67
Punjab,31.07117637056384,75.37109086772907,Historical,August,Moderate,Medium,Railway Station,18.75
Tamil Nadu,11.178810637700941,78.66643090331756,Hill Station,November,Cold,Medium,Airport,26.01
Tamil Nadu,11.123253560949669,78.70708095249542,Religious,December,Moderate,High,Railway Station,24.3
Delhi,28.568670707367307,77.18386165364515,Beach,January,Hot,Medium,Road,34.36
Maharashtra,19.823041404124403,75.7390963604128,Wildlife,February,Hot,High,Road,37.31
Goa,15.357675014366302,74.13450507822657,Beach,February,Hot,High,Road,35.67
Rajasthan,26.97344621366842,74.26131612387789,Historical,October,Hot,High,Railway Station,24.72
Tamil Nadu,11.09587562022039,78.58917133032469,Hill Station,August,Cold,Medium,Road,19.4
Himachal Pradesh,31.21395675392245,77.11271319839555,City,October,Moderate,High,Railway Station,24.38
Delhi,28.632454148363873,77.20173547312469,Wildlife,November,Hot,High,Airport,33.28
Maharashtra,19.68046892518737,75.67190856776847,Religious,May,Moderate,Low,Railway Station,12.91
West Bengal,22.988949690568994,87.70873650962682,Beach,December,Hot,High,Road,35.02
Punjab,31.339334583766664,75.46616303141701,Religious,December,Moderate,Medium,Airport,16.79
Tamil Nadu,10.97515881239662,78.57238018859144,Historical,June,Moderate,Medium,Road,19.67
Tamil Nadu,11.142091770305786,78.5404389726274,Wildlife,July,Hot,Low,Airport,27.26
Delhi,28.734229707830657,77.11568261754812,City,October,Moderate,High,Airport,22.89
Rajasthan,27.028615555421954,74.31466113661222,City,August,Moderate,Medium,Airport,19.23
Goa,15.292614714244849,74.04970120973279,Wildlife,September,Hot,Low,Road,22.47
Delhi,28.556487739508732,77.06668440740276,Beach,June,Hot,Medium,Railway Station,27.7
Kerala,10.527792801573325,76.24819831725618,Wildlife,May,Hot,Low,Road,24.53
Tamil Nadu,11.207866088767805,78.6259715706687,Religious,November,Moderate,High,Airport,18.84
West Bengal,23.052576090854465,87.76396023163808,Religious,May,Moderate,Medium,Airport,17.21
Delhi,28.618274187753677,77.05276590923977,Wildlife,January,Hot,Medium,Railway Station,29.77
Goa,15.365689312609614,74.21045158657687,Religious,August,Moderate,Medium,Airport,13.8
Delhi,28.723246410222806,77.00345142007524,Historical,July,Hot,Medium,Road,19.2
Goa,15.187254101756155,74.13552922695702,Hill Station,August,Cold,Medium,Road,21.11
Delhi,28.50550385683099,77.07628534602794,Historical,August,Hot,Medium,Airport,18.61
Maharashtra,19.582905079893074,75.56557310095515,Hill Station,September,Cold,Low,Road,23.4
West Bengal,23.107891804731498,87.72433307690235,City,November,Moderate,Medium,Road,19.68
West Bengal,23.110305573550757,88.04371059829533,City,September,Moderate,Medium,Railway Station,23.11
Delhi,28.647433439459103,77.03158087274863,Wildlife,May,Hot,Medium,Railway Station,28.24
Goa,15.440541453121833,74.0744393092667,Hill Station,September,Cold,Medium,Airport,22.34
Delhi,28.804495468339095,77.09165226815725,Wildlife,May,Hot,Medium,Airport,33.72
Tamil Nadu,11.134815802563168,78.56880505900024,Historical,April,Moderate,Medium,Railway Station,19.56
West Bengal,23.08728312570109,87.87946091718105,Wildlife,November,Moderate,Medium,Railway Station,34.04
Kerala,10.853458542672907,76.4034630168555,Historical,December,Moderate,High,Road,30.49
Maharashtra,19.837244638817655,75.78440125712466,Wildlife,February,Moderate,High,Railway Station,34.54
Goa,15.243702287378362,74.16653755812564,Wildlife,September,Moderate,Low,Airport,22.79
Goa,15.364393162249996,74.26219493215339,City,June,Moderate,Low,Airport,10.64
Delhi,28.778814712484298,77.19517891550188,Beach,November,Hot,High,Road,37.74
Maharashtra,19.821068671107614,75.72650657178404,Historical,January,Moderate,High,Railway Station,25.33
Rajasthan,27.154315857099874,74.01462506451678,Hill Station,January,Cold,Medium,Airport,25.79
Tamil Nadu,11.395630530883588,78.69956948423044,Beach,August,Hot,Medium,Airport,30.96
Tamil Nadu,11.20614665831645,78.39721937956162,Historical,May,Moderate,Medium,Road,18.32
Delhi,28.669027287143212,77.17578649768194,Hill Station,January,Cold,High,Road,33.21
Rajasthan,27.202840897351702,74.08453536433979,City,September,Moderate,Medium,Railway Station,24.22
Uttarakhand,30.03379602169867,79.15971034352052,Wildlife,February,Hot,High,Airport,33.32
Punjab,31.32996621280294,75.37805481057514,Wildlife,September,Hot,Medium,Road,25.42
Maharashtra,19.557119515310717,75.72294249279653,Beach,November,Hot,High,Airport,32.63
Uttarakhand,29.922189727198145,79.01120744390414,Historical,May,Moderate,Low,Road,11.72
Maharashtra,19.7792916795919,75.62906871036893,Wildlife,April,Hot,Medium,Road,28.62
Delhi,28.62352141030261,76.96300111014195,Religious,August,Moderate,Low,Railway Station,18.43
Himachal Pradesh,31.006932995797804,76.96646816491523,Wildlife,June,Hot,Medium,Railway Station,33.37
Kerala,10.708781458220523,76.20218165086237,Hill Station,March,Cold,Low,Railway Station,23.79
Uttarakhand,30.044023871128765,79.17700748223272,Hill Station,January,Cold,Medium,Airport,22.61
Kerala,10.961852709504244,76.31246416944109,Hill Station,November,Cold,High,Railway Station,32.88
Tamil Nadu,11.027220312499432,78.52169635729321,Religious,July,Moderate,Low,Airport,12.54
Delhi,28.79634277506183,77.12098328883592,Wildlife,June,Hot,Medium,Road,31.19
Kerala,10.95648283566838,76.18596422996451,Hill Station,June,Cold,Low,Railway Station,23.57
Goa,15.099471332346226,74.19701571640314,Hill Station,September,Cold,Medium,Railway Station,24.96
Delhi,28.6601046007779,77.02265527744984,Beach,August,Hot,Medium,Road,32.43
Goa,15.42946256381304,74.04159323325894,Historical,August,Moderate,Medium,Road,10.91
Punjab,31.28414018011389,75.49791953142697,Wildlife,August,Moderate,Medium,Road,33.57
Punjab,31.030237131714298,75.33222798108996,Religious,February,Moderate,High,Road,16.66
West Bengal,22.966632197248888,87.72555790284133,Beach,July,Hot,Medium,Road,26.12
Punjab,31.242791157094096,75.56771485362617,Hill Station,February,Cold,High,Road,34.02
Kerala,10.913530591645744,76.37167316530608,Historical,June,Moderate,Medium,Road,19.78
Himachal Pradesh,31.146090609047043,76.98401937476645,Hill Station,April,Cold,Low,Railway Station,19.44
Goa,15.253843357745824,74.03603043205298,City,May,Moderate,Medium,Airport,21.64
Delhi,28.951475915711256,76.97621497598516,Wildlife,January,Hot,Medium,Railway Station,32.18
West Bengal,22.929009050834814,87.82012213507112,City,November,Moderate,High,Railway Station,25.44
Tamil Nadu,11.136085575524257,78.56714827905502,Wildlife,July,Hot,Medium,Railway Station,28.42
Rajasthan,27.039869560865693,74.35183961224392,City,January,Moderate,High,Railway Station,25.39
Rajasthan,27.109833933294066,74.07717301405614,Beach,February,Hot,Medium,Railway Station,28.09
Uttarakhand,30.194256969693523,79.10394716339275,Wildlife,October,Moderate,High,Railway Station,31.33
West Bengal,23.087688613676676,87.90478127664133,Beach,June,Hot,Low,Railway Station,22.29
Rajasthan,27.005701752205663,74.25503069185677,Beach,March,Hot,Medium,Airport,35.67
Delhi,28.676510160574114,77.12870581825575,Hill Station,June,Cold,Medium,Airport,24.05
Kerala,10.73106131146322,76.15354916869495,Religious,November,Moderate,Medium,Road,12.73
Goa,15.274642608687852,74.10549891225014,Historical,January,Moderate,High,Railway Station,25.12
West Bengal,23.019497408495234,87.99931969868803,City,August,Moderate,Medium,Railway Station,12.91
Goa,15.553589644574364,74.18763688547799,Wildlife,May,Hot,Medium,Road,29.59
Uttarakhand,29.988450965832495,78.93000094829198,City,October,Moderate,High,Airport,22.47
Delhi,28.688166458884606,77.10324663205938,Historical,June,Hot,Medium,Airport,12.54
Himachal Pradesh,31.05944099145782,77.03474049934428,Beach,September,Hot,Medium,Airport,30.14
Uttarakhand,30.1822655905389,78.95078015765392,Hill Station,August,Cold,Medium,Airport,22.77
Rajasthan,27.078251322242846,74.22929935893917,City,June,Moderate,Low,Road,19.04
Uttarakhand,29.981573380901967,79.05990193396798,Beach,February,Hot,Medium,Airport,30.25
Delhi,28.713828466512627,77.01522165721464,Hill Station,January,Cold,Medium,Road,23.71
Kerala,10.916552888710958,76.24860140114721,Historical,March,Moderate,Medium,Road,20.87
Rajasthan,27.165222067269035,74.10454291789526,Hill Station,February,Cold,High,Road,32.04
West Bengal,23.04964491796282,87.85546872473718,Beach,November,Hot,High,Airport,33.3
West Bengal,23.112837851814003,87.77886726515389,Historical,March,Moderate,Low,Railway Station,12.15
Goa,15.248226831798359,74.1998307426275,Wildlife,November,Hot,High,Road,33.79
Kerala,10.762246294085285,76.23494026183235,Wildlife,June,Hot,Medium,Road,27.37
Uttarakhand,30.103200488253886,78.95488231444321,Religious,November,Moderate,High,Railway Station,25.99
Maharashtra,19.690922458510144,75.54146563196035,City,March,Moderate,Medium,Airport,17.24
Delhi,28.76732204387036,77.01580203681536,Religious,May,Moderate,Low,Airport,15.51
Uttarakhand,30.119450311810812,78.86503180100274,Beach,December,Hot,High,Railway Station,33.72
Himachal Pradesh,31.006044340290774,77.06457518964639,Historical,February,Moderate,High,Road,26.88
Uttarakhand,30.130815344235714,78.93810267072718,Historical,June,Moderate,Low,Road,14.68
Himachal Pradesh,30.89095820765935,77.16037380236911,Historical,February,Moderate,High,Airport,20.85
Uttarakhand,30.17486212089542,79.09717397853596,Hill Station,September,Cold,Medium,Road,23.22
Punjab,31.16617719305925,75.34113768231002,City,May,Moderate,Low,Road,15.98
Himachal Pradesh,31.18013738838313,77.20952821062004,City,August,Moderate,Low,Railway Station,10.81
Goa,15.372495627749005,74.1588985033294,City,August,Moderate,Medium,Airport,21.17
Uttarakhand,30.056379308638498,79.10047403137672,Religious,April,Moderate,Medium,Railway Station,16.4
Rajasthan,27.00592325798518,74.12303337761566,City,August,Moderate,Low,Road,10.72
Goa,15.359505252321012,74.09082266062552,Hill Station,August,Cold,Medium,Airport,23.61
Uttarakhand,30.148790077675887,78.97123195900235,Wildlife,May,Hot,Medium,Road,28.07
Delhi,28.724338350198792,77.06458633048855,Historical,April,Hot,Low,Railway Station,15.77
Goa,15.206174745895963,74.14175166202436,Wildlife,April,Hot,Medium,Airport,23.3
Uttarakhand,30.233521160085175,79.23880120291278,Beach,August,Hot,Low,Road,22.45
Maharashtra,19.637441606705444,75.76855614854044,Hill Station,April,Cold,Medium,Airport,25.13
Himachal Pradesh,31.20691605545364,77.23956997370489,Wildlife,April,Hot,Medium,Railway Station,21.91
Himachal Pradesh,31.100070935429148,77.09974517774592,Hill Station,December,Cold,High,Airport,32.5
Kerala,10.768234049381128,76.28680248172348,Religious,September,Moderate,Medium,Road,16.94
Rajasthan,26.96882915978433,74.2507220331981,Historical,January,Hot,High,Road,26.04
West Bengal,23.034384037684397,87.72727423315601,Wildlife,September,Hot,Medium,Airport,25.9
Maharashtra,19.91849512829787,75.71951815167807,Hill Station,June,Cold,Medium,Airport,29.56
West Bengal,23.02897970405821,88.02673945512518,Wildlife,August,Moderate,Medium,Airport,29.43
Punjab,31.19148612307304,75.25945060587853,City,September,Moderate,Medium,Railway Station,23.62
Rajasthan,27.118884359934025,74.1645963713452,City,November,Moderate,High,Airport,27.44
Uttarakhand,30.017494750352967,78.86267346329042,Beach,February,Hot,High,Railway Station,33.44
Goa,15.433106592697904,74.21094263781696,Historical,June,Moderate,Low,Road,14.54
Kerala,10.903712399134996,76.3585991185368,City,December,Moderate,Medium,Airport,17.64
West Bengal,22.83576702305857,87.7461482778466,Wildlife,January,Moderate,High,Airport,31.59
Maharashtra,19.552686818580835,75.74821106634313,Wildlife,February,Hot,High,Railway Station,36.25
Tamil Nadu,11.13160692148532,78.4526129094079,Religious,August,Moderate,Medium,Airport,19.44
Goa,15.036447885960206,74.03212925238519,City,July,Moderate,Low,Railway Station,18.01
Himachal Pradesh,30.927872991770123,77.19635933692825,Religious,August,Moderate,Low,Railway Station,13.68
Tamil Nadu,11.35960550158756,78.81039462740314,Beach,October,Hot,Medium,Railway Station,29.09
Delhi,28.88665636851581,77.16960460465957,Hill Station,May,Cold,Medium,Airport,26.49
Kerala,11.02895107677245,76.29572082277541,Historical,March,Moderate,Low,Road,10.75
Delhi,28.842514012404646,77.13261869580778,Wildlife,May,Hot,Low,Railway Station,29.04
Tamil Nadu,11.149497890215303,78.61737821242666,City,June,Moderate,Medium,Airport,24.67
Delhi,28.685459164811096,77.08806612734803,Wildlife,October,Moderate,High,Road,34.71
Punjab,30.99356237264243,75.32011546572743,Religious,January,Moderate,Medium,Airport,18.32
Punjab,31.083960057972917,75.30083068805344,Wildlife,October,Hot,High,Road,35.94
Uttarakhand,30.13402546490031,78.95997948740806,Historical,April,Moderate,Medium,Road,13.18
Punjab,31.171222526681515,75.4044683376969,Wildlife,April,Hot,Medium,Road,29.67
Uttarakhand,29.866731212024646,78.97021758170227,Beach,February,Hot,High,Road,34.49
Himachal Pradesh,31.062120860460148,77.10083765813629,Wildlife,October,Hot,High,Railway Station,35.69
Maharashtra,19.749830676046543,75.70035110586484,City,May,Moderate,Medium,Airport,22.29
Goa,15.364194041620797,74.24847893860995,Historical,May,Moderate,Medium,Road,15.25
Maharashtra,19.834387514825654,75.90705077347268,Wildlife,May,Hot,Medium,Road,27.45
Delhi,28.646064362467865,77.00393954164723,Religious,August,Moderate,Medium,Road,17.42
Uttarakhand,29.944523657677614,79.04934668223059,Historical,March,Moderate,Medium,Road,23.95
Uttarakhand,29.952169293200555,78.95237892798889,Historical,June,Moderate,Low,Road,10.37
Delhi,28.73570781921536,77.27326867171534,City,September,Moderate,Low,Airport,13.05
Maharashtra,19.86388067608051,75.91234151182374,Religious,February,Moderate,High,Road,19.3
Punjab,31.046216871754936,75.27439560921515,Beach,March,Hot,Low,Airport,28.51
West Bengal,22.977699260711294,87.70443061278313,Religious,October,Moderate,High,Railway Station,24.3
Maharashtra,19.525190545941093,75.91842586250722,Wildlife,November,Hot,Medium,Road,29.27
Himachal Pradesh,31.185019178268313,77.09630459905271,Beach,May,Hot,Medium,Road,33.75
Maharashtra,19.671442195314718,75.70853855845125,Beach,November,Hot,High,Road,36.91
West Bengal,22.769687562244354,87.86488435083895,Hill Station,August,Cold,Medium,Airport,19.57
Uttarakhand,30.094741553460363,79.11311093589705,Wildlife,September,Moderate,Medium,Railway Station,30.56
Goa,15.43869025239839,74.12239605385957,City,February,Moderate,High,Railway Station,30.89
Kerala,10.945416506269035,76.2099937285435,Historical,August,Moderate,Medium,Airport,18.64
Maharashtra,19.644459500721105,75.75466456555588,Historical,September,Moderate,Medium,Airport,22.86
Himachal Pradesh,30.93509801866765,77.1397814196378,Beach,December,Hot,High,Airport,36.38
Punjab,30.996872683793438,75.42755582457245,Beach,September,Hot,Medium,Road,30.57
Uttarakhand,30.0753825840013,79.02958826761368,Historical,September,Moderate,Low,Airport,8.97
Himachal Pradesh,31.11129329785727,77.12764458186186,Wildlife,April,Hot,Medium,Road,25.09
West Bengal,22.99892977092222,87.79870172861231,Wildlife,February,Hot,High,Railway Station,34.62
Uttarakhand,30.17042443550014,79.05465080192666,Wildlife,January,Hot,High,Airport,34.78
Delhi,28.673995550455714,76.92261406112333,Religious,December,Moderate,High,Road,28.54
Rajasthan,27.022166423764638,74.24994767894115,Hill Station,August,Cold,Medium,Railway Station,18.59
Delhi,28.552840853346797,77.0236274048902,Hill Station,June,Cold,Medium,Railway Station,25.23
Rajasthan,26.82827147155886,74.33980316718318,Wildlife,July,Hot,Medium,Railway Station,26.06
Delhi,28.75478269113778,77.22949534889551,Beach,April,Hot,Low,Railway Station,26.42
Himachal Pradesh,31.06003765344737,77.2159579115579,Religious,November,Moderate,High,Railway Station,18.38
Maharashtra,19.869381897318206,75.89803130277173,Wildlife,January,Hot,High,Road,36.11
West Bengal,22.914899522277494,87.9312733046132,Religious,January,Moderate,Medium,Road,18.34
Uttarakhand,29.952270897979005,79.12475940642878,Beach,March,Hot,Medium,Road,29.31
Tamil Nadu,11.234574125022084,78.53019980238787,Hill Station,December,Cold,Medium,Road,28.33
Himachal Pradesh,31.150676552116995,77.31833589716835,Hill Station,October,Cold,High,Airport,29.52
Delhi,28.505088326275107,77.01395796439051,Hill Station,January,Cold,Medium,Airport,26.79
Maharashtra,19.62023507447098,75.80608503704288,Beach,October,Hot,High,Railway Station,38.44
Goa,15.411345049151054,74.12211803216385,Beach,November,Hot,High,Railway Station,35.42
Uttarakhand,30.068160407332087,79.03915730116742,Hill Station,April,Cold,Low,Road,18.65
Tamil Nadu,11.169446249160142,78.60234318497061,Hill Station,October,Cold,High,Airport,27.29
Maharashtra,19.707631989138722,75.79984644152515,City,September,Moderate,Low,Airport,16.45
Maharashtra,19.757789991740665,75.82591894604067,Religious,February,Moderate,Medium,Airport,18.86
Goa,15.396492509366357,74.23934546408793,City,January,Moderate,High,Airport,30.8
Goa,15.413229051765915,74.1233588782628,Beach,December,Hot,High,Railway Station,32.9
Kerala,10.856933404081612,76.19303623775627,Historical,February,Moderate,High,Railway Station,19.29
Maharashtra,20.014128925519522,75.70460915301517,Historical,April,Moderate,Medium,Railway Station,19.76
Tamil Nadu,11.093461354359775,78.53408796599257,Beach,August,Hot,Low,Airport,23.63
Kerala,11.008145800215564,76.32055046297525,Religious,June,Moderate,Medium,Road,16.81
Delhi,28.58821854749126,77.11706161387653,Historical,October,Hot,High,Airport,26.58
Kerala,11.062710945723355,76.38468675163956,City,April,Moderate,Low,Road,12.73
Punjab,31.161090878057745,75.47579996647241,Religious,January,Moderate,High,Road,23.08
Uttarakhand,30.12007064043521,78.96980370914817,Wildlife,June,Hot,Medium,Railway Station,25.63
Himachal Pradesh,30.924802342958095,77.28220388357617,City,November,Moderate,High,Railway Station,22.59
West Bengal,22.944210675788508,87.70735176953038,Religious,April,Moderate,Medium,Airport,15.67
Uttarakhand,30.0221081637714,78.89603374565662,Historical,July,Moderate,Low,Airport,12.63
Delhi,28.782708272469076,76.94782675121131,Historical,October,Hot,Medium,Airport,15.77
Uttarakhand,29.980913975385437,79.17267597683554,City,February,Moderate,High,Airport,22.87
Tamil Nadu,11.145171115594577,78.66122552401917,City,April,Moderate,Medium,Railway Station,23.17
Delhi,28.696889684022967,77.0594324871505,Hill Station,November,Cold,High,Airport,35.23
Maharashtra,19.67296440087937,75.71265239493883,Beach,August,Hot,Medium,Railway Station,33.43
Rajasthan,26.935628980784987,74.16512644291322,Historical,January,Hot,High,Airport,13.97
Maharashtra,19.799342620083447,75.59056802636316,Wildlife,July,Hot,Low,Road,19.53
Tamil Nadu,11.332641574064514,78.83720124437669,Historical,January,Moderate,High,Railway Station,24.59
Kerala,10.906959190120807,76.35012633183813,City,March,Moderate,Medium,Road,17.61
Himachal Pradesh,31.11039402179971,76.97865888883447,Historical,May,Moderate,Medium,Railway Station,15.73
Himachal Pradesh,31.23675588015602,77.30744391359652,Religious,November,Moderate,High,Railway Station,24.66
Himachal Pradesh,31.137220139536375,77.22279039038334,Hill Station,February,Cold,Medium,Road,22.88
West Bengal,22.93829818269737,87.8889885309752,City,November,Moderate,High,Airport,21.5
Uttarakhand,30.067358662086736,78.97392438823886,Wildlife,November,Hot,High,Railway Station,27.77
Tamil Nadu,11.14346059096178,78.57059941523895,City,January,Moderate,High,Railway Station,24.73
Himachal Pradesh,31.14933281621756,77.14176658067602,Hill Station,April,Cold,Low,Road,22.28
Maharashtra,19.777971786811346,75.7222892619346,Wildlife,January,Hot,High,Airport,29.99
West Bengal,23.01604185474351,87.8433680284135,Beach,January,Hot,Medium,Railway Station,29.88
Rajasthan,26.931927336499456,74.36259099448205,Historical,July,Hot,Medium,Airport,18.47
Tamil Nadu,11.250345390797783,78.48329874239231,Beach,September,Hot,Medium,Airport,26.41
Goa,15.335290055767826,73.93104903104583,Religious,May,Moderate,Low,Road,13.88
Goa,15.424725678468015,74.06698973847365,Historical,February,Moderate,High,Road,24.55
Delhi,28.84368616974521,77.32359592112729,Beach,October,Hot,High,Railway Station,33.15
Kerala,10.883882040441328,76.261332906252,Hill Station,October,Cold,High,Railway Station,32.01
Delhi,28.673650854592466,77.10797777669875,Hill Station,July,Cold,Medium,Railway Station,23.38
Tamil Nadu,11.05872688039533,78.55598911786345,City,December,Moderate,High,Road,25.32
Delhi,28.804319265380325,77.04916410427798,Religious,December,Moderate,High,Airport,23.29
Delhi,28.729180081564607,77.15216233119695,Beach,March,Hot,Medium,Road,34.41
Maharashtra,19.806974580824278,75.787902425278,City,October,Moderate,High,Road,27.95
West Bengal,23.0004476607912,87.9149444524827,City,June,Moderate,Low,Railway Station,15.93
Himachal Pradesh,31.212295063870393,77.05521393225311,Religious,April,Moderate,Medium,Railway Station,18.49
Maharashtra,19.76630521375854,75.67421242871664,Religious,August,Moderate,Low,Airport,13.13
West Bengal,23.0362001667303,87.77000333833257,Hill Station,August,Cold,Low,Railway Station,19.66
Kerala,10.798570497473508,76.37946047992065,Hill Station,November,Cold,Medium,Railway Station,27.71
Maharashtra,19.74165561919301,75.91728000495694,Wildlife,February,Hot,Medium,Airport,26.14
Tamil Nadu,11.159166304776264,78.65086020750091,City,December,Moderate,Medium,Airport,20.53
Kerala,10.8346190875631,76.2211293151514,City,April,Moderate,Medium,Road,21.63
Maharashtra,19.820850619743908,75.69921208289047,Wildlife,February,Hot,High,Road,32.34
West Bengal,22.791308151043687,87.87753925820112,Beach,September,Hot,Low,Railway Station,27.4
West Bengal,22.93702429369824,87.76698509733467,Religious,December,Moderate,High,Railway Station,17.26
Maharashtra,19.610904733641433,75.86808357448407,Beach,December,Hot,High,Airport,33.23
Kerala,10.836662965979842,76.42100176492922,Historical,May,Moderate,Low,Railway Station,9.27
West Bengal,22.941984238121478,87.73974033987821,Hill Station,May,Cold,Medium,Airport,22.86
Kerala,10.862558826016823,76.26010028911574,Religious,January,Moderate,Medium,Road,18.34
Punjab,31.058753830491742,75.23405831200385,Wildlife,February,Hot,High,Railway Station,31.5
Kerala,11.051218621698595,76.21120980643556,Wildlife,November,Hot,High,Railway Station,33.14
Punjab,31.185722537374495,75.35998424072712,Beach,September,Hot,Medium,Airport,33.24
Tamil Nadu,11.20727827820726,78.76914997968593,Beach,June,Hot,Low,Railway Station,27.19
Rajasthan,27.248732679197882,74.42229587625081,Hill Station,May,Cold,Low,Airport,17.65
Rajasthan,27.127323275470456,74.27152189251832,Beach,February,Hot,Medium,Road,28.41
Punjab,31.06145239108724,75.40047694855232,Religious,November,Moderate,High,Railway Station,23.54
West Bengal,23.002252677845167,87.9691497835134,Historical,March,Moderate,Medium,Airport,20.54
Goa,15.33219852789046,74.16991885228916,City,February,Moderate,Medium,Airport,20.06
Punjab,31.05692649669493,75.42186701574599,Religious,December,Moderate,Medium,Railway Station,15.36
Delhi,28.72012328275563,77.08906404227561,Religious,May,Moderate,Medium,Airport,14.43
Delhi,28.631585606951766,77.02527913370325,Beach,March,Hot,Low,Railway Station,20.33
Uttarakhand,30.017267701801615,79.00654093193711,Beach,September,Hot,Medium,Road,29.32
Himachal Pradesh,31.156553344576253,77.22407396927076,Hill Station,October,Cold,Medium,Railway Station,27.26
Delhi,28.502865149067915,77.29022205497665,City,February,Moderate,Medium,Road,19.95
Rajasthan,27.196627583262856,74.231913780361,Beach,May,Hot,Medium,Road,31.6
West Bengal,22.897664031924794,87.81119326338695,Hill Station,October,Cold,Medium,Road,26.95
Maharashtra,19.815616112288765,75.75934084203537,Historical,March,Moderate,Low,Road,11.06
Tamil Nadu,11.204085395777147,78.65721848495048,City,October,Moderate,High,Railway Station,29.4
Kerala,10.849882702572001,76.33773828558776,Beach,March,Hot,Medium,Railway Station,23.64
Himachal Pradesh,30.99299882919644,77.1420738562256,Historical,May,Moderate,Medium,Airport,18.7
Rajasthan,27.029925074715436,74.36739790135542,City,January,Moderate,High,Railway Station,27.02
Kerala,10.966934749504025,76.15170288169742,Beach,July,Hot,Low,Airport,19.14
Himachal Pradesh,30.978554939499134,77.04114620683828,Wildlife,October,Moderate,High,Airport,33.03
Punjab,31.2634281309075,75.3419025871343,Beach,May,Hot,Low,Railway Station,22.57
Maharashtra,19.87389202016169,75.96908400945723,Historical,February,Moderate,High,Road,21.69
Tamil Nadu,11.002026771159896,78.69398779034556,Beach,January,Hot,Medium,Railway Station,28.82
Punjab,31.167266624748677,75.30271995801697,Beach,September,Hot,Low,Railway Station,28.95
West Bengal,22.891521364476652,87.78909609787233,Religious,November,Moderate,Medium,Airport,24.33
Punjab,31.062600009090836,75.40085433865231,Beach,January,Hot,Medium,Airport,31.35
Delhi,28.741723027124795,77.09595463797208,City,April,Moderate,Medium,Railway Station,14.72
Tamil Nadu,10.931104114796314,78.53375838309337,Religious,March,Moderate,Medium,Airport,13.23
Delhi,28.692808022782533,77.1627039329946,City,April,Moderate,Medium,Railway Station,25.22
Maharashtra,19.735094279179048,75.68937253312346,Wildlife,January,Hot,High,Airport,32.31
Uttarakhand,30.252413379940513,78.89939246823624,Historical,August,Moderate,Medium,Road,17.22
Uttarakhand,29.94824448828618,79.05968085256985,Hill Station,January,Cold,Medium,Airport,29.19
West Bengal,22.976000074847434,87.64994687744337,Beach,March,Hot,Medium,Railway Station,28.73
Delhi,28.717917726481208,77.17881358416508,Hill Station,January,Cold,High,Railway Station,27.23
Kerala,10.755040382430073,76.28887912717713,Wildlife,August,Moderate,Medium,Airport,27.58
Kerala,10.68304511107547,76.24198741213068,Hill Station,November,Cold,High,Railway Station,29.76
Rajasthan,26.902851551451036,74.19615612835366,Beach,February,Hot,High,Airport,40.14
Kerala,10.833007433771035,76.20700860516058,Wildlife,July,Moderate,Medium,Road,33.81
Punjab,31.06872398306298,75.45760343972483,Religious,September,Moderate,Medium,Railway Station,17.27
Himachal Pradesh,31.182454854692867,77.26915221284126,Religious,July,Moderate,Medium,Railway Station,16.84
Rajasthan,26.997494366211047,74.16912219684914,Beach,February,Hot,Medium,Airport,33.93
Goa,15.370262714203687,74.09768672933222,City,December,Moderate,High,Railway Station,24.64
Tamil Nadu,11.204020464888917,78.49584467987539,Hill Station,August,Cold,Medium,Airport,26.57
Delhi,28.683470670401015,77.1829126973454,Beach,September,Hot,Low,Airport,27.24
West Bengal,22.942794122696007,87.84196064477962,Hill Station,August,Cold,Low,Railway Station,16.81
Goa,15.379747058297914,74.31053992016926,Beach,July,Hot,Low,Airport,22.24
Rajasthan,26.915933072393614,74.19041665934517,Beach,May,Hot,Low,Railway Station,26.82
Rajasthan,27.00575901448113,74.07363171119273,Beach,June,Hot,Low,Airport,28.83
Himachal Pradesh,31.152945410581314,77.33021467055718,Religious,July,Moderate,Medium,Airport,16.05
Rajasthan,26.976252967898084,74.15491746004707,City,March,Moderate,Medium,Airport,28.98
Delhi,28.705334195063827,76.85756327542536,City,February,Moderate,High,Airport,20.96
Punjab,31.066881556078194,75.23427910749305,Wildlife,May,Hot,Medium,Railway Station,23.5
West Bengal,22.968244159653395,87.93301063150992,Historical,March,Moderate,Low,Railway Station,14.41
Delhi,28.66267949988421,76.99168128920616,Hill Station,April,Cold,Low,Road,18.21
Rajasthan,26.899757748253577,74.04055081461614,Historical,November,Hot,High,Road,19.13
Uttarakhand,30.0080943061519,78.86025854632392,City,February,Moderate,Medium,Airport,11.18
Rajasthan,27.053481422691508,74.21469864249036,Historical,July,Hot,Low,Airport,13.18
West Bengal,22.950030255271948,87.91325559601381,Wildlife,May,Hot,Medium,Road,27.97
Maharashtra,19.727700867269398,75.70093900547162,Hill Station,November,Cold,High,Airport,26.53
Goa,15.327941560446085,74.20457838302248,City,December,Moderate,Medium,Railway Station,23.44
Delhi,28.806859678594876,77.15190673364798,Wildlife,June,Hot,Medium,Airport,24.2
Tamil Nadu,11.230694614031487,78.7417439646454,Hill Station,March,Cold,Medium,Airport,26.85
Himachal Pradesh,30.79922910508558,77.14516536276227,Wildlife,November,Hot,Medium,Airport,26.98
Uttarakhand,30.176696999581914,79.07510993724067,Wildlife,October,Moderate,High,Airport,31.65
Rajasthan,26.942286171803005,74.20289281258117,Historical,September,Hot,Medium,Railway Station,15.0
Goa,15.272069424900959,74.108777674532,Religious,October,Moderate,High,Road,22.22
Tamil Nadu,11.096813180542823,78.59224003724607,City,August,Moderate,Medium,Road,26.15
Tamil Nadu,11.302538936027284,78.75380360331758,Wildlife,November,Hot,Medium,Railway Station,26.63
Rajasthan,27.02332762365473,74.21968253789333,Beach,August,Hot,Low,Railway Station,23.67
Punjab,31.06656171497026,75.09789468514934,Hill Station,September,Cold,Low,Road,19.48
Goa,15.31695056900645,74.10811520043406,City,August,Moderate,Medium,Railway Station,15.73
Punjab,30.883668175199105,75.25786609274577,Wildlife,December,Hot,Medium,Airport,28.46
West Bengal,23.006613560818927,88.04325953030556,Religious,September,Moderate,Medium,Airport,19.23
Delhi,28.589232574766225,77.27851610751554,Hill Station,October,Cold,High,Airport,21.28
West Bengal,22.971957112354936,87.95159395548598,City,October,Moderate,Medium,Road,24.34
Rajasthan,26.951858625049883,74.18287566650922,Hill Station,July,Cold,Medium,Railway Station,24.11
Punjab,31.11081088012816,75.39981515903257,Hill Station,July,Cold,Medium,Road,28.9
Maharashtra,19.677727741224317,75.71945921465517,Beach,July,Hot,Medium,Road,27.48
Rajasthan,27.135243966500045,74.09521196154283,Beach,June,Hot,Medium,Airport,28.97
Goa,15.176803724346973,74.05324660831175,Wildlife,May,Hot,Low,Road,20.07
Tamil Nadu,11.202536872593221,78.61384907104076,City,August,Moderate,Medium,Airport,17.57
Maharashtra,19.726434942556317,75.61890753562037,Beach,February,Hot,Medium,Airport,25.41
Delhi,28.65218740002795,77.14179078333348,Wildlife,July,Hot,Medium,Railway Station,24.74
Goa,15.492619422151765,74.13998474195887,Historical,March,Moderate,Medium,Airport,21.29
Punjab,31.036027885528167,75.15542890485683,Beach,February,Hot,High,Airport,34.53
Kerala,10.958382995374011,76.31340962439934,Religious,December,Moderate,High,Railway Station,15.73
Rajasthan,26.92237818229605,74.34967117262089,Hill Station,June,Cold,Medium,Railway Station,24.25
Punjab,31.06606587136907,75.34276956132759,Beach,April,Hot,Medium,Airport,32.32
Punjab,31.114877182721855,75.3690445337419,Hill Station,January,Cold,High,Road,33.01
Maharashtra,19.734884943970062,75.7219284951868,Historical,April,Moderate,Medium,Railway Station,23.05
Tamil Nadu,11.174423307489237,78.74811470270164,Historical,April,Moderate,Medium,Road,16.78
Himachal Pradesh,31.078340363428282,77.26469546203069,Wildlife,January,Moderate,Medium,Airport,24.87
Maharashtra,19.86804714207693,75.82902802750714,Wildlife,October,Hot,High,Road,33.95
Himachal Pradesh,31.107365984909872,77.2223647662175,Hill Station,May,Cold,Medium,Airport,19.67
Tamil Nadu,11.059789683815087,78.74724402784011,Hill Station,January,Cold,Medium,Road,25.89
Himachal Pradesh,31.203850542442254,77.18774175529526,Historical,October,Moderate,High,Road,23.94
Rajasthan,27.08793831774032,74.10136648364066,Beach,March,Hot,Medium,Road,25.27
West Bengal,22.866579095238002,87.81357573440981,Beach,August,Hot,Medium,Road,33.2
Delhi,28.702826584390298,77.307794843946,Religious,September,Moderate,Low,Road,10.43
West Bengal,22.801321354853915,87.84856075585604,Religious,December,Moderate,High,Road,24.61
Punjab,31.05023304983167,75.33547484322538,Historical,January,Moderate,High,Road,19.35
Uttarakhand,30.03121708725965,78.93858081359642,City,September,Moderate,Medium,Airport,24.18
Maharashtra,19.836763222670715,75.54800310421074,Historical,August,Moderate,Medium,Railway Station,18.98
Tamil Nadu,11.233835470991618,78.6925040443988,Beach,January,Hot,High,Airport,33.22
Punjab,31.004420496717582,75.56929993380749,Wildlife,October,Hot,High,Road,28.76
Goa,15.37036968339888,74.21749095836331,Religious,April,Moderate,Low,Airport,13.43
Tamil Nadu,11.26660331401207,78.79589538176809,Hill Station,February,Cold,High,Road,29.4
Kerala,10.827005266880136,76.22687161040383,Historical,February,Moderate,High,Airport,24.36
Maharashtra,19.775426417561057,75.63182033477224,Hill Station,June,Cold,Medium,Airport,23.71
Delhi,28.84419147761693,77.1208368003332,Wildlife,November,Hot,Medium,Railway Station,22.77
Goa,15.174954919807552,74.02554923112743,City,September,Moderate,Medium,Airport,20.09
Delhi,28.55765479448752,77.16035925349155,City,March,Moderate,Medium,Airport,16.66
Kerala,10.974243855256468,76.33926618422578,Religious,May,Moderate,Low,Road,13.18
Punjab,31.1164014758075,75.437657649467,Hill Station,June,Cold,Low,Airport,13.77
Uttarakhand,30.148512613956143,79.03535519383122,Beach,May,Hot,Low,Railway Station,21.5
Tamil Nadu,11.163979630795831,78.71679127190455,Hill Station,August,Cold,Medium,Railway Station,26.33
Tamil Nadu,11.155574656055375,78.51192515491445,Wildlife,October,Hot,High,Road,33.54
Goa,15.22994921746579,74.0831309785651,City,October,Moderate,Medium,Road,20.51
Goa,15.161265167902254,74.04227748360277,Historical,July,Moderate,Medium,Railway Station,18.86
Rajasthan,26.99614846368074,74.37473767552477,Religious,January,Moderate,High,Airport,20.98
Punjab,31.135545716272475,75.38874842677139,Wildlife,March,Moderate,Medium,Railway Station,30.77
Punjab,31.26611096456197,75.3729542757019,Beach,December,Hot,Medium,Road,27.83
Himachal Pradesh,31.10513274195832,76.98518311709205,Religious,September,Moderate,Medium,Airport,14.95
Rajasthan,27.095921904786195,74.0963639017393,Religious,April,Moderate,Medium,Road,17.47
West Bengal,22.95553412699854,87.95876400147633,Wildlife,May,Hot,Medium,Airport,31.29
Rajasthan,26.995342675472102,74.20567809709527,Historical,March,Hot,Medium,Airport,21.94
Maharashtra,19.81158844488414,75.74519581254361,City,September,Moderate,Medium,Airport,20.96
West Bengal,22.903677594553603,87.63616277078316,City,December,Moderate,High,Railway Station,24.16
Rajasthan,27.02617236266325,74.21203885783984,Historical,April,Hot,Medium,Railway Station,22.01
Kerala,10.905105773756382,76.22248268129361,Historical,May,Moderate,Low,Airport,13.72
Kerala,10.864982385479939,76.24038574907621,City,August,Moderate,Medium,Airport,22.04
Punjab,31.26003376791865,75.40590066499114,City,February,Moderate,Medium,Airport,20.32
Delhi,28.760429779586467,77.02033983273596,Hill Station,September,Cold,Medium,Airport,23.12
Maharashtra,19.631907004120265,75.66237963706423,Religious,June,Moderate,Medium,Airport,17.58
Maharashtra,19.784980029113946,75.84423609029297,Hill Station,November,Cold,Medium,Railway Station,27.24
Himachal Pradesh,31.064405300648087,77.10538699851102,Religious,March,Moderate,Medium,Road,16.65
Uttarakhand,30.198997367752185,78.93549929797585,City,October,Moderate,High,Airport,23.62
Goa,15.229037824158604,73.78355135140681,Religious,July,Moderate,Medium,Airport,17.17
Punjab,31.039061966343453,75.1450579590867,Hill Station,August,Cold,Medium,Road,30.11
Rajasthan,26.93830584382475,74.2594713323698,Beach,January,Hot,High,Railway Station,35.03
Tamil Nadu,11.105715415205868,78.6244261645279,Historical,January,Moderate,High,Airport,21.43
Himachal Pradesh,30.994284876736398,77.21900776974722,Beach,September,Hot,Medium,Airport,26.43
Maharashtra,19.783374124615726,75.62455619376539,Beach,August,Hot,Medium,Airport,31.2
Punjab,31.08936885392952,75.2247044339517,Hill Station,December,Cold,Medium,Road,29.69
Rajasthan,26.900616805887225,74.21397315514031,Beach,March,Hot,Medium,Road,32.99
Tamil Nadu,11.175695167095798,78.63430365423007,Hill Station,June,Cold,Low,Airport,22.07
Rajasthan,27.092951470643218,73.99161900373092,Hill Station,November,Cold,Medium,Railway Station,19.94
Maharashtra,19.642490930391833,75.84780059979211,Religious,June,Moderate,Medium,Airport,18.2
West Bengal,22.98389735938394,87.75467919801363,Religious,July,Moderate,Medium,Railway Station,16.21
Uttarakhand,29.913585196795058,79.03007525033495,Beach,December,Hot,Medium,Railway Station,30.05
Goa,15.278032714331049,74.3949276648471,Historical,December,Moderate,High,Airport,25.0
Goa,15.356300194129291,74.36371035988674,Religious,March,Moderate,Medium,Airport,16.32
West Bengal,22.77787665261566,87.82625909901743,Historical,April,Moderate,Medium,Road,21.89
Goa,15.043987519527901,74.06954694266607,Historical,January,Moderate,Medium,Airport,22.43
Delhi,28.918279182421553,77.11954324768847,Hill Station,June,Cold,Low,Airport,20.59
Punjab,31.243233243570675,75.28139354427346,City,August,Moderate,Low,Road,14.17
Kerala,10.82204958953486,76.20742563770612,Religious,May,Moderate,Medium,Railway Station,19.32
Rajasthan,27.1273518803461,74.17344260139629,City,April,Moderate,Medium,Railway Station,15.63
Maharashtra,19.85091680463013,75.61694426566838,Historical,February,Moderate,High,Railway Station,18.89
Tamil Nadu,11.10402342948834,78.9333348516117,Wildlife,March,Hot,Low,Airport,25.47
Uttarakhand,30.140339599269534,78.95054876286399,Hill Station,December,Cold,High,Road,35.69
Rajasthan,26.915914903867144,74.21239764520817,Historical,November,Hot,High,Airport,32.4
Tamil Nadu,11.215492350122915,78.65683214033295,Historical,January,Moderate,High,Road,23.07
Tamil Nadu,11.030064990860769,78.8004989124169,Historical,December,Moderate,High,Railway Station,24.49
Uttarakhand,30.158760738162915,79.02019198718473,Religious,July,Moderate,Low,Airport,7.63
Rajasthan,26.93986480417074,74.1480789917663,City,February,Moderate,High,Road,18.54
West Bengal,23.095038905832318,87.85199984787798,Historical,September,Moderate,Low,Railway Station,17.4
Maharashtra,19.67215269309014,75.5318149861082,City,October,Moderate,High,Railway Station,22.82
West Bengal,23.068854863340032,87.88329428868587,Historical,February,Moderate,High,Road,24.01
Rajasthan,27.02885680132083,74.1144718186178,Wildlife,January,Moderate,Medium,Road,31.1
Kerala,10.922269517018664,76.26218520121797,City,January,Moderate,High,Airport,25.56
Tamil Nadu,11.17763370849017,78.76836804812048,Hill Station,September,Cold,Medium,Railway Station,26.04
Maharashtra,19.7964342309952,75.83678131153533,Wildlife,August,Hot,Medium,Railway Station,25.09
Rajasthan,26.940124430889743,74.23933002320537,Beach,April,Hot,Low,Railway Station,27.56
Goa,15.19027263357225,74.14089431746405,Beach,May,Hot,Medium,Airport,25.78
Goa,15.491694594592992,74.18949150986874,Religious,July,Moderate,Medium,Road,19.02
Tamil Nadu,10.989305982344117,78.52678158674713,Wildlife,March,Moderate,Low,Airport,31.88
Rajasthan,26.96532885962853,74.14495688966002,Hill Station,June,Cold,Medium,Road,24.15
Tamil Nadu,11.01378039870299,78.61704612470099,City,October,Moderate,Medium,Road,17.87
Uttarakhand,30.052316011704967,78.9880495251501,Beach,June,Hot,Low,Railway Station,23.24
Delhi,28.762267011627902,77.18263943237834,Beach,January,Hot,High,Railway Station,33.35
Goa,15.331581683812676,74.1533244046979,City,November,Moderate,High,Airport,21.7
Himachal Pradesh,31.125945894505175,77.25110392663683,Hill Station,November,Cold,High,Road,26.47
Delhi,28.682460282799212,77.27575889435599,Historical,April,Hot,Medium,Road,18.0
Maharashtra,19.812921691548382,75.73732354108105,Hill Station,September,Cold,Medium,Airport,23.26
West Bengal,22.934019493558576,87.83935033034119,Beach,January,Hot,Medium,Road,31.63
Tamil Nadu,11.069263661301258,78.88354896549816,Beach,May,Hot,Medium,Airport,26.31
Uttarakhand,30.21964837965498,79.1021836885202,Religious,October,Moderate,Medium,Railway Station,20.08
Maharashtra,19.948894590142235,75.74424714567058,Wildlife,March,Hot,Medium,Road,26.48
Himachal Pradesh,31.17583083299438,77.40469106297608,Wildlife,September,Hot,Medium,Railway Station,26.14
Delhi,28.76931026185672,77.1431806187631,Historical,September,Hot,Medium,Airport,17.64
Tamil Nadu,11.21878088958839,78.6156391425652,Historical,May,Moderate,Medium,Airport,21.09
Uttarakhand,30.013664011842312,79.18820931310773,Hill Station,February,Cold,Medium,Airport,27.15
Rajasthan,27.15280650358767,74.17220845666309,Hill Station,March,Cold,Low,Railway Station,23.22
Goa,15.371982396018087,74.26744451696345,Beach,November,Hot,High,Road,30.85
Goa,15.106676804827751,74.21318181780704,Hill Station,December,Cold,High,Airport,29.19
Kerala,10.81514151869718,76.20569723906551,Hill Station,February,Cold,High,Road,32.6
Tamil Nadu,11.179957550707513,78.85801876832107,Hill Station,May,Cold,Medium,Road,23.19
Maharashtra,19.848302027472315,75.79962565366617,Historical,January,Moderate,Medium,Airport,16.76
West Bengal,22.848298926399618,88.05962816562891,Beach,February,Hot,Medium,Road,23.61
Maharashtra,19.738801356572008,75.82135586084459,Historical,January,Moderate,Medium,Airport,16.48
Kerala,10.756720337564458,76.23329031458152,Beach,January,Hot,High,Road,37.18
Kerala,10.879471502323614,76.15068489240774,Hill Station,October,Cold,High,Railway Station,26.39
Maharashtra,19.68271648066577,75.60397187498587,Wildlife,October,Hot,High,Road,34.82
Punjab,31.01338680493205,75.10039012183515,Hill Station,February,Cold,High,Railway Station,26.11
Punjab,31.157790692929122,75.26366209958634,Hill Station,April,Cold,Medium,Railway Station,23.65
West Bengal,23.09803510774232,87.81879226574411,Hill Station,April,Cold,Low,Airport,20.64
West Bengal,22.75167760586517,87.72515001495468,Religious,February,Moderate,Medium,Road,13.64
West Bengal,22.86496428446185,87.83049969948419,Religious,September,Moderate,Low,Railway Station,13.16
Punjab,31.108567122434675,75.52963460834967,Religious,February,Moderate,Medium,Road,15.53
Tamil Nadu,11.047197027596113,78.68942652041761,Beach,June,Hot,Medium,Road,32.07
Delhi,28.698013082778377,77.09313527146618,Hill Station,December,Cold,High,Road,30.6
Goa,15.310558725990706,74.04619513674628,Hill Station,October,Cold,Medium,Road,24.37
Goa,15.157874688397136,74.17217627090736,Religious,August,Moderate,Medium,Road,16.85
Uttarakhand,30.01502677912111,79.19661600995872,City,January,Moderate,Medium,Road,17.43
Himachal Pradesh,31.042246163973534,77.10114439115395,Hill Station,April,Cold,Low,Railway Station,18.76
Uttarakhand,30.12623823707739,79.00556723728516,Beach,June,Hot,Medium,Road,29.95
Rajasthan,27.012924390774142,74.17448023820562,Religious,February,Moderate,Medium,Airport,13.57
West Bengal,23.0112976901645,87.79621140165732,Beach,September,Hot,Medium,Road,26.58
West Bengal,23.0568006309872,87.76244576516169,Wildlife,December,Hot,High,Airport,35.08
West Bengal,22.86943003572225,87.93325951266853,Beach,August,Hot,Low,Road,24.94
Punjab,31.026252550474837,75.17808360109211,Religious,April,Moderate,Medium,Railway Station,22.17
Himachal Pradesh,31.03285946268896,77.1928775471891,Historical,February,Moderate,Medium,Railway Station,9.2
Punjab,31.09564464163454,75.23015208782438,Wildlife,December,Hot,High,Road,28.03
Himachal Pradesh,31.13903750896275,77.08810929328591,Wildlife,August,Moderate,Low,Airport,24.65
Rajasthan,27.19523268346771,74.39713222516015,Beach,November,Hot,Medium,Road,34.41
Delhi,28.532430626603457,77.11978373267677,Religious,July,Moderate,Low,Railway Station,11.47
West Bengal,22.984870944242132,87.82635960246499,Historical,February,Moderate,High,Road,23.06
Kerala,10.843698251209421,76.38253557781906,Historical,June,Moderate,Medium,Airport,15.2
Punjab,31.19272458722321,75.31567140603427,Historical,July,Moderate,Low,Road,15.03
Himachal Pradesh,31.28290919952862,77.14371776108322,Hill Station,March,Cold,Medium,Railway Station,23.76
Maharashtra,19.654896503542204,75.70191681968164,Hill Station,November,Cold,High,Road,30.9
Maharashtra,19.795937296441778,75.90815575890353,City,June,Moderate,Medium,Railway Station,15.31
Maharashtra,19.654808325038623,75.7776732444949,Hill Station,January,Cold,Medium,Airport,22.14
Goa,15.222802879078756,74.14814697971352,Religious,May,Moderate,Medium,Airport,19.64
Rajasthan,27.166116753017793,74.2253576152036,Beach,July,Hot,Low,Airport,26.43
Rajasthan,27.040200349363957,74.17026587343194,Hill Station,July,Cold,Medium,Road,25.09
Punjab,31.137238306917013,75.26179953453156,Historical,October,Moderate,High,Road,23.4
Tamil Nadu,11.17814827598277,78.73649842585148,Wildlife,June,Hot,Low,Railway Station,26.68
Goa,15.257819237282913,74.13548494580819,Historical,November,Moderate,Medium,Railway Station,19.61
Punjab,31.27072300256134,75.36724932168576,Historical,August,Moderate,Medium,Road,22.98
Uttarakhand,30.183185390234264,79.12010452927329,Hill Station,July,Cold,Low,Road,20.07
Himachal Pradesh,31.31357204816773,77.07653551136279,Beach,October,Hot,High,Railway Station,36.06
Rajasthan,26.91080797350054,74.28404328493832,Hill Station,June,Cold,Low,Airport,17.79
Himachal Pradesh,30.97541438379334,77.24196782771224,Historical,May,Moderate,Low,Airport,8.2
Tamil Nadu,11.18580192397952,78.77695230919534,Hill Station,January,Cold,Medium,Railway Station,21.25
Punjab,31.036655739788117,75.36500999264025,Beach,April,Hot,Low,Railway Station,23.28
Punjab,31.073343902584217,75.2113807984947,Religious,September,Moderate,Low,Railway Station,15.12
Rajasthan,26.986740868606557,74.1648949305557,City,April,Moderate,Medium,Road,22.44
Himachal Pradesh,31.279182784420772,77.28434427289098,Wildlife,September,Hot,Medium,Airport,32.56
Delhi,28.750727125977324,76.95927144080669,Beach,May,Hot,Low,Road,26.5
Goa,15.51497544886237,74.08043784212472,Wildlife,February,Hot,High,Airport,32.44
Punjab,31.086848339688817,75.25717106379324,Hill Station,May,Cold,Medium,Airport,29.54
Tamil Nadu,11.12809543490432,78.75987834219781,Wildlife,February,Moderate,High,Airport,37.71
Uttarakhand,29.900017248558292,78.88074357361006,Beach,January,Hot,High,Airport,36.23
Himachal Pradesh,31.25581293258794,77.21000477198567,City,February,Moderate,Medium,Railway Station,22.98
West Bengal,23.046872744528812,87.66757660013029,Religious,June,Moderate,Medium,Road,21.65
Maharashtra,19.713406936695854,75.75232372144755,Historical,December,Moderate,High,Railway Station,27.67
Tamil Nadu,11.183049112920889,78.76527633102609,Religious,April,Moderate,Medium,Airport,20.3
Delhi,28.66623374587507,77.1058942182666,City,April,Moderate,Medium,Railway Station,16.84
Maharashtra,19.75731617117042,75.69661720443236,Hill Station,February,Cold,High,Airport,33.79
Uttarakhand,30.02748007550191,79.09421943800938,Hill Station,February,Cold,Medium,Railway Station,23.57
West Bengal,22.902155562518406,87.84119678025314,Historical,May,Moderate,Medium,Airport,23.09
West Bengal,23.16474485922701,87.68495055613737,Wildlife,October,Moderate,Medium,Railway Station,31.86
Himachal Pradesh,31.029223179751316,77.18210989462118,City,August,Moderate,Medium,Airport,20.09
Maharashtra,19.763126267741416,75.7333159595695,City,June,Moderate,Medium,Road,22.41
Himachal Pradesh,31.001318184340768,77.23477318469757,Beach,September,Hot,Low,Airport,22.25
West Bengal,22.935406409903692,87.81139306819537,Historical,June,Moderate,Medium,Airport,18.38
Rajasthan,27.11545652227745,74.22286975930027,Beach,October,Hot,Medium,Railway Station,30.66
Delhi,28.582261939725917,77.13843860773206,Historical,September,Hot,Low,Airport,11.56
Uttarakhand,30.01419273266997,79.03947562692605,City,May,Moderate,Medium,Airport,18.57
Tamil Nadu,11.0409892121929,78.60245229082241,Religious,January,Moderate,High,Road,18.34
Delhi,28.840705359893807,76.94288373789533,Historical,March,Hot,Low,Airport,16.73
Tamil Nadu,11.110977653415388,78.75452270859965,Hill Station,March,Cold,Low,Railway Station,18.52
Goa,15.262940566507362,74.16877592456773,Historical,December,Moderate,High,Railway Station,25.01
Goa,15.404425221027422,74.17570285631908,Historical,August,Moderate,Medium,Railway Station,26.66
Rajasthan,27.010214510290734,74.18304825340402,Hill Station,June,Cold,Medium,Airport,21.51
West Bengal,22.81872207239407,87.73085169140596,Hill Station,January,Cold,Medium,Railway Station,24.42
Kerala,10.899833928631091,76.3112886766449,Hill Station,September,Cold,Medium,Railway Station,26.32
Himachal Pradesh,31.09832335430403,77.13272929846337,City,July,Moderate,Medium,Railway Station,21.95
West Bengal,23.10782520199134,87.8334930736184,Wildlife,November,Hot,Medium,Airport,28.87
West Bengal,23.064130587312416,87.92667116015359,Religious,December,Moderate,High,Airport,22.89
Kerala,10.576358293917083,76.48620243728526,Hill Station,August,Cold,Medium,Railway Station,29.22
Goa,15.265527640190633,74.08557547241625,Beach,September,Hot,Low,Airport,28.09
Rajasthan,27.017798376102636,74.25642054328402,Historical,May,Hot,Medium,Airport,19.56
Goa,15.355859607975086,74.02811961456293,Wildlife,June,Hot,Medium,Road,31.93
West Bengal,22.950208903023398,87.98760461747771,Religious,March,Moderate,Medium,Railway Station,19.22
Punjab,31.122208688256705,75.09838819430476,Beach,October,Hot,Medium,Airport,29.33
Uttarakhand,30.08431007550318,79.06825450621466,City,July,Moderate,Medium,Road,18.42
Maharashtra,19.629342450933848,75.9345012461671,Historical,March,Moderate,Medium,Railway Station,17.1
Rajasthan,27.037382683457384,74.12768190366319,Wildlife,September,Hot,Low,Railway Station,19.84
Punjab,31.0986267621807,75.49713918070884,Historical,July,Moderate,Medium,Railway Station,19.62
Goa,15.326134666743704,74.18067746812372,Beach,January,Hot,High,Railway Station,38.71
Tamil Nadu,11.106742982058202,78.62922275658218,Religious,April,Moderate,Medium,Airport,19.61
West Bengal,23.005568313503463,87.77335062442859,Hill Station,December,Cold,Medium,Airport,21.34
Uttarakhand,30.159829835507626,79.0914945776435,Beach,December,Hot,Medium,Road,31.19
Tamil Nadu,10.957093505308203,78.67532380805976,Historical,July,Moderate,Low,Road,10.38
Rajasthan,27.089534386529394,74.28210913619898,City,October,Moderate,High,Airport,21.98
Kerala,10.888133328217188,76.1660091268946,Wildlife,July,Hot,Medium,Road,32.83
Maharashtra,19.651128923027542,75.69952132435778,Historical,October,Moderate,High,Airport,19.21
Tamil Nadu,11.184563228537225,78.69995818314914,Religious,December,Moderate,Medium,Airport,10.49
Goa,15.211073940089607,74.2802358834083,Wildlife,September,Hot,Medium,Railway Station,29.98
Delhi,28.64435449291888,77.17961758053342,Religious,April,Moderate,Medium,Airport,15.48
Punjab,31.203132580359654,75.40543631813712,Religious,June,Moderate,Medium,Railway Station,17.62
Kerala,10.91486389519072,76.23194014813878,City,January,Moderate,Medium,Railway Station,15.33
Punjab,31.16736453170983,75.60383102357811,Religious,September,Moderate,Medium,Road,15.73
Rajasthan,26.879716362122902,74.00437052499203,Historical,April,Hot,Low,Road,6.24
Tamil Nadu,11.184879325102875,78.58979128015969,Religious,February,Moderate,High,Railway Station,18.4
Delhi,28.7174185772495,77.0646598472038,Historical,July,Hot,Medium,Railway Station,16.71
Punjab,31.358767863127383,75.36056705718809,City,April,Moderate,Medium,Road,20.22
Uttarakhand,30.213759136743374,79.01204379347438,Historical,August,Moderate,Low,Airport,16.95
West Bengal,23.034650447415085,87.90942568500418,Wildlife,October,Hot,High,Railway Station,38.0
West Bengal,23.026556130337177,87.83177148282316,Religious,June,Moderate,Medium,Railway Station,21.47
Goa,15.179162625648521,74.00296513490028,Beach,July,Hot,Medium,Airport,27.92
Delhi,28.649695556040353,77.02882681127565,Religious,January,Moderate,High,Airport,25.45
Maharashtra,19.68160545917651,75.54340515772444,City,March,Moderate,Medium,Airport,21.9
West Bengal,23.06329971939279,87.84546599577735,Beach,July,Hot,Low,Road,20.25
Rajasthan,26.86926964590319,74.44329359162943,Historical,December,Hot,High,Airport,18.16
Rajasthan,27.022073325371107,74.36381763476761,Hill Station,December,Cold,High,Airport,33.7
Rajasthan,27.064078276644512,74.27049138012877,Religious,March,Moderate,Medium,Railway Station,20.94
Himachal Pradesh,31.1262972742668,77.20274996407169,Hill Station,February,Cold,Medium,Railway Station,24.5
Uttarakhand,29.992491582781373,79.00794282578984,Religious,August,Moderate,Medium,Railway Station,17.13
Delhi,28.693928257816463,76.9142054145306,Hill Station,August,Cold,Low,Airport,16.76
Tamil Nadu,11.17696393255167,78.7206159743551,Beach,January,Hot,High,Railway Station,31.47
Rajasthan,27.000828416058823,74.37132869753037,Wildlife,September,Moderate,Low,Railway Station,21.72
Himachal Pradesh,31.08131797055424,77.06287658033476,City,May,Moderate,Low,Road,12.51
Tamil Nadu,10.958353093878696,78.77775155272472,Wildlife,September,Hot,Medium,Airport,26.96
Punjab,31.149522586106045,75.36828152830496,City,March,Moderate,Low,Airport,17.51
Tamil Nadu,10.981308893183067,78.56064999970667,Wildlife,January,Hot,Medium,Airport,26.23
Delhi,28.530183980538894,77.05185045175455,Beach,March,Hot,Medium,Airport,30.04
Rajasthan,26.973353691645293,74.18909505279949,Religious,July,Moderate,Medium,Road,19.38
Maharashtra,19.826304080526988,75.7499973820941,Hill Station,February,Cold,Medium,Railway Station,23.85
Rajasthan,27.10046069111642,74.23643431033669,Religious,July,Moderate,Medium,Railway Station,16.32
West Bengal,22.939322429215252,87.8467553294733,Hill Station,January,Cold,High,Railway Station,33.92
Maharashtra,19.600918060065922,75.77745772034557,Hill Station,February,Cold,High,Railway Station,33.73
West Bengal,23.023783444130796,88.04352239267982,Hill Station,April,Cold,Medium,Airport,23.75
Tamil Nadu,11.242108526173753,78.80555441403371,Beach,August,Hot,Low,Airport,24.75
Uttarakhand,29.921730944689816,78.95643771834371,Religious,January,Moderate,Medium,Airport,14.76
Goa,15.177763522196848,74.42465801807467,Wildlife,April,Hot,Medium,Airport,28.51
Rajasthan,27.017776276230844,74.26711250509797,Historical,August,Hot,Low,Airport,15.75
Goa,15.377139987118044,74.08375591671565,City,July,Moderate,Medium,Road,13.04
Kerala,10.686815890727324,76.27724248938766,Hill Station,August,Cold,Medium,Airport,25.87
Delhi,28.830729826367346,77.05169547461877,City,August,Moderate,Medium,Railway Station,17.54
Kerala,10.893257594692031,76.19634772977115,Wildlife,January,Hot,High,Road,37.42
Kerala,10.895717863162032,76.22327266911013,Wildlife,January,Hot,High,Road,34.75
Tamil Nadu,10.965558305573134,78.57801567513994,City,May,Moderate,Medium,Airport,23.32
Rajasthan,27.03843522467096,74.1522104103503,City,October,Moderate,High,Road,28.9
Delhi,28.594380496836198,76.92034073876432,Wildlife,June,Hot,Medium,Airport,33.63
Delhi,28.7949279559783,77.13144478146974,Beach,December,Hot,High,Road,40.08
Kerala,10.699824370103936,76.11267333141934,Beach,August,Hot,Low,Road,25.64
Rajasthan,27.08563769205067,74.3060663648409,Historical,March,Hot,Medium,Road,15.81
Himachal Pradesh,31.023921293508405,77.03660588867949,Beach,October,Hot,High,Airport,37.14
Tamil Nadu,11.010563990015658,78.5572866844314,Beach,June,Hot,Low,Road,25.54
Punjab,31.199078314649913,75.30603755499364,City,October,Moderate,High,Railway Station,23.1
Punjab,31.025493348107357,75.26428350029713,Beach,July,Hot,Low,Road,24.73
Tamil Nadu,11.186140235821838,78.76537770219821,Historical,July,Moderate,Medium,Road,20.7
Uttarakhand,30.287973035039624,79.12211617392661,Beach,August,Hot,Medium,Airport,28.41
Maharashtra,19.753025700407733,75.67446820191857,Religious,May,Moderate,Low,Railway Station,11.62
Kerala,10.954914000690954,76.15752974203622,Wildlife,August,Hot,Medium,Railway Station,30.04
Delhi,28.748188480144165,77.18373429504514,Religious,November,Moderate,High,Road,25.37
Uttarakhand,30.099913543667718,79.19808707150037,Hill Station,August,Cold,Low,Road,14.32
Punjab,31.061974068649214,75.26959089294033,Wildlife,September,Hot,Medium,Railway Station,22.23
Goa,15.227705326061562,74.22296045427574,Hill Station,July,Cold,Low,Road,21.14
West Bengal,23.077661043889396,87.94293783073427,City,July,Moderate,Medium,Airport,23.02
Rajasthan,26.973444187458732,74.25308195898793,Hill Station,September,Cold,Medium,Airport,22.13
Himachal Pradesh,31.086383448219504,77.19728243259371,Wildlife,March,Hot,Medium,Road,26.86
Punjab,31.143816474935022,75.230865787822,Beach,March,Hot,Medium,Airport,32.89
Uttarakhand,29.99418575636527,79.03698376152853,City,April,Moderate,Medium,Road,23.22
Punjab,31.170130416975635,75.37934487009638,City,May,Moderate,Low,Road,13.41
Delhi,28.733396529386308,77.13333516207662,Hill Station,October,Cold,High,Airport,26.86
Rajasthan,26.879726659503365,74.25144386730588,Beach,June,Hot,Low,Airport,22.44
Kerala,10.82522283403421,76.38239553382107,Beach,March,Hot,Medium,Airport,28.98
Rajasthan,26.966450241655878,74.29612662040883,Beach,June,Hot,Medium,Airport,30.42
Punjab,31.111482959069797,75.16821745200699,Beach,June,Hot,Low,Road,28.06
Uttarakhand,29.988000208974004,79.03196590315571,City,January,Moderate,High,Airport,24.36
Delhi,28.581041155982266,77.1811717104709,Religious,April,Moderate,Low,Railway Station,9.34
Goa,15.361658970419224,74.09846989659738,City,December,Moderate,Medium,Road,25.02
Punjab,31.302479694643996,75.27594470960474,Beach,July,Hot,Medium,Road,31.52
Maharashtra,20.00193168021168,75.71698111151973,Wildlife,September,Hot,Medium,Railway Station,27.34
Kerala,10.735050277310688,76.39636450073131,Wildlife,April,Moderate,Low,Airport,20.44
Kerala,10.902297051076532,76.25676732110034,Beach,May,Hot,Low,Airport,22.42
Tamil Nadu,11.059130867074138,78.53023072634167,Beach,October,Hot,Medium,Railway Station,31.99
Rajasthan,27.049445173383642,74.18931960750238,Hill Station,September,Cold,Low,Airport,21.82
Uttarakhand,29.887911715445906,79.24407429075164,Wildlife,December,Moderate,Medium,Road,25.16
Maharashtra,19.822189217312012,75.73045905048374,Religious,April,Moderate,Low,Airport,10.32
Rajasthan,26.77164282281693,74.20132617152105,City,May,Moderate,Medium,Airport,20.34
Rajasthan,27.02694162128322,74.18278595682933,Wildlife,January,Moderate,High,Railway Station,38.31
Uttarakhand,30.008593113859135,78.88291266147723,Wildlife,July,Hot,Low,Railway Station,23.05
Delhi,28.700764691709033,76.95111499773986,Wildlife,October,Moderate,High,Airport,34.68
Punjab,31.084588738212894,75.4540446660369,Hill Station,March,Cold,Medium,Airport,22.71
West Bengal,22.88882660724758,87.83776392836707,Historical,April,Moderate,Medium,Airport,19.32
West Bengal,23.00252990721602,87.79180682816455,Historical,May,Moderate,Medium,Road,15.26
Uttarakhand,30.066768821924203,78.95744325920938,City,March,Moderate,Medium,Airport,17.87
Punjab,31.124613963611715,75.29126431678452,Historical,March,Moderate,Low,Road,13.19
Goa,15.311812642865887,74.08429253185368,Religious,February,Moderate,High,Road,24.68
Kerala,10.800658567819253,76.18063486908899,Historical,June,Moderate,Medium,Road,19.83
Himachal Pradesh,31.028808600610738,77.20831583837872,Wildlife,March,Moderate,Medium,Airport,30.86
Tamil Nadu,10.97631460668029,78.71117296712235,Historical,February,Moderate,Medium,Road,19.25
Kerala,10.810919616583837,76.2291740052629,Hill Station,August,Cold,Medium,Railway Station,22.64
Kerala,10.887774147013515,76.30964129221137,Religious,July,Moderate,Medium,Airport,18.45
Tamil Nadu,11.026297793833333,78.62104505003616,City,August,Moderate,Medium,Railway Station,20.14
Rajasthan,26.93490587002754,74.21315168353816,Religious,September,Moderate,Medium,Road,21.15
Tamil Nadu,11.10443377970039,78.52414716740304,City,July,Moderate,Low,Airport,15.51
Rajasthan,27.160501688224365,74.38351991056514,Religious,January,Moderate,High,Road,22.39
Tamil Nadu,11.117918661626241,78.8172769592813,Hill Station,August,Cold,Medium,Airport,25.51
Punjab,31.20030436975973,75.42645321208849,Hill Station,October,Cold,Medium,Road,24.9
Rajasthan,27.025852066957494,74.2377666252704,Religious,December,Moderate,Medium,Road,16.49
Goa,15.376720608986158,74.19923113686384,City,March,Moderate,Medium,Railway Station,17.27
Punjab,31.160472972372354,75.46499535314891,Beach,March,Hot,Low,Road,25.58
Himachal Pradesh,31.21892714411638,77.10688145667774,Hill Station,June,Cold,Low,Road,19.44
Kerala,10.976947620954707,76.21001591106437,City,June,Moderate,Medium,Airport,13.69
Uttarakhand,30.09635587255238,78.99178121213401,Hill Station,May,Cold,Low,Airport,22.73
Rajasthan,26.93521283856095,74.16466818585377,Hill Station,October,Cold,High,Road,28.68
Himachal Pradesh,31.096222937912867,77.06700146780878,City,April,Moderate,Low,Road,16.46
Punjab,31.162823276568897,75.53776922965542,Wildlife,August,Hot,Low,Railway Station,23.74
Delhi,28.686161519368294,77.10530209007268,Historical,November,Hot,High,Airport,24.06
Goa,15.105701959678518,74.14641707661679,Historical,October,Moderate,High,Airport,25.64
Uttarakhand,30.036988434237156,79.03930112399445,Religious,December,Moderate,High,Railway Station,26.91
Rajasthan,27.01748652705094,73.98976914139105,Beach,February,Hot,Medium,Road,32.76
Maharashtra,19.91421194243904,75.7934630872768,Beach,December,Hot,Medium,Railway Station,28.38
Uttarakhand,30.186956262015332,79.07948978456231,Religious,September,Moderate,Medium,Airport,17.25
Delhi,28.706973002988786,76.96341294090958,Beach,December,Hot,High,Airport,36.73
Goa,15.180864768287627,74.14324180708174,Wildlife,August,Hot,Medium,Railway Station,25.19
Punjab,31.32814758657701,75.20298480602783,Historical,August,Moderate,Medium,Road,13.67
Tamil Nadu,11.20563994814305,78.58682771605248,Wildlife,April,Hot,Medium,Airport,26.09
Kerala,10.823309629968442,76.30666772451248,Beach,October,Hot,Medium,Road,28.58
Maharashtra,19.745860794343358,75.72676090361618,Historical,June,Moderate,Medium,Airport,17.67
Uttarakhand,30.17755141808281,79.03516220337121,Wildlife,January,Hot,High,Airport,30.26
Uttarakhand,30.081660207254767,79.3206793282718,Historical,December,Moderate,High,Road,23.03
Goa,15.24587275316559,74.07418391172241,Historical,May,Moderate,Low,Airport,10.73
Maharashtra,19.839024321757673,75.90999626234216,City,November,Moderate,Medium,Road,24.5
Uttarakhand,30.17941649550767,78.88532464092474,Religious,September,Moderate,Medium,Road,19.73
Kerala,10.762174246060795,76.2258042910462,Religious,September,Moderate,Low,Airport,14.43
Uttarakhand,30.219381274550994,79.0453179075623,Religious,July,Moderate,Low,Road,10.42
West Bengal,23.053948971570676,87.8215614244103,Beach,July,Hot,Medium,Airport,28.24
Punjab,31.15515704675003,75.3025182977007,Religious,September,Moderate,Medium,Railway Station,19.16
Tamil Nadu,11.13449323501759,78.50939107785307,Historical,March,Moderate,Medium,Road,20.87
Delhi,28.659666766100145,77.08147318163114,Beach,June,Hot,Medium,Railway Station,29.75
Kerala,10.793843069590991,76.32631785550574,Religious,June,Moderate,Medium,Road,20.74
Uttarakhand,29.670028855540597,78.86519276298742,Hill Station,October,Cold,High,Railway Station,30.79
Rajasthan,26.935133518848453,74.26627926606321,Wildlife,March,Hot,Medium,Airport,28.28
Rajasthan,27.01377776506218,74.16450253293908,City,January,Moderate,High,Airport,17.49
Maharashtra,19.656007449337768,75.82024422891872,Beach,June,Hot,Low,Road,21.21
Tamil Nadu,10.986086202498253,78.67030886855832,Beach,May,Hot,Medium,Railway Station,31.85
Rajasthan,27.215588632559353,74.24161750000196,Wildlife,July,Moderate,Medium,Airport,30.8
Delhi,28.765818361360353,77.05438833725705,City,March,Moderate,Low,Road,16.6
Punjab,31.00809045867505,75.57943673587616,Hill Station,March,Cold,Medium,Airport,27.28
Kerala,10.72944413536945,76.30908311440875,City,February,Moderate,Medium,Railway Station,18.02
Delhi,28.66520718680605,77.16916839583983,Wildlife,March,Moderate,Medium,Road,32.75
Punjab,31.146802968767783,75.18558648195261,Hill Station,October,Cold,High,Road,27.65
Tamil Nadu,11.095264886229515,78.75755646379965,Historical,March,Moderate,Medium,Road,14.26
West Bengal,22.999473843399088,87.81709203505127,Hill Station,March,Cold,Low,Railway Station,27.56
Tamil Nadu,11.161757306779233,78.7191928626372,Hill Station,May,Cold,Medium,Railway Station,25.3
Punjab,31.04754124970752,75.27828251906317,Wildlife,June,Moderate,Medium,Railway Station,28.3
Kerala,10.63907527502672,76.2848398706753,Beach,February,Hot,High,Railway Station,39.12
Goa,15.330276235240484,74.30847332323755,Religious,January,Moderate,High,Airport,24.47
Kerala,10.753620806579464,76.12107769374684,Wildlife,February,Hot,High,Airport,34.73
Himachal Pradesh,31.227276357906263,77.24955587321176,Wildlife,April,Hot,Low,Airport,23.89
Uttarakhand,30.155729811929348,78.91128332238848,Beach,September,Hot,Low,Road,29.55
Rajasthan,27.074487657812504,74.15969949041148,Beach,March,Hot,Medium,Railway Station,31.34
West Bengal,23.19243010101925,88.03643505763898,Hill Station,February,Cold,Medium,Road,23.41
Kerala,10.907790914169325,76.39654636835917,Historical,January,Moderate,Medium,Road,16.74
Punjab,31.08949883137616,75.31026508279984,Historical,January,Moderate,Medium,Road,18.64
Rajasthan,27.09046030957229,74.19564671173323,Historical,August,Hot,Medium,Road,17.83
Punjab,31.239282629150726,75.51431969016393,City,July,Moderate,Medium,Railway Station,19.89
Tamil Nadu,11.047339295384958,78.6105008276479,Hill Station,November,Cold,High,Road,29.09
Tamil Nadu,11.194724817723461,78.65352103044198,Hill Station,August,Cold,Low,Railway Station,21.34
Rajasthan,27.19949109164094,74.1730910861073,Historical,May,Hot,Medium,Airport,20.95
Maharashtra,19.80908341602045,75.62083504354422,Religious,June,Moderate,Low,Airport,10.13
Punjab,31.097089189197124,75.30237214413019,Wildlife,June,Moderate,Medium,Airport,23.89
West Bengal,23.06926977875947,87.96991286525945,Beach,April,Hot,Medium,Railway Station,29.15
Tamil Nadu,11.041705484321655,78.53718425793079,Hill Station,August,Cold,Low,Railway Station,18.7
Rajasthan,27.150406254191925,74.21286643649385,Beach,November,Hot,High,Airport,32.92
Kerala,10.831056187276436,76.23137015884568,Beach,July,Hot,Low,Airport,25.51
Punjab,31.14582013301289,75.37895869213752,Religious,October,Moderate,High,Railway Station,25.48
Goa,15.323156267292944,74.20021815831988,Religious,February,Moderate,High,Railway Station,14.94
Goa,15.267336044949124,74.11744916780805,Beach,April,Hot,Medium,Road,25.95
Himachal Pradesh,31.068002836051413,77.07604009356321,Historical,June,Moderate,Medium,Railway Station,17.16
Goa,15.159291201563253,74.16202256299287,Hill Station,December,Cold,High,Airport,33.4
West Bengal,23.057921927268286,87.84235105430776,Beach,August,Hot,Medium,Railway Station,34.22
Tamil Nadu,11.08604346778762,78.62066360441025,Wildlife,June,Hot,Low,Railway Station,28.12
Tamil Nadu,11.057092974838875,78.57337529378123,Hill Station,July,Cold,Medium,Road,29.87
Kerala,11.031504510366446,76.11519036789186,City,October,Moderate,Medium,Railway Station,16.52
Rajasthan,26.974895983505952,74.31395931502709,Wildlife,January,Hot,High,Railway Station,32.76
Tamil Nadu,11.01709374117588,78.61267857139748,Hill Station,August,Cold,Medium,Railway Station,26.06
Uttarakhand,29.936811508502792,79.00221619743836,Hill Station,September,Cold,Medium,Road,23.95
West Bengal,23.014954300871185,87.70554584413387,Hill Station,February,Cold,High,Railway Station,30.45
Delhi,28.511763046888102,77.27194787837777,Wildlife,October,Hot,High,Airport,33.18
Rajasthan,26.86279574006241,74.2120793946867,City,December,Moderate,Medium,Airport,19.85
Punjab,31.341617442407777,75.25167481405312,Beach,May,Hot,Medium,Road,28.71
Kerala,10.812133405968595,76.15345418428679,Historical,May,Moderate,Low,Railway Station,11.68
Goa,15.43434540216285,74.06662387216228,Hill Station,August,Cold,Low,Airport,19.71
Kerala,10.709018054252402,76.14450401761997,City,June,Moderate,Medium,Railway Station,17.6
Uttarakhand,30.062337077795018,78.89614521396311,Beach,September,Hot,Medium,Railway Station,31.07
Delhi,28.77885349718455,77.13816960972721,City,August,Moderate,Medium,Road,24.08
Punjab,31.32746548118535,75.35632743138231,Beach,June,Hot,Medium,Railway Station,26.69
Maharashtra,19.70260825766586,75.72319518096903,City,December,Moderate,Medium,Airport,23.14
Tamil Nadu,11.100443098862867,78.68737147517503,Beach,July,Hot,Medium,Road,29.87
Delhi,28.66308377771688,77.37588904275226,Hill Station,May,Cold,Low,Road,19.17
West Bengal,22.947770085619194,87.95637278992805,Beach,April,Hot,Medium,Road,36.6
Tamil Nadu,11.147263293734015,78.5098966413189,Religious,December,Moderate,High,Railway Station,24.61
Himachal Pradesh,30.942744571945003,77.1505283992636,Religious,January,Moderate,High,Airport,14.12
Delhi,28.627572586671374,77.03501246400835,City,April,Moderate,Medium,Road,18.93
Uttarakhand,30.16650086019619,79.10361290081481,Religious,June,Moderate,Low,Railway Station,10.38
Goa,15.403014135991413,74.02370911592197,Beach,February,Hot,Medium,Railway Station,28.57
Goa,15.279973011662166,74.16784822749855,Beach,June,Hot,Medium,Road,31.26
Delhi,28.83676951829766,77.16720039723606,Hill Station,January,Cold,High,Road,24.14
Kerala,10.808736002180812,76.33941883264595,Historical,September,Moderate,Medium,Airport,17.19
Goa,15.149840499822696,74.15724247110204,Religious,July,Moderate,Medium,Airport,17.93
Goa,15.170078120560236,74.15697778582886,Historical,November,Moderate,High,Road,26.69
Tamil Nadu,11.058377186219177,78.60383832278848,Religious,February,Moderate,High,Railway Station,18.08
Kerala,11.05330478497139,76.1285540915409,Historical,September,Moderate,Medium,Road,17.98
Goa,15.284294559277887,74.18435096361563,City,April,Moderate,Medium,Railway Station,16.59
Punjab,31.098083434979596,75.24401716934042,Historical,December,Moderate,High,Railway Station,18.46
Himachal Pradesh,31.169113392467647,76.90800962134118,Wildlife,August,Hot,Low,Road,23.93
Uttarakhand,30.01013244100634,79.17837826510434,Historical,May,Moderate,Medium,Railway Station,17.49
West Bengal,22.95196391753422,87.88059094287063,Beach,November,Hot,High,Railway Station,35.11
Kerala,10.792777849107303,76.21449063247023,Historical,September,Moderate,Medium,Airport,19.38
Uttarakhand,30.150243745652833,79.0628164972947,Religious,May,Moderate,Medium,Road,18.23
Himachal Pradesh,31.153294413847483,77.19241479921253,Wildlife,June,Moderate,Medium,Road,32.47
Delhi,28.59423148575904,77.08606540441036,Wildlife,January,Hot,High,Airport,27.98
Rajasthan,26.97152165270031,74.27590630473706,Historical,August,Hot,Low,Road,10.87
Rajasthan,27.042883529780728,74.25234977865034,Wildlife,February,Hot,High,Airport,26.09
Maharashtra,19.665491944638653,75.51932916856897,City,June,Moderate,Medium,Airport,22.57
West Bengal,23.042204557083974,87.84344291581934,Religious,September,Moderate,Medium,Railway Station,15.92
Punjab,31.14606430060684,75.45345427955067,City,April,Moderate,Medium,Railway Station,21.92
Tamil Nadu,10.942916042542572,78.60335937412549,Historical,January,Moderate,High,Railway Station,22.78
Punjab,31.015415891490278,75.36327226890835,Beach,December,Hot,High,Airport,38.12
West Bengal,22.98139221506995,87.88884878021044,City,July,Moderate,Medium,Road,19.26
Maharashtra,19.66918459105101,75.82964771270866,Beach,April,Hot,Medium,Airport,33.8
Tamil Nadu,11.197665569923826,78.67002281231295,Historical,November,Moderate,High,Railway Station,24.98
Kerala,10.79946999650767,76.38156165654402,Hill Station,July,Cold,Medium,Railway Station,25.82
Himachal Pradesh,31.137652869122604,77.24517750263365,Wildlife,March,Hot,Low,Airport,19.14
Rajasthan,26.989597279975197,74.35428348802031,Historical,July,Hot,Medium,Railway Station,19.65
Delhi,28.67410478698505,77.03134084160422,Religious,May,Moderate,Medium,Airport,18.21
Delhi,28.803027404523423,77.12462123337895,Hill Station,September,Cold,Medium,Railway Station,27.11
Maharashtra,19.76233006360361,75.90625822628017,Religious,September,Moderate,Low,Railway Station,9.75
Uttarakhand,30.162171125540958,79.05786891648616,Beach,September,Hot,Medium,Railway Station,29.43
Delhi,28.704367008970653,77.0300840431177,Hill Station,July,Cold,Low,Railway Station,21.45
Kerala,10.892748483723329,76.07403971793204,Wildlife,July,Hot,Medium,Airport,28.79
Goa,15.247685513064175,74.13035155577269,Religious,March,Moderate,Medium,Road,18.01
Maharashtra,19.825696964478336,75.54967098043582,Religious,October,Moderate,High,Road,24.97
West Bengal,23.015783995705707,87.73580029934638,Historical,January,Moderate,High,Road,24.49
Uttarakhand,30.20132914123622,78.88334107707726,Religious,June,Moderate,Medium,Airport,15.98
Goa,15.144740421033209,74.09500856370258,Wildlife,March,Hot,Medium,Airport,30.73
Himachal Pradesh,31.16246763115393,77.27198992329492,Religious,August,Moderate,Medium,Airport,21.85
Goa,15.421185716601238,74.0435743410446,Religious,September,Moderate,Medium,Railway Station,14.28
Himachal Pradesh,31.060920176959087,77.31626399456289,Wildlife,July,Hot,Medium,Road,27.1
West Bengal,22.89925814955549,87.86429818622051,Hill Station,July,Cold,Medium,Railway Station,24.2
Kerala,10.79391390791523,76.40123899158249,Beach,January,Hot,High,Airport,33.48
Tamil Nadu,11.030146128776403,78.63528165358062,Beach,October,Hot,Medium,Road,28.01
Punjab,31.148694865675434,75.34997467749356,Historical,April,Moderate,Medium,Road,21.3
Delhi,28.597587310349745,77.22831831082517,Beach,September,Hot,Medium,Road,30.9
Himachal Pradesh,31.015136943922762,77.15929556302734,Religious,October,Moderate,Medium,Road,14.55
Rajasthan,27.08327981962611,74.27324896635578,Historical,February,Hot,Medium,Road,15.75
Rajasthan,26.93598200154165,74.3580358652683,Historical,December,Hot,Medium,Railway Station,17.96
Kerala,10.830473614079814,76.22479490432683,Beach,August,Hot,Medium,Airport,30.3
West Bengal,23.071411155669722,87.96803533295981,Religious,January,Moderate,Medium,Road,16.33
Tamil Nadu,11.164628800802786,78.6256153404394,City,October,Moderate,High,Railway Station,22.22
Rajasthan,26.919162671800617,74.18354026150716,Historical,October,Hot,Medium,Railway Station,13.88
Rajasthan,27.063015435790884,74.1670417021087,Hill Station,April,Cold,Medium,Road,26.6
Delhi,28.583773121035595,77.07914030643411,Wildlife,November,Hot,High,Road,26.96
Kerala,10.824104455043768,76.35583134257116,Hill Station,November,Cold,Medium,Airport,24.38
Uttarakhand,30.170422812685306,79.0770951782344,City,November,Moderate,High,Road,28.55
Delhi,28.624885900165683,77.14306485127852,Religious,January,Moderate,High,Airport,23.47
Goa,15.336106493774695,74.21867504391358,City,October,Moderate,High,Road,21.69
Tamil Nadu,11.056163784268684,78.7109949804627,Historical,January,Moderate,High,Railway Station,22.42
Delhi,28.595427144812632,77.20431314841848,Beach,February,Hot,High,Road,32.67
Uttarakhand,30.091267203434693,78.96812258115038,Wildlife,August,Hot,Medium,Airport,28.39
Punjab,31.019494267696086,75.25460458937138,City,May,Moderate,Medium,Road,21.15
Maharashtra,19.674549744348152,75.81021323620652,Beach,May,Hot,Medium,Airport,30.28
Maharashtra,19.769810139188287,75.55708814101192,Wildlife,December,Hot,High,Railway Station,33.88
Kerala,10.813691093825293,76.28320593624737,Hill Station,December,Cold,High,Airport,28.93
Himachal Pradesh,31.22790579033556,77.19479486494909,Historical,December,Moderate,High,Road,25.75
Himachal Pradesh,31.090146379147885,77.09944734403395,Historical,August,Moderate,Low,Road,11.29
Punjab,31.21674829679168,75.38697340425698,Historical,November,Moderate,Medium,Railway Station,14.59
Goa,15.367666786122856,74.14072854524545,Religious,April,Moderate,Low,Road,10.37
Himachal Pradesh,31.15742450442396,77.17515578375833,City,November,Moderate,Medium,Road,18.48
Delhi,28.77309245059628,77.13108276735905,Hill Station,February,Cold,High,Railway Station,28.58
Goa,15.24141993000436,74.36970933751476,Wildlife,December,Moderate,High,Road,30.76
Rajasthan,26.91087416351788,74.17951860873495,Religious,September,Moderate,Medium,Airport,18.06
Uttarakhand,30.017508003861053,79.03888506436074,Hill Station,April,Cold,Medium,Railway Station,24.61
Punjab,31.155263703771954,75.24090273430367,Hill Station,August,Cold,Medium,Airport,24.15
Delhi,28.739224415167037,77.10234140737266,Beach,July,Hot,Low,Road,24.35
Goa,15.490026442433999,73.9412335871084,Hill Station,August,Cold,Medium,Airport,21.68
Kerala,10.931880620887943,76.35333833338109,Hill Station,September,Cold,Low,Road,20.85
Maharashtra,19.667751109305804,75.72809621774091,Hill Station,September,Cold,Medium,Road,22.89
Himachal Pradesh,31.206216448776356,77.2177420050687,Historical,March,Moderate,Medium,Railway Station,22.28
Rajasthan,26.98165190223435,74.2564723637557,Wildlife,March,Hot,Low,Road,27.07
Tamil Nadu,11.213768331173547,78.49405261424725,Wildlife,March,Moderate,Low,Road,18.87
Goa,15.375462846414639,74.13194450992728,City,September,Moderate,Medium,Railway Station,23.31
Punjab,31.05854224337545,75.23446302486614,Religious,January,Moderate,Medium,Railway Station,19.09
Rajasthan,27.027205476049208,74.26731516745784,Wildlife,September,Hot,Medium,Road,25.2
Delhi,28.618952812124665,76.91331894632918,City,October,Moderate,Medium,Airport,22.6
West Bengal,23.201548179366707,87.84660381629979,Religious,May,Moderate,Low,Airport,17.03
Himachal Pradesh,31.071260894698433,77.19602295476155,Historical,September,Moderate,Medium,Airport,19.97
Tamil Nadu,10.927975301996938,78.76927606303191,Wildlife,November,Moderate,High,Airport,37.78
Delhi,28.548476611068732,77.00997776934052,Historical,February,Hot,Medium,Airport,15.05
West Bengal,23.207605907750906,87.98523067107848,Historical,July,Moderate,Medium,Airport,13.09
Punjab,31.173868740232727,75.35079791632364,Wildlife,January,Moderate,Medium,Road,25.39
Rajasthan,26.974075891713735,74.14973991491345,Hill Station,April,Cold,Medium,Road,24.57
Himachal Pradesh,31.257000324923556,77.22821655589513,Historical,January,Moderate,Medium,Road,23.87
Rajasthan,27.057002460207997,74.27193627172551,Historical,April,Hot,Low,Road,9.3
Goa,15.504082657965576,74.16465043459937,City,May,Moderate,Medium,Airport,19.47
Uttarakhand,30.021326611304254,79.02772165889465,Wildlife,July,Hot,Medium,Road,27.13
Rajasthan,27.054312985379774,74.27996684153914,Religious,May,Moderate,Medium,Railway Station,16.56
Maharashtra,19.76550278222259,75.76661195915578,Religious,August,Moderate,Medium,Airport,25.21
Himachal Pradesh,31.02745098687715,77.24186711770763,Beach,January,Hot,High,Road,39.43
Goa,15.232638868779244,74.07979190141963,Religious,November,Moderate,High,Airport,20.91
Goa,15.286480185789271,74.19932975451762,Beach,November,Hot,High,Railway Station,34.73
Kerala,10.975282077315024,76.41603397564609,Historical,October,Moderate,Medium,Airport,13.67
Delhi,28.654010885438947,76.9835499974057,Hill Station,March,Cold,Medium,Airport,28.7
West Bengal,22.84339541393469,87.82473250890213,City,April,Moderate,Medium,Airport,17.94
Rajasthan,27.239065909036192,74.28285386394916,Wildlife,May,Hot,Low,Road,19.39
West Bengal,23.13744265962588,87.92326383820924,Historical,December,Moderate,High,Airport,25.33
Kerala,10.844336845479981,76.39507825958626,Wildlife,July,Hot,Medium,Road,31.35
West Bengal,23.08778758737908,87.89558739257026,Hill Station,March,Cold,Medium,Railway Station,23.0
Kerala,10.881360105550886,76.15498075960659,Historical,June,Moderate,Medium,Airport,17.27
Goa,15.233717405525724,74.16538317384838,Hill Station,June,Cold,Medium,Railway Station,21.59
Kerala,10.866884580797482,76.33634946162287,Religious,July,Moderate,Medium,Railway Station,17.72
Maharashtra,19.75064271076129,75.81473694338345,Hill Station,December,Cold,High,Road,31.59
West Bengal,23.170840376502273,87.92996648194021,City,May,Moderate,Low,Road,18.15
Punjab,31.100083392043814,75.2908227853424,Beach,July,Hot,Low,Road,26.49
Goa,15.202932970755246,74.28547726355622,Wildlife,September,Hot,Medium,Airport,30.71
Himachal Pradesh,31.007587237100605,77.18729641985298,City,December,Moderate,High,Road,24.54
West Bengal,23.09318003508787,87.74444458056023,Historical,April,Moderate,Low,Road,10.62
Uttarakhand,30.1302452157157,79.16287970301919,City,December,Moderate,Medium,Railway Station,17.97
Tamil Nadu,11.035327664213847,78.57801184646644,Beach,April,Hot,Medium,Airport,30.39
Kerala,10.974896036801963,76.40464518817956,Historical,January,Moderate,High,Railway Station,16.9
Tamil Nadu,11.21858105363497,78.60729264308408,Historical,October,Moderate,High,Road,21.28
Maharashtra,19.860982295242977,75.57104893279119,Historical,May,Moderate,Low,Road,11.91
Himachal Pradesh,31.207256816398584,77.01069282847546,Beach,June,Hot,Low,Road,25.33
Goa,15.327240754625576,73.93573053249216,Wildlife,August,Moderate,Low,Road,19.31
Rajasthan,27.133294634898743,74.37866920267217,Beach,December,Hot,Medium,Airport,30.32
Goa,15.332549098078939,74.02065145327438,Beach,October,Hot,Medium,Road,36.22
Tamil Nadu,11.222807398763647,78.64036441865329,Beach,March,Hot,Medium,Railway Station,30.14
Delhi,28.523515311155638,77.20651704164266,Wildlife,March,Moderate,Low,Airport,24.5
Tamil Nadu,11.271157429790762,78.8261744616801,Historical,July,Moderate,Medium,Airport,19.28
West Bengal,22.94651261645976,87.70707847455552,Wildlife,October,Moderate,High,Railway Station,29.33
Rajasthan,27.02327250036177,74.25069470574077,Beach,June,Hot,Low,Railway Station,25.47
Delhi,28.705069167071457,77.2816512349139,Wildlife,October,Hot,High,Road,32.68
Rajasthan,26.911918086080583,74.31966064846219,Wildlife,December,Moderate,Medium,Road,30.47
Maharashtra,19.76162116119,75.65276199790263,Beach,April,Hot,Medium,Railway Station,30.91
Maharashtra,19.67634896831452,75.60139323436306,Religious,August,Moderate,Low,Railway Station,15.26
Maharashtra,19.718354754734072,75.5951854733672,Wildlife,August,Hot,Medium,Road,25.71
West Bengal,22.9564734289423,87.97228635230087,Historical,October,Moderate,High,Airport,20.67
Uttarakhand,29.9498328524834,79.04926010935468,Historical,January,Moderate,High,Railway Station,21.36
Himachal Pradesh,31.183354866913643,77.25812052523665,Beach,May,Hot,Medium,Road,28.95
Rajasthan,27.102703120633024,74.3289963764857,Hill Station,September,Cold,Low,Railway Station,18.99
Delhi,28.643046523242717,77.27193254502693,Beach,February,Hot,High,Railway Station,37.11
Kerala,10.860836019866257,76.16439267839293,Wildlife,September,Hot,Medium,Road,25.49
Kerala,10.88612800497416,76.37984105536367,Wildlife,February,Hot,High,Airport,35.4
Rajasthan,27.063157617379918,74.30545257497424,Historical,January,Hot,High,Airport,21.96
Punjab,31.269845903115485,75.38916849405476,Hill Station,May,Cold,Medium,Railway Station,23.55
Punjab,31.190307346047078,75.31823593732682,Religious,November,Moderate,Medium,Road,15.28
West Bengal,22.88349149495445,87.96806747978546,Historical,March,Moderate,Medium,Road,14.05
Himachal Pradesh,31.128383492080538,77.32895463071561,City,December,Moderate,Medium,Road,25.2
Kerala,10.879662225066319,76.28465413136524,Hill Station,May,Cold,Low,Road,23.3
Delhi,28.39654172110805,77.02994295183524,Hill Station,April,Cold,Medium,Railway Station,22.9
Himachal Pradesh,30.909629270361457,77.10938872342277,Hill Station,April,Cold,Low,Road,18.8
Delhi,28.69040405337981,77.08569413358586,Historical,June,Hot,Medium,Airport,15.68
Maharashtra,19.621532144766963,75.89495260875671,Historical,March,Moderate,Medium,Airport,14.11
Delhi,28.618870100090042,76.90484056800044,Wildlife,September,Moderate,Low,Railway Station,27.48
Uttarakhand,30.108223550863556,78.99768662426624,Religious,July,Moderate,Medium,Railway Station,19.65
Rajasthan,27.068970395339594,74.10625604684998,Religious,November,Moderate,High,Road,19.81
Rajasthan,27.140596952227348,74.2479448283926,City,January,Moderate,Medium,Railway Station,24.33
Delhi,28.5714172861133,77.21809489365286,Religious,November,Moderate,High,Airport,19.83
Punjab,31.16606715439893,75.17828068133032,Wildlife,March,Hot,Medium,Airport,24.58
Uttarakhand,30.119679836416076,79.04599602417893,Beach,January,Hot,Medium,Road,25.95
West Bengal,22.918382313620068,87.71510385656832,Historical,July,Moderate,Medium,Road,21.13
Himachal Pradesh,31.159602861208793,77.10523492094308,Wildlife,May,Moderate,Medium,Road,27.96
Delhi,28.798816573545853,77.14315939129389,Historical,March,Hot,Low,Road,10.98
Maharashtra,19.815518464475655,75.88167885630885,Hill Station,November,Cold,Medium,Railway Station,27.01
Tamil Nadu,11.239893615999383,78.69263076760353,Wildlife,March,Hot,Low,Airport,19.67
Himachal Pradesh,31.018248393275712,77.14349765011796,Historical,November,Moderate,High,Railway Station,28.01
Kerala,10.940457101388514,76.33245361772833,Religious,January,Moderate,High,Railway Station,19.71
Delhi,28.8329691469157,77.14547183766712,Historical,July,Hot,Low,Airport,9.57
Maharashtra,19.862284030002694,75.68489614561108,Historical,October,Moderate,Medium,Railway Station,18.53
West Bengal,23.001587860889018,87.87010852811858,Beach,November,Hot,Medium,Road,23.24
Goa,15.275451669566735,74.03173421919983,Hill Station,May,Cold,Medium,Airport,19.14
Goa,15.20566094317143,74.11335256817237,Historical,May,Moderate,Low,Airport,9.38
Rajasthan,27.116789644462962,74.286212924506,City,April,Moderate,Medium,Airport,19.56
Kerala,10.683668864581467,76.21478808514657,Historical,November,Moderate,High,Road,21.34
Uttarakhand,29.98128818431333,79.13019808553132,Historical,February,Moderate,High,Airport,29.2
Punjab,31.133591195895796,75.39714637969364,Historical,August,Moderate,Medium,Railway Station,23.45
Kerala,10.885625262962227,76.2739348207459,Religious,March,Moderate,Medium,Airport,21.81
West Bengal,22.830481065421182,87.96947730621443,City,January,Moderate,High,Airport,28.94
Tamil Nadu,11.002363702730996,78.66452403304227,Hill Station,October,Cold,High,Road,31.67
Rajasthan,26.96469703129129,74.33085805328737,Hill Station,March,Cold,Low,Road,18.83
Uttarakhand,30.05874901310555,79.01700468201811,Wildlife,December,Hot,High,Road,34.06
Delhi,28.47612101770361,77.12158927435095,Religious,February,Moderate,High,Road,22.38
Kerala,10.799226944359877,76.11563788762241,Wildlife,August,Hot,Low,Airport,24.5
Kerala,10.694080856823968,76.3075530937949,Historical,January,Moderate,High,Airport,23.01
Goa,15.27458835990956,74.40914076452849,Religious,March,Moderate,Medium,Railway Station,15.6
Goa,15.529824437345216,74.01609351449649,City,August,Moderate,Medium,Railway Station,20.67
Maharashtra,19.718891650762004,75.74227333698103,Wildlife,January,Hot,High,Railway Station,31.84
West Bengal,22.925481787159814,87.96001178658214,Historical,January,Moderate,High,Railway Station,28.75
Maharashtra,19.727835109502912,75.81024546752323,Historical,March,Moderate,Medium,Airport,18.41
Uttarakhand,30.12877061801791,79.06571695343942,Hill Station,January,Cold,Medium,Road,26.87
West Bengal,22.970575344614453,87.86487424685834,Historical,June,Moderate,Medium,Airport,19.38
Delhi,28.6645270226289,77.18451972453764,Hill Station,August,Cold,Medium,Road,27.53
Punjab,31.159425226055394,75.46094203394549,Religious,September,Moderate,Medium,Railway Station,15.79
Himachal Pradesh,31.35587434705477,77.28502036417436,Historical,December,Moderate,High,Airport,21.59
Rajasthan,26.88456292176897,74.34038547613625,Wildlife,October,Moderate,High,Railway Station,38.14
Himachal Pradesh,31.187202284603686,77.28939493287038,City,June,Moderate,Medium,Railway Station,22.31
Kerala,10.807067297930574,76.32169780150404,City,January,Moderate,High,Road,26.02
Himachal Pradesh,31.113636708210365,77.10739242668994,Wildlife,June,Moderate,Medium,Road,30.92
Punjab,30.929495928586665,75.34285140117993,City,June,Moderate,Medium,Road,17.98
Himachal Pradesh,31.142382710450732,76.98674323171696,Religious,December,Moderate,High,Airport,26.64
Uttarakhand,29.98587594166143,78.97693871092339,Historical,May,Moderate,Medium,Railway Station,20.61
Delhi,28.81633899422206,77.15203477451837,Historical,November,Hot,High,Railway Station,22.55
Kerala,10.78883763608321,76.3032962087134,Wildlife,November,Moderate,Medium,Airport,22.78
Tamil Nadu,11.0153626673029,78.73243593749568,Hill Station,November,Cold,High,Railway Station,27.2
West Bengal,22.922013806300605,87.89299241782918,Hill Station,January,Cold,High,Railway Station,32.78
Punjab,31.115560558652493,75.26157191996145,Wildlife,April,Hot,Medium,Airport,24.55
Goa,15.360408332759455,74.14337963591316,City,May,Moderate,Medium,Airport,18.46
Maharashtra,19.830568075827795,75.55611133769736,City,January,Moderate,Medium,Airport,17.68
Delhi,28.49032011450373,77.16186394643756,Religious,September,Moderate,Low,Airport,13.07
Rajasthan,27.12211402277946,74.29627414801638,Hill Station,September,Cold,Medium,Airport,29.77
Kerala,10.831317354561326,76.44872860693279,Wildlife,July,Hot,Medium,Railway Station,26.79
Rajasthan,27.12347415016472,74.07826014345453,Religious,December,Moderate,High,Airport,17.99
Kerala,10.929983081379229,76.28408938084515,Wildlife,June,Hot,Low,Road,27.87
Maharashtra,19.573672189874493,75.71410089301457,Historical,November,Moderate,Medium,Railway Station,18.41
Punjab,31.19370872982553,75.29891816502963,Religious,August,Moderate,Low,Road,13.71
Maharashtra,19.849813710130565,75.60046283966804,Hill Station,March,Cold,Medium,Railway Station,22.54
Uttarakhand,29.808871960221172,79.05793503134274,Beach,October,Hot,High,Road,33.86
Uttarakhand,30.28244741676082,79.05986895270581,Hill Station,July,Cold,Medium,Railway Station,25.79
Tamil Nadu,10.937749713223276,78.6653590066288,Religious,October,Moderate,High,Airport,22.22
Kerala,10.861277765615766,76.27316365403576,Religious,April,Moderate,Medium,Railway Station,12.29
Tamil Nadu,11.179927552499324,78.61875294869644,Beach,April,Hot,Medium,Airport,31.4
Kerala,10.93310650003856,76.2509893648359,Wildlife,August,Moderate,Medium,Railway Station,25.45
Goa,15.261673859194387,73.97688366172433,Hill Station,September,Cold,Medium,Road,31.4
Punjab,31.214439912367098,75.50665283073323,Historical,August,Moderate,Medium,Airport,20.03
Maharashtra,19.69969993172579,75.74244068907532,Religious,October,Moderate,Medium,Road,19.12
West Bengal,22.871022819129486,87.81163328009144,Hill Station,October,Cold,High,Airport,29.91
Punjab,31.05932547072198,75.31617287749953,Religious,December,Moderate,High,Airport,24.44
Delhi,28.671379699960813,77.19103145883717,Religious,October,Moderate,High,Airport,22.99
Maharashtra,19.60839025074163,75.78513109326704,Religious,December,Moderate,High,Road,20.85
Goa,15.232528812591502,74.226707024773,Beach,February,Hot,High,Airport,31.54
Kerala,10.842482008312675,76.14119109650746,Religious,March,Moderate,Medium,Railway Station,17.43
Tamil Nadu,10.919089655052684,78.69000476873869,Hill Station,February,Cold,High,Railway Station,30.26
Maharashtra,19.6986325406028,75.6074080247066,City,September,Moderate,Low,Railway Station,16.42
Maharashtra,19.802677321262042,75.83244964109527,Hill Station,June,Cold,Low,Airport,17.87
Tamil Nadu,11.255371395817022,78.61026819428267,Beach,March,Hot,Medium,Road,33.64
Himachal Pradesh,31.307873946987012,77.24286544643415,Hill Station,October,Cold,Medium,Road,25.89
Tamil Nadu,11.18032623999157,78.72247172210716,Hill Station,May,Cold,Medium,Railway Station,25.22
Rajasthan,26.97464518912548,74.0709454815081,Beach,January,Hot,Medium,Railway Station,30.28
Kerala,10.805635203436143,76.31081513704011,Wildlife,August,Hot,Low,Road,24.56
Punjab,31.091171752155077,75.40408091401082,Historical,August,Moderate,Low,Railway Station,16.05
Uttarakhand,30.07928283432848,79.08721829549067,Religious,May,Moderate,Low,Railway Station,16.63
West Bengal,23.119482673477027,87.95518571940538,Religious,December,Moderate,High,Airport,24.52
Maharashtra,19.78210857114244,75.73820810326713,Religious,November,Moderate,High,Airport,25.32
Kerala,10.751908003424969,76.33176594577132,Hill Station,August,Cold,Medium,Airport,19.12
Goa,15.239704532297752,73.98585453984414,Historical,December,Moderate,High,Airport,14.99
Delhi,28.734906035938714,77.15341542966141,Wildlife,June,Moderate,Medium,Road,26.93
Kerala,10.743925814332204,76.41143648833051,Wildlife,May,Hot,Medium,Railway Station,27.64
West Bengal,22.962492844878497,87.8003948619903,Historical,July,Moderate,Low,Airport,12.56
Tamil Nadu,11.132915477754969,78.63754718094253,Beach,April,Hot,Medium,Railway Station,30.02
Delhi,28.752777229152215,77.07727228705845,Historical,January,Hot,Medium,Railway Station,20.98
Kerala,10.928311773201063,76.19040092940804,Hill Station,March,Cold,Medium,Road,23.12
Tamil Nadu,11.253441753996281,78.43718130589919,Hill Station,December,Cold,High,Road,34.94
Goa,15.165594742529322,74.05036617630591,Hill Station,March,Cold,Medium,Railway Station,24.55
West Bengal,23.022160173270613,87.82262166697443,Wildlife,August,Hot,Medium,Airport,22.14
Kerala,11.029585601344593,76.26777059918686,Historical,September,Moderate,Medium,Railway Station,15.36
Punjab,31.087174384442083,75.18776203767668,City,January,Moderate,High,Railway Station,28.86
Kerala,10.827843572432206,76.16378206126271,Hill Station,July,Cold,Medium,Railway Station,27.06
Kerala,10.834422137782685,76.45936033839943,Historical,January,Moderate,Medium,Railway Station,12.48
Punjab,31.07194159194354,75.46732505813995,Beach,December,Hot,High,Road,31.05
Himachal Pradesh,31.26644513760079,77.26886974950386,Religious,November,Moderate,Medium,Railway Station,11.45
Goa,15.2347111945566,73.89918691339366,Hill Station,October,Cold,Medium,Road,23.61
Delhi,28.607711059494644,76.92053788219071,Hill Station,January,Cold,High,Airport,30.11
Delhi,28.86540807834768,77.17556027791125,Hill Station,October,Cold,High,Airport,28.09
Rajasthan,27.18279196226187,74.15058803090254,Hill Station,December,Cold,Medium,Airport,27.69
Punjab,31.044901646498566,75.33892333287808,Beach,June,Hot,Medium,Airport,29.39
Punjab,31.30507174674482,75.45432871063588,Wildlife,May,Hot,Medium,Railway Station,27.12
Rajasthan,27.044644786702435,74.20371980286801,Religious,April,Moderate,Medium,Railway Station,21.41
Uttarakhand,30.010139007218086,78.92128861030892,Wildlife,August,Hot,Low,Road,20.89
Delhi,28.501072484865265,77.14785148490974,City,April,Moderate,Low,Airport,16.13
Delhi,28.71242746295148,77.02378154689788,Religious,March,Moderate,Medium,Railway Station,20.29
Punjab,31.315108664933945,75.2908500929142,Hill Station,October,Cold,High,Road,34.03
Maharashtra,19.74639778382829,75.86727222423795,Historical,January,Moderate,High,Airport,25.34
West Bengal,22.924639077353778,87.83853998423263,City,August,Moderate,Low,Railway Station,16.18
Uttarakhand,30.089838458624545,78.95149177996181,City,May,Moderate,Medium,Road,21.3
Delhi,28.90175766673236,77.07651282355774,Beach,January,Hot,High,Railway Station,28.85
Goa,15.145998688867955,74.26233962226134,Religious,September,Moderate,Medium,Road,19.89
Goa,15.263556615750266,74.2558760974839,Religious,May,Moderate,Medium,Railway Station,16.84
Kerala,10.692659997330312,76.24826612133067,Wildlife,February,Hot,High,Airport,32.77
Maharashtra,19.679588856366344,75.6467304642219,Hill Station,November,Cold,High,Road,28.99
Himachal Pradesh,31.118874249383527,77.22500827786355,Religious,September,Moderate,Medium,Road,19.18
Tamil Nadu,11.065472883347544,78.58166068609604,City,November,Moderate,High,Railway Station,25.47
Maharashtra,19.76384959310001,75.78747930539797,Beach,May,Hot,Medium,Railway Station,30.21
Uttarakhand,30.027737147539106,79.09295762704626,Historical,July,Moderate,Medium,Airport,16.28
Rajasthan,26.98204339409859,74.08416771794293,Wildlife,November,Hot,Medium,Railway Station,27.49
Rajasthan,27.283983418783816,74.26912753415778,Hill Station,August,Cold,Medium,Road,23.49
West Bengal,22.886797327943977,87.86562615606702,Hill Station,June,Cold,Medium,Road,31.0
Tamil Nadu,11.163051888153324,78.69021220569421,Historical,January,Moderate,High,Airport,21.68
Tamil Nadu,11.269657390816624,78.64316770692264,Hill Station,July,Cold,Medium,Airport,25.76
Goa,15.251544319834405,74.22965015853082,Wildlife,July,Hot,Medium,Airport,25.29
West Bengal,23.078393524714873,87.68005368316689,Hill Station,May,Cold,Medium,Railway Station,25.69
Rajasthan,27.12523670202645,74.07454551111154,Historical,July,Hot,Medium,Airport,16.83
Rajasthan,27.26832989651212,74.12928600669859,Beach,June,Hot,Medium,Airport,31.28
Uttarakhand,30.05988153802672,78.93743332627999,Wildlife,June,Hot,Medium,Airport,32.29
Himachal Pradesh,31.08040963594119,77.2315671542961,City,April,Moderate,Low,Road,15.8
Punjab,31.145882150134288,75.39890440825664,Hill Station,August,Cold,Medium,Airport,27.1
Himachal Pradesh,31.22152641965853,77.10931524336125,Historical,August,Moderate,Medium,Airport,18.03
Uttarakhand,30.10955963194406,79.11376988718395,Historical,January,Moderate,Medium,Railway Station,19.99
Maharashtra,19.511656971355844,75.62977914611014,Historical,October,Moderate,High,Airport,27.22
Uttarakhand,30.038038568812507,78.85390284212869,Beach,March,Hot,Medium,Railway Station,26.74
Goa,15.36204116264142,74.1968019689812,Hill Station,April,Cold,Medium,Airport,23.86
Delhi,28.864396434692168,77.08064617459978,City,May,Moderate,Medium,Railway Station,23.13
Delhi,28.588416416894393,77.24969071827549,City,January,Moderate,High,Road,30.47
Tamil Nadu,11.076963268443446,78.46766431754936,City,December,Moderate,High,Road,29.33
Uttarakhand,30.04939820443452,79.1187955620974,Beach,February,Hot,Medium,Road,29.31
Uttarakhand,30.08176689109247,79.12171623266069,Religious,August,Moderate,Medium,Road,15.24
Punjab,31.011601949730963,75.42170207947579,City,December,Moderate,High,Railway Station,27.08
Himachal Pradesh,30.97367982006882,77.3937790836771,Wildlife,December,Hot,High,Airport,33.1
Maharashtra,19.81139160044709,75.65953069568876,Religious,October,Moderate,High,Road,19.85
Tamil Nadu,11.158765015667656,78.69634858585565,Historical,December,Moderate,Medium,Railway Station,16.69
Tamil Nadu,11.115190374517628,78.59384447338053,Wildlife,April,Moderate,Low,Railway Station,18.68
Uttarakhand,29.909059091303064,79.01672114925132,Historical,February,Moderate,High,Road,23.3
Kerala,10.761141938618678,76.44907430210849,Beach,June,Hot,Medium,Road,32.14
Delhi,28.801955972878925,77.09549054546345,Historical,May,Hot,Medium,Road,15.08
Maharashtra,19.74691857570894,75.77744956616736,Historical,July,Moderate,Medium,Road,18.37
Punjab,31.157898088911647,75.44089377208019,City,November,Moderate,High,Railway Station,22.43
Punjab,31.156906341647343,75.18839900685235,Beach,April,Hot,Medium,Road,26.48
West Bengal,22.772431377107146,87.92398494276586,Historical,December,Moderate,High,Airport,23.96
Maharashtra,19.93451040405196,75.70096976150128,City,April,Moderate,Medium,Airport,16.49
Himachal Pradesh,31.116778235676293,77.20014270295975,Wildlife,March,Hot,Low,Airport,24.25
Punjab,31.15866649558827,75.43205645068635,Wildlife,June,Hot,Low,Railway Station,22.61
West Bengal,23.082853157281242,87.74104593022604,Beach,April,Hot,Low,Airport,31.86
Rajasthan,27.098704715448363,74.34726262965879,Religious,December,Moderate,High,Road,21.47
West Bengal,22.927209549413522,87.79508776072944,Beach,November,Hot,High,Airport,33.51
Kerala,10.808104084255646,76.09163083410841,Wildlife,July,Hot,Medium,Railway Station,30.43
Goa,15.272653643974383,74.23565623743106,Hill Station,March,Cold,Medium,Road,27.03
Rajasthan,27.127197581729664,74.16504032850817,City,April,Moderate,Medium,Airport,18.06
Tamil Nadu,11.286147503896895,78.549231370234,Historical,July,Moderate,Medium,Road,16.99
Delhi,28.755332505420515,77.14886416295359,Religious,March,Moderate,Medium,Railway Station,16.14
Rajasthan,27.005964532701064,74.34053013456044,Historical,August,Hot,Medium,Airport,19.13
Delhi,28.81078655876416,77.08821170272121,Religious,March,Moderate,Medium,Airport,18.54
Maharashtra,19.878031770760632,75.75692329629884,City,November,Moderate,High,Airport,27.64
Punjab,31.346398211984447,75.3805495073504,Beach,April,Hot,Medium,Road,28.37
Rajasthan,27.113393739454118,74.15382550214086,Hill Station,October,Cold,Medium,Airport,24.93
Goa,15.339446249920538,74.26664972727185,Religious,January,Moderate,Medium,Airport,12.61
Tamil Nadu,10.975236695099692,78.5938805355823,Wildlife,April,Hot,Low,Airport,23.51
Rajasthan,26.938566838856588,74.24274532629528,Wildlife,May,Hot,Medium,Railway Station,27.16
Rajasthan,27.04242377594559,74.3671755353632,Beach,May,Hot,Medium,Railway Station,32.56
Himachal Pradesh,31.1538499491004,77.20049521855589,Wildlife,October,Hot,High,Road,28.41
Rajasthan,26.958885254535687,74.02760421669264,Wildlife,January,Hot,Medium,Road,29.28
West Bengal,23.06355139022007,87.97553449694267,City,June,Moderate,Medium,Airport,17.72
Uttarakhand,29.933270270509112,79.10110231429906,City,December,Moderate,Medium,Railway Station,20.55
Rajasthan,27.022599176336318,74.24688532048768,Historical,January,Hot,High,Railway Station,22.7
Uttarakhand,30.028009808648683,79.21122163961171,Historical,October,Moderate,Medium,Road,20.93
Delhi,28.781624625478983,77.05577950037305,Wildlife,February,Hot,High,Airport,35.19
Maharashtra,19.57877405090611,75.84897701305539,Beach,February,Hot,Medium,Airport,33.34
Punjab,31.253006474703582,75.31500344459346,Religious,July,Moderate,Low,Railway Station,14.85
Kerala,10.80728060965047,76.2901136244902,Beach,November,Hot,High,Airport,35.2
Rajasthan,27.008259468435725,74.19389975975362,Historical,November,Hot,High,Road,31.12
Rajasthan,27.09538824596361,74.21731364966787,Beach,August,Hot,Medium,Railway Station,32.45
West Bengal,23.00681248156687,87.9298081900785,Historical,April,Moderate,Medium,Airport,21.08
Himachal Pradesh,31.10702234637006,77.12679519799903,Historical,December,Moderate,High,Road,23.51
Punjab,31.156666306269326,75.31525339610398,Historical,July,Moderate,Low,Railway Station,15.23
West Bengal,23.012340289994558,87.5893226004886,Hill Station,August,Cold,Medium,Airport,26.81
Kerala,10.826379629652434,76.20925043149457,Wildlife,June,Moderate,Low,Airport,22.89
Kerala,10.940321317699395,76.1342832069309,Historical,January,Moderate,Medium,Railway Station,20.2
Delhi,28.71157922631858,77.04029979807721,City,March,Moderate,Medium,Road,23.91
Maharashtra,19.852734979725458,75.74687897071945,City,March,Moderate,Medium,Road,18.59
Goa,15.289824685368465,74.23861704509257,Hill Station,December,Cold,High,Airport,35.37
West Bengal,22.941058849022475,87.84352283391313,Religious,May,Moderate,Low,Road,8.73
Punjab,31.175006250868528,75.47423164260363,Beach,August,Hot,Medium,Railway Station,20.68
Punjab,31.15504233494296,75.32921503167158,Religious,November,Moderate,Medium,Railway Station,12.38
West Bengal,22.98809838289029,87.81500386504442,City,September,Moderate,Medium,Airport,17.94
Tamil Nadu,11.177191944266605,78.62875530813766,Historical,July,Moderate,Medium,Airport,19.81
Uttarakhand,29.942913171742617,78.8828073019032,Wildlife,January,Hot,Medium,Railway Station,33.89
Rajasthan,27.12761466960201,74.21113472234012,Hill Station,January,Cold,Medium,Airport,21.86
Tamil Nadu,11.136358941926094,78.71457839623359,Beach,September,Hot,Medium,Road,25.14
Uttarakhand,30.252764749360363,78.92559297156407,Religious,July,Moderate,Medium,Railway Station,13.17
Tamil Nadu,11.160356535616964,78.91374180336895,Religious,February,Moderate,High,Railway Station,22.0
Delhi,28.715753842761643,77.09026689477614,Historical,May,Hot,Medium,Railway Station,15.74
Delhi,28.67201045650927,76.97860886375796,Historical,November,Hot,High,Road,23.79
Kerala,10.683920269724611,76.25158160489008,Hill Station,September,Cold,Low,Airport,18.59
Delhi,28.669817003907028,77.0660316883026,Religious,October,Moderate,Medium,Road,18.23
West Bengal,22.966216786643496,87.86727578214094,Religious,October,Moderate,High,Road,22.94
Goa,15.276240008795787,74.29642782491692,Wildlife,February,Hot,High,Railway Station,31.3
Delhi,28.79981057538559,76.93138976293513,Religious,September,Moderate,Low,Railway Station,10.44
Punjab,31.140534277278288,75.39273203106164,Wildlife,December,Hot,High,Road,32.67
Uttarakhand,30.09411455610701,79.135220319147,City,January,Moderate,High,Railway Station,26.97
Delhi,28.762199262209613,77.15430021758182,Religious,November,Moderate,High,Airport,21.06
Rajasthan,26.891859678049858,74.20646689009406,Historical,July,Hot,Medium,Railway Station,20.41
Kerala,11.002400658638042,76.39195809090431,Beach,March,Hot,Medium,Road,29.96
Kerala,10.745755323716935,76.30320065993384,Wildlife,May,Hot,Medium,Railway Station,22.71
Himachal Pradesh,31.05258501378866,77.28278945976206,Beach,February,Hot,Medium,Airport,29.56
Maharashtra,19.938841512361215,75.8222217748107,Wildlife,December,Hot,High,Road,30.11
Himachal Pradesh,31.251636065314663,77.17455705914726,Religious,February,Moderate,Medium,Railway Station,19.52
Delhi,28.77939675122045,77.05817264934745,City,September,Moderate,Medium,Railway Station,16.69
Kerala,10.849169600619039,76.27883630136736,City,January,Moderate,High,Airport,24.25
Himachal Pradesh,31.05528423519121,76.9747654254489,Beach,November,Hot,Medium,Railway Station,28.7
Tamil Nadu,11.256170127553736,78.62461005257666,Religious,December,Moderate,Medium,Airport,19.29
Rajasthan,27.096948302119863,74.31675557325119,Beach,October,Hot,High,Road,29.57
Goa,15.374591346645595,73.97621561738684,Historical,May,Moderate,Medium,Airport,21.91
Rajasthan,26.98777133941907,74.37297986150557,City,July,Moderate,Low,Road,15.88
West Bengal,23.101887657207534,87.89186603682619,Religious,September,Moderate,Low,Road,19.83
West Bengal,22.880161942936315,87.79372979895054,Hill Station,September,Cold,Medium,Road,27.49
Maharashtra,19.61887359625234,75.74491543210212,Beach,March,Hot,Medium,Airport,26.97
West Bengal,23.036844896648304,87.83609639173076,Wildlife,November,Hot,Medium,Road,30.21
West Bengal,23.017384364441416,87.86609150976334,Hill Station,June,Cold,Low,Road,21.28
Maharashtra,19.6473076943974,75.6406094820537,City,February,Moderate,High,Railway Station,27.77
Maharashtra,19.81452361987254,75.78881988165287,Hill Station,July,Cold,Low,Road,24.43
Himachal Pradesh,31.066893580221908,77.22950613754756,Religious,April,Moderate,Medium,Road,17.4
Goa,15.388394730669342,73.99631476185625,Wildlife,November,Hot,Medium,Railway Station,27.92
Tamil Nadu,11.096990355556022,78.5668630096936,City,August,Moderate,Medium,Road,22.31
Delhi,28.577744005539714,77.1242069580648,Wildlife,September,Hot,Medium,Railway Station,28.54
Tamil Nadu,11.138629017698346,78.74565284721625,Hill Station,November,Cold,Medium,Railway Station,23.03
Maharashtra,19.840782311655698,75.71677384414068,Historical,November,Moderate,High,Railway Station,18.44
Delhi,28.651625995249393,77.04896102170089,City,October,Moderate,High,Railway Station,28.07
Kerala,10.879533763524163,76.12176428111182,Religious,September,Moderate,Medium,Airport,16.31
Punjab,31.24427380125217,75.41775040837808,Wildlife,August,Hot,Medium,Airport,26.43
Kerala,10.741835546359315,76.26795236769516,Historical,February,Moderate,Medium,Airport,21.28
Maharashtra,19.725743406539472,75.68127067755951,Hill Station,October,Cold,High,Airport,28.24
Tamil Nadu,11.081360826984012,78.5452569267045,Hill Station,July,Cold,Medium,Railway Station,25.07
Rajasthan,26.89893116723378,74.48408594440747,Hill Station,February,Cold,Medium,Railway Station,21.01
Uttarakhand,29.93861578388424,79.16040203672725,City,June,Moderate,Medium,Road,21.39
West Bengal,22.94710653929788,87.89030915773304,Religious,September,Moderate,Medium,Railway Station,14.83
Goa,15.135366420205454,74.31834065732411,City,August,Moderate,Medium,Road,17.01
Maharashtra,19.819936064960725,75.76294698944501,Historical,June,Moderate,Medium,Railway Station,15.94
Uttarakhand,29.975988803475914,78.95858126370443,Historical,June,Moderate,Medium,Airport,17.67
Rajasthan,26.92256200261724,74.17801222437916,City,August,Moderate,Medium,Railway Station,18.79
Goa,15.413613210701278,74.20795380907606,Hill Station,January,Cold,Medium,Airport,28.99
Tamil Nadu,11.210587050136436,78.63230429486325,Wildlife,August,Hot,Low,Railway Station,26.32
Maharashtra,19.955498382216852,75.81188322570613,Historical,September,Moderate,Medium,Airport,12.25
Goa,15.328776694887138,74.29551111167021,Religious,January,Moderate,Medium,Railway Station,11.98
Himachal Pradesh,30.900173456865353,77.1594734003625,Historical,July,Moderate,Medium,Railway Station,17.54
Goa,15.453313066986041,74.22955289801264,City,February,Moderate,High,Airport,25.22
Rajasthan,27.09498273685977,74.16529123124599,City,May,Moderate,Medium,Railway Station,18.27
Himachal Pradesh,31.101562721361546,77.30506980645148,Wildlife,October,Moderate,High,Road,31.28
West Bengal,22.98872148494542,87.75172525348498,City,January,Moderate,High,Airport,22.51
Kerala,10.927312571187839,76.35463938659854,Beach,September,Hot,Medium,Railway Station,33.4
Maharashtra,19.558515956627083,75.81013603998888,Historical,January,Moderate,High,Road,24.42
Kerala,10.843414083335956,76.3474164292728,City,August,Moderate,Low,Airport,16.64
Himachal Pradesh,31.227217004228233,76.91230951412648,Historical,January,Moderate,High,Airport,25.82
Tamil Nadu,11.262682847058661,78.67762446618008,Beach,January,Hot,High,Road,34.1
Goa,15.332028534616379,74.16724644658449,City,March,Moderate,Medium,Airport,18.54
Maharashtra,19.836855190823982,75.77059309652815,Religious,July,Moderate,Medium,Airport,21.84
Rajasthan,27.099761089103996,74.14304852786081,Hill Station,December,Cold,High,Railway Station,38.25
Punjab,31.15159878435761,75.26994210328226,Wildlife,October,Hot,Medium,Road,30.2
Maharashtra,19.768846566566864,75.6256368083682,Beach,January,Hot,High,Road,27.47
Goa,15.142165742577738,74.21145466192014,Religious,February,Moderate,Medium,Airport,15.41
Goa,15.317323638545933,74.11266910963842,Religious,October,Moderate,High,Airport,22.35
Delhi,28.84322917863965,77.03982754291086,Historical,November,Hot,High,Airport,26.73
Delhi,28.655268678752666,77.04155593709942,Historical,October,Hot,Medium,Railway Station,11.11
Delhi,28.51805661540378,77.02760704683976,Historical,March,Hot,Medium,Railway Station,22.6
Uttarakhand,30.050166697176785,79.08896765747649,Beach,September,Hot,Medium,Railway Station,26.93
Himachal Pradesh,31.24625307931105,77.1569302047142,Beach,June,Hot,Medium,Railway Station,30.18
Delhi,28.792684074713282,77.23609605561207,City,September,Moderate,Medium,Airport,16.98
Goa,15.208911025642397,74.13616984078618,City,January,Moderate,High,Railway Station,28.24
Kerala,10.867204655337657,76.15187751510439,City,July,Moderate,Medium,Road,18.83
West Bengal,23.196878290593485,87.80603979434639,City,September,Moderate,Low,Airport,12.55
Delhi,28.758841279206415,77.4373207185539,City,August,Moderate,Medium,Road,21.68
Kerala,10.722371508000416,76.31452359392006,Wildlife,May,Moderate,Medium,Road,26.36
Punjab,31.363206428918573,75.20617832727199,City,October,Moderate,High,Road,25.08
Maharashtra,19.79202941104931,75.7590395952416,Hill Station,March,Cold,Low,Road,18.73
Tamil Nadu,11.053583085673719,78.8524130645025,Hill Station,March,Cold,Medium,Road,26.2
Delhi,28.740218216704164,77.02459091412622,City,May,Moderate,Medium,Airport,18.28
Punjab,31.094728692585843,75.5327215634622,Beach,February,Hot,Medium,Railway Station,28.15
Maharashtra,19.75981190163282,75.65065151252229,Wildlife,March,Moderate,Low,Railway Station,28.63
Maharashtra,19.74832386767098,75.85942403021497,City,October,Moderate,High,Airport,21.79
West Bengal,22.949227899362324,87.83234722064367,Beach,May,Hot,Medium,Airport,25.57
Punjab,31.12576670837989,75.22725427554475,Beach,February,Hot,High,Road,36.58
West Bengal,22.90013540991675,87.96959404226025,Religious,August,Moderate,Low,Railway Station,10.61
Goa,15.195432183349606,74.20807585893371,Wildlife,July,Hot,Low,Railway Station,18.89
Uttarakhand,30.082997113133082,79.06517699177506,Wildlife,June,Moderate,Low,Airport,25.11
Goa,15.35130464941939,74.37028739651691,Hill Station,September,Cold,Low,Railway Station,24.08
Goa,15.12062403831373,74.32403984848075,Religious,September,Moderate,Medium,Road,24.57
Rajasthan,27.0870400044955,74.17481535823842,Beach,January,Hot,High,Road,37.16
Maharashtra,19.821123593422715,75.85242626027872,Religious,March,Moderate,Medium,Road,15.69
Uttarakhand,30.236113749156406,79.1608112726968,Religious,September,Moderate,Medium,Railway Station,19.66
Maharashtra,19.79370332137402,75.60239691139819,City,February,Moderate,High,Road,21.76
Tamil Nadu,11.09495139876323,78.45104739111667,Beach,April,Hot,Medium,Road,33.76
Kerala,10.975146451439658,76.25723717914344,Beach,July,Hot,Medium,Airport,29.82
Uttarakhand,29.9669629056362,78.84074977306948,Religious,September,Moderate,Medium,Railway Station,10.9
Delhi,28.636868573418674,77.06442764908893,City,March,Moderate,Medium,Railway Station,17.15
Tamil Nadu,11.004383700129695,78.68851049936893,Historical,May,Moderate,Medium,Road,15.21
Kerala,10.711782670805924,76.30927416812119,Hill Station,August,Cold,Medium,Airport,27.35
Punjab,31.141134598969547,75.3433460260025,Historical,July,Moderate,Medium,Airport,21.01
Delhi,28.5350651076235,77.24977324645228,Beach,November,Hot,High,Road,35.68
Himachal Pradesh,31.10774366907424,77.1324698111766,City,February,Moderate,High,Road,25.43
Himachal Pradesh,31.177499192313764,77.0233714201976,Historical,September,Moderate,Low,Road,11.91
Rajasthan,26.931233285671272,74.1761461771673,City,March,Moderate,Low,Railway Station,10.44
Uttarakhand,30.058857903883524,79.05932711659536,City,October,Moderate,Medium,Railway Station,17.6
Tamil Nadu,11.347310973489177,78.66486403099763,Wildlife,September,Hot,Medium,Road,32.08
Punjab,31.259322979394028,75.4046679084186,Historical,March,Moderate,Low,Airport,17.73
Rajasthan,27.14931268787366,74.11109739566308,Historical,December,Hot,High,Airport,29.95
Kerala,10.797973810051962,76.03563487124062,Religious,August,Moderate,Medium,Airport,21.35
West Bengal,22.881359095225406,87.6940461923021,Wildlife,September,Hot,Medium,Road,27.38
Punjab,31.343117428599136,75.39667825213178,Beach,March,Hot,Medium,Airport,28.42
West Bengal,22.947694314306705,87.83428988943368,Religious,October,Moderate,High,Airport,25.53
Punjab,31.15548937632407,75.33564317772749,Religious,July,Moderate,Low,Railway Station,13.56
Goa,15.395691770263385,74.03384087410882,Religious,September,Moderate,Medium,Road,22.03
West Bengal,22.99470333770195,87.67564909336441,Hill Station,November,Cold,Medium,Road,21.87
Goa,15.336118319700727,74.19978723619327,Historical,August,Moderate,Medium,Road,18.89
Uttarakhand,30.166163670787615,79.00881361576987,Religious,May,Moderate,Medium,Airport,17.79
West Bengal,22.90505903883936,87.70289020977627,Historical,August,Moderate,Medium,Railway Station,21.57
Uttarakhand,30.124514124914484,78.98085591630908,Beach,October,Hot,High,Road,35.39
Himachal Pradesh,31.066118949913786,77.05725444454788,Wildlife,September,Hot,Low,Road,25.98
Punjab,31.151840355061143,75.36481381609252,Historical,December,Moderate,Medium,Airport,21.97
West Bengal,22.967068624661394,87.8989300036739,Wildlife,February,Hot,High,Railway Station,32.81
Delhi,28.7902446690052,77.16879459716574,Hill Station,June,Cold,Medium,Railway Station,27.76
Delhi,28.721818865431853,77.13116938544292,Hill Station,September,Cold,Medium,Road,24.88
Goa,15.326359373576107,74.03894571918275,City,September,Moderate,Medium,Road,19.03
Tamil Nadu,11.123703937809875,78.73858448965986,Beach,July,Hot,Low,Road,24.29
Kerala,10.750663469365072,76.2587174896608,Wildlife,May,Hot,Medium,Road,25.79
Maharashtra,19.763691316352446,75.73583886346405,Historical,July,Moderate,Medium,Airport,15.23
Maharashtra,19.717920944889,75.72432775387566,Hill Station,March,Cold,Low,Airport,22.04
West Bengal,22.891415858882677,87.7847169221314,Historical,February,Moderate,Medium,Airport,16.62
Kerala,10.92844480141929,76.44743369899804,Wildlife,July,Hot,Medium,Road,27.67
Himachal Pradesh,31.183601998505058,77.24877689306976,Beach,February,Hot,High,Road,31.22
Delhi,28.759075114617712,77.14989921275989,Hill Station,November,Cold,High,Railway Station,30.29
Himachal Pradesh,31.10139924741981,77.2265127448255,Wildlife,September,Hot,Medium,Airport,28.65
Rajasthan,27.035197410559192,74.13294431515892,Wildlife,November,Hot,High,Road,29.87
Maharashtra,19.76986121706203,75.6301250047596,Religious,July,Moderate,Medium,Road,18.21
Himachal Pradesh,31.093516801168853,77.20993918191297,Wildlife,March,Hot,Low,Airport,20.53
West Bengal,22.979656701125634,87.79786480232033,Hill Station,July,Cold,Medium,Railway Station,21.38
Delhi,28.66574344355939,77.05303896531044,Hill Station,February,Cold,High,Airport,31.85
West Bengal,22.950410441636574,87.9170817200912,Wildlife,March,Hot,Medium,Airport,25.96
West Bengal,22.885094720527118,87.65030488434607,Beach,October,Hot,Medium,Road,35.76
Rajasthan,26.953610189460093,74.2813630206392,Historical,September,Hot,Medium,Road,16.03
Kerala,10.956176061385287,76.27251564969569,Beach,May,Hot,Medium,Road,30.39
Maharashtra,19.625105923017486,75.72485832275774,Religious,July,Moderate,Low,Road,9.72
Goa,15.38588490355175,74.11782410763036,Wildlife,August,Hot,Low,Airport,26.77
Kerala,10.752172784797885,76.23728754787528,Religious,June,Moderate,Medium,Airport,17.13
Tamil Nadu,11.17276975624901,78.54403069992372,Historical,June,Moderate,Medium,Railway Station,16.35
Maharashtra,19.78502335733731,75.65491107206337,Wildlife,July,Hot,Medium,Road,25.05
Kerala,10.926397837152427,76.26178542306005,Beach,June,Hot,Medium,Railway Station,27.14
West Bengal,22.915418972270988,87.92567425969554,Hill Station,August,Cold,Medium,Railway Station,29.22
Kerala,11.072297414262936,76.42879021798107,Religious,February,Moderate,High,Airport,25.28
Kerala,10.931578014428826,76.26990990302072,Hill Station,June,Cold,Medium,Railway Station,29.31
Uttarakhand,30.139327656677455,78.81076650593947,Religious,January,Moderate,High,Road,17.68
Uttarakhand,30.203387043306485,78.93156574713021,Historical,November,Moderate,Medium,Airport,21.08
Uttarakhand,30.03342455372087,79.06313651373289,Beach,November,Hot,High,Airport,38.52
Maharashtra,19.76689955301778,75.64429132733335,Historical,October,Moderate,High,Road,22.99
Kerala,10.899920452639453,76.27481249179581,Wildlife,May,Hot,Medium,Road,26.65
Goa,15.297808109419309,74.17091784670403,City,January,Moderate,Medium,Railway Station,25.45
Uttarakhand,29.994985224493103,79.01210483187715,Wildlife,September,Hot,Low,Airport,19.75
Himachal Pradesh,31.138320824203255,77.2869874277015,Hill Station,May,Cold,Medium,Airport,26.49
Goa,15.249276190820026,74.32109591683405,Historical,January,Moderate,High,Road,25.67
Himachal Pradesh,30.917459925208398,77.18791022863613,Beach,April,Hot,Medium,Road,27.77
Uttarakhand,29.993090796517087,78.96757149048422,Hill Station,April,Cold,Medium,Railway Station,23.72
Maharashtra,19.545498058332125,75.60414853298948,Historical,February,Moderate,High,Railway Station,24.9
Tamil Nadu,11.26232810829224,78.53368153220714,Wildlife,October,Hot,High,Airport,29.88
Punjab,31.086716137307707,75.4031916047204,Wildlife,November,Hot,High,Railway Station,35.04
West Bengal,22.908723312975393,87.8950641589041,Wildlife,August,Hot,Medium,Road,25.12
Punjab,31.07427753357429,75.3753303050669,Beach,April,Hot,Low,Road,31.52
Goa,15.214947718914011,74.00858867732052,Religious,May,Moderate,Medium,Railway Station,20.21
Tamil Nadu,10.986398261926347,78.5953666956031,Wildlife,May,Hot,Low,Railway Station,24.38
Tamil Nadu,11.145842875535044,78.64250943197327,Historical,October,Moderate,Medium,Railway Station,15.86
Punjab,31.086519142584564,75.26370674618249,Beach,July,Hot,Low,Road,31.27
Tamil Nadu,11.08862974915249,78.69874141408356,City,January,Moderate,High,Airport,17.82
Tamil Nadu,11.174510800131916,78.5851082969884,Beach,March,Hot,Low,Road,29.77
Uttarakhand,30.02281392119461,79.03634229118823,Historical,April,Moderate,Medium,Railway Station,17.88
Maharashtra,19.689845245393144,75.79511381111145,Religious,April,Moderate,Medium,Airport,17.58
Uttarakhand,30.079827296907478,79.05993431191793,Wildlife,August,Hot,Medium,Railway Station,25.3
West Bengal,23.156629839605923,87.83432989231777,Religious,March,Moderate,Medium,Road,17.63
Rajasthan,27.013470440663653,74.06869137429094,Religious,August,Moderate,Medium,Airport,15.21
Himachal Pradesh,30.97285169598599,77.26499628086022,Wildlife,July,Moderate,Low,Road,25.58
Kerala,11.076262063755042,76.32356185155541,Religious,January,Moderate,Medium,Airport,7.91
Delhi,28.556054288848,76.84978343959834,Hill Station,June,Cold,Medium,Road,26.13
Uttarakhand,30.23532241192036,79.0436188370936,Religious,November,Moderate,High,Railway Station,22.46
Rajasthan,26.982782980976893,74.11016596636935,Beach,April,Hot,Medium,Airport,32.01
Goa,15.262960110818558,73.95761346432877,Hill Station,July,Cold,Medium,Road,21.29
Uttarakhand,30.320171082913014,79.01444674740218,Hill Station,September,Cold,Medium,Railway Station,22.57
Goa,15.317396463733981,74.13919157819672,Wildlife,April,Hot,Medium,Road,27.04
Tamil Nadu,11.176965106514018,78.69072991274584,Historical,January,Moderate,High,Railway Station,28.53
Kerala,10.899914934480535,76.40564889562052,City,May,Moderate,Medium,Railway Station,16.47
West Bengal,23.112383642547595,87.92152590267467,Religious,May,Moderate,Medium,Railway Station,14.43
Rajasthan,26.92559915865809,74.3061273043034,Religious,February,Moderate,High,Railway Station,20.94
Delhi,28.50540497844133,77.35298360867435,City,September,Moderate,Low,Railway Station,16.73
Himachal Pradesh,31.2631389953427,76.97497015501094,Religious,August,Moderate,Low,Railway Station,17.92
Delhi,28.56187124320304,76.9796355910696,Hill Station,July,Cold,Medium,Airport,21.91
West Bengal,22.90536816012603,87.96405681467829,Hill Station,June,Cold,Low,Airport,16.37
Rajasthan,27.074927574158078,74.26090418365598,Beach,February,Hot,Medium,Road,24.74
Himachal Pradesh,31.11787786819798,76.95017182895843,Historical,October,Moderate,Medium,Road,17.75
Himachal Pradesh,30.995603415971402,77.34274188196788,Religious,May,Moderate,Medium,Airport,14.57
Kerala,10.755322118273591,76.3840082968287,City,May,Moderate,Medium,Road,15.42
West Bengal,22.82437118613278,87.84603483399688,Historical,December,Moderate,Medium,Airport,16.36
Delhi,28.878443982003084,77.1344561789168,City,September,Moderate,Medium,Airport,19.17
West Bengal,23.003352258511136,87.91150780455327,Historical,May,Moderate,Medium,Airport,13.48
Rajasthan,27.12689769978002,74.38512664158607,Wildlife,December,Hot,High,Airport,35.97
Maharashtra,19.80704887750628,75.69613401808701,Historical,May,Moderate,Medium,Road,22.26
Kerala,10.759002127074584,76.24262879639444,Beach,January,Hot,High,Airport,33.99
Tamil Nadu,10.973033027430859,78.73995306044183,Religious,June,Moderate,Low,Road,12.19
Punjab,31.12668784151864,75.29809155235087,Wildlife,December,Hot,High,Road,32.82
Delhi,28.6485496266512,77.13876893205666,Historical,December,Hot,High,Airport,25.06
Himachal Pradesh,31.077607674587927,77.073765275395,Wildlife,April,Hot,Medium,Railway Station,27.89
Tamil Nadu,11.129076919103722,78.71101596362978,Historical,August,Moderate,Medium,Airport,14.5
Delhi,28.764475265320083,77.2417990308514,Religious,July,Moderate,Medium,Railway Station,20.24
Tamil Nadu,11.239027279006212,78.61231222093575,Historical,February,Moderate,High,Airport,24.72
Rajasthan,26.912225148962104,74.16176694233769,City,December,Moderate,Medium,Railway Station,20.39
Kerala,11.069796897606174,76.30141822542834,City,March,Moderate,Low,Airport,15.74
Rajasthan,26.98819219873393,74.21232182153777,Beach,March,Hot,Medium,Road,28.28
Kerala,10.68909773274376,76.29240043158717,City,October,Moderate,Medium,Road,14.81
Maharashtra,19.9372761855469,75.6491465614693,Hill Station,February,Cold,High,Airport,26.35
West Bengal,23.19870167281423,87.69940142966678,Historical,September,Moderate,Medium,Airport,19.77
Tamil Nadu,11.122110073061497,78.66810970591811,Historical,June,Moderate,Medium,Road,16.39
Punjab,31.130223391537978,75.49297727839378,Hill Station,August,Cold,Low,Railway Station,19.02
Delhi,28.73648389038781,77.15094678488647,Hill Station,June,Cold,Medium,Airport,24.79
Goa,15.409434503954296,74.11037814145324,City,July,Moderate,Medium,Airport,22.43
Goa,15.232485482023236,74.25454525763176,City,January,Moderate,High,Road,22.7
Rajasthan,27.141321447030073,74.2093444316824,Beach,April,Hot,Medium,Railway Station,34.9
Himachal Pradesh,31.13061545490807,77.2159827528771,Historical,May,Moderate,Medium,Railway Station,16.94
Uttarakhand,29.99299815601175,79.07969089756095,Historical,May,Moderate,Medium,Airport,15.3
Tamil Nadu,11.152688748232622,78.55933531862537,Hill Station,February,Cold,High,Road,31.69
Tamil Nadu,11.129156015384915,78.77526688741982,Beach,August,Hot,Medium,Airport,30.42
Tamil Nadu,11.031100539052234,78.67680505996454,Beach,February,Hot,Medium,Road,29.34
Delhi,28.66339639530373,77.18198518354883,City,December,Moderate,Medium,Road,13.78
Tamil Nadu,11.054021616595518,78.66703897781298,Wildlife,November,Hot,High,Railway Station,34.06
Uttarakhand,30.069428084258742,79.06376019413644,Wildlife,March,Hot,Medium,Road,28.99
Rajasthan,27.014359809999664,74.31442521157129,Historical,November,Hot,High,Railway Station,24.13
Tamil Nadu,10.927268425351244,78.73987738511443,City,February,Moderate,High,Railway Station,28.39
Delhi,28.788253847932534,77.13544470039582,Hill Station,January,Cold,High,Airport,29.25
Maharashtra,19.829690405201063,75.83957252018433,City,January,Moderate,High,Airport,24.5
Uttarakhand,30.151424822620726,79.0145421505564,City,February,Moderate,Medium,Road,21.57
Kerala,10.77671448703596,76.212960997872,City,May,Moderate,Low,Road,9.03
Goa,15.317144181421307,74.25698683420109,Wildlife,July,Hot,Medium,Railway Station,33.47
Rajasthan,27.000430009893538,74.06276113809619,Beach,September,Hot,Low,Road,25.72
Kerala,10.880986760481093,76.29802418249987,Wildlife,January,Hot,Medium,Railway Station,29.99
West Bengal,22.84184819836277,87.70781261571601,Beach,April,Hot,Low,Airport,28.41
Goa,15.222489953633024,73.98825048406448,City,May,Moderate,Low,Railway Station,13.78
Himachal Pradesh,31.105131378153256,77.23226118460329,City,November,Moderate,Medium,Railway Station,25.53
Goa,15.280590748707079,74.20921340231465,Wildlife,April,Hot,Low,Airport,18.93
Uttarakhand,30.105113280947275,79.13153241831999,Hill Station,February,Cold,High,Railway Station,32.66
Delhi,28.77340110164252,77.17182893586947,Historical,September,Hot,Medium,Road,14.36
West Bengal,22.925318532667887,87.716831996589,Wildlife,June,Moderate,Medium,Airport,26.6
Himachal Pradesh,30.97427557891147,77.08310929769814,Beach,December,Hot,Medium,Airport,27.96
Goa,15.164839780030123,74.09391375552907,Hill Station,October,Cold,Medium,Railway Station,28.2
Goa,15.088424322553802,74.08002337033815,Beach,August,Hot,Low,Railway Station,23.16
Tamil Nadu,10.9562453433367,78.78602897189282,Historical,February,Moderate,High,Road,28.85
Kerala,10.904971550060951,76.2694716241668,Hill Station,December,Cold,Medium,Road,25.29
Uttarakhand,30.126274970985445,78.92841465001206,Wildlife,January,Hot,High,Airport,30.64
Himachal Pradesh,31.128907999919925,77.21850465421622,Religious,December,Moderate,High,Road,23.88
West Bengal,23.031569413135614,87.81282236879038,Beach,February,Hot,Medium,Railway Station,29.67
Kerala,11.060211464182604,76.20803733403693,Wildlife,February,Hot,High,Railway Station,30.59
Himachal Pradesh,31.170074315390213,77.20731816709709,Hill Station,May,Cold,Low,Airport,23.28
Tamil Nadu,11.11932961456049,78.65753924657311,Historical,September,Moderate,Low,Railway Station,7.73
Rajasthan,27.115821540519097,74.03431833671975,Religious,February,Moderate,High,Airport,21.01
West Bengal,22.830891255631858,87.92326527175642,Wildlife,February,Moderate,Medium,Road,29.69
West Bengal,22.90926753871421,87.82599243325453,Hill Station,January,Cold,Medium,Road,28.02
Tamil Nadu,10.992934787951665,78.64304180167676,Religious,September,Moderate,Medium,Railway Station,16.88
Tamil Nadu,11.154700072239674,78.74001830428634,City,March,Moderate,Medium,Railway Station,21.09
West Bengal,22.99805672552708,87.77980583788514,Hill Station,July,Cold,Medium,Road,29.31
Maharashtra,19.71761809624109,75.68857566065522,Religious,January,Moderate,High,Airport,20.41
Tamil Nadu,11.27317191975751,78.7514326391661,Wildlife,November,Hot,High,Airport,34.73
Kerala,10.828837835791784,76.26275182519247,Religious,February,Moderate,Medium,Railway Station,23.97
Goa,15.252823508515636,74.23050855965154,Beach,December,Hot,High,Road,28.34
Kerala,10.938149545015206,76.45752087960727,Hill Station,July,Cold,Medium,Airport,19.85
Punjab,31.098211791253675,75.27880452378345,Beach,April,Hot,Medium,Airport,32.06
Rajasthan,26.989811596347465,74.20353719383246,Wildlife,July,Hot,Medium,Railway Station,33.92
Uttarakhand,30.15110693010592,79.06626844810908,Religious,January,Moderate,High,Road,20.31
Uttarakhand,29.96870106257804,79.06001359692229,Beach,March,Hot,Medium,Railway Station,32.4
Himachal Pradesh,31.001175134518178,77.11231122079292,Hill Station,May,Cold,Medium,Airport,24.06
Punjab,31.105983328457274,75.14522844582952,Historical,July,Moderate,Medium,Railway Station,18.27
Punjab,31.038860088929802,75.15400051148569,Hill Station,June,Cold,Low,Airport,18.42
Goa,15.382862284455216,74.0493210018996,City,December,Moderate,Medium,Road,19.33
Delhi,28.631434220274034,76.91449923976316,Beach,January,Hot,High,Airport,35.67
Tamil Nadu,11.086082443172218,78.52670135578055,Historical,April,Moderate,Medium,Airport,20.42
Maharashtra,19.812598334904873,75.75288654545349,Beach,March,Hot,Medium,Airport,35.02
Rajasthan,27.037757592433437,74.22101767420274,City,January,Moderate,Medium,Airport,22.83
Uttarakhand,30.029131584656923,78.92706153709383,Beach,October,Hot,High,Airport,33.19
Rajasthan,27.083055640490368,74.21565729350846,Religious,March,Moderate,Medium,Airport,16.9
Uttarakhand,30.210711653419896,79.04372085948872,Historical,March,Moderate,Low,Road,11.04
Punjab,31.134697343478468,75.31419294220827,Hill Station,November,Cold,High,Road,32.15
Delhi,28.8082696557521,76.98393162087561,Hill Station,February,Cold,High,Airport,29.61
Kerala,10.840052873161055,76.25074346107436,City,September,Moderate,Medium,Railway Station,22.24
Kerala,10.80118095629114,76.21325837623219,Beach,October,Hot,Medium,Airport,37.42
Kerala,10.84022978700951,76.29077954858299,Beach,November,Hot,High,Airport,35.61
Uttarakhand,30.14259867595479,78.98880604411247,Beach,September,Hot,Medium,Railway Station,26.71
Himachal Pradesh,31.016835478986938,77.10762672007917,Beach,March,Hot,Low,Airport,30.11
Delhi,28.530919630107405,77.15781207796802,City,June,Moderate,Low,Railway Station,12.36
Goa,15.381201259416207,74.0464670431691,City,March,Moderate,Medium,Airport,23.59
Goa,15.431598057041782,74.08556068090331,Beach,September,Hot,Medium,Railway Station,29.01
Goa,15.260623651747018,74.07002749580076,City,October,Moderate,High,Railway Station,21.29
Tamil Nadu,11.048051572791099,78.62743233202053,Hill Station,March,Cold,Low,Railway Station,21.32
Delhi,28.632587042854073,77.06773952178523,Wildlife,July,Moderate,Medium,Railway Station,25.64
Kerala,10.999482734517303,76.35588159194558,City,March,Moderate,Medium,Road,21.13
Punjab,31.205308074455527,75.32573046611984,Religious,October,Moderate,High,Railway Station,25.85
Kerala,10.90636183929439,76.25116579248102,Historical,August,Moderate,Low,Road,9.65
West Bengal,23.005149651270262,88.06281440593945,Religious,April,Moderate,Low,Railway Station,5.0
Delhi,28.76964853247141,77.023270131643,Wildlife,November,Hot,High,Road,30.95
Uttarakhand,29.902632865107822,79.14365056830879,Beach,October,Hot,High,Railway Station,35.96
Kerala,10.999248093856131,76.24610146153066,City,July,Moderate,Low,Airport,19.25
Uttarakhand,30.09810856139401,78.94393975473066,Religious,March,Moderate,Medium,Railway Station,16.98
Tamil Nadu,11.057390514923732,78.65228379489304,City,June,Moderate,Medium,Road,13.85
Himachal Pradesh,31.213236768750118,77.16341405630654,City,August,Moderate,Low,Railway Station,18.9
Rajasthan,26.92239751058417,74.25461283190533,City,April,Moderate,Medium,Road,18.35
Maharashtra,19.954659487643067,75.77435123972909,Hill Station,October,Cold,Medium,Railway Station,23.54
Tamil Nadu,11.012597776224245,78.82763811047543,City,February,Moderate,Medium,Railway Station,17.96
West Bengal,22.96707529877694,87.68845716542572,City,April,Moderate,Low,Airport,10.25
Tamil Nadu,11.131325937587814,78.81193197519318,Wildlife,December,Moderate,High,Railway Station,29.5
Rajasthan,26.98044231831381,74.3096248922053,City,August,Moderate,Medium,Railway Station,20.68
Tamil Nadu,11.117372823652069,78.63667579406314,Historical,December,Moderate,High,Railway Station,26.16
Kerala,10.790321249113939,76.25113009180619,City,April,Moderate,Medium,Road,18.48
Delhi,28.651144370402225,77.13378880367962,Religious,December,Moderate,High,Road,22.24
Tamil Nadu,11.105703427677339,78.61016094009608,Beach,November,Hot,High,Road,32.95
Maharashtra,19.942546389747125,75.79264742095327,City,December,Moderate,Medium,Airport,25.57
Rajasthan,26.945601061932294,74.3076698843494,City,April,Moderate,Low,Road,14.74
Tamil Nadu,11.11519825828594,78.60640355514585,Historical,October,Moderate,High,Airport,17.29
Goa,15.269502133320797,73.95945239129641,Hill Station,June,Cold,Medium,Railway Station,23.37
Himachal Pradesh,31.077195990400817,77.31747426944787,Beach,November,Hot,High,Railway Station,36.76
Tamil Nadu,11.101543468962923,78.53753727868924,Beach,December,Hot,Medium,Road,30.8
Maharashtra,19.777963969907383,75.54261279523655,Beach,June,Hot,Medium,Railway Station,26.57
Kerala,10.80990113984352,76.3831895424995,Religious,May,Moderate,Medium,Railway Station,17.33
Maharashtra,19.93417700001022,75.83588247662051,City,September,Moderate,Medium,Road,24.53
Tamil Nadu,10.894851294940647,78.47331596823354,Beach,November,Hot,Medium,Road,29.17
Punjab,31.268994148789787,75.44837847351124,Historical,February,Moderate,High,Railway Station,25.75
Maharashtra,19.66980942536295,75.74211637386138,Beach,May,Hot,Medium,Road,31.36
West Bengal,22.74755151684589,87.82087516806713,Wildlife,November,Moderate,High,Airport,37.27
Delhi,28.808549864414182,77.03206848512562,Wildlife,September,Hot,Medium,Road,28.78
Himachal Pradesh,31.16459571853405,77.19841043603465,Historical,February,Moderate,High,Railway Station,25.24
Kerala,10.894950169353043,76.26421437084954,Religious,September,Moderate,Medium,Airport,19.37
Himachal Pradesh,31.099174819685057,77.2566847709309,Historical,September,Moderate,Low,Road,15.05
Kerala,10.781243360519293,76.07936449911934,Religious,August,Moderate,Low,Airport,13.28
Punjab,31.178008599397405,75.17373337817865,Beach,January,Hot,Medium,Railway Station,32.21
Kerala,11.025742878838727,76.24194799462936,Historical,March,Moderate,Medium,Railway Station,14.06
Punjab,31.12723593686981,75.2537996734461,Historical,December,Moderate,High,Airport,18.51
Punjab,31.143014766044057,75.45880790596352,Hill Station,May,Cold,Medium,Road,29.45
Delhi,28.831075029421402,77.19237252431186,Historical,August,Hot,Medium,Road,20.55
Punjab,31.1830274921385,75.31829559626911,Wildlife,March,Hot,Medium,Railway Station,30.37
Goa,15.263808736242636,74.02623134446053,Wildlife,April,Moderate,Medium,Airport,27.24
Rajasthan,26.989093594681307,74.23794156634338,Hill Station,May,Cold,Low,Railway Station,21.53
Kerala,10.742677477440294,76.19890522836553,Wildlife,May,Hot,Low,Railway Station,22.76
Tamil Nadu,11.106985918752533,78.68465608454959,Beach,June,Hot,Low,Road,21.74
Goa,15.310610007824803,74.11822475027486,Beach,December,Hot,Medium,Road,31.52
Rajasthan,26.882785629087383,74.28630206307305,Historical,December,Hot,Medium,Railway Station,14.28
Uttarakhand,29.95699766910423,78.99763039135716,Historical,April,Moderate,Medium,Airport,20.08
Delhi,28.54459756234452,77.01506404928195,Hill Station,August,Cold,Low,Airport,21.55
Delhi,28.79017023554011,77.17785601544001,Wildlife,November,Hot,High,Railway Station,32.8
Punjab,31.02026356213854,75.41651312855942,Beach,July,Hot,Low,Road,23.53
Goa,15.206925463519823,74.20508480569629,Wildlife,November,Hot,High,Airport,32.89
Himachal Pradesh,30.946150294692735,77.13367924526523,Beach,November,Hot,High,Railway Station,36.38
Tamil Nadu,10.959010271435577,78.65217651834368,Religious,May,Moderate,Medium,Road,19.24
West Bengal,22.994797925190692,87.90015915452457,Hill Station,October,Cold,High,Railway Station,29.25
West Bengal,22.934263999626996,87.73190018124947,Religious,January,Moderate,Medium,Railway Station,18.61
Maharashtra,19.701967358107968,75.75312830553835,Beach,April,Hot,Low,Railway Station,24.02
Kerala,10.812169392576568,76.33908632546301,Wildlife,February,Hot,High,Airport,33.89
Himachal Pradesh,31.02675320120958,77.17757010049291,Historical,February,Moderate,High,Airport,23.12
Uttarakhand,30.07942184676201,79.06740368130943,Wildlife,January,Hot,Medium,Airport,27.93
Tamil Nadu,11.153939954069148,78.50014148321004,Religious,April,Moderate,Low,Road,15.51
Delhi,28.734976282103677,77.33806289690885,City,December,Moderate,High,Road,19.87
Punjab,31.233962444006345,75.44339912832932,Hill Station,April,Cold,Medium,Airport,24.87
Kerala,10.839064694481518,76.15925634962228,City,May,Moderate,Low,Airport,12.97
West Bengal,22.97348081708614,87.80712963467603,Religious,July,Moderate,Medium,Railway Station,16.64
Kerala,10.858341769795667,76.29852837157058,Religious,May,Moderate,Medium,Road,17.03
Himachal Pradesh,31.11919968979666,77.28845115705558,City,January,Moderate,Medium,Road,19.48
Maharashtra,19.85396456421072,75.82897415009103,Religious,May,Moderate,Medium,Airport,16.46
Punjab,31.219537253815368,75.48637469223183,Hill Station,July,Cold,Low,Railway Station,15.88
Delhi,28.60913533621214,77.0788658376879,Beach,January,Hot,High,Airport,37.69
Goa,15.415000669781561,73.92106518699343,Wildlife,February,Hot,Medium,Airport,28.56
Tamil Nadu,11.186088103283694,78.69000082345309,Hill Station,May,Cold,Medium,Road,26.96
Delhi,28.72795048738086,77.1261134813959,Religious,November,Moderate,High,Airport,16.71
Punjab,31.162642663251848,75.45689558908508,Hill Station,May,Cold,Medium,Road,22.46
Rajasthan,26.994053582534274,74.30992587609701,Hill Station,March,Cold,Medium,Road,28.52
Maharashtra,19.592422900436254,75.72069440952924,Historical,July,Moderate,Low,Airport,18.11
Tamil Nadu,11.368912732192316,78.74847219441659,Wildlife,January,Hot,Medium,Road,26.59
Himachal Pradesh,30.83819546884596,77.05960510154675,Wildlife,October,Moderate,Medium,Airport,25.0
Kerala,10.954729347370256,76.20042503410347,City,March,Moderate,Medium,Airport,21.68
Kerala,10.806986930996821,76.37054984014121,City,September,Moderate,Medium,Road,19.01
Uttarakhand,30.13295152054289,78.98991853339973,City,September,Moderate,Medium,Railway Station,24.69
Rajasthan,27.02580307975215,74.22413591928151,Hill Station,April,Cold,Medium,Railway Station,26.97
Kerala,10.909589172587607,76.08572672551658,Hill Station,July,Cold,Medium,Airport,27.0
West Bengal,23.08436260594984,87.96768019242897,Wildlife,November,Hot,High,Airport,32.44
West Bengal,23.088524135118927,87.64371116418353,Wildlife,February,Moderate,Medium,Airport,29.18
Maharashtra,19.896040257547487,75.428332453887,Historical,January,Moderate,High,Airport,22.31
Uttarakhand,30.000261556100384,79.02344102891425,Historical,February,Moderate,High,Road,22.54
Himachal Pradesh,31.09163994262269,77.07800471000817,Historical,February,Moderate,Medium,Airport,20.22
Rajasthan,27.020112194070528,74.2157657049327,Religious,February,Moderate,High,Road,25.06
Goa,15.227951855814249,74.21197891164566,Hill Station,March,Cold,Medium,Railway Station,21.97
West Bengal,23.002857703783427,87.89456859552001,Religious,January,Moderate,High,Airport,25.46
Maharashtra,19.720188789147166,75.86503259857834,Wildlife,November,Moderate,High,Airport,31.17
Goa,15.299352277825363,74.10722284736656,Hill Station,February,Cold,High,Airport,30.34
Maharashtra,19.685964909838475,75.7919756002388,Historical,November,Moderate,High,Railway Station,20.51
Uttarakhand,30.00900795705747,79.18397110468077,Beach,August,Hot,Medium,Road,25.71
Himachal Pradesh,31.116638031606943,77.14239518424316,Wildlife,April,Hot,Low,Railway Station,15.88
West Bengal,23.03612752848379,87.72733186015033,Wildlife,June,Moderate,Medium,Railway Station,30.67
Tamil Nadu,11.039103006046973,78.67145975068256,City,July,Moderate,Medium,Airport,22.42
Delhi,28.586986782254698,77.1724141182737,Hill Station,April,Cold,Medium,Road,25.41
Himachal Pradesh,31.211069740133315,77.10644086063601,Hill Station,November,Cold,Medium,Railway Station,27.33
Goa,15.443145623816264,74.15858151941515,Wildlife,February,Hot,High,Road,36.66
Tamil Nadu,10.976439708154142,78.81250274369941,Hill Station,October,Cold,Medium,Railway Station,26.4
Rajasthan,26.949677258257587,74.37758082795037,Beach,November,Hot,High,Airport,34.69
Himachal Pradesh,31.054026272650876,77.09294840644615,City,May,Moderate,Medium,Airport,20.11
Himachal Pradesh,30.997233239043172,77.20319146051656,Religious,April,Moderate,Medium,Airport,18.11
Uttarakhand,30.23794924266547,79.12217536803252,Beach,June,Hot,Medium,Airport,29.21
Tamil Nadu,11.353363280847153,78.64262721068324,Wildlife,November,Moderate,High,Railway Station,34.16
Rajasthan,27.08742026594028,74.29358359119918,Historical,February,Hot,High,Railway Station,22.71
Maharashtra,19.75775121370214,75.69833166669734,City,June,Moderate,Medium,Railway Station,19.28
Rajasthan,26.964269277656786,74.13290400760262,City,March,Moderate,Medium,Road,15.93
West Bengal,22.933936733770448,88.0212767445198,Religious,May,Moderate,Medium,Airport,19.24
Punjab,31.18475247479395,75.30411604747542,Beach,November,Hot,High,Railway Station,37.23
Goa,15.319203190329484,74.14057016495197,Historical,December,Moderate,Medium,Airport,18.98
West Bengal,23.243004454883234,88.01747843445423,Wildlife,September,Moderate,Medium,Road,25.17
Delhi,28.745910653819692,77.07399524349835,City,September,Moderate,Medium,Road,17.56
Uttarakhand,30.006917910503628,79.08291793146772,Historical,July,Moderate,Medium,Road,18.32
Goa,15.431948868438777,74.10211362123276,Wildlife,October,Hot,High,Road,32.73
Kerala,10.63675512936002,76.24741371331808,Hill Station,January,Cold,Medium,Railway Station,23.3
Himachal Pradesh,31.254825699101254,77.12586452366757,Wildlife,November,Hot,High,Road,37.41
Uttarakhand,30.06352491175233,78.9314871903097,Historical,August,Moderate,Low,Railway Station,16.83
Tamil Nadu,10.985665225985999,78.77401696626288,Beach,June,Hot,Medium,Railway Station,33.61
Maharashtra,19.619072229256467,75.68040710405698,City,March,Moderate,Medium,Airport,18.65
West Bengal,22.881491725512426,87.88686630921758,Religious,December,Moderate,High,Airport,21.16
West Bengal,22.85070148718952,87.6594016223162,Beach,July,Hot,Medium,Railway Station,30.52
Rajasthan,26.93389190643423,74.21898887972331,Religious,June,Moderate,Low,Railway Station,10.52
Uttarakhand,30.01504887262543,78.66711915766037,Hill Station,May,Cold,Medium,Railway Station,22.89
Punjab,30.990762546910048,75.35833799467235,Historical,January,Moderate,High,Road,20.54
Punjab,31.158768529182332,75.38337565461278,Hill Station,May,Cold,Medium,Road,27.15
Goa,15.376812852627097,74.07877472292911,Hill Station,April,Cold,Medium,Airport,22.76
Tamil Nadu,11.116048582929208,78.50379929346236,Wildlife,November,Hot,High,Railway Station,30.56
Rajasthan,27.01703278931352,74.21922287235228,City,January,Moderate,High,Road,30.37
Maharashtra,19.766105584829788,75.68343489158741,Historical,February,Moderate,High,Airport,24.34
Punjab,31.361615918392175,75.25283983767179,Religious,July,Moderate,Medium,Railway Station,13.37
Maharashtra,19.71517345878543,75.7736486299082,Wildlife,January,Hot,High,Road,33.65
Goa,15.37250142722402,73.96284343776624,Hill Station,August,Cold,Low,Airport,18.65
Maharashtra,19.706267236702413,75.58151511753324,Beach,January,Hot,Medium,Railway Station,26.53
Tamil Nadu,10.906192094751257,78.68277381947209,Beach,April,Hot,Medium,Road,38.18
Himachal Pradesh,30.935016899884502,77.03684114563795,Hill Station,June,Cold,Medium,Road,25.88
Rajasthan,26.877508511302192,74.18149987654522,Beach,April,Hot,Medium,Airport,29.25
Maharashtra,19.55134260532928,75.69744763654609,Beach,March,Hot,Medium,Airport,31.34
Maharashtra,19.69544409433134,75.70465794201723,Beach,May,Hot,Medium,Airport,35.34
Maharashtra,19.76832970306283,75.81012229352798,City,August,Moderate,Medium,Railway Station,20.55
Rajasthan,26.958132346648725,74.24655522515025,Wildlife,April,Hot,Medium,Railway Station,26.49
Delhi,28.824584520827635,77.01405370258388,Wildlife,October,Hot,High,Railway Station,33.15
Punjab,31.26529964542232,75.23973891731967,Hill Station,May,Cold,Low,Airport,21.05
Punjab,31.44007835159154,75.31489838943698,Religious,September,Moderate,Low,Railway Station,19.66
West Bengal,23.011004389431907,87.91539966491166,Wildlife,February,Moderate,High,Airport,30.25
Uttarakhand,30.08238906283816,78.94847236616631,Hill Station,December,Cold,High,Airport,26.48
Kerala,10.828045409882067,76.34155463555712,City,November,Moderate,High,Airport,22.19
Uttarakhand,29.994740408818366,78.83141480488418,Beach,June,Hot,Medium,Railway Station,31.51
Rajasthan,27.0549443874298,74.29417411568416,Beach,November,Hot,Medium,Road,35.65
Delhi,28.728856928138853,77.02263859898565,Beach,January,Hot,Medium,Railway Station,33.75
Goa,15.248336734411208,74.05542375024801,Hill Station,November,Cold,Medium,Road,24.48
Uttarakhand,29.96979794241997,79.10875855326687,Historical,September,Moderate,Medium,Airport,14.23
Delhi,28.60383479855588,77.05455845862758,Historical,September,Hot,Medium,Airport,19.0
Punjab,30.97871501970329,75.35386305994244,Beach,September,Hot,Low,Airport,23.78
Himachal Pradesh,31.097736860448784,77.25184163522026,Hill Station,May,Cold,Low,Airport,22.84
Delhi,28.633378855430212,76.9896543709949,City,December,Moderate,High,Railway Station,27.71
Kerala,10.694021010379192,76.30783050059406,City,February,Moderate,High,Road,21.61
Uttarakhand,29.985541544730086,78.77638402374815,Beach,September,Hot,Medium,Airport,27.78
Goa,15.445770299985428,74.14233940601618,City,August,Moderate,Medium,Road,20.26
Tamil Nadu,11.260125777915624,78.8807131920427,Historical,May,Moderate,Medium,Road,18.07
Rajasthan,26.97935700032743,74.23077152012598,Wildlife,January,Hot,High,Airport,40.59
Himachal Pradesh,31.238396999038684,77.10708996365466,Religious,September,Moderate,Medium,Road,14.44
Maharashtra,19.661372808233672,75.60507383613489,Wildlife,April,Hot,Medium,Airport,26.04
Tamil Nadu,10.97818400218545,78.65826684575408,Beach,June,Hot,Low,Railway Station,24.87
Maharashtra,19.8491309326857,75.66082512002971,Religious,December,Moderate,High,Airport,18.43
Kerala,10.949661366054087,76.35965832342134,Historical,September,Moderate,Low,Road,13.29
Himachal Pradesh,31.01815670175161,77.3025534538635,Religious,March,Moderate,Low,Airport,12.61
Kerala,10.890252283189367,76.14946725541729,Religious,October,Moderate,High,Road,25.41
West Bengal,23.002756821781563,87.77277497203335,City,April,Moderate,Medium,Road,24.28
Tamil Nadu,11.182913700142697,78.64403752396669,Wildlife,October,Moderate,High,Airport,34.7
Uttarakhand,30.19856223293096,78.79278907811006,City,September,Moderate,Medium,Railway Station,18.07
Uttarakhand,29.95551603137216,79.29141335436329,Historical,June,Moderate,Medium,Road,17.16
Delhi,28.63746670481782,77.23660338589612,City,December,Moderate,High,Airport,26.36
Maharashtra,19.717641732646513,75.75419921871287,City,March,Moderate,Low,Road,11.83
Punjab,31.049209092330283,75.30082419445213,Historical,October,Moderate,High,Railway Station,27.6
Delhi,28.654920193130405,77.11496731376711,Religious,January,Moderate,High,Road,22.01
Goa,15.286564590974068,74.22584559565449,City,March,Moderate,Medium,Road,20.5
Delhi,28.62173002248001,77.09757802498119,Wildlife,July,Hot,Low,Airport,19.56
Tamil Nadu,11.111885478617669,78.8050808808195,Hill Station,December,Cold,High,Airport,26.26
Tamil Nadu,11.09270969389557,78.76430136453459,City,July,Moderate,Medium,Railway Station,11.34
Kerala,10.7936481579369,76.18092911196631,Beach,August,Hot,Medium,Railway Station,24.33
Uttarakhand,30.01731045554271,78.87062751126021,Historical,January,Moderate,High,Airport,24.62
Tamil Nadu,11.285862099519791,78.82466232270473,City,March,Moderate,Medium,Railway Station,13.74
Tamil Nadu,11.178145673079126,78.57147856322821,Hill Station,April,Cold,Medium,Railway Station,23.53
Maharashtra,19.901293174442138,75.76298572317965,Hill Station,May,Cold,Low,Road,18.37
Maharashtra,19.689198959262306,75.52006188609181,Hill Station,March,Cold,Medium,Railway Station,24.06
Kerala,10.888448839332538,76.32773785148542,Religious,January,Moderate,High,Road,22.22
Goa,15.430582545051902,74.02864209049838,Beach,August,Hot,Medium,Road,31.9
Tamil Nadu,11.24741772432516,78.65216529202442,Wildlife,October,Hot,Medium,Airport,25.88
Delhi,28.703045550449243,76.98875624021018,Historical,May,Hot,Medium,Railway Station,20.91
Goa,15.211387063201288,74.07897334080685,Historical,August,Moderate,Medium,Airport,17.16
Uttarakhand,29.914305097431704,79.08432203365106,Hill Station,September,Cold,Medium,Railway Station,24.9
Rajasthan,26.93073826802738,74.12171170331946,Beach,December,Hot,High,Airport,38.43
Goa,15.275597681287953,74.09610905417853,Beach,April,Hot,Medium,Railway Station,26.34
Maharashtra,19.51174152929857,75.65716548482926,Hill Station,January,Cold,High,Railway Station,30.15
Himachal Pradesh,31.19990741853525,77.16450124005168,Historical,December,Moderate,High,Airport,24.51
Goa,15.335187933044658,74.04528537444956,Hill Station,December,Cold,High,Railway Station,32.13
Uttarakhand,30.052058625730762,78.90347973955959,Beach,July,Hot,Low,Road,25.53
Himachal Pradesh,31.057045328607046,77.17542962842263,City,September,Moderate,Medium,Railway Station,20.26
Uttarakhand,30.211632813871084,79.0545079553707,Historical,May,Moderate,Medium,Road,18.85
Punjab,31.071540175165598,75.21266986804251,Historical,March,Moderate,Medium,Railway Station,17.46
Delhi,28.712500478748147,77.15130730738116,Historical,January,Hot,Medium,Airport,24.02
Goa,15.22607276903814,74.01189179420666,Beach,June,Hot,Low,Railway Station,23.34
Punjab,31.081211200405868,75.40886390291965,Beach,April,Hot,Low,Airport,22.8
Rajasthan,27.184591343296297,74.31566016486478,Wildlife,June,Hot,Medium,Road,29.09
Delhi,28.856066543920523,77.11347576059934,City,June,Moderate,Low,Airport,18.0
Kerala,10.821632888135108,76.21094959139457,Hill Station,June,Cold,Medium,Road,22.69
Maharashtra,19.78770549905693,75.7720612751259,Beach,September,Hot,Medium,Railway Station,24.48
Kerala,10.84692792726815,76.21598395906504,Hill Station,May,Cold,Low,Airport,25.9
Rajasthan,26.98350000171686,74.14892246077368,Wildlife,July,Hot,Medium,Railway Station,31.7
Rajasthan,26.99644119810877,73.96157102131035,Religious,October,Moderate,Medium,Road,16.41
Himachal Pradesh,31.111627940263087,77.19224488436093,Historical,March,Moderate,Medium,Airport,22.75
West Bengal,23.00721974686141,87.82569993966688,City,March,Moderate,Medium,Road,19.92
Rajasthan,27.113656083656437,74.31906821627189,Beach,January,Hot,Medium,Railway Station,30.29
Himachal Pradesh,31.17161493790421,77.37968329189248,Historical,August,Moderate,Medium,Road,20.35
Rajasthan,26.99949011206618,74.23475859677148,Hill Station,June,Cold,Medium,Road,25.47
Kerala,10.857764227500745,76.28558272358592,Wildlife,March,Hot,Medium,Railway Station,23.57
Tamil Nadu,10.946732864689887,78.68427102199179,Wildlife,April,Hot,Low,Railway Station,21.22
Punjab,31.04876483094166,75.48131322364027,Historical,April,Moderate,Medium,Airport,18.0
Uttarakhand,30.134167185087826,78.93828229999504,Hill Station,April,Cold,Medium,Airport,25.42
Kerala,11.033525518893823,76.0951605051423,Wildlife,March,Moderate,Low,Road,25.37
Punjab,31.26454720012347,75.45340321535501,City,September,Moderate,Low,Railway Station,14.44
Punjab,31.171255067576713,75.34560528447511,Beach,March,Hot,Medium,Airport,31.95
Tamil Nadu,11.016909015502552,78.56744301524134,Hill Station,November,Cold,Medium,Road,27.08
Punjab,31.077371556921868,75.46847596926769,Hill Station,October,Cold,High,Airport,25.65
Kerala,10.894690545403584,76.08488592407546,Beach,June,Hot,Low,Road,33.69
Kerala,10.821867842546506,76.32341569377735,Historical,October,Moderate,High,Railway Station,26.53
Himachal Pradesh,31.279197794215847,77.16845492816242,Wildlife,January,Hot,Medium,Airport,31.93
Punjab,31.3140992096098,75.37398209443202,Religious,January,Moderate,High,Airport,20.28
Delhi,28.672147307564426,77.33052976386686,Religious,June,Moderate,Medium,Railway Station,21.17
Himachal Pradesh,31.01610619798715,77.12382004686157,Historical,March,Moderate,Medium,Airport,10.67
Uttarakhand,30.061380921190228,78.94124414624474,Historical,December,Moderate,High,Road,23.35
Goa,15.278015683687526,74.08728630033738,Religious,August,Moderate,Low,Airport,10.28
Maharashtra,19.844808943127482,75.57152307366543,Religious,June,Moderate,Medium,Railway Station,11.93
Delhi,28.81436263083828,77.07339741069848,City,January,Moderate,High,Road,24.95
West Bengal,23.010738089074284,87.89715136471565,Wildlife,October,Hot,High,Airport,30.06
Kerala,10.787209966806733,76.30013690483666,Hill Station,May,Cold,Medium,Railway Station,23.5
Kerala,10.87875536507425,76.40010958126834,Beach,December,Hot,Medium,Airport,21.22
Himachal Pradesh,31.034511844517727,77.09761741008721,Historical,November,Moderate,High,Road,26.9
West Bengal,22.915156010418972,87.74606112425387,Historical,September,Moderate,Low,Airport,13.32
Goa,15.323862678922222,74.20675371010925,City,July,Moderate,Medium,Railway Station,17.31
West Bengal,23.068606819295873,87.93093408302468,Religious,May,Moderate,Low,Airport,16.82
West Bengal,23.114562575416947,88.1199602138698,Hill Station,December,Cold,High,Airport,29.64
Delhi,28.80580215216016,77.1750816758181,City,June,Moderate,Medium,Airport,17.05
Delhi,28.73932553289036,76.93951181556494,Religious,February,Moderate,High,Airport,21.43
West Bengal,22.956457437151535,87.83952243260633,Historical,July,Moderate,Medium,Railway Station,16.66
Tamil Nadu,11.141982500429215,78.76702247435314,City,January,Moderate,High,Railway Station,24.67
Rajasthan,26.949675431501934,74.32198721934084,Religious,August,Moderate,Medium,Road,15.54
Tamil Nadu,11.061535336928372,78.65791050592028,Hill Station,March,Cold,Medium,Airport,25.09
Delhi,28.77580601522554,77.08502311606993,Beach,September,Hot,Medium,Airport,34.09
Uttarakhand,29.893298362409386,78.8331637490355,Historical,September,Moderate,Medium,Airport,17.43
Tamil Nadu,11.209033803039558,78.63398468640992,Religious,February,Moderate,High,Road,19.79
Delhi,28.781247580081956,76.98632500734452,Hill Station,March,Cold,Medium,Airport,30.62
Kerala,10.900486161047287,76.1700121857719,Hill Station,November,Cold,Medium,Airport,18.91
Tamil Nadu,11.089870033019649,78.63527744302489,Historical,November,Moderate,High,Road,22.07
West Bengal,22.874823909158494,87.97059480074851,Hill Station,July,Cold,Low,Road,22.07
West Bengal,23.094238234591874,88.02512036274483,Religious,July,Moderate,Medium,Airport,15.94
Uttarakhand,29.93663092723665,79.03066273612376,Beach,March,Hot,Medium,Airport,28.17
Kerala,10.776982387149113,76.33637957835646,Religious,August,Moderate,Medium,Airport,15.25
Maharashtra,19.634077771805316,75.75814369128807,City,October,Moderate,High,Airport,26.26
Himachal Pradesh,31.01063452690776,77.10189040281162,Beach,July,Hot,Low,Road,26.74
Maharashtra,19.659152942592566,75.76460705412664,Religious,May,Moderate,Medium,Road,21.64
Maharashtra,19.799205059596545,75.80957759437017,City,July,Moderate,Low,Airport,16.28
West Bengal,23.03430567312504,87.72170237644845,Hill Station,February,Cold,High,Railway Station,32.87
Rajasthan,27.05767038599404,74.08478232026144,Wildlife,May,Hot,Medium,Airport,25.06
Punjab,31.12839998253682,75.35609963219684,Hill Station,January,Cold,High,Road,31.84
Kerala,10.885301752381269,76.31688330489223,Historical,June,Moderate,Medium,Airport,18.44
Delhi,28.772369351087065,77.14920856142501,Wildlife,October,Moderate,High,Road,33.5
Rajasthan,27.039285644587434,74.24682938008966,Beach,December,Hot,Medium,Road,21.85
Himachal Pradesh,30.90737932722673,77.19764740256345,Beach,March,Hot,Low,Railway Station,23.91
Tamil Nadu,11.149801053246073,78.55381672747727,City,October,Moderate,Medium,Road,20.98
Maharashtra,19.784891368135323,75.63152111248145,Historical,July,Moderate,Medium,Road,18.44
Kerala,11.057705391090156,76.21658686529257,Beach,August,Hot,Low,Road,23.5
Goa,15.166926502935103,74.2342082935236,Hill Station,August,Cold,Medium,Road,20.53
Maharashtra,19.750397386067593,75.82943722866104,Beach,November,Hot,Medium,Railway Station,34.35
Tamil Nadu,11.16064936521494,78.56695870134222,City,October,Moderate,High,Airport,22.77
Uttarakhand,30.199921023306523,79.06424664464969,Beach,September,Hot,Medium,Airport,30.56
Punjab,31.140655072116182,75.29173319420997,Hill Station,February,Cold,High,Railway Station,32.43
Punjab,31.06399326033779,75.50223869986057,Historical,June,Moderate,Low,Airport,15.27
Tamil Nadu,11.016993315925141,78.68347070986025,Historical,May,Moderate,Medium,Airport,20.26
Tamil Nadu,11.051796414654861,78.72389636281382,Historical,April,Moderate,Low,Railway Station,14.24
Himachal Pradesh,31.017446458761665,77.2463921196905,Beach,August,Hot,Low,Airport,20.6
Goa,15.294096711860618,74.13547373954579,City,June,Moderate,Medium,Airport,16.4
Kerala,10.73579956338682,76.37113969133237,Historical,June,Moderate,Medium,Road,12.46
Tamil Nadu,11.025172765483601,78.54765394006877,City,July,Moderate,Medium,Road,17.85
West Bengal,22.84270191846409,87.81545163610133,Historical,May,Moderate,Medium,Road,20.86
West Bengal,23.064656035397668,87.85091984186968,Wildlife,May,Hot,Medium,Road,26.78
Tamil Nadu,11.060049652499757,78.8267122133103,Beach,March,Hot,Medium,Railway Station,33.89
Delhi,28.748795880656917,77.17953796352366,City,December,Moderate,High,Railway Station,25.52
Himachal Pradesh,31.20751774994732,77.15737267871799,Hill Station,May,Cold,Medium,Railway Station,27.97
Rajasthan,27.055116308787934,74.2522227928947,City,January,Moderate,Medium,Railway Station,23.28
Delhi,28.842974771204858,77.11509974092274,Beach,October,Hot,High,Railway Station,29.95
Uttarakhand,30.102436246499337,78.94173563518113,Historical,September,Moderate,Medium,Railway Station,16.21
Himachal Pradesh,31.05071336931847,77.20480377203118,Beach,November,Hot,Medium,Airport,28.62
Tamil Nadu,11.189330267740788,78.66446303706775,Beach,August,Hot,Medium,Railway Station,38.23
West Bengal,23.062207093615605,87.78058680947792,Beach,October,Hot,High,Airport,32.68
Uttarakhand,29.986655815134675,78.87762433602255,Religious,January,Moderate,High,Road,21.31
West Bengal,23.032509879365477,87.87794646300797,Wildlife,April,Hot,Low,Railway Station,24.61
Goa,15.228400503978495,74.32243638826691,Beach,February,Hot,High,Airport,42.98
Delhi,28.561936711992335,77.14782029172797,Hill Station,May,Cold,Low,Railway Station,15.98
Uttarakhand,30.145779086507037,78.96708403023905,Hill Station,March,Cold,Low,Airport,22.09
Kerala,10.834656308459701,76.43465997301021,City,August,Moderate,Medium,Railway Station,23.27
Maharashtra,19.701670335363307,75.72395780453407,Religious,December,Moderate,High,Road,18.63
Punjab,31.439455366251394,75.2949279312589,City,June,Moderate,Medium,Railway Station,18.87
Delhi,28.867703486310614,77.0213082887054,Historical,March,Hot,Low,Railway Station,15.55
Himachal Pradesh,31.198342461282294,77.09135859221001,Wildlife,May,Hot,Medium,Road,28.11
Punjab,31.156272302362698,75.21960019893865,Historical,January,Moderate,High,Airport,23.38
Kerala,10.887423681926132,76.11452276614285,Religious,October,Moderate,High,Road,24.0
Rajasthan,27.01078669282713,74.23065436494696,Hill Station,May,Cold,Medium,Railway Station,24.44
Maharashtra,19.97962280914013,75.92681239025104,Religious,March,Moderate,Medium,Airport,13.74
Kerala,10.946602580857475,76.15689954646871,Historical,November,Moderate,High,Road,22.74
Rajasthan,27.04371528299219,74.23277310517138,Religious,January,Moderate,High,Road,19.9
Goa,15.506792250149028,74.25301925499373,City,February,Moderate,High,Road,30.0
Tamil Nadu,11.233106945649325,78.62561486845533,Historical,July,Moderate,Low,Road,10.4
West Bengal,23.087874993290306,87.95120829327414,Hill Station,July,Cold,Medium,Airport,26.0
Tamil Nadu,11.219943130526971,78.57150972966951,Religious,April,Moderate,Medium,Road,13.34
Rajasthan,26.833380635631176,74.21662123420185,Wildlife,July,Hot,Low,Airport,19.51
Punjab,31.227671528477668,75.37180553660522,Hill Station,February,Cold,Medium,Airport,22.91
Rajasthan,26.892283086158006,74.09209010782209,Hill Station,January,Cold,High,Road,29.26
Maharashtra,19.886305618764872,75.73048189426639,City,September,Moderate,Medium,Railway Station,16.32
Rajasthan,27.01886476144108,74.33215333304892,Historical,May,Hot,Medium,Road,14.61
Kerala,10.705616556086724,76.41070275501636,Beach,April,Hot,Medium,Railway Station,33.33
West Bengal,23.029471545546198,87.97622348658524,Religious,October,Moderate,Medium,Railway Station,19.83
Punjab,31.118812377934105,75.52970296120058,Wildlife,March,Hot,Medium,Road,22.34
Maharashtra,19.58835404400223,75.61932810255337,Wildlife,July,Hot,Medium,Railway Station,25.63
Himachal Pradesh,31.142716019246865,77.07424364399533,Religious,April,Moderate,Medium,Railway Station,17.55
Punjab,31.124934851562564,75.55446455317033,City,November,Moderate,Medium,Road,18.4
Goa,15.129895905469057,74.17100890281465,Wildlife,May,Hot,Medium,Railway Station,27.07
Delhi,28.80280692442752,77.19603033453807,Beach,January,Hot,High,Road,36.15
Uttarakhand,30.09916608443901,79.07949715009879,Historical,May,Moderate,Low,Road,12.98
Punjab,31.351643980289712,75.55270048835658,Hill Station,April,Cold,Medium,Airport,26.65
Goa,15.31110523244148,74.01658810685424,Wildlife,June,Hot,Medium,Airport,24.91
Delhi,28.725569724970388,77.20500873085737,Beach,June,Hot,Low,Airport,23.42
Punjab,31.0510066076121,75.21730778482356,Hill Station,February,Cold,High,Railway Station,26.74
Goa,15.30333290477315,73.95386481453974,Historical,February,Moderate,High,Railway Station,21.02
Uttarakhand,30.072937367767945,79.00700234190106,Wildlife,December,Hot,Medium,Road,23.95
Punjab,31.211864862704363,75.43594760645689,Wildlife,January,Hot,High,Airport,37.11
Maharashtra,19.56282244452075,75.80124867873914,Religious,September,Moderate,Medium,Road,15.85
Punjab,31.195725507438507,75.23611668250544,City,May,Moderate,Medium,Road,20.94
Himachal Pradesh,31.08710306656568,77.28172711990365,Hill Station,May,Cold,Medium,Airport,30.72
Goa,15.391676851169871,74.10980068664993,Beach,February,Hot,High,Railway Station,31.31
Tamil Nadu,11.074318519020204,78.73941163597625,Historical,September,Moderate,Medium,Railway Station,21.46
Himachal Pradesh,30.95242563178927,77.05201150435516,Religious,April,Moderate,Medium,Railway Station,19.02
Kerala,10.963323319437341,76.26943513034888,Wildlife,November,Hot,High,Road,31.63
Himachal Pradesh,31.17864451661812,77.31214983320028,City,September,Moderate,Medium,Road,26.96
Kerala,10.753049918486353,76.23169974969016,Historical,May,Moderate,Medium,Railway Station,14.66
Uttarakhand,30.042103523160776,79.10916673917892,City,September,Moderate,Low,Airport,13.76
Kerala,10.89068578386357,76.08508248462383,Hill Station,October,Cold,High,Road,25.92
Punjab,31.091247027729885,75.27168400112798,Hill Station,July,Cold,Low,Road,19.3
Uttarakhand,30.111759447554828,78.9146622940724,Historical,May,Moderate,Medium,Railway Station,19.19
Himachal Pradesh,31.171747016445746,77.18931436784077,Historical,August,Moderate,Medium,Road,19.77
Goa,15.304844499520582,73.98582504635895,Hill Station,February,Cold,High,Road,26.31
Punjab,31.095146560363542,75.18748445169109,Beach,August,Hot,Low,Road,24.22
Himachal Pradesh,31.15904362186231,76.95868859168452,Historical,October,Moderate,High,Road,24.15
Maharashtra,19.71434586622273,75.74317600209147,Religious,December,Moderate,High,Airport,26.56
West Bengal,22.789713167704733,87.9254214701914,Religious,February,Moderate,Medium,Railway Station,17.29
Himachal Pradesh,31.119814666133813,77.2296102840033,Hill Station,June,Cold,Medium,Road,22.46
Tamil Nadu,11.068173147414448,78.67944436254142,Historical,September,Moderate,Low,Railway Station,11.92
Himachal Pradesh,30.910218822993844,77.1234896509196,Hill Station,October,Cold,High,Road,29.74
West Bengal,22.886461922457816,87.77501003084828,Historical,August,Moderate,Medium,Railway Station,18.4
Delhi,28.658309423500555,77.19917333203446,Religious,December,Moderate,Medium,Road,21.92
Kerala,10.911779518125469,76.23772716361039,Religious,April,Moderate,Medium,Airport,16.69
Tamil Nadu,11.267461914974945,78.61006988573426,Hill Station,August,Cold,Medium,Airport,19.01
Uttarakhand,30.127515281150053,79.04246598353984,Hill Station,June,Cold,Low,Road,19.96
Kerala,11.073872203796316,76.20714685108364,City,April,Moderate,Medium,Railway Station,16.55
Uttarakhand,30.19586717955754,78.98366541468687,Religious,September,Moderate,Low,Airport,14.22
Delhi,28.74745690048198,76.76571942670643,City,July,Moderate,Low,Railway Station,12.78
West Bengal,23.01759776458721,87.96231393158173,Religious,March,Moderate,Medium,Road,19.41
Uttarakhand,30.054369518871127,79.16461154862873,Beach,June,Hot,Medium,Airport,25.39
Kerala,10.909207606784724,76.33819369388102,Wildlife,November,Hot,High,Road,32.91
Maharashtra,19.768879760774688,75.73672502884561,Beach,May,Hot,Medium,Airport,26.59
Tamil Nadu,11.089754479858259,78.47241035617752,Historical,November,Moderate,Medium,Airport,22.72
Himachal Pradesh,31.177756855602123,77.2548119142034,Historical,December,Moderate,Medium,Railway Station,21.59
Uttarakhand,30.06387939129149,79.0304108561448,Wildlife,January,Hot,Medium,Airport,23.97
Uttarakhand,30.080409987279292,79.01234195835833,Wildlife,May,Hot,Low,Railway Station,23.21
Tamil Nadu,11.18272332149923,78.5549168859164,Wildlife,August,Hot,Medium,Road,29.87
Kerala,10.781754286132903,76.3996039895198,Hill Station,April,Cold,Low,Airport,15.37
Rajasthan,26.855851554164357,74.2377225193292,Wildlife,June,Hot,Medium,Airport,26.22
Rajasthan,26.944902771139507,74.21567285166509,Historical,March,Hot,Medium,Railway Station,21.35
Tamil Nadu,11.119011627827646,78.7086684193888,Historical,October,Moderate,High,Road,15.14
Kerala,10.770394659246707,76.31496464147523,City,June,Moderate,Medium,Airport,23.53
Uttarakhand,29.938343454992193,79.18148258015462,Religious,December,Moderate,Medium,Airport,19.8
Rajasthan,27.126433805042222,74.13376036606675,City,March,Moderate,Low,Road,18.8
Uttarakhand,29.99217673623,78.97030016303387,City,July,Moderate,Medium,Airport,19.55
Kerala,11.08933125148704,76.24810645666341,Hill Station,September,Cold,Medium,Railway Station,27.69
Kerala,10.719945337201155,76.10011102354048,Hill Station,September,Cold,Low,Road,20.06
West Bengal,22.895781118826594,87.944782274399,Beach,December,Hot,Medium,Airport,28.1
West Bengal,23.057120105468435,87.81730849835155,Beach,September,Hot,Low,Road,23.44
Rajasthan,27.086337425588717,74.178416247735,Historical,August,Hot,Medium,Railway Station,17.02
West Bengal,22.925181639444656,87.83485081000866,Religious,February,Moderate,Medium,Airport,17.68
Maharashtra,19.680544054785045,75.70166270152083,City,March,Moderate,Medium,Railway Station,24.79
Rajasthan,26.817073393094166,74.35593195745797,Religious,December,Moderate,Medium,Railway Station,19.86
Maharashtra,19.742154138654957,75.75377442448992,Historical,April,Moderate,Medium,Airport,23.57
Delhi,28.868699855801868,77.25677487877358,Hill Station,January,Cold,High,Railway Station,32.29
Himachal Pradesh,30.97053002698172,77.21208812252955,Beach,February,Hot,Medium,Airport,25.78
Rajasthan,27.129185796865176,74.20397918356741,Religious,May,Moderate,Medium,Airport,19.49
Kerala,10.792848433591097,76.35863936738329,City,November,Moderate,High,Railway Station,21.43
West Bengal,23.142616635501295,87.6891201903048,Beach,November,Hot,Medium,Airport,31.19
Uttarakhand,30.045936695761196,78.99506503375147,Religious,November,Moderate,High,Railway Station,24.72
West Bengal,22.909661596858584,87.73749808630714,Historical,February,Moderate,Medium,Road,19.54
Tamil Nadu,11.072980561801868,78.71769523323913,Hill Station,November,Cold,High,Road,24.65
Delhi,28.769331260993916,77.13529625737249,Religious,August,Moderate,Low,Airport,8.51
Tamil Nadu,11.28012259798257,78.74956044053924,City,December,Moderate,High,Road,24.29
Tamil Nadu,11.089901424090634,78.66283467946833,City,July,Moderate,Medium,Railway Station,22.28
West Bengal,23.04992112231699,87.86437864266185,Historical,May,Moderate,Medium,Airport,22.71
Delhi,28.718650565559248,77.07233037146533,Wildlife,December,Moderate,High,Road,31.69
Tamil Nadu,11.17907516778394,78.63347367424409,Wildlife,April,Moderate,Medium,Airport,21.76
Goa,15.599565248491169,74.02640562562547,City,January,Moderate,High,Airport,25.74
Delhi,28.86152100038419,77.1920595308562,Religious,June,Moderate,Medium,Airport,16.06
Rajasthan,26.992873977797846,74.16946340663655,City,March,Moderate,Medium,Road,17.15
Tamil Nadu,11.088386394349687,78.52403632636131,Religious,December,Moderate,Medium,Railway Station,12.45
Kerala,10.806056611192957,76.36398314051542,Historical,October,Moderate,Medium,Airport,15.37
Rajasthan,27.021145227862917,74.3060570476138,Beach,February,Hot,Medium,Road,30.34
Himachal Pradesh,31.206387593838222,77.15548147534865,City,April,Moderate,Low,Road,14.3
Punjab,31.090724614685683,75.19901184028221,Historical,January,Moderate,High,Railway Station,27.82
Goa,15.16673640904272,74.13367572679141,Historical,November,Moderate,High,Airport,23.01
Tamil Nadu,11.054309746264874,78.59531174167287,Hill Station,February,Cold,High,Railway Station,31.7
West Bengal,23.09561835689338,88.03451827631261,Religious,October,Moderate,Medium,Airport,16.05
Himachal Pradesh,31.234954103339007,77.08893376709979,City,January,Moderate,High,Road,26.32
Himachal Pradesh,31.195842681594396,77.11269536982738,Hill Station,February,Cold,Medium,Railway Station,21.53
Rajasthan,27.051295570767934,74.23910932720598,Historical,January,Hot,Medium,Airport,15.42
Maharashtra,19.779733166479083,75.74914416539997,Hill Station,March,Cold,Medium,Railway Station,25.93
Uttarakhand,30.000831780402496,79.08440076509456,Wildlife,October,Moderate,High,Road,34.4
Kerala,10.942510467901112,76.24357948345914,Religious,May,Moderate,Low,Railway Station,14.09
Uttarakhand,30.105912816558135,78.92329139460001,Wildlife,August,Hot,Medium,Road,31.33
Kerala,10.77712701416375,76.39973190129739,Beach,June,Hot,Medium,Railway Station,28.13
Maharashtra,19.671604878984695,75.80140245019935,Wildlife,December,Hot,High,Airport,30.22
Uttarakhand,30.03585267954814,78.9340177491071,Historical,February,Moderate,Medium,Road,18.53
Rajasthan,27.140330186629573,74.16494724585463,Hill Station,May,Cold,Medium,Road,25.26
Tamil Nadu,11.257086772681763,78.62457343696768,Historical,October,Moderate,High,Airport,25.96
Goa,15.233960916524667,74.09043232620962,Historical,April,Moderate,Low,Road,12.46
Maharashtra,19.601806271676466,75.55675503834135,Historical,November,Moderate,Medium,Railway Station,17.61
Goa,15.225157241811345,73.93804553662446,Religious,April,Moderate,Low,Airport,8.46
Punjab,31.30069832276373,75.34678397780083,Beach,February,Hot,High,Railway Station,35.66
Rajasthan,26.870286258157563,74.18181386989846,Religious,July,Moderate,Medium,Railway Station,17.3
Uttarakhand,30.13847900250016,79.04269605698245,Beach,September,Hot,Medium,Airport,34.49
Goa,15.271124366779466,74.28028232656438,Historical,September,Moderate,Medium,Railway Station,19.98
Goa,15.268310927323967,74.11066073707961,Wildlife,March,Hot,Medium,Road,26.61
West Bengal,23.0023764074699,87.95460506106932,Religious,March,Moderate,Medium,Railway Station,12.39
Punjab,31.20785775028411,75.21580243858214,Hill Station,January,Cold,High,Road,32.97
Rajasthan,26.984123400968343,74.27172178117506,Hill Station,September,Cold,Medium,Railway Station,26.44
Punjab,31.187865270822364,75.45432991452024,Hill Station,May,Cold,Medium,Road,22.03
Tamil Nadu,11.186850935927337,78.77453396728467,Hill Station,June,Cold,Medium,Airport,26.1
Delhi,28.66380489243829,77.070986683026,Hill Station,September,Cold,Medium,Railway Station,20.97
Goa,15.488655314118185,74.17618207249502,Beach,March,Hot,Medium,Railway Station,29.15
Himachal Pradesh,31.166437106887287,77.13604403192024,Historical,November,Moderate,High,Airport,16.98
Punjab,31.17106605292828,75.49460612098704,Religious,December,Moderate,High,Road,22.48
Kerala,10.827182470215964,76.34120583485063,Beach,June,Hot,Low,Railway Station,24.67
Kerala,10.808038658299337,76.1994772969652,Historical,October,Moderate,High,Road,20.81
Kerala,10.72781230787855,76.33378431074479,Hill Station,February,Cold,High,Airport,29.97
Punjab,31.202583513477997,75.36657726866726,Religious,January,Moderate,High,Road,16.59
Punjab,31.197639273448758,75.24361144565455,Wildlife,October,Hot,Medium,Road,27.57
Kerala,10.729270286637782,76.29973876987408,Hill Station,September,Cold,Medium,Railway Station,27.05
Maharashtra,19.78539039307761,75.90186057940791,Hill Station,December,Cold,Medium,Airport,27.07
Goa,15.374007574223613,74.24289171482316,Wildlife,January,Hot,High,Airport,38.1
Maharashtra,19.87761062789445,75.74975578483681,Religious,April,Moderate,Low,Railway Station,13.95
Goa,15.36091306405912,74.18749885954966,Hill Station,June,Cold,Medium,Road,24.69
Delhi,28.800050985976103,77.18903647002172,Beach,October,Hot,High,Road,35.73
Punjab,31.371733754761543,75.3733242775279,Wildlife,December,Hot,High,Airport,32.81
Punjab,31.080610878585087,75.30796978326629,City,December,Moderate,Medium,Airport,22.67
West Bengal,23.12408801950457,87.89360929569536,Historical,July,Moderate,Medium,Airport,18.8
Kerala,10.967801642454841,76.2543150824728,Historical,July,Moderate,Medium,Airport,19.37
Maharashtra,19.84367994115529,75.79281857357628,Religious,January,Moderate,High,Road,22.16
Himachal Pradesh,31.242323504884105,77.20396880534244,Beach,March,Hot,Medium,Road,35.23
Tamil Nadu,11.279539833950764,78.69349817797055,Wildlife,February,Hot,Medium,Railway Station,25.84
Delhi,28.544886766586202,77.0628043867526,City,August,Moderate,Medium,Road,15.91
Goa,15.298791722600793,74.1610978787439,Historical,January,Moderate,High,Railway Station,27.54
Kerala,10.935141316115931,76.4927186578713,Hill Station,February,Cold,High,Airport,33.57
Uttarakhand,29.961403766920185,78.97813601273081,Religious,September,Moderate,Medium,Airport,17.01
Kerala,11.04683925813421,76.27599067992755,Hill Station,October,Cold,High,Railway Station,24.61
West Bengal,22.943899645204194,87.79314839615651,Beach,October,Hot,High,Railway Station,42.77
Delhi,28.786825543347884,76.96527984000618,Wildlife,May,Hot,Low,Airport,24.71
Himachal Pradesh,31.105338157785148,77.08992174623899,Wildlife,October,Moderate,Medium,Airport,31.08
Goa,15.366627472174576,74.06368859455891,Beach,November,Hot,High,Railway Station,35.32
Delhi,28.693662850032904,77.19622964007708,Beach,August,Hot,Medium,Railway Station,30.79
Uttarakhand,29.93108725803291,78.96214478398075,Religious,January,Moderate,High,Road,21.04
Himachal Pradesh,31.04367219015742,77.14632682900837,Historical,August,Moderate,Medium,Railway Station,13.82
West Bengal,23.13571650633595,87.70139203229618,Religious,February,Moderate,Medium,Road,19.86
West Bengal,23.01018050003718,87.79877187989948,Historical,July,Moderate,Low,Airport,17.74
Maharashtra,19.896695857849508,75.88470745403637,Wildlife,April,Hot,Low,Railway Station,19.57
Kerala,11.046190417548587,76.16812764023139,Historical,September,Moderate,Medium,Road,15.73
Uttarakhand,30.014508649449674,79.4208577587569,Hill Station,February,Cold,High,Road,24.55
Tamil Nadu,11.218816566398608,78.63367979766308,Religious,March,Moderate,Low,Railway Station,7.38
Tamil Nadu,11.142037805120063,78.59455523858611,Beach,October,Hot,Medium,Airport,32.9
Rajasthan,26.922518436215906,74.14409824115204,Historical,July,Hot,Medium,Railway Station,20.57
West Bengal,23.026317178503675,87.82323086097996,Wildlife,December,Hot,High,Road,29.26
Punjab,31.072623068784026,75.18802199609075,Wildlife,December,Hot,Medium,Road,32.19
Kerala,10.8703980731873,76.103848896113,Historical,November,Moderate,Medium,Railway Station,19.06
Himachal Pradesh,31.04146519294986,77.03441165779279,Historical,June,Moderate,Medium,Airport,16.19
Rajasthan,26.95751433690003,74.18436981461947,Wildlife,November,Moderate,High,Road,32.16
Maharashtra,19.783506789558267,75.71262585353809,Wildlife,January,Hot,Medium,Railway Station,34.92
Goa,15.193130957569197,74.06720893234868,Wildlife,October,Moderate,High,Airport,30.28
Uttarakhand,30.064269841143705,78.95726187246156,Wildlife,September,Hot,Medium,Airport,25.14
Rajasthan,27.089065876376687,74.19582470047676,City,June,Moderate,Medium,Road,15.86
West Bengal,22.977331593850547,87.91435884863422,Historical,August,Moderate,Low,Airport,8.21
Tamil Nadu,11.291513528338387,78.65351660576478,City,October,Moderate,Medium,Railway Station,21.55
Tamil Nadu,11.113717171680033,78.80530164904287,City,January,Moderate,High,Road,25.04
Kerala,10.768599188354091,76.24920132564665,Wildlife,June,Moderate,Low,Road,18.84
Maharashtra,19.859239586162257,75.81714129713346,Hill Station,June,Cold,Low,Airport,17.5
Himachal Pradesh,31.145964856516294,77.00758031500042,Religious,May,Moderate,Medium,Airport,16.11
West Bengal,22.89668982428596,87.87757382340583,Hill Station,July,Cold,Medium,Railway Station,21.69
West Bengal,22.989707554588307,87.66972653883181,Wildlife,October,Moderate,High,Airport,30.7
Delhi,28.641262402409073,77.0984024161892,Hill Station,March,Cold,Medium,Road,28.7
Uttarakhand,29.959396603232797,79.08508916924012,Historical,June,Moderate,Medium,Airport,17.91
Maharashtra,19.57952377829193,75.6943241593005,Wildlife,August,Moderate,Medium,Airport,26.77
Himachal Pradesh,31.02061443340077,77.1846698509047,City,September,Moderate,Medium,Railway Station,18.16
Punjab,31.069193531906254,75.40641742931889,Hill Station,November,Cold,Medium,Railway Station,27.64
Punjab,31.152990079331982,75.497716584817,Hill Station,December,Cold,Medium,Road,22.31
Rajasthan,27.092211655098296,74.25357047586512,City,May,Moderate,Medium,Road,15.25
Rajasthan,27.032133665343956,74.03682366788587,Wildlife,August,Moderate,Medium,Road,22.95
West Bengal,23.042280120821918,87.94320952418738,City,November,Moderate,Medium,Railway Station,18.82
Punjab,31.117992979008747,75.26417738015563,Religious,April,Moderate,Low,Road,17.29
Punjab,31.11004382471323,75.27249298019902,Beach,October,Hot,High,Airport,35.1
Punjab,31.246127185390993,75.35690815937488,Hill Station,February,Cold,High,Road,32.81
Rajasthan,27.147208674492227,74.32005795333194,City,November,Moderate,High,Airport,26.83
Himachal Pradesh,31.19816952086612,77.28781839370066,Religious,September,Moderate,Medium,Railway Station,19.51
Punjab,31.10735507012106,75.36854586496813,Historical,May,Moderate,Low,Airport,15.98
Delhi,28.54516539641838,76.93065080648864,Hill Station,July,Cold,Low,Road,21.23
Delhi,28.74498541856217,77.15649418303548,City,March,Moderate,Medium,Airport,16.84
Rajasthan,26.80650408521696,74.29091874956318,Beach,April,Hot,Medium,Railway Station,33.25
Delhi,28.69666108155045,77.09307336587462,Beach,February,Hot,High,Road,35.17
Maharashtra,19.969158371430005,75.81549410903473,Hill Station,July,Cold,Medium,Airport,25.73
Punjab,31.197320355120798,75.4164393381127,Hill Station,August,Cold,Low,Road,13.92
Kerala,10.729411759536736,76.36086783818878,Hill Station,March,Cold,Low,Railway Station,17.02
Rajasthan,27.03518668937298,74.06062171670405,Historical,November,Hot,Medium,Road,18.31
Tamil Nadu,11.124943766024543,78.61767787129455,Beach,May,Hot,Medium,Road,30.87
Delhi,28.809318126260635,76.94276746594774,Historical,June,Hot,Low,Airport,15.46
West Bengal,22.85358009153472,87.98032756707799,Religious,November,Moderate,Medium,Railway Station,13.18
Punjab,31.292364127661386,75.44889360713599,Religious,June,Moderate,Medium,Railway Station,16.66
Himachal Pradesh,31.169586824875562,77.29794611468216,Religious,May,Moderate,Medium,Railway Station,17.45
Tamil Nadu,11.13937958512511,78.61698351289851,Religious,October,Moderate,Medium,Railway Station,22.04
Tamil Nadu,11.060083926356508,78.64140204601296,Religious,August,Moderate,Medium,Railway Station,15.73
Punjab,31.233842769134693,75.25298927068573,Religious,July,Moderate,Low,Road,11.04
West Bengal,22.926682906038675,87.73801542496601,Beach,June,Hot,Medium,Road,28.79
Goa,15.274625412440571,73.98269238728973,City,June,Moderate,Medium,Airport,23.77
Goa,15.26151540517522,74.31345307440793,City,December,Moderate,High,Airport,21.07
Goa,15.247638614201522,74.16818252269293,Historical,November,Moderate,Medium,Railway Station,16.87
Maharashtra,19.693269786857005,75.65436627252569,Wildlife,November,Hot,High,Railway Station,31.8
Uttarakhand,30.028828768228216,78.9553072147672,Wildlife,April,Hot,Medium,Road,26.13
Goa,15.29928972253966,74.13064729879308,Wildlife,April,Hot,Medium,Railway Station,31.7
Maharashtra,19.848940948789867,75.7377585751038,Religious,April,Moderate,Medium,Road,14.92
Uttarakhand,30.014655347160748,79.05344752659549,Religious,September,Moderate,Low,Railway Station,11.51
Rajasthan,26.968052917930144,74.1362427358958,Historical,August,Hot,Low,Airport,13.39
Tamil Nadu,10.973805784290217,78.5717309273659,Historical,May,Moderate,Low,Road,20.63
Uttarakhand,30.057003828197594,79.13130456849315,Beach,March,Hot,Low,Airport,25.7
West Bengal,23.041724147842874,87.8301405592282,Historical,June,Moderate,Medium,Road,14.8
West Bengal,22.90687084125475,87.84855857513323,Hill Station,September,Cold,Medium,Road,27.0
Goa,15.00386094009193,74.30602387503497,Beach,March,Hot,Medium,Road,37.05
Tamil Nadu,10.989958080075574,78.75771109620075,Wildlife,September,Hot,Medium,Airport,30.8
Goa,15.198325532189601,74.10881737278928,City,April,Moderate,Medium,Road,15.15
Tamil Nadu,11.224125511532867,78.6711070465933,Wildlife,December,Hot,High,Railway Station,32.72
Maharashtra,19.85275206348103,75.63633033518987,Hill Station,June,Cold,Medium,Airport,24.77
Goa,15.318589656924672,74.06379768797368,City,January,Moderate,Medium,Railway Station,17.84
Punjab,31.251305241806982,75.31708121472431,Wildlife,March,Hot,Medium,Road,31.13
Goa,15.533488492696986,74.16989000719461,Historical,August,Moderate,Low,Airport,6.47
Punjab,31.18680069566023,75.42417611215433,Hill Station,August,Cold,Medium,Airport,18.82
Goa,15.248601549107414,74.36635061234668,Beach,October,Hot,High,Airport,39.4
Delhi,28.806673166308254,77.0539205737005,Hill Station,December,Cold,High,Railway Station,31.47
West Bengal,23.028845085163844,87.64470420994074,Beach,December,Hot,Medium,Railway Station,34.43
Rajasthan,26.6801937610332,74.1736876905974,Wildlife,June,Moderate,Medium,Railway Station,31.95
Uttarakhand,30.06148996891679,78.96671071346968,Religious,November,Moderate,High,Road,17.21
Punjab,31.35574397820279,75.306071983315,Beach,September,Hot,Medium,Airport,30.62
Himachal Pradesh,30.968424886169487,77.20619240204523,Historical,March,Moderate,Medium,Railway Station,20.88
Maharashtra,19.921701170114662,75.73626794864242,City,February,Moderate,High,Railway Station,22.58
Punjab,31.306243553239746,75.33365350232428,Religious,March,Moderate,Medium,Road,19.37
Punjab,31.19601243617599,75.21771986136332,City,June,Moderate,Medium,Airport,20.95
Rajasthan,26.84412167541231,74.38146295007753,Wildlife,February,Hot,Medium,Railway Station,30.12
Kerala,10.779971445996928,76.28515180460622,City,April,Moderate,Medium,Airport,21.33
Rajasthan,27.02890216108826,74.36180281877265,Historical,October,Hot,High,Railway Station,28.77
Kerala,10.86378982368142,76.1221794542902,Beach,August,Hot,Medium,Road,30.25
Uttarakhand,30.086185942153815,79.17165969171025,Beach,February,Hot,Medium,Road,36.0
Himachal Pradesh,31.042102612270256,77.07920736005248,Hill Station,March,Cold,Medium,Airport,22.39
Uttarakhand,30.07964623346144,79.17172155315964,Wildlife,January,Moderate,High,Railway Station,29.9
Rajasthan,26.83279194855852,74.14804104584611,Historical,June,Hot,Medium,Airport,18.38
West Bengal,23.123342657191937,87.92437658677343,City,March,Moderate,Low,Road,9.58
Tamil Nadu,11.181792801111039,78.65599313698577,Religious,July,Moderate,Low,Airport,10.45
Uttarakhand,30.135479991298936,79.20384820910648,Hill Station,December,Cold,Medium,Airport,25.56
Maharashtra,19.610735518864495,75.6951595465307,City,August,Moderate,Low,Airport,13.83
Maharashtra,19.66142872539818,75.91689698907598,Beach,September,Hot,Low,Road,24.34
Uttarakhand,30.19188937886918,78.99846291066476,City,May,Moderate,Medium,Railway Station,17.11
Himachal Pradesh,31.17433349086019,77.26404527335927,City,November,Moderate,High,Railway Station,23.46
Punjab,31.01632484323002,75.30561080997568,Wildlife,November,Hot,Medium,Airport,27.41
Delhi,28.511513472495984,77.20611893450968,Beach,June,Hot,Medium,Airport,30.52
Himachal Pradesh,31.236546356110452,77.04322645820587,Historical,November,Moderate,High,Railway Station,18.19
Uttarakhand,30.020952153901586,79.1207897253938,City,June,Moderate,Low,Road,15.32
Kerala,10.862415416800584,76.42708331470182,Religious,August,Moderate,Low,Road,8.33
Punjab,31.03484107240389,75.21596802670894,Historical,March,Moderate,Medium,Railway Station,20.98
Rajasthan,27.142044163109297,74.12825796170533,Wildlife,February,Hot,High,Railway Station,31.9
West Bengal,22.897376477425976,87.85062963271457,Beach,April,Hot,Low,Railway Station,17.63
Goa,15.162090675686713,73.96157234037932,Historical,February,Moderate,High,Airport,23.1
Himachal Pradesh,31.130418620415963,77.16758525716257,Religious,June,Moderate,Low,Railway Station,15.59
Uttarakhand,29.98984312855953,79.13601368443116,Historical,December,Moderate,Medium,Road,19.96
Rajasthan,27.090602366860715,74.14294759063664,Historical,May,Hot,Medium,Airport,15.23
Rajasthan,26.836968868886085,74.06222335388719,Historical,January,Hot,Medium,Road,16.81
Goa,15.493111584472446,74.20357765740255,Wildlife,February,Hot,High,Road,29.8
West Bengal,23.10252982598055,87.92564377069328,Historical,March,Moderate,Medium,Airport,15.75
Delhi,28.751397804567496,77.25931306936806,Wildlife,January,Hot,High,Railway Station,30.91
Delhi,28.66653553789387,77.06643806326089,Beach,February,Hot,High,Road,33.95
Tamil Nadu,11.026259792673063,78.4760668100747,Beach,January,Hot,Medium,Airport,30.19
Delhi,28.910531881228195,76.92229828785626,Wildlife,June,Hot,Low,Airport,20.82
Tamil Nadu,11.016113099264714,78.48000747030659,Religious,August,Moderate,Medium,Airport,20.86
Goa,15.228325807135972,74.14900680086862,City,January,Moderate,High,Road,23.38
Uttarakhand,29.963467679424983,78.85067262941591,Religious,October,Moderate,Medium,Road,19.63
Maharashtra,20.004058831879373,75.89531397803694,Beach,March,Hot,Low,Road,27.71
Tamil Nadu,11.157300938559022,78.66800010237914,Historical,April,Moderate,Low,Road,17.89
Himachal Pradesh,31.09666321490333,77.15363966478093,Beach,April,Hot,Low,Railway Station,23.55
Kerala,10.856723677156038,76.13302541312848,Wildlife,September,Hot,Medium,Road,26.01
Punjab,31.20568914313698,75.41835085378155,City,September,Moderate,Medium,Railway Station,21.5
Himachal Pradesh,31.12429548510491,77.30687051322411,Religious,May,Moderate,Medium,Road,16.36
Rajasthan,27.125132350289913,74.21537112871285,Hill Station,March,Cold,Medium,Railway Station,25.9
Delhi,28.491051825649752,77.03764082178364,Beach,July,Hot,Medium,Railway Station,25.19
Uttarakhand,29.96419830450961,79.06702388618514,Hill Station,November,Cold,Medium,Airport,20.01
Maharashtra,19.802970583347758,75.84186441451043,Beach,December,Hot,High,Airport,30.0
Himachal Pradesh,31.043433953209146,77.08013403607588,Beach,May,Hot,Low,Airport,22.46
West Bengal,23.006450654401025,87.82546583438578,City,June,Moderate,Medium,Railway Station,21.77
Tamil Nadu,11.087699968697152,78.65914912381868,Historical,March,Moderate,Medium,Road,15.92
Delhi,28.787161280061614,77.18557600667098,Hill Station,February,Cold,High,Road,34.92
Uttarakhand,29.906974764050094,78.92777605713623,City,October,Moderate,High,Airport,26.85
Goa,15.184799705173749,74.18293522400232,Religious,May,Moderate,Medium,Airport,14.02
Himachal Pradesh,31.22209786718673,77.20408007684281,Wildlife,December,Hot,Medium,Airport,26.96
Goa,15.123266948716832,73.94685605781072,Beach,July,Hot,Medium,Road,27.31
Uttarakhand,30.092574434165424,79.03075096377268,Beach,February,Hot,Medium,Airport,32.75
Rajasthan,27.091330082986683,74.19579178820511,Religious,October,Moderate,High,Railway Station,24.45
West Bengal,23.07927196754898,87.86133613496307,Hill Station,November,Cold,High,Road,27.17
Himachal Pradesh,31.317920975800735,77.27923635039242,City,January,Moderate,Medium,Railway Station,18.85
Rajasthan,27.028123387543246,74.15942146148576,Religious,October,Moderate,Medium,Airport,18.88
West Bengal,22.944566420885682,87.69079197999665,Wildlife,March,Hot,Medium,Railway Station,29.33
Uttarakhand,30.05742813230409,79.01325907052474,Hill Station,August,Cold,Medium,Airport,23.03
Rajasthan,26.976887929188596,74.26243763669963,Wildlife,February,Moderate,High,Railway Station,34.15
Rajasthan,27.0499220255424,74.1474050621944,Religious,October,Moderate,Medium,Airport,18.98
Punjab,31.03248663778588,75.26902839547277,Religious,September,Moderate,Low,Railway Station,11.03
Kerala,10.69843064411952,76.23249947774188,Wildlife,March,Hot,Medium,Airport,25.42
Himachal Pradesh,31.203331607363815,77.1241932509965,Wildlife,September,Hot,Low,Airport,17.81
Tamil Nadu,11.31579092859123,78.61024770737667,Wildlife,February,Hot,High,Railway Station,33.27
West Bengal,23.01326445132858,88.03725342726405,Beach,November,Hot,Medium,Railway Station,28.67
Tamil Nadu,11.000153676303098,78.55664449594192,Historical,February,Moderate,High,Airport,22.16
Uttarakhand,30.011759119589364,79.06349481418285,Beach,October,Hot,High,Road,34.18
West Bengal,23.03024251153781,87.96333692963606,Historical,January,Moderate,Medium,Railway Station,22.7
Goa,15.199628812841583,74.186779756319,City,October,Moderate,Medium,Road,21.16
Delhi,28.8982111475506,76.94842467747331,Religious,February,Moderate,High,Railway Station,23.05
Kerala,10.760634819444245,76.24974793545287,Hill Station,May,Cold,Low,Railway Station,13.91
Uttarakhand,29.949867015318496,79.02720934968664,Hill Station,January,Cold,Medium,Airport,25.15
Punjab,31.07656159828511,75.32644018413998,Beach,November,Hot,High,Railway Station,29.8
Maharashtra,19.831193256463905,75.53647158077757,Beach,September,Hot,Medium,Railway Station,33.1
Maharashtra,19.80501336235116,75.67197387193347,Wildlife,January,Hot,High,Airport,32.31
Goa,15.243313162549974,74.0822971382156,Religious,June,Moderate,Medium,Airport,21.49
Rajasthan,27.105928966348845,74.25062818545184,Wildlife,June,Moderate,Medium,Road,28.6
Tamil Nadu,11.076710630956848,78.74160599213816,Historical,July,Moderate,Low,Airport,8.65
Kerala,10.809705625214852,76.38727492382563,Religious,January,Moderate,Medium,Railway Station,14.68
Punjab,31.141435094823056,75.3032558508703,Wildlife,December,Hot,High,Airport,33.52
Goa,15.186338763819126,74.0696980864754,Historical,November,Moderate,Medium,Road,19.4
West Bengal,23.088448948801695,87.77593679312939,Religious,June,Moderate,Low,Railway Station,12.71
Himachal Pradesh,31.334188972256587,77.14458721593009,Wildlife,December,Hot,High,Road,32.56
Rajasthan,27.055746229606342,74.09113232230743,Beach,July,Hot,Medium,Road,30.32
Maharashtra,19.679912318240444,75.57446143135667,Hill Station,January,Cold,High,Airport,26.42
Kerala,11.033480580823632,76.46224467609002,Wildlife,November,Moderate,Medium,Airport,31.56
West Bengal,23.079209453053608,87.95210763032752,Beach,February,Hot,Medium,Airport,26.92
Uttarakhand,30.018290438606023,79.14749459669345,Hill Station,April,Cold,Medium,Airport,26.2
Goa,15.431464280125006,73.85488002439408,Historical,January,Moderate,High,Airport,23.71
Maharashtra,19.666887150357066,75.80327957472282,City,March,Moderate,Low,Airport,15.23
Punjab,31.137600070358925,75.24656718308297,Hill Station,April,Cold,Medium,Road,21.6
Maharashtra,19.785339634828365,75.7279491429059,Beach,June,Hot,Medium,Airport,31.04
Rajasthan,26.932130550561684,74.21870492479728,Hill Station,September,Cold,Medium,Road,24.48
Kerala,10.829760394818825,76.27803190198523,Religious,December,Moderate,Medium,Airport,16.69
Tamil Nadu,11.048188780570571,78.75887685329974,Wildlife,February,Hot,Medium,Road,25.27
Tamil Nadu,10.980663047486136,78.83015942660262,Beach,July,Hot,Medium,Airport,36.89
Kerala,11.11101605510933,76.33154895601744,Wildlife,October,Hot,Medium,Road,29.85
Himachal Pradesh,31.235353400320637,77.18196670849261,Religious,December,Moderate,High,Railway Station,30.81
Kerala,10.785935763276367,76.37159555144459,Religious,July,Moderate,Medium,Road,16.46
Punjab,31.158727513005736,75.2868203104522,Historical,December,Moderate,High,Road,23.27
Delhi,28.55786683908552,77.27566929886537,Religious,May,Moderate,Medium,Road,18.35
West Bengal,22.81067142333005,87.99854087005244,Historical,August,Moderate,Low,Airport,9.86
Punjab,31.153325245943517,75.41009693363381,Hill Station,January,Cold,High,Railway Station,30.38
Rajasthan,27.038380588823223,73.95042933596297,Hill Station,May,Cold,Low,Road,24.64
Himachal Pradesh,31.045460043141798,77.21226360640622,Hill Station,August,Cold,Medium,Airport,28.8
West Bengal,23.074522165952615,87.8104137243403,Hill Station,July,Cold,Medium,Airport,21.28
Goa,15.290521400347233,73.89394959977653,Wildlife,June,Hot,Medium,Airport,25.4
Maharashtra,19.65717290255787,75.5523325697551,Wildlife,June,Hot,Low,Airport,25.45
Rajasthan,26.995365364252567,74.37061851441838,Beach,August,Hot,Medium,Airport,27.76
Maharashtra,19.860737186220476,75.63804829514174,City,February,Moderate,High,Airport,24.04
Delhi,28.415338614985387,77.22535293164407,Hill Station,October,Cold,Medium,Railway Station,28.23
Goa,15.39783507097991,74.18308174570089,City,May,Moderate,Medium,Railway Station,18.03
Tamil Nadu,11.196317452732734,78.50799925100964,Wildlife,August,Moderate,Low,Airport,17.9
Delhi,28.563751213887997,77.16130537618278,Historical,June,Hot,Low,Railway Station,11.58
Tamil Nadu,11.162772445076827,78.73607962820464,Hill Station,October,Cold,Medium,Airport,22.23
West Bengal,23.02536859266805,87.73116029390629,Historical,August,Moderate,Medium,Airport,20.62
Kerala,10.828789789288665,76.35353312893469,Historical,August,Moderate,Low,Road,18.37
Himachal Pradesh,31.112648974130895,77.12555813334613,Religious,November,Moderate,Medium,Road,15.45
Maharashtra,19.628404578993884,75.53094556332412,Historical,March,Moderate,Medium,Railway Station,24.64
Kerala,10.868317677969781,76.338459914277,Wildlife,June,Moderate,Medium,Railway Station,27.27
Himachal Pradesh,31.099981707302163,77.05641388936678,Beach,December,Hot,High,Railway Station,34.89
Tamil Nadu,11.091785168626076,78.71006746302659,Historical,September,Moderate,Low,Airport,5.37
Punjab,31.122054139600404,75.28871889157747,City,June,Moderate,Medium,Railway Station,20.55
Kerala,10.905436840671682,76.33327997497992,Historical,February,Moderate,High,Airport,17.15
Maharashtra,19.784737349579373,75.5496816645032,Wildlife,August,Hot,Medium,Road,27.6
Goa,15.433988600402849,74.16235978811834,Hill Station,March,Cold,Low,Road,20.19
Rajasthan,27.101891725376408,74.10213103730067,Beach,November,Hot,High,Road,36.43
Goa,15.239191043395861,74.09594765859009,Religious,July,Moderate,Low,Airport,8.07
Goa,15.501104266663837,74.06156205563649,City,July,Moderate,Medium,Railway Station,21.03
Rajasthan,27.0591796507992,74.02657278904064,Historical,July,Hot,Medium,Airport,16.51
Kerala,10.858659368007075,76.26471214804556,Hill Station,May,Cold,Low,Road,21.01
Himachal Pradesh,31.095879393479347,77.15406041988393,Hill Station,August,Cold,Medium,Railway Station,21.18
Himachal Pradesh,31.07259466079883,77.16515318459675,Religious,May,Moderate,Medium,Airport,20.11
Himachal Pradesh,30.861743387615505,77.25484239716874,City,March,Moderate,Low,Railway Station,20.24
Maharashtra,19.840885206152972,75.72559058738277,Beach,February,Hot,Medium,Road,27.9
Tamil Nadu,11.159979129493648,78.61663576411037,Wildlife,December,Hot,Medium,Railway Station,23.47
Kerala,10.9102346381038,76.38948042165777,Historical,May,Moderate,Low,Railway Station,10.77
Punjab,31.166088966105317,75.466556769662,City,July,Moderate,Medium,Railway Station,19.76
Tamil Nadu,11.052665105455052,78.7050554467689,Wildlife,October,Hot,Medium,Railway Station,29.33
Delhi,28.689879401339056,77.08093536247951,Wildlife,August,Hot,Medium,Airport,25.71
Kerala,10.758920478795137,76.44962598088289,Historical,September,Moderate,Low,Road,13.39
Kerala,10.771723435040744,76.23886031714706,Hill Station,January,Cold,Medium,Railway Station,23.23
Maharashtra,19.783941347084852,75.68067489501931,Beach,August,Hot,Low,Road,22.04
Delhi,28.705048527789703,77.25809535740561,Religious,April,Moderate,Medium,Railway Station,12.43
Kerala,10.943614670057558,76.33667996671878,Religious,February,Moderate,High,Railway Station,17.56
Delhi,28.6935593110868,77.02615642315735,Beach,December,Hot,High,Airport,36.52
Delhi,28.590944833325274,76.95553436869514,Hill Station,November,Cold,High,Road,26.27
Rajasthan,27.130786840854014,74.23740628054887,Historical,January,Hot,High,Railway Station,23.75
Uttarakhand,30.088444534598644,79.04637489761922,Wildlife,April,Hot,Medium,Railway Station,27.47
Himachal Pradesh,31.096114985374854,77.03188749003425,Hill Station,May,Cold,Medium,Airport,23.73
Tamil Nadu,11.175102699940394,78.59476572946356,Religious,November,Moderate,High,Airport,22.82
Delhi,28.691700355211164,76.9018527384963,Hill Station,February,Cold,High,Road,27.48
West Bengal,23.223214146826756,87.72428980987837,Beach,March,Hot,Medium,Road,32.05
Rajasthan,27.154408687024834,74.26653189623298,City,August,Moderate,Medium,Airport,18.1
Maharashtra,19.618362817640353,75.733772693571,Beach,January,Hot,Medium,Airport,34.6
Maharashtra,19.668101373354105,75.92077794329744,Hill Station,August,Cold,Low,Road,20.56
Delhi,28.898708639148406,77.13631323983458,Historical,November,Hot,Medium,Airport,17.7
West Bengal,22.86165294376386,87.8383475987297,City,November,Moderate,High,Railway Station,21.92
Maharashtra,19.429383250215956,75.7338948518125,Wildlife,December,Hot,Medium,Road,24.16
Maharashtra,19.788775069306087,75.66286246745229,Religious,May,Moderate,Medium,Road,16.94
West Bengal,22.938629453277315,87.7574428080141,City,October,Moderate,High,Road,21.7
West Bengal,23.03295438379971,87.68220021414116,Wildlife,October,Hot,High,Airport,35.71
Uttarakhand,30.024740602403437,79.2471474237439,Beach,March,Hot,Medium,Airport,31.85
West Bengal,22.934044630186037,87.91019098503466,Hill Station,February,Cold,High,Railway Station,31.7
Maharashtra,19.68770355814169,75.79323310350134,Historical,June,Moderate,Low,Railway Station,12.93
Uttarakhand,30.188222773442813,78.9809671349037,Wildlife,December,Hot,High,Airport,34.11
Maharashtra,19.819500101570796,75.55136351659786,Wildlife,September,Hot,Low,Road,21.83
Himachal Pradesh,31.016674905582786,77.37557874907996,Hill Station,July,Cold,Medium,Airport,24.09
West Bengal,23.09186160890089,87.82071584378905,Beach,November,Hot,High,Road,37.66
Uttarakhand,30.148427458823285,79.0340089581838,Historical,April,Moderate,Low,Airport,16.57
Tamil Nadu,11.03880926128577,78.65631543995927,Beach,February,Hot,Medium,Airport,24.85
Delhi,28.688174769318618,77.02253857862232,Historical,June,Hot,Low,Railway Station,12.31
West Bengal,22.85529404965679,87.93092773569981,Beach,December,Hot,Medium,Railway Station,29.88
Himachal Pradesh,31.23238973845507,77.24951413126527,Historical,October,Moderate,Medium,Railway Station,15.74
Delhi,28.791726505414324,77.14159698427319,Historical,April,Hot,Medium,Railway Station,19.9
Maharashtra,19.718267292833964,75.68823826649371,Wildlife,February,Hot,High,Airport,31.06
Delhi,28.728538014486315,77.13530715646507,Beach,September,Hot,Low,Road,26.25
Delhi,28.618709245916882,77.14136043797537,Religious,October,Moderate,High,Road,21.93
Punjab,31.050931275991207,75.3188492248503,Historical,September,Moderate,Low,Airport,12.64
Punjab,31.197486881228276,75.41664244482362,Hill Station,April,Cold,Medium,Road,27.88
Punjab,30.939335521831932,75.52675840363993,Historical,February,Moderate,High,Railway Station,21.31
West Bengal,23.22682022843794,87.97997723283517,City,April,Moderate,Medium,Road,20.14
Rajasthan,27.06320021621317,74.23023790163373,Hill Station,July,Cold,Medium,Airport,21.72
Kerala,10.799968104324012,76.21364340487935,Historical,February,Moderate,Medium,Airport,22.6
Himachal Pradesh,31.23327378690391,77.14693917036374,Historical,October,Moderate,Medium,Road,21.06
Uttarakhand,30.13467981527925,78.91852844410094,City,October,Moderate,High,Airport,25.35
Punjab,31.101817536957185,75.14583844539908,City,December,Moderate,High,Road,19.5
Punjab,31.122764836576227,75.30376488960997,Beach,August,Hot,Medium,Road,30.12
Rajasthan,26.999272042082392,74.1771439512124,Wildlife,June,Hot,Medium,Road,26.62
Goa,15.175108817308187,74.21376971119425,City,September,Moderate,Medium,Railway Station,19.4
Maharashtra,19.752818667452694,75.73637915401346,Beach,June,Hot,Low,Road,23.83
Tamil Nadu,11.185047883322392,78.44792008112883,Beach,November,Hot,High,Road,34.61
Delhi,28.631337748714998,77.04036816247567,Wildlife,February,Hot,High,Airport,35.89
West Bengal,22.927272357670628,87.93974074168314,City,December,Moderate,Medium,Airport,19.86
Delhi,28.670100888920494,77.01508453054424,Religious,March,Moderate,Low,Airport,11.77
Uttarakhand,30.222961078051796,78.8112510884882,City,February,Moderate,Medium,Railway Station,21.96
Goa,15.253258185919021,74.15758171199543,Hill Station,October,Cold,High,Road,33.62
Rajasthan,26.86793289299244,74.22214628871976,City,September,Moderate,Low,Airport,14.06
Goa,15.111754476119355,73.96675104758526,Historical,July,Moderate,Medium,Airport,16.79
Himachal Pradesh,31.0130018434662,77.12976522433839,Religious,March,Moderate,Medium,Road,16.23
Kerala,10.893854697869806,76.14747572157503,Historical,January,Moderate,Medium,Airport,11.86
Maharashtra,19.554386912371648,75.7220026907795,Historical,April,Moderate,Medium,Road,17.12
Delhi,28.664150728244685,77.07677806081766,City,June,Moderate,Medium,Railway Station,17.65
Himachal Pradesh,31.043575887514407,77.15788718694536,Beach,December,Hot,High,Road,35.81
Goa,15.43216614047876,73.98998779980722,City,April,Moderate,Medium,Airport,20.48
Uttarakhand,30.125919848996965,79.03106945905176,Historical,April,Moderate,Medium,Airport,22.7
Delhi,28.740750364774986,77.17280493046862,Beach,January,Hot,High,Railway Station,31.92
Delhi,28.777969527917797,77.34034805031092,Historical,September,Hot,Medium,Road,21.99
Uttarakhand,29.978124866221656,79.15902066891245,Wildlife,January,Hot,High,Road,30.72
Delhi,28.57663962270083,77.0889639959368,Historical,December,Hot,High,Road,24.18
Goa,15.12942787955734,74.10389838641696,City,October,Moderate,High,Road,29.11
West Bengal,23.148714455381885,87.8946768858837,Beach,November,Hot,Medium,Railway Station,31.36
Punjab,31.37593029942286,75.32871819826548,Wildlife,December,Hot,Medium,Road,34.1
Delhi,28.597122246640595,76.95006083363616,Beach,December,Hot,High,Airport,35.8
West Bengal,22.93165294919556,87.87146264133223,Historical,November,Moderate,High,Airport,22.32
Uttarakhand,30.090113906897553,79.06022107497505,Religious,February,Moderate,High,Railway Station,16.19
Tamil Nadu,11.16714526306147,78.6756884773392,Wildlife,February,Hot,Medium,Airport,30.01
Kerala,10.602993471692697,76.37956179907363,Beach,October,Hot,High,Railway Station,39.85
Kerala,10.899720792630339,76.42440292338496,Historical,August,Moderate,Low,Airport,17.64
West Bengal,23.138564157105623,87.89405113244759,Religious,March,Moderate,Medium,Airport,14.29
West Bengal,22.842271302115723,87.83008123354125,Religious,April,Moderate,Medium,Road,23.14
Goa,15.362249822408089,74.20181304493543,Hill Station,December,Cold,High,Airport,38.03
Goa,15.31781801597113,74.08250173421823,Beach,November,Hot,High,Airport,37.34
Rajasthan,26.950941611024522,74.18160688937739,Religious,May,Moderate,Medium,Airport,13.53
Delhi,28.521415553432877,77.21240299325815,Wildlife,December,Hot,High,Airport,30.98
Punjab,31.132276760573525,75.35314493868599,Historical,November,Moderate,Medium,Airport,9.79
Rajasthan,27.11799721325923,74.23814177872904,Religious,April,Moderate,Medium,Railway Station,15.36
Uttarakhand,29.951172926451132,78.95385543232143,City,January,Moderate,Medium,Airport,16.54
Maharashtra,19.62009464953023,75.65934951423033,Hill Station,November,Cold,Medium,Railway Station,31.0
Goa,15.246708905965383,74.05144861580843,City,March,Moderate,Medium,Railway Station,18.5
Maharashtra,19.827885963518096,75.68940473680128,City,March,Moderate,Medium,Road,24.68
Punjab,31.177653316949925,75.44296775860984,Beach,December,Hot,High,Railway Station,35.08
Kerala,10.871522959850422,76.39843784899007,City,January,Moderate,Medium,Road,16.79
Delhi,28.680890419008225,76.9922185273274,City,August,Moderate,Medium,Railway Station,17.88
Uttarakhand,30.04235917137381,79.04287771538434,Religious,February,Moderate,High,Airport,19.41
Maharashtra,19.647750078252237,75.58478919624854,Historical,November,Moderate,High,Airport,20.34
Uttarakhand,29.971240789636074,78.9995143571174,Historical,May,Moderate,Low,Airport,10.89
Delhi,28.61120179411797,77.14022088163732,Wildlife,May,Hot,Medium,Airport,25.89
Goa,15.458970309101266,74.03468663744614,Historical,June,Moderate,Low,Airport,11.08
Delhi,28.49362649540169,77.11389305049018,Wildlife,October,Hot,High,Road,36.5
Himachal Pradesh,31.111190684983573,77.29939559814892,Beach,August,Hot,Low,Airport,23.98
Uttarakhand,30.018277377689113,78.98172535465349,City,November,Moderate,High,Airport,27.48
Goa,15.282652557784228,74.23547915049615,City,February,Moderate,High,Road,28.45
Delhi,28.84013511649915,77.10423063436691,Hill Station,September,Cold,Medium,Airport,28.52
Tamil Nadu,11.052236727600597,78.94301392932171,Hill Station,November,Cold,High,Airport,30.97
Punjab,31.11895077070115,75.2637412759735,Religious,April,Moderate,Low,Railway Station,10.7
Tamil Nadu,11.320530216633772,78.5699008188601,City,October,Moderate,Medium,Railway Station,21.96
Rajasthan,27.007731810551352,74.26361438526627,Religious,October,Moderate,Medium,Road,17.77
Rajasthan,26.791360936028838,74.24635138858865,Hill Station,November,Cold,High,Airport,28.95
Kerala,10.662934137119972,76.44178147515885,Historical,July,Moderate,Medium,Road,15.3
Tamil Nadu,11.210305487802755,78.63776182376054,Historical,October,Moderate,High,Road,22.55
Tamil Nadu,11.209286977225913,78.78788484116603,Wildlife,March,Moderate,Medium,Airport,23.77
Delhi,28.64232197702928,76.95585838196465,City,April,Moderate,Medium,Airport,23.1
Maharashtra,19.57372638529268,75.6838684632626,Historical,February,Moderate,Medium,Road,19.43
Goa,15.205023583864627,74.11770406026868,Hill Station,February,Cold,Medium,Road,26.76
Maharashtra,19.669499803550433,75.76208183784988,Beach,October,Hot,High,Road,31.32
Punjab,30.981379206142872,75.29458020496531,Wildlife,April,Moderate,Medium,Railway Station,30.09
Rajasthan,27.18221600320476,74.23587596606023,City,November,Moderate,High,Road,20.69
Rajasthan,26.872055963539278,74.31747624470562,City,January,Moderate,Medium,Railway Station,21.68
Tamil Nadu,10.986602919987659,78.54810805227761,Religious,March,Moderate,Low,Road,13.51
Kerala,10.781649476692923,76.23741509026863,City,July,Moderate,Medium,Airport,19.09
Kerala,10.84849584914465,76.43536005791641,City,November,Moderate,Medium,Road,13.48
Maharashtra,19.849181936167167,75.70871875781894,Wildlife,April,Hot,Medium,Airport,28.1
Goa,15.198838868579314,74.07587177776182,Beach,August,Hot,Medium,Railway Station,29.07
Himachal Pradesh,31.010701043008034,77.16295675075054,Religious,September,Moderate,Low,Railway Station,12.38
Tamil Nadu,11.074127609364501,78.66214428141296,Wildlife,May,Moderate,Medium,Road,25.05
Punjab,31.407437509720282,75.41952888377186,Wildlife,July,Moderate,Medium,Railway Station,28.26
Goa,15.255311168025091,74.12995724784297,Beach,May,Hot,Medium,Airport,32.61
Maharashtra,19.644581573833822,75.77263623377347,Beach,July,Hot,Medium,Road,29.32
Rajasthan,26.99735820887129,74.05980188441576,Wildlife,June,Hot,Medium,Railway Station,26.74
Punjab,31.265858994939652,75.65511139972814,Historical,May,Moderate,Low,Airport,18.35
Uttarakhand,29.98802081477384,79.15265866860591,Hill Station,October,Cold,Medium,Railway Station,26.12
Rajasthan,27.03112618321699,74.28005203457867,Wildlife,November,Hot,High,Road,32.86
Delhi,28.725460270485698,77.04204622742894,City,October,Moderate,Medium,Railway Station,21.45
West Bengal,23.034212041313527,87.9764834172198,Religious,January,Moderate,Medium,Airport,16.19
Delhi,28.717587415827964,77.08315941904482,Historical,October,Hot,High,Railway Station,21.44
Goa,15.286829014923168,74.0761593606178,City,April,Moderate,Low,Railway Station,11.68
Delhi,28.553257529677484,77.09886226698349,Hill Station,August,Cold,Medium,Railway Station,23.58
Uttarakhand,30.133143047403433,79.06742010801072,Hill Station,May,Cold,Low,Railway Station,16.56
Himachal Pradesh,31.18692309937571,77.2149845853007,Wildlife,September,Moderate,Medium,Airport,31.0
Punjab,31.203268879236603,75.53301113282929,Hill Station,October,Cold,High,Road,28.98
Uttarakhand,30.02266599889445,78.9515854613234,City,March,Moderate,Medium,Road,12.54
Maharashtra,19.736905664998762,75.47578084642255,Historical,April,Moderate,Medium,Railway Station,19.67
Goa,15.41308091312765,74.10386769037999,Religious,December,Moderate,High,Road,16.78
Tamil Nadu,11.127734530980064,78.8145224284717,Religious,July,Moderate,Medium,Road,17.08
Tamil Nadu,11.171496344361657,78.72559996289884,Historical,August,Moderate,Low,Road,15.38
Maharashtra,19.749486454350894,75.60413341853301,Wildlife,October,Hot,High,Railway Station,33.23
West Bengal,23.127023935561333,87.79467768973713,Hill Station,July,Cold,Medium,Road,23.69
Himachal Pradesh,30.908992331195034,77.09557513444028,Historical,December,Moderate,High,Road,22.2
Punjab,31.14591218816841,75.47136471347955,Historical,October,Moderate,High,Airport,26.41
Himachal Pradesh,31.016534404682968,77.14845006212134,City,October,Moderate,High,Railway Station,16.76
Himachal Pradesh,31.049306728399685,77.23178458300825,Hill Station,January,Cold,High,Airport,31.52
Maharashtra,19.760409613735852,75.6549665361472,City,December,Moderate,Medium,Railway Station,22.94
Himachal Pradesh,31.04332049136116,77.16786256757962,City,July,Moderate,Low,Railway Station,15.29
Uttarakhand,30.11679197751795,78.95360807590387,Historical,July,Moderate,Low,Road,9.93
Uttarakhand,29.993043810583067,79.0642231013185,Hill Station,November,Cold,High,Railway Station,28.61
Himachal Pradesh,31.14639478898799,77.2702957116384,Wildlife,December,Hot,High,Road,34.14
Tamil Nadu,11.143392050281147,78.74377098315192,Hill Station,November,Cold,High,Airport,33.15
Tamil Nadu,11.184585257939533,78.72952084217059,Historical,November,Moderate,High,Railway Station,19.13
Goa,15.330040309334189,74.13697264914981,Wildlife,December,Hot,High,Road,32.98
Rajasthan,26.794712283910656,74.09479675200758,Beach,May,Hot,Low,Road,24.96
Kerala,10.76939440759686,76.1950912072256,City,October,Moderate,High,Road,28.24
Tamil Nadu,11.078136542075304,78.69790006155203,Wildlife,September,Hot,Medium,Railway Station,30.2
Punjab,31.140330321952348,75.3757508244842,City,June,Moderate,Medium,Airport,19.46
Uttarakhand,29.9492537616224,79.2001300871089,Historical,July,Moderate,Medium,Road,15.48
Delhi,28.696890215700975,77.06131285693222,Beach,August,Hot,Medium,Railway Station,24.13
Goa,15.229373334413006,74.17350684296893,Hill Station,March,Cold,Medium,Road,22.25
Goa,15.238195377537064,73.94131149019259,Beach,September,Hot,Medium,Railway Station,28.41
Himachal Pradesh,31.181927909697293,77.18624753982444,Historical,December,Moderate,Medium,Road,18.81
Delhi,28.672457740641672,77.24094065016371,Beach,June,Hot,Medium,Railway Station,27.32
Himachal Pradesh,31.2690034020986,77.20148974370753,City,January,Moderate,Medium,Airport,23.49
Uttarakhand,30.130395486682048,79.16727819662864,Hill Station,November,Cold,High,Airport,31.53
Maharashtra,19.753512341559603,75.57357726694664,City,December,Moderate,Medium,Railway Station,22.09
Tamil Nadu,11.117560991531423,78.68067224009202,Religious,March,Moderate,Low,Railway Station,10.08
Goa,15.189464982076569,74.06518948519962,Wildlife,February,Hot,High,Road,30.29
Tamil Nadu,11.283195302562277,78.69094441767831,Beach,September,Hot,Medium,Road,31.19
Goa,15.166085017971056,74.09300757785797,Wildlife,April,Hot,Medium,Road,27.21
Tamil Nadu,11.003247852687956,78.63830407988293,Wildlife,January,Hot,High,Road,37.16
Tamil Nadu,11.14890047021831,78.82672503163505,Beach,June,Hot,Medium,Road,31.6
Uttarakhand,30.102744324358373,79.06145897001356,Beach,January,Hot,High,Road,31.25
Himachal Pradesh,31.084925000670882,77.00280843097474,Hill Station,February,Cold,High,Airport,20.24
West Bengal,23.13002041470975,87.99688874258977,Wildlife,October,Hot,High,Railway Station,31.36
Delhi,28.60735919511378,77.1283905594097,City,February,Moderate,Medium,Road,17.45
Kerala,10.637976800372543,76.21231844332503,Hill Station,May,Cold,Medium,Road,25.36
Maharashtra,19.79039420312173,75.74633200807469,City,March,Moderate,Low,Road,15.8
West Bengal,22.88489224293468,87.99576607764389,Historical,June,Moderate,Low,Road,13.21
Tamil Nadu,11.073938940737133,78.62239842797231,Historical,January,Moderate,High,Airport,27.34
Tamil Nadu,11.082349591785244,78.57052598292782,City,July,Moderate,Medium,Airport,23.18
Punjab,31.185832562039774,75.18960430463098,Beach,December,Hot,High,Railway Station,37.84
Kerala,10.968780375137046,76.3052633635391,City,May,Moderate,Medium,Road,23.85
Goa,15.361514501851062,74.12097718405407,Beach,November,Hot,Medium,Road,26.48
Goa,15.276189851398536,73.99805335949465,Historical,September,Moderate,Medium,Road,20.84
Tamil Nadu,10.927598651532831,78.60381260038876,Religious,December,Moderate,Medium,Road,11.3
Kerala,10.924281022543697,76.14580370967202,Beach,February,Hot,Medium,Road,35.99
Himachal Pradesh,30.97241903627338,77.10685202638746,Religious,March,Moderate,Medium,Airport,19.36
Kerala,10.898969862727414,76.26074071116214,City,August,Moderate,Medium,Road,15.99
Tamil Nadu,11.147412632765056,78.51059279272268,Hill Station,August,Cold,Medium,Road,28.03
Punjab,31.265927292649554,75.41719162983183,Historical,April,Moderate,Medium,Airport,17.95
West Bengal,22.97365017652616,87.74450259843029,City,May,Moderate,Medium,Railway Station,21.0
West Bengal,23.11826113695767,87.82996091159214,Historical,July,Moderate,Low,Airport,17.25
Tamil Nadu,11.104269860063832,78.6045266492622,Beach,July,Hot,Medium,Airport,30.28
Tamil Nadu,11.010243479588393,78.60056009184412,Historical,September,Moderate,Low,Railway Station,11.9
Punjab,31.168310103669228,75.33606434259204,Wildlife,October,Hot,High,Road,34.84
Delhi,28.626050557812945,77.05338898521808,Historical,August,Hot,Medium,Railway Station,19.47
West Bengal,22.8898468242455,87.72485893827626,City,October,Moderate,Medium,Railway Station,19.19
Goa,15.162739629666234,73.93395297210432,Religious,April,Moderate,Medium,Railway Station,16.1
Maharashtra,19.734987131956263,75.70826532929081,Religious,June,Moderate,Low,Airport,7.52
Delhi,28.86289154325391,77.1126665117571,City,April,Moderate,Medium,Railway Station,21.95
West Bengal,22.99252713368917,87.75034466328418,City,January,Moderate,High,Airport,25.71
West Bengal,22.872288569708303,87.89604222749051,Historical,August,Moderate,Medium,Railway Station,19.04
Maharashtra,19.72898139780745,75.73035629293655,Historical,May,Moderate,Medium,Airport,19.97
Goa,15.310018704356091,74.25076504408061,Beach,January,Hot,High,Railway Station,34.78
Tamil Nadu,11.05328441241509,78.94387286254063,Historical,June,Moderate,Medium,Airport,21.22
Goa,15.290123390385519,74.16619671231363,Wildlife,August,Hot,Low,Railway Station,16.77
Kerala,10.927893634230427,76.19588701137593,City,February,Moderate,High,Airport,25.92
Uttarakhand,30.078674130074848,79.0161280384961,Historical,April,Moderate,Low,Road,15.83
Kerala,10.879149629080894,76.27210153400368,Hill Station,October,Cold,High,Road,31.53
Punjab,31.239274057790208,75.3835062177411,Hill Station,November,Cold,High,Road,34.56
Punjab,31.23011367434976,75.39584087470412,Wildlife,May,Hot,Low,Road,18.9
Punjab,31.105649505753366,75.34483389402776,Historical,June,Moderate,Medium,Railway Station,14.48
Uttarakhand,30.232668570073034,79.06796604633136,Religious,September,Moderate,Medium,Airport,14.3
Kerala,10.848243988372408,76.10930389419549,Religious,May,Moderate,Medium,Road,13.23
Goa,15.341227971962503,74.20667089983681,City,April,Moderate,Medium,Road,17.5
Uttarakhand,29.963858740527655,79.08784882184976,Religious,November,Moderate,Medium,Railway Station,16.81
Uttarakhand,30.12385875937191,78.993474977902,Beach,June,Hot,Medium,Airport,30.91
Kerala,10.713937319371624,76.23976237389796,Religious,March,Moderate,Medium,Railway Station,8.69
Tamil Nadu,10.983598803180739,78.55652916003093,Hill Station,November,Cold,Medium,Road,21.83
Punjab,31.268587285290415,75.40305484915858,Hill Station,May,Cold,Low,Railway Station,22.38
Punjab,31.025790573644258,75.3223067746061,Wildlife,December,Hot,Medium,Airport,28.9
Himachal Pradesh,31.054771933485696,77.19186385803515,Hill Station,December,Cold,Medium,Airport,21.7
Goa,15.416790312587487,74.17181733203267,Wildlife,November,Moderate,High,Railway Station,30.55
Tamil Nadu,11.25906923579259,78.53615446178154,Hill Station,February,Cold,High,Road,26.16
Delhi,28.519794897353474,77.10701298399884,Wildlife,October,Moderate,High,Road,34.83
Tamil Nadu,11.061654549743619,78.58437978770614,City,February,Moderate,Medium,Airport,14.71
Maharashtra,19.821495335701922,75.64281098213341,Hill Station,November,Cold,Medium,Railway Station,23.29
Maharashtra,19.83972662004107,75.7718826536259,Beach,December,Hot,High,Railway Station,35.69
Goa,15.363628087137826,73.93151447800346,Historical,July,Moderate,Low,Airport,10.31
Goa,15.224811159717989,74.09737155009546,Religious,May,Moderate,Medium,Railway Station,16.47
West Bengal,22.92068067826122,87.63935178660724,Historical,February,Moderate,High,Road,27.86
Tamil Nadu,11.017860327430347,78.8075984367305,Wildlife,August,Hot,Medium,Road,29.34
Punjab,31.209750786594167,75.23660485082569,City,December,Moderate,Medium,Railway Station,19.17
Delhi,28.644639815338994,77.09374312897161,Historical,July,Hot,Medium,Road,16.55
Tamil Nadu,10.896225860128224,78.76603075295375,Wildlife,March,Moderate,Medium,Road,24.73
Delhi,28.90495749428611,77.20080103171082,Hill Station,December,Cold,High,Railway Station,34.92
Rajasthan,27.100251890851606,74.28020347539913,City,July,Moderate,Medium,Railway Station,18.82
Delhi,28.728047654101825,77.12767790218389,Wildlife,June,Hot,Medium,Airport,25.73
Maharashtra,19.65146766720465,75.75338227413428,Religious,October,Moderate,Medium,Airport,21.78
Goa,15.3025579874794,73.98276369094852,Religious,March,Moderate,Medium,Road,10.04
Kerala,10.886893173284149,76.33913161031454,Religious,April,Moderate,Low,Airport,13.05
Rajasthan,27.256753008749193,74.14310121573985,Wildlife,December,Hot,High,Airport,32.03
West Bengal,22.85337134993412,87.77916480157383,Historical,May,Moderate,Medium,Airport,18.98
Uttarakhand,29.96286565848872,78.95274660551846,City,August,Moderate,Medium,Road,24.33
Kerala,10.925751860471602,76.29443044274919,Wildlife,September,Moderate,Low,Railway Station,24.72
Rajasthan,27.00845514475589,74.26290771731674,Beach,February,Hot,High,Railway Station,32.56
Punjab,31.018180981257544,75.30797778066479,City,February,Moderate,Medium,Airport,10.76
Himachal Pradesh,31.092937928650812,77.2298780799583,Wildlife,July,Moderate,Medium,Railway Station,27.07
Punjab,31.251364852593717,75.28128509023973,City,August,Moderate,Low,Railway Station,12.19
West Bengal,22.982915360881506,87.6985434131259,Beach,April,Hot,Low,Road,26.6
Delhi,28.751656679372676,77.07058297828452,Hill Station,May,Cold,Low,Railway Station,20.68
Maharashtra,19.92408942185697,75.88934874861138,City,March,Moderate,Medium,Railway Station,17.37
West Bengal,22.902836353784423,87.69531281797812,City,May,Moderate,Low,Airport,11.57
Punjab,31.08979019538266,75.36826252739365,Beach,June,Hot,Medium,Road,32.21
Goa,15.29478451549495,73.96146139484215,City,February,Moderate,High,Airport,23.38
Rajasthan,27.008981764973523,74.26922946644927,Religious,April,Moderate,Low,Road,8.92
West Bengal,23.172685599820404,87.67127360926318,Religious,April,Moderate,Medium,Railway Station,16.39
Himachal Pradesh,31.09473653630769,77.34249709431515,Wildlife,December,Hot,Medium,Road,25.15
Tamil Nadu,11.117540995979628,78.72966681753022,Historical,May,Moderate,Low,Railway Station,17.0
West Bengal,22.984625592221697,87.85319866601228,City,February,Moderate,High,Airport,27.83
Himachal Pradesh,31.073034017096475,77.16444523948915,Beach,June,Hot,Medium,Airport,25.3
Maharashtra,19.625726201660246,75.62109022425535,Religious,April,Moderate,Medium,Airport,12.04
Rajasthan,27.1280148245868,74.11423683283368,City,September,Moderate,Low,Railway Station,12.72
Kerala,10.894419865975092,76.31821430813989,City,July,Moderate,Medium,Railway Station,18.55
Maharashtra,19.765417125169424,75.7058110081403,Hill Station,June,Cold,Low,Airport,17.31
Delhi,28.7615173142113,77.1225133094027,Wildlife,September,Moderate,Medium,Railway Station,28.26
Rajasthan,27.03061264560959,74.21890083468085,Religious,February,Moderate,High,Railway Station,20.74
Maharashtra,19.720289790827916,75.82110990979777,Wildlife,June,Hot,Medium,Railway Station,22.82
Delhi,28.516161529426853,77.16910794804936,Wildlife,January,Moderate,Medium,Road,31.7
Maharashtra,19.665943250020995,75.91345864155035,City,December,Moderate,High,Road,20.94
Himachal Pradesh,31.098551966899752,77.1874999874977,Beach,September,Hot,Medium,Railway Station,31.96
Uttarakhand,30.233140398905103,79.08705399203582,City,September,Moderate,Medium,Airport,22.99
Tamil Nadu,11.071770972471976,78.62685195885425,Historical,June,Moderate,Low,Road,11.53
Rajasthan,26.957465850448507,74.2058671008992,Beach,September,Hot,Medium,Airport,28.38
Himachal Pradesh,31.21133511997589,77.12063116023228,Wildlife,April,Hot,Medium,Railway Station,23.25
Maharashtra,19.67765782745319,75.7425434550588,Wildlife,February,Moderate,High,Road,32.14
Punjab,31.097512027626067,75.3771623921344,Religious,January,Moderate,High,Airport,28.59
Maharashtra,19.811485703572068,75.68129566509077,Hill Station,May,Cold,Medium,Railway Station,21.91
Kerala,10.863714375719134,76.26901227190781,City,March,Moderate,Medium,Road,20.95
Delhi,28.603574190820517,76.96873247223643,Beach,May,Hot,Low,Airport,23.22
Himachal Pradesh,31.206003096223235,77.11906062701753,Religious,October,Moderate,Medium,Railway Station,14.24
Delhi,28.802372773053726,77.13171519288413,Historical,December,Hot,Medium,Airport,16.67
Punjab,31.27198141289326,75.40423448127228,Wildlife,December,Moderate,High,Airport,38.46
Rajasthan,26.81040046079993,74.10656714340867,Hill Station,September,Cold,Low,Railway Station,19.03
Rajasthan,27.02896682491006,74.06179003337529,Historical,April,Hot,Medium,Railway Station,14.66
Himachal Pradesh,31.042861048856203,77.17043613429928,Hill Station,May,Cold,Low,Road,20.59
Tamil Nadu,10.986932024399506,78.7095325963131,Hill Station,April,Cold,Medium,Airport,22.07
Himachal Pradesh,31.295529425768198,77.17351011115251,City,November,Moderate,Medium,Railway Station,22.85
Uttarakhand,30.112591788903636,79.03139313612535,Beach,January,Hot,High,Airport,38.93
Uttarakhand,30.0846206804975,79.03583113963272,Beach,January,Hot,Medium,Airport,31.79
Punjab,31.000460467046125,75.36011856910763,City,May,Moderate,Medium,Airport,20.02
West Bengal,22.92771944488991,87.78953370263295,Historical,September,Moderate,Medium,Airport,16.51
Himachal Pradesh,31.04761474293257,77.23673070661303,Hill Station,October,Cold,High,Road,26.84
Tamil Nadu,11.241653279991597,78.77298063098603,City,October,Moderate,High,Road,24.11
Goa,15.199916932852172,74.00668372272328,Religious,June,Moderate,Low,Railway Station,13.12
West Bengal,23.077636642716406,87.93300059609916,Historical,December,Moderate,High,Road,20.77
Tamil Nadu,11.153443356795695,78.80111438784077,Beach,December,Hot,Medium,Railway Station,29.9
Uttarakhand,30.091712024654008,78.89307131822667,City,February,Moderate,Medium,Road,21.07
Rajasthan,27.01833620463138,74.21326165212287,Wildlife,October,Hot,Medium,Airport,25.32
Rajasthan,27.0498291456258,74.24478388479893,Historical,October,Hot,High,Road,24.12
Goa,15.158915998144801,73.89787815363422,City,March,Moderate,Low,Airport,18.97
Tamil Nadu,10.996272231585959,78.66140265417349,City,November,Moderate,High,Airport,24.8
Delhi,28.75073332954136,77.20103107386626,Religious,February,Moderate,Medium,Airport,17.35
Tamil Nadu,11.066616784148462,78.70592584865332,Hill Station,December,Cold,High,Road,28.61
Tamil Nadu,11.136644207786333,78.83326262002007,Religious,July,Moderate,Medium,Road,19.55
Delhi,28.544666724818853,77.10047960912372,Hill Station,January,Cold,High,Airport,32.75
Maharashtra,19.99880175966187,75.738591277183,Religious,March,Moderate,Medium,Airport,15.51
Goa,15.449751586278438,74.18285494654165,Beach,December,Hot,High,Airport,34.6
Tamil Nadu,11.119872318639912,78.69718077054165,Wildlife,March,Hot,Medium,Railway Station,25.11
Maharashtra,19.838963411146164,75.84707460569561,Beach,March,Hot,Medium,Road,30.25
Himachal Pradesh,30.994775944827843,77.06799383075969,Religious,August,Moderate,Medium,Railway Station,14.33
Tamil Nadu,11.075990103327577,78.78891710763072,Beach,November,Hot,High,Railway Station,33.52
Delhi,28.716602585791435,77.20858356352942,Wildlife,July,Moderate,Medium,Airport,30.6
Punjab,31.106424153556656,75.43421022619192,Wildlife,April,Hot,Low,Road,24.71
Goa,15.31729111320302,74.16575748462344,Historical,October,Moderate,High,Road,23.27
Himachal Pradesh,31.095454014425815,77.16571721234101,Religious,January,Moderate,Medium,Airport,18.64
Uttarakhand,30.163788120701483,78.94584323418995,Wildlife,April,Moderate,Medium,Airport,19.13
Uttarakhand,30.179786240676968,78.86563755510923,Historical,March,Moderate,Medium,Airport,19.31
Maharashtra,19.743658047190934,75.85409282531027,Religious,August,Moderate,Low,Airport,12.67
Kerala,10.76925435190509,76.15247089841893,Beach,March,Hot,Medium,Airport,32.44
Punjab,31.200753530132637,75.38262927667365,Religious,November,Moderate,Medium,Railway Station,18.69
Goa,15.289592632303766,74.12929943081856,Wildlife,June,Moderate,Medium,Road,29.05
West Bengal,22.824778020769507,87.95702318013707,Religious,March,Moderate,Medium,Railway Station,14.28
Kerala,11.070021558840162,76.19089572156243,Wildlife,August,Moderate,Medium,Airport,27.82
Rajasthan,27.157291486870978,74.26706515746977,Wildlife,June,Moderate,Medium,Airport,26.2
Goa,15.35090874099731,74.06040105221695,City,March,Moderate,Medium,Road,17.57
Punjab,31.048843906072392,75.49706710839548,City,November,Moderate,Medium,Road,21.28
Punjab,31.043857666433542,75.2302277930015,Religious,March,Moderate,Medium,Road,16.77
Maharashtra,19.569596621268133,75.67639750270476,Historical,January,Moderate,Medium,Railway Station,18.82
Punjab,30.996304461885423,75.39205045121653,City,September,Moderate,Medium,Airport,20.89
Rajasthan,27.05615835058809,74.1735815131373,Beach,May,Hot,Low,Airport,26.02
Tamil Nadu,11.020949901236532,78.52716525900584,City,May,Moderate,Medium,Railway Station,27.5
Goa,15.37089124642503,74.09838212038012,Historical,July,Moderate,Medium,Road,18.31
Delhi,28.740828659926137,77.07214280648802,City,January,Moderate,Medium,Road,20.34
Delhi,28.71111928711336,77.17805981955581,Hill Station,May,Cold,Medium,Airport,25.77
Maharashtra,19.775589205847986,75.72760556127682,Religious,October,Moderate,High,Road,27.56
Uttarakhand,30.148328307764306,78.95934293726995,Historical,July,Moderate,Medium,Road,22.68
Goa,15.258072113667279,74.0974038873667,Beach,January,Hot,High,Airport,37.39
Tamil Nadu,11.116211399080248,78.74996181449634,City,November,Moderate,High,Railway Station,27.93
Tamil Nadu,11.096289322860502,78.67038633802069,Beach,April,Hot,Medium,Road,31.86
Maharashtra,19.684023174552735,75.63426389378648,Historical,September,Moderate,Low,Road,6.88
Maharashtra,19.80306840540697,75.60504666471829,Historical,December,Moderate,High,Railway Station,26.18
Uttarakhand,30.119721717974812,79.02969576393797,Historical,December,Moderate,High,Road,23.42
Delhi,28.793835170232168,77.12885655248999,Beach,February,Hot,Medium,Airport,32.23
Tamil Nadu,11.048757162692059,78.63033394528675,Religious,January,Moderate,Medium,Railway Station,18.24
Rajasthan,27.09834699923889,74.2691349567054,Beach,October,Hot,High,Airport,35.44
Himachal Pradesh,31.20412911415605,77.28936174750302,Hill Station,December,Cold,High,Airport,26.75
Maharashtra,19.769771552626484,75.83278233141382,Historical,January,Moderate,Medium,Railway Station,21.14
West Bengal,23.133562501997275,88.05128108976737,Wildlife,May,Hot,Medium,Road,23.4
West Bengal,23.046828498436614,87.74273275913517,Hill Station,October,Cold,High,Road,25.39
Punjab,31.22817912830404,75.3073380131676,Beach,September,Hot,Medium,Airport,33.47
Kerala,10.712038459877075,76.31550638636438,City,February,Moderate,Medium,Road,21.33
Goa,15.390149677152037,74.11400291191423,Wildlife,October,Hot,Medium,Railway Station,26.61
Kerala,10.982162805318705,76.24593820242065,Wildlife,March,Hot,Low,Road,26.88
Delhi,28.582845255459173,77.08151883035465,City,May,Moderate,Medium,Airport,19.87
Delhi,28.815158130525624,77.01987919393343,Religious,February,Moderate,Medium,Railway Station,18.94
West Bengal,22.99227077770312,87.81839649531976,Wildlife,December,Moderate,High,Airport,31.75
Uttarakhand,30.082430934874726,78.86077986398294,Beach,May,Hot,Medium,Railway Station,29.51
Rajasthan,27.003271837714937,74.36222990590682,Wildlife,April,Hot,Medium,Road,26.74
Uttarakhand,29.932184147524893,78.89209466305078,Hill Station,December,Cold,High,Railway Station,35.13
West Bengal,23.04855408707066,87.80235044258949,Beach,November,Hot,High,Airport,37.88
Delhi,28.68998198658974,77.14255158313054,City,December,Moderate,High,Airport,27.43
Rajasthan,27.067770513405442,74.05050040126379,Religious,December,Moderate,High,Railway Station,23.13
West Bengal,22.988158890152928,87.90889082757917,Hill Station,September,Cold,Medium,Railway Station,22.99
Maharashtra,19.66674040450761,75.62180783009256,Wildlife,July,Hot,Medium,Road,25.09
Maharashtra,19.49060868867478,75.57964367429557,Religious,July,Moderate,Medium,Railway Station,13.64
Tamil Nadu,11.158260944182004,78.74504459322746,Religious,November,Moderate,High,Airport,23.74
Delhi,28.707358307049958,77.20481324231132,Beach,June,Hot,Medium,Road,30.04
Maharashtra,19.555240816257133,75.74623446327291,Religious,March,Moderate,Medium,Airport,16.39
Maharashtra,19.681038251050875,75.82228552208313,Beach,December,Hot,Medium,Road,26.78
Punjab,31.203914303610325,75.31304709462972,Hill Station,September,Cold,Medium,Airport,22.33
Rajasthan,27.26378174997868,74.2829180753188,Beach,June,Hot,Medium,Airport,35.11
Punjab,31.051853302539257,75.32289228948244,Historical,September,Moderate,Medium,Road,19.1
Uttarakhand,30.003164927260514,78.78553284357086,Historical,September,Moderate,Low,Road,14.16
Goa,15.335026777166105,74.19481898367228,Religious,July,Moderate,Medium,Railway Station,18.72
Tamil Nadu,11.174327321434653,78.66741469840245,Religious,August,Moderate,Medium,Road,21.67
Punjab,31.071408858816714,75.29314720938522,Wildlife,July,Moderate,Low,Railway Station,24.98
Uttarakhand,29.939475712747765,79.05838378128203,Wildlife,April,Moderate,Medium,Railway Station,30.15
Goa,15.231144859854648,74.0445663545431,Religious,May,Moderate,Low,Road,16.12
Uttarakhand,30.068935441893775,79.119108764604,Wildlife,August,Hot,Low,Railway Station,22.2
Rajasthan,27.026516160713914,74.15044953578663,Hill Station,April,Cold,Medium,Railway Station,26.69
Kerala,10.845486340615105,76.21694373615739,Hill Station,August,Cold,Medium,Railway Station,24.14
Uttarakhand,30.073642631238613,79.00269456174512,Religious,December,Moderate,High,Railway Station,17.98
Delhi,28.67191893539293,76.963625393859,Religious,March,Moderate,Low,Road,11.2
Delhi,28.68788166409658,77.11755290460717,Historical,May,Hot,Medium,Road,21.2
West Bengal,22.91799984427496,87.78654638573545,City,February,Moderate,Medium,Road,20.26
Himachal Pradesh,31.092828088536905,77.12421229965126,Religious,November,Moderate,High,Railway Station,21.13
Maharashtra,19.814676058691834,75.73337183247538,Historical,November,Moderate,High,Airport,21.4
Tamil Nadu,11.028186885306441,78.66107514879894,Historical,June,Moderate,Medium,Airport,15.66
Himachal Pradesh,31.092809358894783,77.18893103339478,Wildlife,October,Hot,High,Railway Station,30.98
Tamil Nadu,11.149975950739435,78.55614516595506,City,June,Moderate,Low,Airport,13.53
Goa,15.38562675881252,74.2391675787164,Wildlife,July,Hot,Medium,Railway Station,28.24
Uttarakhand,29.892714031050502,78.98883567859788,Hill Station,June,Cold,Medium,Road,27.51
Tamil Nadu,11.267723976576857,78.83616490698809,City,February,Moderate,High,Road,27.3
Tamil Nadu,11.082349377263716,78.68506348037478,Historical,September,Moderate,Low,Road,15.99
Tamil Nadu,10.957533797668043,78.62606652704727,Beach,December,Hot,High,Airport,35.82
Punjab,31.20542716596565,75.36321308037286,Wildlife,April,Moderate,Medium,Railway Station,26.41
Maharashtra,19.818530411929302,75.75529856289289,Beach,January,Hot,Medium,Airport,32.76
Tamil Nadu,11.052483306398946,78.5961221868676,Beach,January,Hot,High,Airport,30.74
Uttarakhand,30.16843908214795,79.16662647058163,Wildlife,August,Hot,Low,Road,22.42
Rajasthan,26.938760600280506,74.11441390145856,Beach,May,Hot,Low,Airport,22.0
Rajasthan,27.21217240553452,74.19873289130277,Wildlife,May,Hot,Medium,Road,28.12
Kerala,10.940708165910571,76.38456644968612,City,November,Moderate,High,Road,25.85
Rajasthan,27.02404072179383,74.22069576611153,Historical,July,Hot,Medium,Railway Station,19.5
Maharashtra,19.745292041161363,75.68021716870669,Hill Station,October,Cold,High,Road,26.86
Maharashtra,19.743316198873615,75.83825585595824,City,July,Moderate,Low,Road,18.19
Punjab,31.256006598073768,75.42395632284159,Hill Station,November,Cold,Medium,Road,27.03
Punjab,31.30878947113489,75.3878424234165,City,January,Moderate,Medium,Airport,26.4
Kerala,10.68707908835958,76.29441822851172,City,September,Moderate,Medium,Airport,18.67
Himachal Pradesh,31.302828903369072,77.02830656573151,City,April,Moderate,Medium,Railway Station,23.37
Kerala,10.911079209705346,76.25834478752269,City,September,Moderate,Medium,Railway Station,19.85
Tamil Nadu,11.142492581256535,78.49047679433863,Religious,August,Moderate,Medium,Airport,19.26
Uttarakhand,30.211615697348545,78.9353577407629,City,May,Moderate,Medium,Railway Station,20.37
Tamil Nadu,11.15935906978826,78.57063858191631,Hill Station,June,Cold,Medium,Airport,26.64
Delhi,28.757158514217146,76.8852688193928,Beach,July,Hot,Medium,Airport,28.84
Delhi,28.688203986078864,76.94055476363417,Historical,August,Hot,Medium,Railway Station,20.2
Tamil Nadu,11.138830933492102,78.53963084098403,Religious,December,Moderate,Medium,Airport,14.47
West Bengal,23.203572412061963,87.71846259850038,Beach,January,Hot,High,Road,32.45
Uttarakhand,30.148142473232053,78.88364358381723,Religious,April,Moderate,Low,Railway Station,14.66
Goa,15.348875423707995,74.04108004017566,Wildlife,October,Moderate,High,Airport,33.71
Himachal Pradesh,31.244487648435555,76.98756593526457,Wildlife,December,Moderate,High,Airport,31.96
Maharashtra,19.610803098882293,75.94926052322884,City,July,Moderate,Medium,Railway Station,23.05
Rajasthan,27.061972399009548,74.07392456646527,Wildlife,June,Hot,Medium,Road,28.61
Punjab,31.136401799613875,75.56449144973875,Beach,February,Hot,Medium,Railway Station,34.64
Uttarakhand,30.15502867059431,79.12232711724673,Religious,November,Moderate,High,Road,21.45
Kerala,10.727634467524036,76.38408824075533,Wildlife,April,Hot,Medium,Airport,31.7
West Bengal,22.98104609647201,87.98007853390624,Historical,June,Moderate,Low,Railway Station,11.24
Maharashtra,19.561810640550295,75.7215029686649,Beach,February,Hot,High,Airport,31.65
Tamil Nadu,11.161784660318286,78.80031414344192,Beach,July,Hot,Medium,Railway Station,31.6
Kerala,10.830161935046878,76.24300416918402,Wildlife,June,Hot,Medium,Railway Station,28.31
West Bengal,22.938794295873702,87.66915189530393,Religious,September,Moderate,Medium,Railway Station,20.34
Goa,15.46094716353879,74.07064429464947,Religious,July,Moderate,Medium,Airport,16.85
West Bengal,22.853697183188707,87.67718450159582,Wildlife,October,Hot,High,Airport,33.16
West Bengal,22.9443353233472,88.04836282260428,City,February,Moderate,High,Road,26.64
Delhi,28.81917284376474,77.31004288525382,Religious,October,Moderate,Medium,Airport,13.27
Delhi,28.592665570810546,77.19648295847871,Wildlife,February,Moderate,Medium,Railway Station,33.48
West Bengal,22.8937171790561,87.90101201871158,City,June,Moderate,Medium,Airport,19.86
Rajasthan,27.059533723696614,74.30483147496341,Wildlife,November,Hot,High,Road,31.63
Goa,15.263239684981798,74.2256311560548,City,February,Moderate,Medium,Railway Station,20.25
Delhi,28.73929090666287,77.05159793743658,Beach,June,Hot,Low,Airport,26.21
Himachal Pradesh,30.91692454890296,77.24221908871534,Historical,May,Moderate,Medium,Road,16.93
Maharashtra,19.697936865123175,75.72379213378775,Beach,September,Hot,Medium,Road,26.62
Kerala,10.851066558441552,76.24833034236391,Wildlife,November,Hot,Medium,Railway Station,28.14
Delhi,28.771580233317398,77.01369047269408,Historical,May,Hot,Low,Railway Station,9.42
West Bengal,23.006148684759523,87.91731200983197,Historical,June,Moderate,Medium,Railway Station,15.99
Uttarakhand,29.929303435232267,79.05977624334314,Wildlife,January,Moderate,Medium,Railway Station,32.44
Punjab,30.91535880262261,75.25679191902684,City,June,Moderate,Medium,Railway Station,21.32
Delhi,28.706107228511023,77.07871363331142,City,November,Moderate,Medium,Road,13.42
Kerala,10.864538233901163,76.14697850661281,Religious,May,Moderate,Medium,Airport,22.57
Tamil Nadu,11.097017389719252,78.93953059778461,Wildlife,August,Hot,Medium,Road,26.88
West Bengal,22.90633670042621,87.979877161856,Hill Station,June,Cold,Medium,Railway Station,23.98
Delhi,28.775364569725824,77.00739447355103,Beach,March,Hot,Medium,Road,39.44
Punjab,30.986658701628887,75.19948884262672,Wildlife,May,Moderate,Medium,Road,27.48
Punjab,31.292176664002337,75.31956802929622,Historical,July,Moderate,Medium,Road,19.71
Kerala,10.656194609191333,76.21824263176322,City,February,Moderate,Medium,Railway Station,17.8
Kerala,10.70707345910386,76.35952171709773,City,October,Moderate,Medium,Railway Station,20.34
West Bengal,23.121604624381444,87.79681447427744,Hill Station,January,Cold,Medium,Road,26.27
Punjab,31.146296206566532,75.30305174985772,Hill Station,February,Cold,Medium,Railway Station,24.46
Goa,15.252793657128658,74.24963924090058,Historical,August,Moderate,Medium,Airport,15.78
Goa,15.35464805178663,74.04630467649493,Wildlife,May,Hot,Medium,Airport,31.05
Himachal Pradesh,31.05718706519966,77.31072538692837,Religious,May,Moderate,Medium,Road,16.43
Maharashtra,19.91935957425433,75.68034561539866,Historical,March,Moderate,Medium,Airport,14.94
Uttarakhand,30.078868103645792,79.00448388593182,City,August,Moderate,Medium,Road,24.98
Uttarakhand,30.013620615660134,79.04106555618225,Historical,May,Moderate,Low,Airport,9.17
Kerala,10.801378537517426,76.33072961069416,City,May,Moderate,Medium,Road,19.04
West Bengal,22.955421599847384,87.75485430015117,City,February,Moderate,Medium,Railway Station,20.79
Maharashtra,19.67310146767394,75.81035415731367,City,November,Moderate,High,Railway Station,26.4
West Bengal,23.070786122657925,87.99917840585961,Beach,October,Hot,Medium,Road,30.32
Uttarakhand,29.972420890897848,78.98438573828687,Beach,April,Hot,Medium,Airport,33.73
Maharashtra,19.81480223964953,75.66127056577204,City,June,Moderate,Low,Railway Station,8.97
Maharashtra,19.773053034194444,75.59128490367684,Hill Station,November,Cold,Medium,Road,28.19
Delhi,28.594147010273613,77.12172418761229,City,August,Moderate,Medium,Road,21.17
Delhi,28.722905894937135,77.22914791618314,City,August,Moderate,Low,Railway Station,21.21
Maharashtra,19.809314152359075,75.66628169091705,Hill Station,November,Cold,High,Railway Station,30.46
Tamil Nadu,11.072175774670699,78.62328246447997,Hill Station,March,Cold,Low,Road,20.74
Goa,15.465921840620682,73.98938431769369,Religious,November,Moderate,Medium,Airport,14.58
Kerala,10.755351019340788,76.23033233866246,Historical,March,Moderate,Medium,Airport,17.09
Kerala,10.797156465638052,76.41152668882921,Religious,December,Moderate,High,Road,22.7
Goa,15.286682399853628,74.09024967023869,Historical,January,Moderate,High,Railway Station,20.56
Punjab,31.064521577424223,75.26621877072694,Historical,February,Moderate,High,Railway Station,23.14
Tamil Nadu,11.068917959577828,78.37203033683055,Wildlife,August,Hot,Medium,Road,28.73
Himachal Pradesh,31.107689849831996,77.10098006243666,City,December,Moderate,High,Railway Station,21.41
Delhi,28.738334688122556,77.01716389528704,Historical,December,Hot,Medium,Road,16.03
Kerala,10.788076137636624,76.42416150711725,City,February,Moderate,High,Road,22.97
Uttarakhand,30.121394043920066,79.19702430803636,Religious,June,Moderate,Low,Road,13.7
Uttarakhand,30.222237608825637,79.08611892430112,Hill Station,September,Cold,Medium,Road,29.94
Kerala,10.679471142623694,76.2639454937328,Historical,May,Moderate,Medium,Railway Station,14.69
Tamil Nadu,11.143495389021147,78.61240880508345,Hill Station,February,Cold,High,Railway Station,28.12
Punjab,31.004295578060358,75.08877347379931,Beach,October,Hot,Medium,Railway Station,28.54
Himachal Pradesh,31.020672203744336,77.25016513048566,Hill Station,February,Cold,Medium,Railway Station,26.01
Uttarakhand,29.93119307570084,78.77401726453121,Wildlife,November,Hot,High,Airport,31.57
Punjab,31.24835340160632,75.05011639230797,Hill Station,August,Cold,Medium,Road,25.55
Punjab,31.07630683602723,75.38577878488317,Historical,August,Moderate,Low,Road,8.99
Goa,15.320649183169694,74.10975686632058,Wildlife,January,Hot,High,Railway Station,32.89
Maharashtra,19.613413442552762,75.76410054509353,Historical,December,Moderate,High,Road,20.92
Rajasthan,26.893072505347885,74.16615188580684,Wildlife,June,Hot,Medium,Railway Station,25.26
Himachal Pradesh,31.148566355677733,77.20670467961594,Historical,December,Moderate,High,Airport,25.26
Himachal Pradesh,31.0298111945397,77.18686399051248,Religious,June,Moderate,Medium,Road,19.85
Kerala,10.777467846602283,76.38976695768494,Religious,September,Moderate,Medium,Road,20.29
Tamil Nadu,11.151115625094636,78.56671483775574,Historical,July,Moderate,Medium,Road,16.55
Kerala,10.970485886619493,76.18391098352917,City,April,Moderate,Low,Railway Station,14.32
West Bengal,22.90789325328108,87.81475147651409,Beach,June,Hot,Medium,Road,31.14
Uttarakhand,30.190966254181735,79.06934640573594,Religious,September,Moderate,Medium,Road,18.39
Tamil Nadu,11.036785152648575,78.65165706130084,Hill Station,August,Cold,Medium,Airport,25.29
West Bengal,22.853055713467157,87.7247423686424,Beach,March,Hot,Low,Road,22.1
Maharashtra,19.584013563644856,75.58126732348057,Beach,May,Hot,Medium,Airport,31.84
Kerala,10.847248315760803,76.09246009124966,Beach,June,Hot,Low,Airport,24.08
Kerala,10.66665778452517,76.22969919048808,Wildlife,January,Hot,High,Airport,34.53
Goa,15.380504844625452,74.04317817081092,Beach,January,Hot,High,Road,38.73
West Bengal,23.03637635123382,87.79391760443957,City,March,Moderate,Low,Railway Station,15.21
Goa,15.318249453678352,74.18571092313643,Wildlife,April,Hot,Medium,Railway Station,33.8
Tamil Nadu,11.235965217775583,78.6477026155083,Religious,April,Moderate,Low,Railway Station,10.61
West Bengal,23.019051899480843,87.91571282753567,Religious,December,Moderate,High,Road,24.08
Tamil Nadu,11.147436280344511,78.58939832599006,Historical,February,Moderate,High,Road,19.03
Goa,15.11877564572916,74.12422381951845,Wildlife,January,Hot,Medium,Airport,24.31
Punjab,31.18084663870861,75.46357078903586,Religious,January,Moderate,High,Railway Station,20.2
Kerala,10.935996976840055,76.23574876228935,City,November,Moderate,High,Railway Station,24.74
Uttarakhand,30.076103911237738,78.98632610852233,Wildlife,March,Moderate,Low,Railway Station,24.76
Punjab,30.980758766910665,75.37725077504605,Wildlife,March,Hot,Medium,Railway Station,31.74
Rajasthan,26.935572091402754,74.46578460569334,Religious,July,Moderate,Medium,Airport,16.0
West Bengal,23.21012405298682,87.88890649814189,Wildlife,May,Hot,Low,Road,21.62
Himachal Pradesh,31.22125125942381,77.16264176663933,Beach,September,Hot,Medium,Road,31.38
Tamil Nadu,11.103345648903042,78.62458565213775,Historical,October,Moderate,High,Airport,23.34
Himachal Pradesh,31.19899237626944,77.29139168176636,Beach,November,Hot,High,Airport,35.41
Kerala,10.97981665819383,76.10449325149716,Beach,February,Hot,High,Railway Station,32.57
Rajasthan,27.072448282344006,74.2710121501171,City,March,Moderate,Medium,Railway Station,16.09
Himachal Pradesh,31.210097745692522,77.0364350820462,Hill Station,October,Cold,Medium,Railway Station,24.4
Maharashtra,19.898018514337213,75.75139168343513,Wildlife,March,Hot,Medium,Railway Station,28.02
Delhi,28.701744355455148,77.14423613608724,City,July,Moderate,Medium,Railway Station,23.05
West Bengal,22.970772970162372,87.83209879273821,City,November,Moderate,High,Road,22.76
Goa,15.508607921989613,74.23784885663954,Historical,June,Moderate,Medium,Road,17.06
Kerala,10.848262266588982,76.25860903949608,Beach,June,Hot,Medium,Road,34.26
Uttarakhand,30.02634689717398,79.01290094049376,City,May,Moderate,Medium,Airport,20.71
Himachal Pradesh,31.11759173625245,77.11914687641637,Wildlife,February,Moderate,High,Road,30.0
Maharashtra,19.74339611296293,75.73302034425392,Religious,December,Moderate,Medium,Railway Station,17.19
Himachal Pradesh,31.01267999057416,77.22574672286511,Beach,July,Hot,Medium,Railway Station,36.38
Kerala,10.748766047673652,76.27751056479873,Wildlife,January,Hot,High,Road,31.39
Uttarakhand,30.024849291751966,79.27292855590395,Beach,January,Hot,Medium,Airport,31.2
Maharashtra,19.78853348812778,75.61424178477282,Religious,November,Moderate,High,Road,18.6
Himachal Pradesh,30.86682217783249,77.24291285715454,Religious,October,Moderate,High,Airport,20.71
West Bengal,23.067484306370332,87.84183948212379,Religious,July,Moderate,Low,Road,10.09
Goa,15.262010336059342,74.37047019843222,Hill Station,September,Cold,Low,Railway Station,18.91
West Bengal,22.920731156002493,87.67490956553357,Hill Station,May,Cold,Medium,Railway Station,18.54
Rajasthan,26.97639217970777,74.27822003423309,Beach,January,Hot,Medium,Airport,30.72
Goa,15.187589100805608,74.1436293181463,Religious,September,Moderate,Low,Airport,11.96
Kerala,11.092365274834789,76.32759704690038,Beach,June,Hot,Low,Railway Station,25.94
Punjab,31.22213155733605,75.20761150961403,Hill Station,February,Cold,Medium,Airport,25.46
West Bengal,23.27005396811739,87.94054277491244,Beach,September,Hot,Low,Airport,25.34
Tamil Nadu,11.062708370159045,78.81382874145848,Hill Station,April,Cold,Medium,Airport,28.72
Maharashtra,19.797820568187436,75.66261901543827,Historical,July,Moderate,Low,Railway Station,12.85
West Bengal,22.77960308879121,87.89717114626005,Historical,January,Moderate,High,Road,23.66
Delhi,28.743828602272476,77.19891074571603,Hill Station,July,Cold,Medium,Road,24.07
West Bengal,22.863352456243152,87.92151721168199,Historical,February,Moderate,Medium,Road,15.92
Kerala,10.894000344967464,76.43363403121252,Historical,July,Moderate,Low,Airport,10.95
Delhi,28.60036954498864,77.09231619761398,City,January,Moderate,High,Railway Station,25.04
Tamil Nadu,10.975817600706483,78.62404095456063,Religious,August,Moderate,Medium,Road,17.08
Himachal Pradesh,31.189912301929404,77.2782821218482,Religious,July,Moderate,Medium,Airport,13.97
Himachal Pradesh,31.34074526224863,77.26645151572794,Historical,March,Moderate,Medium,Airport,16.64
Goa,15.42247251737105,74.1751896669767,Wildlife,September,Hot,Medium,Road,28.05
Tamil Nadu,11.085462748266375,78.69491620411617,Wildlife,January,Moderate,High,Road,35.06
Goa,15.143084094972341,74.16322404495538,Hill Station,September,Cold,Medium,Railway Station,28.15
Delhi,28.749515790519187,77.21891135237117,Beach,January,Hot,Medium,Airport,31.76
Rajasthan,26.86813525849283,74.16749348102647,Historical,May,Hot,Medium,Road,18.1
Uttarakhand,30.18759455697523,79.03909564866991,Historical,May,Moderate,Medium,Road,15.92
Tamil Nadu,11.235557983183082,78.73497828636756,Historical,May,Moderate,Medium,Airport,17.7
Delhi,28.652381255130013,76.95834561761872,Wildlife,February,Hot,High,Railway Station,35.26
Punjab,31.13054372589499,75.61052489867433,City,December,Moderate,Medium,Road,21.67
Kerala,10.910207569194755,76.06898382400345,Wildlife,November,Hot,Medium,Airport,28.25
Tamil Nadu,11.024024180884602,78.6775562795267,City,October,Moderate,High,Airport,22.52
Delhi,28.631587464558226,76.99911486900446,Religious,December,Moderate,Medium,Railway Station,18.65
Punjab,31.225087471912765,75.43239136802258,Beach,May,Hot,Medium,Airport,27.81
Uttarakhand,30.028669189919736,79.11521736250954,Religious,February,Moderate,High,Road,24.49
Delhi,28.646731234984163,77.22081943542449,Historical,November,Hot,High,Airport,26.02
Himachal Pradesh,31.00568112680739,77.17023468907098,Wildlife,February,Hot,High,Road,32.37
Uttarakhand,30.04583254413405,78.97890203584171,Wildlife,October,Moderate,Medium,Airport,26.96
Kerala,10.71890925993049,76.20041452955107,Historical,September,Moderate,Medium,Airport,24.68
Delhi,28.47320161919924,77.27689800161991,Historical,August,Hot,Low,Airport,15.09
West Bengal,23.102930794586836,87.7889841238618,City,March,Moderate,Low,Airport,18.13
Uttarakhand,29.964201109288158,79.07442964833541,Beach,February,Hot,High,Road,37.89
Kerala,10.94897208482487,76.11820610946499,Religious,July,Moderate,Low,Road,10.7
Rajasthan,27.018832474669512,74.1692727565837,City,March,Moderate,Medium,Railway Station,16.82
Punjab,31.182893227812343,75.20782953409564,Beach,March,Hot,Low,Airport,27.97
Tamil Nadu,11.080272582637255,78.62950596798797,Wildlife,December,Hot,Medium,Airport,28.19
Maharashtra,19.735812701775004,75.73866684656953,Religious,September,Moderate,Medium,Railway Station,18.78
Uttarakhand,29.979654163447112,79.07685984274521,City,September,Moderate,Medium,Airport,16.5
Rajasthan,27.233237497241806,74.2083389220817,Wildlife,April,Hot,Medium,Airport,26.78
Uttarakhand,30.21169632460232,78.9945178190176,Wildlife,April,Hot,Medium,Road,29.94
Goa,15.41084964789604,74.25857442011457,Beach,November,Hot,Medium,Road,28.9
Himachal Pradesh,31.036723681938973,77.4354345599984,Hill Station,July,Cold,Low,Railway Station,18.3
West Bengal,22.84689469125956,87.76559605258126,Beach,June,Hot,Medium,Airport,29.84
West Bengal,23.136704548104166,87.89844766511843,City,June,Moderate,Medium,Railway Station,18.5
Tamil Nadu,11.252237990240758,78.7584298601822,Wildlife,April,Moderate,Medium,Road,26.22
Uttarakhand,30.018680318494358,79.2661469344077,Hill Station,January,Cold,High,Airport,31.12
Himachal Pradesh,31.17978422235247,77.27437147675438,City,January,Moderate,Medium,Airport,23.08
Rajasthan,26.871865792650766,74.10813896464913,Wildlife,April,Hot,Medium,Airport,24.86
Himachal Pradesh,31.10929797273286,77.11939819228675,Wildlife,June,Hot,Medium,Railway Station,28.13
Maharashtra,19.771150788012967,75.74475070504943,Religious,October,Moderate,High,Road,23.85
West Bengal,22.971395484846248,87.72998999410034,Wildlife,October,Hot,High,Airport,35.83
Kerala,10.793328495467826,76.3616722071868,City,October,Moderate,High,Railway Station,29.21
Himachal Pradesh,30.933380128834635,77.285863542435,Historical,August,Moderate,Medium,Airport,17.57
West Bengal,23.051272102950204,87.9458555482202,Religious,January,Moderate,Medium,Airport,12.51
Punjab,31.22748754525071,75.47205131222833,City,July,Moderate,Low,Road,18.43
West Bengal,22.958000545211494,87.73264707813503,Hill Station,October,Cold,Medium,Railway Station,19.73
Himachal Pradesh,31.14010561589665,77.10223705228981,Beach,May,Hot,Low,Road,30.9
Tamil Nadu,11.191778208556116,78.73401275687567,Hill Station,June,Cold,Medium,Airport,21.54
Tamil Nadu,11.31834949567566,78.69628379261572,City,September,Moderate,Medium,Airport,20.6
Maharashtra,19.67685780014998,75.8806243973073,Wildlife,June,Hot,Medium,Airport,26.19
Kerala,11.030862205903208,76.32830763242276,Historical,July,Moderate,Low,Road,14.64
Goa,15.253944128623981,74.17340606501467,Hill Station,September,Cold,Low,Railway Station,23.49
Tamil Nadu,11.121806011478627,78.76398245171158,Historical,August,Moderate,Medium,Road,17.52
Tamil Nadu,11.16323444747666,78.65460114749443,Hill Station,January,Cold,Medium,Railway Station,22.81
Goa,15.298218302969543,74.14784976214669,Beach,May,Hot,Low,Railway Station,25.65
Delhi,28.79153621013297,77.07740929551488,Religious,August,Moderate,Medium,Road,13.62
Kerala,10.964862799256482,76.4165222219054,Hill Station,November,Cold,High,Railway Station,32.3
Kerala,10.725003714410938,76.26637946895319,Hill Station,April,Cold,Low,Airport,20.43
Rajasthan,26.905946737961678,74.18401205474309,City,October,Moderate,High,Railway Station,22.9
West Bengal,22.87946058780796,87.86180116667094,City,August,Moderate,Medium,Railway Station,18.63
Uttarakhand,29.94734344965603,79.00535271839479,Hill Station,January,Cold,Medium,Railway Station,28.68
Maharashtra,19.592499927744385,75.7858114591632,City,September,Moderate,Low,Airport,14.0
Delhi,28.788402476941616,77.12941997967044,City,December,Moderate,Medium,Railway Station,22.07
Kerala,10.965387420837565,76.29925613299345,Hill Station,September,Cold,Medium,Airport,26.16
Uttarakhand,30.03798531103618,79.05679015428,Historical,January,Moderate,High,Railway Station,22.13
Goa,15.388946097194907,74.26911143589513,Beach,August,Hot,Medium,Airport,31.19
West Bengal,22.89550480883784,87.73915239323819,Wildlife,October,Hot,High,Railway Station,35.53
Delhi,28.725302681208646,77.13675233983847,Religious,May,Moderate,Medium,Railway Station,14.17
Tamil Nadu,11.154525352071227,78.53708593884444,Hill Station,February,Cold,High,Airport,29.62
Punjab,31.189266849757033,75.39184176961987,Historical,October,Moderate,High,Railway Station,26.22
Tamil Nadu,11.060720237554802,78.62024487514358,City,August,Moderate,Medium,Railway Station,19.32
Goa,15.408897432494017,74.18684261842726,Religious,December,Moderate,Medium,Railway Station,17.72
Tamil Nadu,11.090344206822461,78.5894969208057,City,August,Moderate,Medium,Airport,20.13
Maharashtra,19.814270176643582,75.6103754896945,Wildlife,August,Hot,Medium,Airport,21.4
Rajasthan,26.98271548281949,74.04413799827489,Historical,November,Hot,High,Road,22.94
Kerala,10.6332766542981,76.29430808038884,City,September,Moderate,Medium,Railway Station,20.97
Goa,15.358507772144872,74.05517385524766,Religious,January,Moderate,Medium,Airport,16.96
Delhi,28.83360099521754,77.24053704906208,Hill Station,October,Cold,Medium,Road,27.34
Goa,15.169992140550685,74.1459016138154,Religious,July,Moderate,Low,Road,10.09
Uttarakhand,29.893887245086603,78.90557347570706,Religious,July,Moderate,Low,Airport,10.79
Tamil Nadu,11.083779482970344,78.68839086420026,Historical,December,Moderate,Medium,Road,17.37
Delhi,28.724298102548328,76.95823892096341,Beach,November,Hot,High,Road,28.2
Tamil Nadu,11.146830837768698,78.7845289573744,Hill Station,April,Cold,Low,Road,22.01
Rajasthan,27.08705734033545,74.06447232842713,Historical,September,Hot,Low,Railway Station,17.46
Punjab,31.101617028519918,75.43852003561285,Wildlife,August,Hot,Medium,Railway Station,27.33
West Bengal,23.040945109390815,87.90697537274491,Historical,October,Moderate,Medium,Railway Station,15.14
West Bengal,22.903947574004047,87.98362560817708,Hill Station,November,Cold,High,Airport,28.5
Delhi,28.6351161839758,77.13461487202993,Wildlife,July,Moderate,Medium,Airport,25.98
Tamil Nadu,11.076852611180358,78.77240274524446,Beach,August,Hot,Medium,Railway Station,33.83
Delhi,28.506514633211797,77.17944405764092,Beach,December,Hot,Medium,Railway Station,34.36
Himachal Pradesh,31.000614478503383,77.1938609223776,Religious,February,Moderate,High,Airport,27.47
West Bengal,22.960110492866182,87.82010946971208,Beach,June,Hot,Low,Airport,27.13
Rajasthan,26.890006367019932,74.16774249132544,Wildlife,October,Moderate,Medium,Railway Station,29.83
Rajasthan,26.935816413469496,74.2971898147587,Beach,November,Hot,Medium,Airport,23.42
Tamil Nadu,11.278904156698802,78.72095818559353,Wildlife,November,Hot,High,Airport,32.84
Goa,15.225786000575692,73.99152041757553,Beach,March,Hot,Medium,Airport,28.06
Kerala,10.837307311039156,76.04288796258243,Religious,April,Moderate,Low,Airport,17.42
Rajasthan,27.030228638135185,74.03738106962737,Beach,October,Hot,Medium,Road,28.78
Kerala,10.875424988204346,76.32022892740203,City,May,Moderate,Medium,Railway Station,18.98
Punjab,31.041237381441025,75.28927193279151,Historical,December,Moderate,High,Airport,26.72
Tamil Nadu,11.028403332950532,78.5399387972823,Wildlife,May,Hot,Low,Road,27.47
Kerala,10.769682541580224,76.3735455347044,Religious,January,Moderate,High,Railway Station,22.14
Delhi,28.67382698278724,76.9763627515213,City,November,Moderate,Medium,Airport,18.9
Kerala,10.767742897539964,76.26321069204472,City,August,Moderate,Low,Road,10.23
Tamil Nadu,11.089895511709758,78.61292577483395,City,March,Moderate,Medium,Road,13.89
Goa,15.251766288874157,73.92205517249322,Hill Station,March,Cold,Low,Road,21.15
Uttarakhand,30.0702247143303,78.84482269739884,Beach,August,Hot,Low,Road,24.83
Punjab,31.144424366401104,75.51106713062335,Hill Station,July,Cold,Medium,Railway Station,27.16
Goa,15.292875126381391,74.34318331407563,Wildlife,September,Hot,Medium,Railway Station,27.94
Goa,15.31885332378393,74.18022959663541,Wildlife,August,Hot,Medium,Railway Station,27.0
Kerala,10.758606190761105,76.1367681896904,Hill Station,February,Cold,High,Road,31.2
Maharashtra,19.566086352284536,75.78006537667157,Hill Station,May,Cold,Medium,Airport,25.79
Uttarakhand,30.137121152819734,79.10888310285748,City,May,Moderate,Low,Airport,16.48
Maharashtra,19.608149311101993,75.81619255033526,Hill Station,June,Cold,Medium,Airport,22.03
West Bengal,22.974324800129153,87.9016981662241,Historical,May,Moderate,Low,Airport,13.16
Uttarakhand,30.07948747407967,78.83627437895873,City,January,Moderate,High,Railway Station,28.14
Maharashtra,19.762374569748854,75.70374679717008,Historical,September,Moderate,Medium,Road,17.49
West Bengal,22.983609013187287,87.75889693919041,Wildlife,July,Moderate,Medium,Airport,30.28
Rajasthan,26.937847488825973,74.23934349543285,Hill Station,April,Cold,Low,Road,22.95
Delhi,28.68721839139161,76.8781694151987,Beach,March,Hot,Medium,Airport,30.43
Kerala,10.710977045110983,76.15228663601714,Hill Station,August,Cold,Medium,Airport,27.1
Himachal Pradesh,31.226834297720014,77.24686197071193,Wildlife,December,Hot,High,Railway Station,28.7
Maharashtra,19.827618977065093,75.73517103665463,Historical,July,Moderate,Low,Airport,10.73
Delhi,28.60696936785227,77.19417143143949,Wildlife,November,Moderate,Medium,Airport,27.59
Maharashtra,19.658324321819496,75.79072538372579,Historical,October,Moderate,Medium,Road,16.83
West Bengal,23.21363157308541,87.68482320987793,Beach,September,Hot,Medium,Railway Station,24.12
Kerala,10.730640339831695,76.26050670933125,Religious,February,Moderate,High,Railway Station,24.36
Rajasthan,26.954066604386234,74.2234917954798,City,October,Moderate,Medium,Railway Station,24.4
Tamil Nadu,11.129464465579945,78.75050643915868,Beach,October,Hot,High,Airport,31.76
West Bengal,23.046837910831663,87.9095870238738,Religious,October,Moderate,High,Railway Station,22.3
Goa,15.28795635033801,74.04734087265548,City,February,Moderate,High,Railway Station,26.59
Punjab,31.0639944111058,75.49062291598794,Beach,April,Hot,Medium,Airport,29.24
Maharashtra,19.704945556730433,75.67695995221848,Wildlife,September,Hot,Low,Airport,31.34
West Bengal,23.140736630288423,87.86312121373254,Hill Station,January,Cold,High,Railway Station,28.75
Himachal Pradesh,31.059489133656772,77.12854055691308,Religious,January,Moderate,Medium,Airport,19.0
Maharashtra,19.632206327031295,75.7549519724707,Historical,May,Moderate,Low,Railway Station,14.84
Himachal Pradesh,31.06532424657911,77.2256024098097,Beach,January,Hot,High,Airport,28.93
Rajasthan,26.98988691398518,74.03499012652708,Religious,December,Moderate,Medium,Road,18.48
Punjab,31.094778746702662,75.30588368881969,Hill Station,December,Cold,Medium,Railway Station,24.39
Uttarakhand,30.083214366454733,78.99538369662908,City,June,Moderate,Medium,Railway Station,23.63
Himachal Pradesh,31.186874366426334,77.27749201016705,Historical,May,Moderate,Medium,Road,17.14
West Bengal,22.965254403411425,87.93367629049946,Wildlife,March,Hot,Medium,Road,29.12
Himachal Pradesh,31.020980845956217,77.19220621774228,Hill Station,May,Cold,Low,Railway Station,21.25
Tamil Nadu,11.00141749483372,78.6440386274208,Beach,August,Hot,Medium,Railway Station,28.89
Punjab,30.99157165944412,75.23559506416011,Hill Station,June,Cold,Medium,Airport,21.65
Tamil Nadu,11.178306899623413,78.8145368770989,Religious,November,Moderate,Medium,Road,18.5
West Bengal,23.08227296883383,87.89760139548443,City,May,Moderate,Medium,Airport,18.15
Punjab,31.10462414440509,75.45662564069191,Beach,December,Hot,Medium,Railway Station,28.03
Punjab,31.312018171652664,75.23965373739635,Historical,September,Moderate,Medium,Railway Station,13.96
Goa,15.413850539290996,74.03879870073399,Religious,September,Moderate,Medium,Airport,22.63
Kerala,10.918111029379165,76.19093782246416,Hill Station,October,Cold,Medium,Railway Station,26.67
Maharashtra,19.716958100221856,75.7364257260736,Historical,March,Moderate,Medium,Airport,20.5
Maharashtra,19.857564581814927,75.75308506029577,Beach,July,Hot,Low,Road,25.28
Punjab,31.13486600158714,75.34855559570887,Historical,January,Moderate,Medium,Airport,11.53
Goa,15.310974829321912,74.13527397511592,City,August,Moderate,Low,Road,13.86
Rajasthan,26.903611190048284,74.1631672487043,Beach,March,Hot,Medium,Railway Station,24.06
West Bengal,23.04837420833971,87.99104183878016,Hill Station,May,Cold,Low,Road,22.73
Maharashtra,19.66661630798176,75.74398003612279,City,September,Moderate,Medium,Road,25.2
Himachal Pradesh,31.21855050459938,77.41989706777848,Wildlife,November,Hot,High,Railway Station,33.05
Punjab,30.883555691429684,75.26284349683837,Hill Station,June,Cold,Low,Airport,22.65
Himachal Pradesh,31.154933272441436,76.91066635602834,Wildlife,July,Hot,Medium,Railway Station,29.08
Delhi,28.8068644913707,77.07509394984785,Historical,November,Hot,Medium,Airport,17.29
Punjab,31.08095871107942,75.16357481404589,Wildlife,March,Hot,Medium,Railway Station,23.63
Himachal Pradesh,31.073303318581,77.28181307425734,Wildlife,March,Moderate,Low,Airport,23.77
Himachal Pradesh,31.07903258013397,77.29518036523521,Wildlife,March,Moderate,Low,Road,20.82
Uttarakhand,30.095617129647398,79.02224250514244,Beach,April,Hot,Medium,Airport,32.67
Rajasthan,27.00418535692473,74.21376889368922,Wildlife,August,Hot,Medium,Airport,25.76
Goa,15.384225008659318,74.24282167565482,Wildlife,November,Moderate,High,Airport,32.52
West Bengal,23.009382017261544,87.93579782086115,Wildlife,June,Hot,Low,Road,24.23
Rajasthan,26.843091296235087,74.22647216866311,Wildlife,February,Hot,Medium,Railway Station,25.07
Maharashtra,19.683375287934,75.81141230058746,Religious,June,Moderate,Medium,Railway Station,14.96
Himachal Pradesh,31.18030737317969,77.12802346497158,Hill Station,July,Cold,Medium,Airport,24.78
Delhi,28.691366082084684,77.06427947646169,Religious,August,Moderate,Medium,Airport,14.33
Goa,15.483391938020324,74.05880201183537,Wildlife,March,Moderate,Low,Airport,24.06
West Bengal,22.96502161387017,87.84795126735725,City,August,Moderate,Low,Railway Station,12.2
Himachal Pradesh,31.058189480661778,77.1784415084854,City,March,Moderate,Low,Railway Station,18.31
Maharashtra,19.72299279025954,75.75323593044591,Historical,April,Moderate,Medium,Road,14.6
Tamil Nadu,11.042287857796897,78.81668788862237,Beach,July,Hot,Medium,Airport,30.37
Uttarakhand,30.108358914271587,79.01150577533586,Wildlife,February,Hot,High,Road,34.71
Maharashtra,19.896240763312967,75.6370777939876,Beach,December,Hot,High,Airport,35.2
Rajasthan,27.100275583442258,74.13773865503472,City,November,Moderate,High,Road,25.03
West Bengal,23.03273225990522,87.76922030208671,Religious,August,Moderate,Medium,Airport,16.87
Tamil Nadu,10.985222955055093,78.63565072253877,Religious,August,Moderate,Medium,Railway Station,18.45
Rajasthan,27.07234751950927,74.30268219987732,City,May,Moderate,Medium,Airport,19.35
Goa,15.076621567936934,74.2607369053322,Beach,November,Hot,Medium,Railway Station,36.62
Goa,15.290473292134491,74.14878660961448,Wildlife,August,Hot,Medium,Road,30.38
West Bengal,22.923953501749853,87.73174797498088,Beach,October,Hot,High,Railway Station,29.95
Uttarakhand,30.10652408995941,79.07453653923578,Historical,February,Moderate,Medium,Railway Station,19.87
Tamil Nadu,11.15816374989398,78.69115015005634,Religious,May,Moderate,Medium,Airport,15.94
Maharashtra,19.647078447864253,75.89568023242984,Religious,November,Moderate,Medium,Airport,20.82
Rajasthan,26.90100992706159,74.1196901249738,Wildlife,October,Hot,Medium,Airport,23.42
Kerala,10.929719118531274,76.28016882660408,City,September,Moderate,Low,Road,15.45
Punjab,31.121037065021433,75.35245111807933,Religious,May,Moderate,Low,Airport,11.07
Goa,15.294675419910964,74.19845299239834,Historical,October,Moderate,High,Railway Station,26.38
Punjab,31.15387804983066,75.31171160018454,Religious,January,Moderate,High,Road,25.96
Punjab,31.098177996279073,75.47757364686169,Wildlife,May,Hot,Low,Airport,20.56
Delhi,28.51031213350232,77.10427579574912,Hill Station,July,Cold,Medium,Road,28.93
Uttarakhand,30.013993876591215,79.0537170674333,Historical,April,Moderate,Low,Railway Station,13.74
Tamil Nadu,11.003578042936471,78.74341614867963,Beach,May,Hot,Low,Airport,25.35
Tamil Nadu,11.095115896318875,78.63851711755085,Historical,December,Moderate,High,Road,23.75
Rajasthan,26.88443689094008,74.0734929825206,Beach,June,Hot,Low,Railway Station,29.77
Delhi,28.576005043092042,77.09578621118686,Beach,January,Hot,Medium,Airport,30.8
Tamil Nadu,11.2170887717201,78.65422325217047,Wildlife,April,Hot,Low,Airport,22.42
Delhi,28.71017546557145,77.06671964001289,Hill Station,December,Cold,High,Railway Station,33.1
Punjab,31.17376433332168,75.4312652909766,Hill Station,November,Cold,High,Railway Station,24.67
Rajasthan,26.935718042002772,74.19437577630326,Historical,April,Hot,Medium,Airport,13.12
Himachal Pradesh,30.994944617441924,77.1978358417972,Historical,March,Moderate,Low,Airport,14.35
Tamil Nadu,11.19360266167216,78.53451750621092,City,February,Moderate,High,Railway Station,23.38
West Bengal,22.99606543086307,87.92020571493235,City,July,Moderate,Medium,Road,16.82
Punjab,31.12418629494849,75.30999395436088,Hill Station,November,Cold,High,Airport,27.51
Maharashtra,19.700623713531822,75.88634938673542,City,March,Moderate,Medium,Road,19.18
Kerala,10.721658568495474,76.287526915595,Beach,June,Hot,Medium,Road,32.74
Maharashtra,19.68154712415281,75.72982606325715,Religious,May,Moderate,Low,Railway Station,7.68
Goa,15.392460749497484,74.10194444040359,Beach,March,Hot,Low,Road,27.79
Maharashtra,19.713953220435762,75.7542792315755,Religious,April,Moderate,Low,Road,7.38
Uttarakhand,30.13162279713073,78.99490752802953,Wildlife,July,Hot,Low,Road,23.39
Tamil Nadu,10.902424905604436,78.52581085600278,Religious,August,Moderate,Medium,Railway Station,16.74
Himachal Pradesh,31.26398865681328,77.1722789969865,City,April,Moderate,Low,Road,17.92
Punjab,31.36594094704803,75.29342578212224,Beach,March,Hot,Medium,Railway Station,31.29
Rajasthan,26.979600700563463,74.16518536660763,Religious,May,Moderate,Medium,Railway Station,22.01
Kerala,10.788238500809411,76.36149045554639,Historical,June,Moderate,Low,Airport,12.98
Punjab,31.233407184779622,75.37993835830625,Religious,April,Moderate,Low,Airport,9.47
Delhi,28.76401143160829,77.0769166487121,Wildlife,January,Hot,Medium,Road,25.22
Punjab,31.023673443057323,75.34105959618557,Religious,November,Moderate,High,Airport,23.2
Tamil Nadu,11.064512434854164,78.7433198275336,City,August,Moderate,Low,Railway Station,16.45
Himachal Pradesh,31.078335623155983,77.03301425626158,Religious,May,Moderate,Medium,Railway Station,11.42
Rajasthan,26.952542207371497,74.1602339059083,Historical,September,Hot,Medium,Railway Station,19.41
Kerala,10.895698764119311,76.42539195659842,Religious,December,Moderate,High,Railway Station,24.06
Uttarakhand,30.103176866985656,79.13225541036205,City,November,Moderate,Medium,Airport,21.29
Goa,15.257353160786524,74.14801592712462,Beach,November,Hot,High,Airport,36.51
Himachal Pradesh,31.00556178599284,77.28275660999739,Historical,October,Moderate,Medium,Railway Station,14.03
Delhi,28.66856673169687,77.08981984283368,Beach,December,Hot,High,Road,40.9
Punjab,31.2482408008364,75.39083697561796,Religious,July,Moderate,Low,Railway Station,12.14
Uttarakhand,29.9313702838592,78.94040368698663,City,October,Moderate,High,Airport,27.49
Delhi,28.72693789797469,77.13584334458062,Beach,May,Hot,Medium,Airport,26.32
Delhi,28.53577727511707,77.03318766583155,Historical,October,Hot,Medium,Airport,19.89
Goa,15.230849699992596,74.17717980780347,City,April,Moderate,Medium,Road,20.66
Delhi,28.703814575616832,77.00519248609896,Beach,December,Hot,High,Railway Station,33.03
Rajasthan,27.165572663428307,74.24693453152098,Wildlife,August,Hot,Medium,Road,32.16
Kerala,10.74616433682628,76.18841988998149,City,August,Moderate,Low,Airport,14.28
Kerala,10.755238678711388,76.20094968308328,Wildlife,February,Moderate,Medium,Airport,26.77
Kerala,10.77849355058023,76.36170041545056,Hill Station,August,Cold,Medium,Airport,22.1
Goa,15.231518601890565,74.03588459251469,City,April,Moderate,Medium,Road,20.24
Kerala,10.87629473328102,76.3679343764085,Hill Station,March,Cold,Medium,Airport,23.15
Tamil Nadu,11.206489444010769,78.5684665956523,City,February,Moderate,High,Airport,27.29
Rajasthan,27.114691172416666,74.17331217847939,City,August,Moderate,Low,Railway Station,13.21
Punjab,31.146803911914652,75.2537125951534,Religious,October,Moderate,High,Road,18.0
Uttarakhand,30.093171196166203,79.05814879182411,Beach,December,Hot,High,Railway Station,34.43
Rajasthan,27.07202872648927,74.24436643174691,Hill Station,April,Cold,Medium,Airport,25.39
Uttarakhand,30.015652693071992,79.1242260664969,Hill Station,June,Cold,Medium,Airport,21.36
Tamil Nadu,11.22818159431444,78.74514415572565,Hill Station,March,Cold,Low,Airport,21.7
Rajasthan,26.935082840576825,74.20261089231693,City,February,Moderate,High,Airport,25.32
West Bengal,23.098442483549263,87.77262255547421,Religious,February,Moderate,High,Railway Station,18.29
Uttarakhand,30.185100298976796,78.89879264385974,City,September,Moderate,Low,Railway Station,17.41
Punjab,31.285358448332605,75.36668178757245,Wildlife,May,Moderate,Medium,Road,23.25
Punjab,31.15081833579842,75.47063742681891,City,March,Moderate,Medium,Airport,22.87
Goa,15.190613324442861,73.94503265432472,City,July,Moderate,Medium,Railway Station,20.64
Himachal Pradesh,31.23975393499383,77.14661810228978,Hill Station,October,Cold,Medium,Road,26.39
Rajasthan,27.09895388279763,74.22322639312297,City,June,Moderate,Medium,Airport,20.09
Rajasthan,26.89799955905603,74.0500600141888,City,April,Moderate,Medium,Road,23.02
Punjab,31.117189774949022,75.3694766968382,Historical,September,Moderate,Low,Airport,11.77
Delhi,28.8003370624496,76.84128558586353,Hill Station,April,Cold,Medium,Road,28.64
Uttarakhand,30.185684671899704,79.11266939018151,Hill Station,June,Cold,Medium,Road,23.83
Kerala,10.773132259244415,76.14419697930508,Religious,December,Moderate,Medium,Railway Station,18.48
Delhi,28.733917570277747,77.1291076661429,City,February,Moderate,High,Road,25.67
West Bengal,23.0220417917562,87.89290137967163,Hill Station,June,Cold,Medium,Road,25.14
West Bengal,23.018366531807846,87.83719304726952,City,June,Moderate,Low,Railway Station,14.99
Himachal Pradesh,31.057533336058913,77.27025198060916,Historical,July,Moderate,Low,Airport,8.84
Rajasthan,27.018414401186295,74.15174357135051,Wildlife,November,Hot,High,Road,30.42
Rajasthan,26.956253275497247,74.36275213610416,City,July,Moderate,Medium,Airport,22.7
Punjab,31.20939821130714,75.23256101619269,Historical,February,Moderate,Medium,Road,19.82
Tamil Nadu,10.948676712704453,78.56412777312462,Beach,February,Hot,Medium,Road,30.78
Maharashtra,19.667684625567592,75.55895880059686,Religious,June,Moderate,Medium,Road,15.86
Tamil Nadu,11.162494106580983,78.70897513556034,Beach,June,Hot,Low,Airport,22.5
Punjab,31.22676435077124,75.39360514919167,Hill Station,August,Cold,Medium,Railway Station,26.2
Himachal Pradesh,31.1055918339873,77.21168997857329,City,January,Moderate,High,Railway Station,21.7
Rajasthan,27.003615393342642,74.31707933881509,Hill Station,June,Cold,Medium,Road,26.07
Maharashtra,19.82293103295998,75.62587377481734,Religious,July,Moderate,Medium,Road,18.02
Uttarakhand,30.022328985118055,79.13497698874434,Religious,November,Moderate,Medium,Railway Station,15.81
Delhi,28.87578974461534,77.00586724357014,Historical,August,Hot,Medium,Airport,15.69
Goa,15.206554752607518,74.21651880876708,Beach,November,Hot,High,Airport,34.2
Tamil Nadu,11.315821343016484,78.58006070522272,Hill Station,September,Cold,Low,Airport,16.03
Delhi,28.720154438839085,77.13806341076351,Hill Station,February,Cold,Medium,Airport,22.36
Himachal Pradesh,30.921582889914102,77.34927545394108,City,July,Moderate,Medium,Road,18.67
Himachal Pradesh,31.19082269756991,77.04547978097409,Hill Station,December,Cold,High,Airport,32.08
Delhi,28.838708341384294,77.109247288944,Beach,August,Hot,Medium,Road,34.4
Maharashtra,19.802793164054805,75.7245217263922,Wildlife,September,Hot,Low,Airport,25.67
Maharashtra,19.627546112724296,75.59674010917644,Wildlife,April,Moderate,Low,Airport,16.69
Goa,15.37138224778836,74.20161634180249,Historical,November,Moderate,Medium,Airport,17.69
Tamil Nadu,11.06866807801742,78.64215435115015,Beach,September,Hot,Medium,Road,29.13
Himachal Pradesh,31.08464852462583,77.01593593821144,Historical,September,Moderate,Low,Railway Station,11.24
Maharashtra,19.932655471925234,75.69654881558048,Religious,June,Moderate,Medium,Airport,20.0
Maharashtra,19.672621408906917,75.72713913155698,Religious,June,Moderate,Medium,Railway Station,16.57
Delhi,28.577840220132355,77.19174309800482,Hill Station,June,Cold,Low,Road,19.1
Punjab,31.076606404415315,75.2784021679767,Religious,October,Moderate,High,Railway Station,19.8
Uttarakhand,30.09357976652873,79.108798197234,Historical,September,Moderate,Low,Road,12.13
Rajasthan,26.953142652581224,74.02534709234016,Historical,August,Hot,Medium,Airport,17.06
Maharashtra,19.628356468856875,75.65402683109978,Hill Station,January,Cold,High,Railway Station,27.29
Rajasthan,26.978547414404282,74.27499757913455,Religious,August,Moderate,Medium,Airport,17.29
Punjab,31.088695585270173,75.40806551611584,Religious,November,Moderate,Medium,Road,12.61
Himachal Pradesh,31.17333771387813,77.2537191914703,Religious,November,Moderate,High,Railway Station,17.62
West Bengal,23.075018164201754,88.00864629152899,Beach,November,Hot,High,Airport,38.12
West Bengal,22.97673109035295,87.70087338754355,Beach,June,Hot,Medium,Railway Station,28.36
Goa,15.18673738424216,74.07338589082282,Hill Station,August,Cold,Medium,Road,26.87
Kerala,10.70631695978545,76.13592426759718,Religious,December,Moderate,High,Road,21.49
Punjab,30.94221326373239,75.289684229755,Wildlife,April,Hot,Medium,Airport,24.68
Tamil Nadu,11.227497500045079,78.83108830150256,Wildlife,August,Moderate,Medium,Road,25.3
Delhi,28.607646121102817,77.0199492868374,Wildlife,November,Hot,High,Road,36.5
Uttarakhand,29.986041156508218,78.9938689884722,Hill Station,November,Cold,High,Railway Station,30.1
Uttarakhand,29.90598322737392,78.95528614117057,City,October,Moderate,Medium,Road,18.07
Kerala,10.936244902933492,76.36796868438046,Historical,August,Moderate,Medium,Airport,15.37
Goa,15.361577446296929,74.00847570086303,Historical,August,Moderate,Low,Railway Station,8.84
Delhi,28.663780228160668,77.08888366836496,Hill Station,July,Cold,Low,Railway Station,14.17
Maharashtra,19.68920562613516,75.66033242833402,Wildlife,December,Hot,High,Railway Station,33.15
West Bengal,23.035472788604302,88.03024421655589,City,February,Moderate,Medium,Road,19.63
Uttarakhand,30.01872443149763,78.91890768497571,Historical,February,Moderate,Medium,Airport,18.9
Tamil Nadu,11.170928550460392,78.58320316745433,City,June,Moderate,Medium,Railway Station,19.02
Punjab,31.101009901553173,75.304524423435,City,November,Moderate,Medium,Road,24.36
Uttarakhand,30.12320727422665,79.13258199826943,Historical,April,Moderate,Low,Railway Station,15.51
Kerala,10.8039829613477,76.41710098996602,Hill Station,September,Cold,Medium,Airport,28.98
West Bengal,23.012738947339738,87.81158202359552,Beach,October,Hot,High,Airport,39.92
Punjab,31.070711574338176,75.2878883343141,Religious,January,Moderate,Medium,Airport,15.37
Uttarakhand,29.87879150097525,78.79736862870367,Wildlife,June,Moderate,Medium,Railway Station,25.41
Uttarakhand,29.94393043014354,79.15801509224731,Beach,April,Hot,Low,Railway Station,23.85
West Bengal,22.987134245288857,87.95587816003969,Historical,April,Moderate,Medium,Airport,16.42
Kerala,10.864236499266806,76.14592911089397,Hill Station,July,Cold,Low,Railway Station,22.15
Maharashtra,19.891930228982798,75.76325550838254,Historical,February,Moderate,High,Road,22.81
Rajasthan,27.01365313581105,74.11741365278645,Historical,February,Hot,High,Railway Station,20.69
Goa,15.108226490691214,74.11081660214946,Wildlife,August,Hot,Low,Road,26.0
Rajasthan,26.96328950764006,74.2831291448635,Hill Station,February,Cold,High,Airport,31.67
Goa,15.38440234826938,74.3243744016324,Religious,January,Moderate,High,Airport,22.23
Uttarakhand,30.112654175384172,79.05785760361111,City,June,Moderate,Low,Railway Station,17.29
Punjab,31.093471016888525,75.43646291259157,Religious,January,Moderate,High,Railway Station,18.61
Goa,15.277736246106455,74.11707662107197,Wildlife,January,Hot,High,Road,31.03
Punjab,31.042546661663042,75.31751051473721,Religious,October,Moderate,Medium,Road,19.78
Maharashtra,19.731513974113167,75.65297131997933,Beach,October,Hot,High,Railway Station,35.85
Tamil Nadu,11.120627941275611,78.6319980256337,Religious,August,Moderate,Medium,Airport,13.54
Maharashtra,19.76520082582079,75.69724770055136,Wildlife,August,Hot,Medium,Airport,27.95
Goa,15.461979831077553,74.34340565353757,Historical,February,Moderate,High,Railway Station,22.5
Kerala,10.827268747803817,76.21458495476787,Hill Station,April,Cold,Medium,Railway Station,24.08
Kerala,10.827739877021052,76.23474816852399,Wildlife,April,Hot,Medium,Road,29.1
Punjab,31.128336973771045,75.41299933818465,Hill Station,January,Cold,High,Road,25.37
Himachal Pradesh,31.1264866761292,77.18421334422875,City,April,Moderate,Low,Railway Station,18.86
Rajasthan,26.901445843395816,74.31142125215054,Wildlife,May,Hot,Medium,Road,30.8
Kerala,10.880800170570081,76.41909971180245,Hill Station,August,Cold,Low,Road,23.1
Goa,15.259518507254636,74.12425319363501,Hill Station,August,Cold,Medium,Road,26.09
Delhi,28.725446770449086,77.18075085423511,Religious,July,Moderate,Medium,Railway Station,21.85
Goa,15.289713273266514,74.26476661345536,Historical,July,Moderate,Medium,Airport,22.21
Maharashtra,19.891377732504985,75.62775991534818,Wildlife,August,Moderate,Medium,Road,24.1
Kerala,10.912373597499936,76.18570720965299,City,February,Moderate,Medium,Road,22.56
Delhi,28.64403125757345,77.16030845089895,Historical,March,Hot,Medium,Airport,20.54
Uttarakhand,30.018395950193376,78.94715801615247,Beach,August,Hot,Low,Railway Station,27.84
Tamil Nadu,11.00579972996244,78.54929071539864,Hill Station,January,Cold,High,Airport,26.79
Rajasthan,26.891130051454375,74.24836525010166,Beach,January,Hot,High,Airport,37.77
Kerala,10.805535426381391,76.11665725771795,City,January,Moderate,High,Railway Station,27.58
Tamil Nadu,11.118207227600333,78.6495714916052,Religious,August,Moderate,Medium,Railway Station,17.51
Himachal Pradesh,31.061664186312807,77.10121618027377,Beach,June,Hot,Medium,Airport,33.73
Uttarakhand,30.18840472259289,79.14166232510225,Wildlife,October,Moderate,High,Road,32.85
Punjab,31.0497396019154,75.5114485288319,City,February,Moderate,High,Road,25.91
Rajasthan,26.991364829849473,74.29357025692346,Wildlife,January,Hot,Medium,Railway Station,26.29
Himachal Pradesh,31.19556087563076,77.188203075485,Historical,July,Moderate,Medium,Railway Station,15.93
Punjab,31.057313704199608,75.4354216562523,Religious,September,Moderate,Medium,Airport,10.32
Rajasthan,27.004085266890836,74.1156525870212,Beach,October,Hot,Medium,Airport,33.3
West Bengal,22.864525677395118,87.79340890166189,Wildlife,September,Hot,Low,Railway Station,21.32
Goa,15.222543963293646,74.0555179810443,Historical,November,Moderate,High,Road,20.05
Punjab,30.949522027622034,75.37699357982741,Wildlife,September,Hot,Medium,Railway Station,28.56
Kerala,10.77960818835173,76.23502970731911,Historical,February,Moderate,High,Railway Station,22.37
Rajasthan,27.163943185525117,74.36068363329808,Historical,July,Hot,Medium,Road,13.41
Uttarakhand,30.074847568591665,78.9617092922831,Wildlife,May,Hot,Medium,Railway Station,29.37
Goa,15.29666192881247,74.25064179058376,Beach,January,Hot,High,Airport,30.33
Rajasthan,26.972936305160648,74.23055617508462,City,December,Moderate,High,Road,23.97
Rajasthan,27.114032175150097,74.29683347729815,City,September,Moderate,Medium,Road,19.36
Tamil Nadu,11.360985986866194,78.73008970675107,Beach,December,Hot,High,Airport,42.49
Kerala,10.872918970382802,76.16418020064381,Historical,April,Moderate,Medium,Railway Station,16.95
Himachal Pradesh,31.091295700931795,77.38269041544991,City,June,Moderate,Medium,Airport,23.96
Kerala,10.917347853379452,76.35273569837246,Hill Station,February,Cold,High,Road,38.18
Punjab,31.08141515507755,75.22524573060849,Religious,March,Moderate,Medium,Railway Station,20.16
Tamil Nadu,11.081223051547422,78.55933287820878,Religious,October,Moderate,High,Airport,16.87
Goa,15.233777483347694,74.09068510029601,Hill Station,October,Cold,Medium,Airport,15.8
Delhi,28.703274903059953,77.06904137514321,Historical,January,Hot,High,Railway Station,21.93
Himachal Pradesh,31.058184094430946,77.10592001165283,Hill Station,May,Cold,Medium,Railway Station,28.96
Himachal Pradesh,31.120122111390163,77.02106807863316,Wildlife,October,Hot,High,Road,30.68
Himachal Pradesh,31.027120207739834,77.13554546008046,Hill Station,October,Cold,Medium,Road,21.77
Rajasthan,26.930588615221197,74.12265707617284,Religious,June,Moderate,Medium,Railway Station,18.09
Delhi,28.646374594420564,76.93721697792154,Beach,May,Hot,Medium,Road,29.82
West Bengal,23.03670845130916,87.66928074345556,Historical,September,Moderate,Medium,Road,25.25
Kerala,10.81922957080572,76.1758829117326,City,February,Moderate,High,Airport,21.51
Kerala,10.8998264089832,76.24945712776844,City,February,Moderate,Medium,Railway Station,22.16
Himachal Pradesh,31.210724483399552,77.07988234039715,Beach,February,Hot,High,Road,36.2
Himachal Pradesh,31.006876649532433,77.2514623413509,Hill Station,September,Cold,Medium,Road,27.72
Himachal Pradesh,31.04073442737207,77.15374483178961,City,January,Moderate,High,Railway Station,22.32
Himachal Pradesh,31.06670870630922,77.17659709675378,Religious,December,Moderate,High,Airport,20.43
Rajasthan,26.994893393495914,74.23610962223307,City,November,Moderate,Medium,Airport,18.57
West Bengal,23.02982530166056,87.88618669158456,Wildlife,November,Hot,Medium,Airport,30.55
Goa,15.292205889737025,74.03521430997975,City,August,Moderate,Low,Airport,15.77
Maharashtra,19.647351061324564,75.85421208151043,City,July,Moderate,Medium,Airport,24.29
Delhi,28.657206958053855,77.06147731565088,Religious,May,Moderate,Low,Airport,9.54
Tamil Nadu,11.164307778269706,78.63942783389221,Historical,February,Moderate,Medium,Railway Station,19.69
Maharashtra,19.74160098125696,75.5966993504583,Historical,September,Moderate,Medium,Airport,15.69
Himachal Pradesh,31.193725989144447,76.9989742319311,Hill Station,April,Cold,Medium,Airport,20.97
Goa,15.458825690465458,74.13828519825843,City,July,Moderate,Medium,Railway Station,17.81
Uttarakhand,30.144464630985564,79.06961754569988,Historical,March,Moderate,Medium,Airport,19.48
West Bengal,22.830241860015224,87.63629811609079,City,November,Moderate,Medium,Railway Station,18.36
Delhi,28.628616311590946,77.0590156431154,City,January,Moderate,High,Railway Station,22.19
Goa,15.220106152012901,74.12555782969304,Hill Station,April,Cold,Medium,Airport,27.79
West Bengal,22.960332524654866,87.78536564154527,City,May,Moderate,Medium,Road,21.5
Delhi,28.783685015178314,76.95351391577725,Wildlife,September,Hot,Low,Railway Station,23.18
Punjab,31.01676574133144,75.29295245550547,Wildlife,April,Hot,Low,Airport,22.93
Delhi,28.74129639267089,77.2556632233655,Hill Station,December,Cold,High,Airport,37.54
Tamil Nadu,11.213731770150789,78.6962983643174,Religious,October,Moderate,High,Railway Station,20.8
Himachal Pradesh,30.981925623714467,77.09982844602328,Beach,November,Hot,Medium,Railway Station,31.53
Goa,15.349132358747086,74.07079573927093,Hill Station,January,Cold,Medium,Railway Station,26.35
Punjab,31.192126198113005,75.24034879204974,Beach,March,Hot,Medium,Railway Station,28.03
West Bengal,23.15599153911091,87.76555042427722,City,April,Moderate,Medium,Airport,18.97
Maharashtra,19.776571675990816,75.76457599074138,Hill Station,June,Cold,Medium,Railway Station,27.12
Tamil Nadu,10.94198963260763,78.51712985116777,Beach,February,Hot,High,Road,35.26
Punjab,31.302385849834167,75.36883961974324,Hill Station,January,Cold,High,Road,28.12
Delhi,28.597792804463246,77.11491984369326,Historical,November,Hot,Medium,Railway Station,17.73
Goa,15.184370951623142,74.02866413531275,Historical,February,Moderate,High,Airport,23.97
Uttarakhand,29.999229089772687,79.0758235832798,Beach,July,Hot,Medium,Airport,34.27
Tamil Nadu,11.259402542737368,78.6062077919114,City,January,Moderate,Medium,Airport,17.57
Goa,15.219422754228164,74.09497455566556,Historical,May,Moderate,Low,Road,10.6
Tamil Nadu,11.109301431770929,78.43909283079869,Historical,October,Moderate,High,Railway Station,22.38
Maharashtra,19.74424237736892,75.81740527037239,Historical,November,Moderate,Medium,Road,17.79
Delhi,28.74739559146163,77.1864322355714,Wildlife,October,Moderate,High,Railway Station,29.91
Maharashtra,19.724009313424304,75.90833424248075,City,September,Moderate,Medium,Airport,17.51
West Bengal,23.09218767916248,87.93438438452439,Hill Station,November,Cold,High,Airport,34.77
Tamil Nadu,11.14917194331112,78.78742396789339,Hill Station,January,Cold,High,Airport,29.42
West Bengal,23.00884107155907,87.8091150345261,Historical,January,Moderate,Medium,Airport,18.11
West Bengal,23.073941965361982,87.84757370362364,Historical,April,Moderate,Low,Road,14.18
West Bengal,22.97771674220046,87.98914658252404,City,October,Moderate,Medium,Railway Station,17.06
Delhi,28.637811599824197,77.09461487712846,Beach,April,Hot,Low,Airport,21.39
West Bengal,22.986141509807126,87.93680796531139,Wildlife,February,Hot,Medium,Airport,30.36
Himachal Pradesh,31.170954151100815,77.14391719170267,Historical,February,Moderate,Medium,Road,17.07
Tamil Nadu,11.0698431497862,78.71013775282856,Hill Station,January,Cold,Medium,Railway Station,28.67
Delhi,28.585923278087364,77.08023053915882,Hill Station,March,Cold,Medium,Airport,31.96
Goa,15.132821652039404,74.0142354441113,City,May,Moderate,Medium,Airport,22.47
Uttarakhand,30.087571926485612,78.74464971473095,City,October,Moderate,Medium,Railway Station,20.02
West Bengal,22.922685876250494,87.80938997331012,City,April,Moderate,Medium,Airport,18.27
Kerala,10.869892775587429,76.3096835714388,Religious,November,Moderate,High,Road,18.36
Goa,15.379368128737026,74.18592709677556,Religious,October,Moderate,Medium,Road,18.4
Tamil Nadu,11.16080467746367,78.56346418149654,Religious,June,Moderate,Medium,Railway Station,12.86
Rajasthan,26.92467198063922,74.23375279408357,Beach,October,Hot,Medium,Airport,28.72
West Bengal,23.05553358179148,87.9029137161231,Religious,January,Moderate,Medium,Airport,16.04
Kerala,10.802514913815342,76.20521637957837,City,April,Moderate,Medium,Airport,20.81
Punjab,31.143983289603362,75.43294610113311,City,October,Moderate,Medium,Road,15.69
Delhi,28.59841962921129,77.11439250171779,Wildlife,March,Moderate,Medium,Railway Station,28.15
Tamil Nadu,11.323869153589248,78.86179998421498,City,April,Moderate,Low,Road,18.38
Tamil Nadu,11.039536883887424,78.79034186085717,Religious,February,Moderate,High,Road,20.06
Delhi,28.723310976410563,76.98014920370849,Historical,November,Hot,Medium,Railway Station,17.23
Kerala,10.942011344502223,76.31229897405714,Hill Station,August,Cold,Medium,Airport,30.71
Delhi,28.735691860021785,77.04108941862083,City,July,Moderate,Low,Road,14.35
Rajasthan,27.14320638157328,74.30953416232688,City,September,Moderate,Medium,Railway Station,16.77
Rajasthan,27.05298953969802,74.32577697571264,Beach,December,Hot,Medium,Road,31.35
Uttarakhand,29.90544250794816,79.04851693267045,Wildlife,July,Hot,Medium,Railway Station,27.82
Kerala,10.894275687042693,76.41832026619292,Wildlife,March,Hot,Low,Railway Station,24.06
Tamil Nadu,11.10737681950185,78.64781939523596,Wildlife,August,Hot,Medium,Road,28.37
Himachal Pradesh,31.170221830602877,77.25046996518417,City,December,Moderate,Medium,Airport,18.73
Kerala,11.07504730543148,76.16710154496167,City,October,Moderate,High,Airport,24.94
Himachal Pradesh,31.07826712002363,77.0273317902329,Historical,October,Moderate,High,Railway Station,29.02
West Bengal,22.825611963460045,87.9721037580953,Hill Station,July,Cold,Medium,Airport,19.61
Uttarakhand,30.018023483463214,78.9161911761768,City,September,Moderate,Low,Road,17.04
Himachal Pradesh,31.2067674602739,77.07209270055274,Historical,April,Moderate,Medium,Railway Station,18.39
West Bengal,22.89715115477807,87.87598242277463,Wildlife,March,Hot,Medium,Airport,28.4
Himachal Pradesh,30.94160214314798,77.19203585827132,Historical,March,Moderate,Medium,Railway Station,19.04
Punjab,31.28608093935902,75.37284213941696,Historical,December,Moderate,Medium,Road,15.93
Maharashtra,19.650998810770687,75.62029948008542,Wildlife,April,Hot,Medium,Railway Station,22.92
Goa,15.391437879212065,74.09095891873177,Historical,May,Moderate,Medium,Railway Station,21.14
Kerala,10.753223907035013,76.27351661387253,Wildlife,September,Hot,Medium,Road,33.44
Delhi,28.761095996755245,77.06546124425361,Historical,January,Hot,High,Airport,23.65
Goa,15.461854568729953,74.04629613141964,Religious,November,Moderate,High,Road,20.96
Uttarakhand,29.954790705490318,78.93813986202278,City,August,Moderate,Medium,Airport,22.26
Kerala,10.910614316942981,76.29905719936734,Wildlife,December,Hot,High,Airport,33.13
Goa,15.4303118848597,74.22288608893915,Religious,March,Moderate,Low,Railway Station,5.0
Himachal Pradesh,31.092694912204127,77.06378383505282,Religious,September,Moderate,Medium,Railway Station,12.97
Tamil Nadu,11.081913310481003,78.52258189053606,Religious,October,Moderate,Medium,Airport,20.92
Uttarakhand,29.874883404710445,78.92797428500363,City,March,Moderate,Medium,Road,21.41
Punjab,31.22967682286943,75.64065362981141,City,January,Moderate,High,Road,30.6
Rajasthan,26.981579330266538,74.37813884978009,Historical,January,Hot,High,Airport,19.06
Punjab,31.080006889946564,75.2773359217234,Religious,February,Moderate,High,Airport,22.63
Punjab,30.959413754189168,75.41777563025619,Hill Station,June,Cold,Medium,Railway Station,19.87
Himachal Pradesh,31.22033747187867,77.31313129752469,Historical,February,Moderate,High,Road,20.71
West Bengal,22.956540126295526,87.79495475930855,Beach,September,Hot,Medium,Railway Station,30.47
Goa,15.20791318078121,73.99762548179363,Religious,October,Moderate,High,Road,20.39
Maharashtra,19.706105506193374,75.59225791534698,Hill Station,March,Cold,Low,Airport,20.09
Kerala,10.854383962864777,76.25231070761127,Hill Station,January,Cold,High,Road,26.09
Maharashtra,19.603163385164958,75.75968439075885,Wildlife,March,Moderate,Medium,Road,23.42
Kerala,10.884320118647697,76.29366318746132,Wildlife,May,Hot,Medium,Road,26.12
Tamil Nadu,11.110790616142815,78.75355398092364,Wildlife,October,Hot,High,Airport,30.75
Maharashtra,19.69233644158225,75.80094435975069,Historical,August,Moderate,Medium,Airport,22.7
Kerala,10.902939850570087,76.25928391329516,Religious,April,Moderate,Medium,Airport,14.86
Punjab,31.149711125047762,75.50574765376527,City,November,Moderate,Medium,Railway Station,21.01
Maharashtra,19.673768196135992,75.54281309949134,Hill Station,August,Cold,Medium,Road,22.24
West Bengal,23.113476343477817,87.69288489803664,Religious,April,Moderate,Medium,Road,17.4
Tamil Nadu,11.28054481254031,78.68964456973696,City,June,Moderate,Low,Road,15.16
Tamil Nadu,11.161093334779318,78.72600198206639,Hill Station,October,Cold,Medium,Airport,22.41
Rajasthan,26.88578761202653,74.27939086473415,Hill Station,September,Cold,Medium,Road,21.72
Rajasthan,26.91376981055814,74.0206478268726,Beach,January,Hot,High,Railway Station,34.33
Kerala,10.849612575685553,76.07486355179466,Hill Station,September,Cold,Medium,Road,29.84
Tamil Nadu,11.008381662284766,78.73502968795168,City,February,Moderate,Medium,Railway Station,23.55
Tamil Nadu,11.267204650799469,78.60140989809113,Hill Station,November,Cold,High,Road,30.41
Kerala,10.896877150220153,76.28706781290373,Hill Station,March,Cold,Low,Airport,17.74
Tamil Nadu,11.101975539389548,78.57397218015142,City,February,Moderate,High,Road,25.34
Tamil Nadu,11.155448253305943,78.77865457674167,Wildlife,April,Hot,Medium,Railway Station,24.54
Maharashtra,19.86790884672478,75.77491631021813,Beach,June,Hot,Medium,Road,35.39
Delhi,28.795501732056593,77.13720787177026,Wildlife,February,Hot,Medium,Railway Station,30.98
West Bengal,22.940262777391148,87.84687613523653,Historical,May,Moderate,Low,Airport,16.3
Kerala,10.82981513763906,76.14441542611891,Beach,April,Hot,Medium,Road,30.24
Himachal Pradesh,31.24465807959182,77.1328848125197,Religious,October,Moderate,Medium,Road,18.02
Kerala,10.915070986551129,76.20299143336842,Religious,March,Moderate,Medium,Railway Station,18.08
Rajasthan,27.13935523466029,74.1653594476277,Wildlife,March,Moderate,Medium,Road,34.07
Tamil Nadu,11.111181090886207,78.70614609306713,Historical,February,Moderate,Medium,Airport,15.76
Tamil Nadu,11.116923403900625,78.45597834608829,Wildlife,April,Moderate,Medium,Railway Station,31.8
Delhi,28.719254538779104,77.07521661676499,City,October,Moderate,High,Road,31.1
Delhi,28.667712686223254,77.2214689766943,City,March,Moderate,Medium,Airport,25.42
Uttarakhand,30.076970460793845,78.87542355603202,Beach,October,Hot,High,Railway Station,35.59
Goa,15.21999271828051,73.8613410275486,City,May,Moderate,Medium,Road,19.47
Maharashtra,19.729043030560746,75.8672532680554,City,April,Moderate,Low,Road,17.02
Tamil Nadu,11.30565237354808,78.65134461972772,Religious,December,Moderate,High,Road,23.44
Tamil Nadu,11.09963398690435,78.77565894738308,Wildlife,February,Hot,High,Airport,36.27
Himachal Pradesh,31.07446747846531,77.00934311330317,City,April,Moderate,Low,Airport,11.78
Punjab,31.18415673279227,75.28020200249588,Historical,May,Moderate,Medium,Airport,15.21
Delhi,28.530377633607003,76.88900633719433,Religious,September,Moderate,Low,Airport,11.89
Uttarakhand,30.229001762306442,78.95856957818529,Wildlife,August,Hot,Medium,Railway Station,26.41
Himachal Pradesh,31.00812902784677,77.36680919702849,City,June,Moderate,Medium,Road,22.14
Uttarakhand,30.094023174740794,79.0625114165325,Wildlife,November,Hot,Medium,Road,28.83
Punjab,30.933178074557222,75.18020472692177,Religious,July,Moderate,Low,Road,6.03
Rajasthan,26.764519154613023,74.26960182564642,Historical,September,Hot,Low,Railway Station,13.64
Delhi,28.742500454641867,77.18313251748489,Hill Station,March,Cold,Low,Railway Station,21.67
Delhi,28.643795119865576,77.12883343891549,Hill Station,December,Cold,High,Airport,30.98
Punjab,31.17709896026361,75.23895128168917,Religious,December,Moderate,Medium,Railway Station,13.79
Tamil Nadu,11.20406242857213,78.51116830932015,Beach,August,Hot,Medium,Airport,29.87
Himachal Pradesh,31.204534351558113,77.01525537130631,Historical,March,Moderate,Medium,Road,17.11
Tamil Nadu,11.275147928165142,78.64582648336712,Historical,December,Moderate,High,Airport,19.46
Kerala,11.087220544835045,76.30790150025209,Beach,April,Hot,Low,Railway Station,24.86
Maharashtra,19.68294281814632,75.89538046525225,City,February,Moderate,High,Road,26.73
Punjab,31.22153401847292,75.43956449771046,Beach,October,Hot,High,Railway Station,35.86
Uttarakhand,30.04251080996828,79.21296884324376,Religious,October,Moderate,High,Road,21.07
Delhi,28.640319140611165,77.13224246798441,Historical,August,Hot,Low,Airport,11.51
West Bengal,23.117244527510696,87.73075559235261,Wildlife,April,Hot,Low,Road,18.26
Uttarakhand,30.125290530486794,78.95308538480806,Historical,October,Moderate,Medium,Railway Station,13.77
Uttarakhand,30.183465686234438,79.22852781147935,Hill Station,October,Cold,High,Road,25.7
Rajasthan,26.849351194153723,74.12164081893236,City,December,Moderate,High,Railway Station,23.32
Goa,15.465600879982748,74.23868696729868,Religious,February,Moderate,High,Airport,19.84
Himachal Pradesh,31.127595273801134,77.12430746699322,Historical,November,Moderate,High,Airport,21.65
Tamil Nadu,11.099878041723537,78.52744974992875,Historical,January,Moderate,High,Airport,29.06
Maharashtra,19.828210303081715,75.81430648102763,Historical,March,Moderate,Low,Railway Station,10.74
Tamil Nadu,11.193234797336276,78.73281662027598,Religious,August,Moderate,Medium,Railway Station,14.6
Himachal Pradesh,31.104775082458183,77.10624078934823,Hill Station,March,Cold,Medium,Railway Station,27.31
Maharashtra,19.772246202938213,75.6569158999925,City,December,Moderate,Medium,Airport,28.13
Kerala,10.906230946861827,76.48390169319066,Beach,January,Hot,High,Airport,36.53
Maharashtra,19.842530359637696,75.7101561273833,Hill Station,June,Cold,Low,Railway Station,20.14
Kerala,10.942597491615716,76.34364482770867,Hill Station,December,Cold,High,Road,30.58
Rajasthan,26.83976214089042,74.20878033527387,Wildlife,March,Hot,Medium,Road,26.79
Goa,15.276380220123645,74.24588675214142,Religious,September,Moderate,Medium,Airport,19.27
Maharashtra,19.79289051242354,75.68154584599415,Historical,April,Moderate,Medium,Airport,18.7
Himachal Pradesh,31.07409041096611,76.98700655959394,Hill Station,August,Cold,Medium,Road,20.32
Maharashtra,19.657914028611824,75.84914043349039,Wildlife,April,Moderate,Low,Airport,24.05
Rajasthan,27.078784783568,74.39301835130121,Religious,August,Moderate,Medium,Airport,16.02
Tamil Nadu,11.298007495810479,78.62253149865344,City,May,Moderate,Medium,Road,19.88
Uttarakhand,30.11891291041196,78.9109674739087,Beach,March,Hot,Medium,Airport,26.37
West Bengal,22.913409025932268,87.9366352727551,Beach,January,Hot,Medium,Airport,26.08
Delhi,28.847303722855752,77.06559802176606,Historical,January,Hot,High,Road,21.55
Goa,15.112895313300774,74.0399270128117,Beach,September,Hot,Medium,Railway Station,29.19
Goa,15.180159245312288,74.31235170729953,Religious,February,Moderate,Medium,Railway Station,14.74
Rajasthan,27.05361785069644,74.16666354420137,Historical,October,Hot,High,Road,22.03
Tamil Nadu,11.087141382660898,78.51135295489078,Beach,November,Hot,Medium,Railway Station,28.27
Uttarakhand,29.997542841330116,79.08780831864505,Hill Station,March,Cold,Medium,Road,25.42
Uttarakhand,30.134827980279447,79.25406493875882,City,June,Moderate,Low,Airport,11.71
Punjab,31.157275741228652,75.2252826718761,Hill Station,June,Cold,Medium,Airport,26.63
Punjab,31.29696135387608,75.22327742562257,Wildlife,February,Hot,High,Road,35.79
Goa,15.338898574276877,74.06317665076917,Religious,September,Moderate,Low,Railway Station,17.01
Rajasthan,27.08664956963262,74.28736514502023,Beach,July,Hot,Medium,Airport,31.07
Kerala,10.905780647052689,76.29417031660257,Religious,January,Moderate,Medium,Airport,17.3
Kerala,10.815424797431387,76.2944753281392,Historical,January,Moderate,High,Railway Station,23.33
Rajasthan,27.09696835593163,74.22771819255132,Beach,April,Hot,Medium,Railway Station,25.91
Punjab,31.10019201050351,75.45116212685352,Beach,December,Hot,High,Road,35.24
Maharashtra,19.790699028512453,75.73704337703295,Beach,January,Hot,High,Road,32.93
Kerala,10.860098605681806,76.32822941924172,Religious,May,Moderate,Medium,Road,16.07
Rajasthan,26.99354357332801,74.16024875280436,Religious,May,Moderate,Medium,Airport,13.32
West Bengal,22.951145658974497,87.72387850072329,City,April,Moderate,Medium,Road,19.96
Himachal Pradesh,31.254959489849913,77.33070917201401,Historical,October,Moderate,High,Airport,28.07
Maharashtra,19.817295355943145,75.62244563378896,Hill Station,October,Cold,High,Airport,27.01
Tamil Nadu,11.17442587571203,78.66074127628688,Religious,July,Moderate,Medium,Airport,18.45
Himachal Pradesh,31.274766535540774,76.98157729113667,Historical,July,Moderate,Low,Road,8.58
Tamil Nadu,11.130727537615945,78.70908263334114,Wildlife,August,Hot,Low,Road,23.98
Goa,15.3554116895812,74.32398285955345,Hill Station,April,Cold,Medium,Airport,24.48
Punjab,31.044597443670487,75.38383009144475,City,June,Moderate,Low,Railway Station,15.97
Goa,15.336737809950408,74.08397421774974,Hill Station,January,Cold,Medium,Railway Station,20.08
Himachal Pradesh,31.09708505442487,77.13647302899007,Historical,July,Moderate,Medium,Railway Station,21.85
Delhi,28.618947295357426,77.0972185752183,Historical,January,Hot,High,Airport,20.17
Maharashtra,19.624612395513743,75.95256892391545,City,May,Moderate,Medium,Road,18.18
Uttarakhand,30.097389319289142,79.01882914081521,Wildlife,January,Moderate,High,Airport,35.95
Uttarakhand,30.006424900076514,78.94389957793514,Religious,November,Moderate,High,Airport,20.24
West Bengal,23.053268794567245,87.93252346693833,Historical,May,Moderate,Low,Airport,7.55
Delhi,28.914238137360105,77.08799974923423,Historical,December,Hot,High,Airport,25.5
Maharashtra,19.82149528785087,75.6117756500779,Hill Station,October,Cold,High,Airport,25.95
Goa,15.323109264467801,74.24591159888503,Hill Station,February,Cold,Medium,Railway Station,21.63
Punjab,31.098637756803036,75.44440470013704,City,January,Moderate,High,Road,25.49
Delhi,28.71609361021787,77.05158520654369,Historical,October,Hot,Medium,Road,13.26
Tamil Nadu,11.010820393036239,78.80935997737194,Hill Station,December,Cold,High,Road,31.74
Kerala,10.961940421640127,76.38555328788608,Hill Station,June,Cold,Medium,Airport,25.94
Uttarakhand,30.058136778380707,79.03190815098701,City,March,Moderate,Medium,Road,19.77
Kerala,10.84307545372681,76.29587081624928,Religious,March,Moderate,Low,Airport,6.14
Maharashtra,19.834261889430756,75.59247515280067,Hill Station,June,Cold,Medium,Road,29.49
Maharashtra,19.743444434907996,75.92965152174362,Beach,August,Hot,Medium,Road,28.82
West Bengal,22.94261062050051,87.80943673597872,Religious,May,Moderate,Low,Airport,13.61
Uttarakhand,29.97716588912081,79.11010127949271,City,December,Moderate,High,Airport,22.23
Goa,15.369854281225626,74.21804791208727,Historical,July,Moderate,Low,Airport,10.1
Uttarakhand,30.09063172072584,79.06611317328675,Religious,November,Moderate,Medium,Airport,20.24
Delhi,28.802990428234004,76.91421363965928,City,January,Moderate,High,Airport,27.0
Himachal Pradesh,31.336620569037237,77.19648145024105,Hill Station,June,Cold,Low,Airport,22.87
Uttarakhand,30.181979392300267,78.99882983492496,City,September,Moderate,Medium,Road,18.04
Tamil Nadu,11.016306787304437,78.66641185219022,Beach,August,Hot,Medium,Railway Station,35.55
Maharashtra,19.855231680729,75.83981800292817,Wildlife,September,Hot,Low,Airport,20.56
Tamil Nadu,11.10859838940605,78.52069122605441,Hill Station,April,Cold,Medium,Airport,20.06
West Bengal,22.839966714369268,87.90058148125183,City,September,Moderate,Low,Road,19.73
Punjab,31.356775130397413,75.45190964005909,Beach,January,Hot,High,Railway Station,33.22
Uttarakhand,29.905858174736,79.11079527589082,Wildlife,September,Hot,Medium,Airport,28.3
Delhi,28.794251651428162,77.02657278503956,Historical,February,Hot,High,Road,25.0
Tamil Nadu,11.007504285963424,78.578722339557,Hill Station,May,Cold,Medium,Airport,23.78
Rajasthan,26.927722750534162,74.33775851801754,Wildlife,April,Moderate,Low,Railway Station,25.97
Uttarakhand,30.029747669235714,79.09297559576173,Religious,May,Moderate,Medium,Road,10.46
Uttarakhand,30.1051827023776,79.0300449420501,Wildlife,March,Moderate,Medium,Airport,32.47
Uttarakhand,29.98034980554929,78.8775757108665,Religious,June,Moderate,Medium,Road,16.3
Tamil Nadu,11.24941894872196,78.65157750249584,Historical,June,Moderate,Medium,Railway Station,17.61
West Bengal,22.96192127453337,87.78578110062573,Wildlife,October,Hot,Medium,Airport,35.29
Himachal Pradesh,31.05489947820839,77.26255643569019,Religious,April,Moderate,Low,Railway Station,11.36
Delhi,28.66897889284243,76.99287407257377,Wildlife,April,Moderate,Medium,Airport,32.72
Goa,15.19375002522317,74.11513537121608,City,August,Moderate,Medium,Railway Station,16.42
Rajasthan,27.088778331914998,74.24249864621848,Historical,May,Hot,Medium,Railway Station,17.32
Himachal Pradesh,31.15388495107986,77.39519595665286,Hill Station,July,Cold,Medium,Airport,23.87
Maharashtra,19.790600838519627,75.61974933197975,Wildlife,June,Hot,Medium,Road,31.55
Delhi,28.919651890019498,77.18254798083507,Historical,January,Hot,High,Airport,24.67
Uttarakhand,30.136599844429362,78.9628955385868,Religious,March,Moderate,Medium,Airport,21.34
Himachal Pradesh,31.09130571857147,77.23722744378603,Beach,April,Hot,Medium,Railway Station,27.88
Maharashtra,19.724726862683593,75.8443124386328,Wildlife,July,Hot,Low,Airport,20.54
Punjab,31.27180747516086,75.44256767051954,Wildlife,April,Hot,Medium,Railway Station,31.61
West Bengal,23.00325980496469,87.86379058073788,Historical,November,Moderate,High,Road,24.12
Himachal Pradesh,31.179969583297897,77.0927404561144,Beach,November,Hot,Medium,Road,26.03
Delhi,28.641596741666714,76.94598234204229,Wildlife,October,Moderate,Medium,Road,30.37
Kerala,10.83535512011878,76.35583004805743,Hill Station,November,Cold,High,Railway Station,28.26
Goa,15.239443857079209,74.22806896398282,Historical,February,Moderate,Medium,Road,19.41
Himachal Pradesh,31.339780064879392,77.11229739209797,Religious,April,Moderate,Low,Road,11.68
Delhi,28.596794985212618,76.95881013101243,Wildlife,November,Hot,High,Railway Station,30.02
Delhi,28.679071626365438,76.8659018852268,Wildlife,March,Hot,Medium,Railway Station,25.68
Himachal Pradesh,31.140028282049435,77.12123415201187,Religious,June,Moderate,Medium,Road,18.32
Tamil Nadu,11.172279075565816,78.8117894608272,Hill Station,April,Cold,Low,Airport,18.95
Maharashtra,19.645409370120177,75.6054931739531,Religious,August,Moderate,Low,Road,14.23
Maharashtra,19.796150434199237,75.859761084072,Wildlife,November,Hot,Medium,Railway Station,25.91
Rajasthan,26.930151804707627,74.14479140010361,Wildlife,June,Hot,Medium,Road,25.88
Maharashtra,19.83137261521269,75.51952268436013,Wildlife,September,Moderate,Low,Railway Station,22.51
Maharashtra,19.725894465146308,75.64048245492192,Religious,February,Moderate,High,Road,25.24
Goa,15.249385860839148,74.3161300537621,Beach,October,Hot,Medium,Railway Station,30.89
Tamil Nadu,11.000175968368671,78.72353769995473,Religious,April,Moderate,Medium,Airport,17.59
Delhi,28.763548379995974,77.08545852997749,Hill Station,November,Cold,High,Airport,30.55
West Bengal,23.01043330098127,87.75838296122103,Beach,August,Hot,Medium,Road,28.95
Goa,15.194170265482674,74.05799954639805,Wildlife,October,Hot,High,Road,32.08
Goa,15.335462127662424,73.94660523176852,City,June,Moderate,Medium,Railway Station,17.95
Goa,15.366330235467368,73.99144537425649,City,May,Moderate,Medium,Airport,19.52
Punjab,31.14468545528488,75.3418730350342,Historical,July,Moderate,Medium,Road,19.09
Rajasthan,26.911793937800255,74.36680176597126,Religious,July,Moderate,Medium,Airport,18.47
Tamil Nadu,11.128761292630315,78.79125228113354,Religious,June,Moderate,Medium,Railway Station,15.38
Kerala,10.822339924450477,76.57126686377903,City,August,Moderate,Medium,Railway Station,14.63
Delhi,28.875433955427454,77.08316838227782,Hill Station,December,Cold,Medium,Railway Station,22.55
Punjab,31.16221188793209,75.34950612574106,Religious,May,Moderate,Low,Airport,9.83
Uttarakhand,30.1198184327252,78.96178050799845,Wildlife,November,Hot,Medium,Road,29.72
Kerala,11.019894170368111,76.2901628048682,Wildlife,September,Hot,Medium,Railway Station,28.37
Delhi,28.545226152761945,77.24674334625765,Religious,January,Moderate,High,Railway Station,24.29
Delhi,28.812185524986006,77.11713806397296,Religious,October,Moderate,Medium,Railway Station,15.34
Uttarakhand,30.140479037444365,79.01216074304413,Wildlife,June,Hot,Low,Railway Station,23.52
Maharashtra,19.634821598836304,75.76223152514024,Beach,November,Hot,High,Railway Station,32.94
Uttarakhand,30.01546591232619,78.92087839238242,Historical,November,Moderate,High,Road,21.34
Himachal Pradesh,31.05051922160899,77.19260064580877,Historical,August,Moderate,Medium,Road,21.3
Goa,15.31214128951099,74.13635174623658,Beach,May,Hot,Medium,Road,32.41
Punjab,31.007041436194587,75.33991426474101,Historical,December,Moderate,Medium,Airport,10.37
Punjab,31.046321480499493,75.48742389865751,Historical,November,Moderate,Medium,Road,17.34
Himachal Pradesh,31.17023963030797,77.19958389672648,Religious,August,Moderate,Low,Railway Station,14.93
Tamil Nadu,11.360298369606918,78.66632891531717,Hill Station,November,Cold,High,Road,32.82
Kerala,10.855221793491657,76.07863517088211,City,November,Moderate,High,Airport,24.29
Punjab,31.059114655670562,75.3704443591195,Historical,September,Moderate,Medium,Road,13.09
Kerala,10.992978714905092,76.49438930966869,Historical,October,Moderate,High,Airport,22.04
Rajasthan,27.167731217647756,74.2583611998716,Beach,April,Hot,Medium,Road,32.73
Maharashtra,19.602679293147993,75.90813537776587,City,May,Moderate,Medium,Airport,14.89
Kerala,10.945104447036448,76.24972424230009,Beach,July,Hot,Medium,Road,27.27
Delhi,28.615413271557316,76.98509585547983,Wildlife,June,Moderate,Medium,Airport,29.23
Maharashtra,19.6594130906435,75.59766967025176,City,November,Moderate,High,Airport,18.99
Rajasthan,27.257500231104405,74.24810251275272,Beach,February,Hot,Medium,Airport,31.56
Tamil Nadu,11.218192345626088,78.78356128517169,City,April,Moderate,Medium,Airport,13.9
West Bengal,23.040584107366076,87.75987323117874,Beach,June,Hot,Medium,Road,31.95
Uttarakhand,29.870771636715176,79.14341895878498,Hill Station,May,Cold,Medium,Road,25.53
West Bengal,22.975215938306903,87.89244923031143,Beach,May,Hot,Medium,Road,26.8
Punjab,31.216019745947293,75.28145420019344,Beach,March,Hot,Low,Airport,23.48
Kerala,10.633093361030694,76.26714204097321,City,August,Moderate,Medium,Railway Station,24.27
Himachal Pradesh,30.855109271453216,77.20568267682552,City,July,Moderate,Medium,Road,21.59
Uttarakhand,30.113199513120705,78.88320042753486,Hill Station,October,Cold,Medium,Airport,28.67
Uttarakhand,30.012351039933066,78.99063594745799,City,June,Moderate,Medium,Railway Station,13.32
West Bengal,22.828491958533547,87.81967360256168,Hill Station,March,Cold,Medium,Airport,25.94
Punjab,31.231163160589936,75.23637725036568,Historical,February,Moderate,High,Railway Station,19.97
Goa,15.373675639803333,74.03071154786905,Hill Station,April,Cold,Medium,Railway Station,22.59
