Month,Place_Type,Climate,Trip_Duration_Days,Companions,Interest,Budget_Thousand_INR
December,Religious,Moderate,5,Solo,Adventure,14.49
December,Beach,Hot,2,o,Relaxation,19.59
July,Religious,Moderate,1,o,Food,7.66
April,Hill Station,Cold,14,o,Relaxation,15.96
April,Wildlife,Moderate,14,o,Food,17.84
October,Historical,Hot,5,o,Shopping,15.03
June,Hill Station,Moderate,5,o,Shopping,13.59
February,Beach,Hot,2,o,Culture,21.63
June,Historical,Hot,5,o,Culture,10.29
February,Hill Station,Cold,7,o,Food,12.23
June,Hill Station,Cold,4,o,Food,17.45
November,Religious,Moderate,4,o,Adventure,6.43
February,City,Moderate,7,o,Relaxation,11.72
March,City,Moderate,6,o,Culture,10.77
December,City,Moderate,2,o,Culture,10.89
December,Wildlife,Hot,4,o,Food,10.58
May,Beach,Hot,14,o,Shopping,27.68
April,Beach,Hot,1,o,Adventure,21.18
February,City,Moderate,4,o,Culture,9.55
November,Wildlife,Moderate,10,o,Relaxation,18.13
May,Historical,Hot,3,o,Relaxation,10.2
July,Beach,Hot,7,o,Food,22.84
September,City,Moderate,10,o,Relaxation,11.19
March,Hill Station,Cold,3,o,Adventure,20.56
February,Religious,Moderate,7,o,Food,9.4
May,Historical,Hot,14,o,Food,11.98
May,Hill Station,Moderate,6,o,Food,17.47
March,Hill Station,Cold,10,o,Shopping,11.34
March,Hill Station,Cold,14,o,Food,11.02
October,Hill Station,Moderate,4,o,Food,15.59
September,Beach,Hot,14,o,Relaxation,22.22
January,Hill Station,Cold,2,o,Shopping,15.51
January,City,Moderate,4,o,Relaxation,9.97
December,Wildlife,Moderate,10,o,Adventure,12.25
November,Hill Station,Moderate,10,o,Relaxation,10.96
September,Wildlife,Hot,7,o,Culture,14.36
July,Beach,Hot,6,o,Culture,21.75
April,Historical,Hot,4,o,Adventure,14.66
October,Hill Station,Moderate,14,o,Adventure,12.48
February,Beach,Moderate,1,o,Adventure,19.07
June,Beach,Hot,2,o,Adventure,18.56
November,Wildlife,Moderate,10,o,Culture,16.44
October,Beach,Hot,10,o,Food,22.44
April,Beach,Moderate,2,o,Shopping,24.07
July,Hill Station,Cold,7,o,Culture,16.08
January,Historical,Hot,7,o,Adventure,10.06
April,Religious,Moderate,4,o,Adventure,12.08
July,Beach,Hot,3,o,Relaxation,24.61
February,City,Moderate,10,o,Relaxation,23.12
November,Wildlife,Hot,14,o,Adventure,14.24
March,Hill Station,Cold,7,o,Relaxation,10.74
July,Historical,Hot,1,o,Relaxation,15.13
July,Beach,Hot,5,o,Adventure,19.34
December,Historical,Hot,14,o,Shopping,13.07
April,Religious,Moderate,5,o,Relaxation,15.43
December,Beach,Hot,14,o,Food,18.45
January,Hill Station,Cold,10,o,Adventure,12.57
September,Wildlife,Hot,2,o,Adventure,15.49
February,Beach,Moderate,4,o,Food,22.75
April,Historical,Hot,1,o,Food,12.99
November,Wildlife,Hot,14,o,Shopping,21.12
November,City,Moderate,6,o,Relaxation,13.53
March,Beach,Moderate,5,o,Shopping,17.89
January,Historical,Hot,10,o,Adventure,11.02
September,Wildlife,Moderate,4,o,Adventure,20.82
June,Wildlife,Hot,2,o,Relaxation,16.12
March,Beach,Hot,10,o,Culture,12.03
November,Wildlife,Moderate,14,o,Food,18.04
March,Hill Station,Cold,5,o,Adventure,16.36
March,Hill Station,Cold,5,o,Food,14.5
April,City,Moderate,5,o,Culture,18.66
January,Wildlife,Moderate,2,o,Culture,17.52
January,Religious,Moderate,1,o,Culture,10.94
March,City,Moderate,10,o,Culture,7.98
January,Wildlife,Moderate,2,o,Food,17.18
January,Hill Station,Cold,6,o,Food,22.39
March,Wildlife,Moderate,1,o,Shopping,16.42
June,City,Moderate,4,o,Adventure,13.9
June,Religious,Moderate,14,o,Adventure,10.9
March,Historical,Hot,3,o,Relaxation,8.49
December,Historical,Hot,6,o,Relaxation,15.43
March,Historical,Hot,2,o,Culture,14.26
April,Historical,Hot,4,o,Shopping,14.37
April,Historical,Hot,4,o,Culture,9.27
June,Hill Station,Cold,5,o,Shopping,19.22
November,Hill Station,Cold,14,o,Culture,19.18
February,Historical,Hot,5,o,Adventure,9.03
February,Beach,Hot,7,o,Adventure,18.3
October,City,Moderate,14,o,Shopping,18.12
April,Hill Station,Cold,5,o,Food,17.62
September,Hill Station,Cold,14,o,Adventure,16.95
July,Religious,Moderate,2,o,Culture,7.33
June,Religious,Moderate,2,o,Food,12.61
May,Religious,Moderate,7,o,Food,8.26
September,City,Moderate,3,o,Culture,14.86
November,Beach,Hot,3,o,Shopping,19.52
September,Wildlife,Moderate,1,o,Shopping,15.93
July,City,Moderate,6,o,Relaxation,14.67
November,Historical,Hot,4,o,Shopping,15.13
November,Wildlife,Hot,2,o,Relaxation,18.58
April,City,Moderate,5,o,Adventure,8.18
January,Beach,Hot,1,o,Relaxation,20.55
February,Beach,Moderate,10,o,Food,20.78
August,Historical,Hot,7,o,Shopping,14.35
February,Beach,Hot,7,o,Adventure,23.9
August,Beach,Moderate,1,o,Food,17.4
August,Wildlife,Hot,3,o,Adventure,18.85
October,Historical,Hot,14,o,Shopping,15.65
December,Historical,Hot,10,o,Relaxation,12.68
November,Historical,Hot,5,o,Relaxation,14.54
May,Wildlife,Moderate,10,o,Relaxation,17.88
May,Hill Station,Cold,6,o,Relaxation,12.86
March,City,Moderate,4,o,Relaxation,13.52
February,Historical,Hot,7,o,Relaxation,8.35
August,Historical,Hot,7,o,Food,15.15
July,Hill Station,Cold,1,o,Shopping,18.98
January,Wildlife,Hot,6,o,Shopping,14.75
September,City,Moderate,14,o,Shopping,9.61
April,Wildlife,Hot,5,o,Shopping,19.89
July,Historical,Hot,6,o,Adventure,13.24
August,Religious,Moderate,3,o,Relaxation,13.47
October,Wildlife,Moderate,1,o,Shopping,22.69
August,Hill Station,Cold,3,o,Relaxation,12.33
June,Hill Station,Moderate,4,o,Shopping,12.55
July,Historical,Hot,5,o,Culture,14.64
August,Historical,Hot,1,o,Adventure,11.28
April,Religious,Moderate,2,o,Culture,14.63
April,Religious,Moderate,4,o,Adventure,12.61
March,Hill Station,Cold,10,o,Relaxation,14.21
April,Religious,Moderate,10,o,Food,19.16
March,Religious,Moderate,2,o,Culture,12.88
October,Beach,Hot,1,o,Adventure,17.43
December,City,Moderate,4,o,Shopping,13.13
December,Hill Station,Cold,5,o,Adventure,14.59
January,Religious,Moderate,6,o,Food,10.33
February,Wildlife,Moderate,14,o,Culture,19.14
July,Religious,Moderate,10,o,Adventure,10.63
November,Hill Station,Moderate,10,o,Culture,17.22
March,Religious,Moderate,14,o,Shopping,8.46
September,Religious,Moderate,10,o,Food,6.46
May,Historical,Hot,6,o,Food,10.66
August,Beach,Hot,4,o,Culture,22.57
January,Historical,Hot,10,o,Culture,14.13
April,City,Moderate,6,o,Shopping,13.28
October,City,Moderate,5,o,Culture,14.89
April,Wildlife,Moderate,2,o,Food,22.29
September,Beach,Hot,4,o,Shopping,23.17
August,Religious,Moderate,1,o,Shopping,11.15
July,Hill Station,Moderate,4,o,Relaxation,18.25
September,City,Moderate,14,o,Shopping,16.16
June,City,Moderate,6,o,Food,8.87
May,Religious,Moderate,5,o,Culture,8.19
June,Beach,Moderate,2,o,Relaxation,20.91
April,Religious,Moderate,10,o,Relaxation,11.77
April,City,Moderate,5,o,Adventure,13.07
May,Beach,Hot,1,o,Relaxation,22.62
January,Religious,Moderate,1,o,Culture,12.71
November,Wildlife,Hot,10,o,Relaxation,20.41
May,Hill Station,Moderate,10,o,Food,14.05
March,Historical,Hot,1,o,Culture,14.28
February,City,Moderate,7,o,Adventure,10.68
November,Historical,Hot,1,o,Food,11.29
May,Beach,Hot,2,o,Food,19.88
July,Beach,Hot,4,o,Food,18.4
August,Wildlife,Moderate,5,o,Shopping,15.76
October,Wildlife,Moderate,1,o,Culture,17.24
November,Wildlife,Hot,4,o,Relaxation,14.32
April,City,Moderate,3,o,Relaxation,12.0
January,Wildlife,Hot,7,o,Relaxation,14.85
January,Historical,Hot,4,o,Culture,14.04
February,City,Moderate,4,o,Shopping,10.81
February,City,Moderate,14,o,Shopping,13.65
March,Beach,Hot,2,o,Culture,27.17
October,Hill Station,Cold,5,o,Culture,20.53
December,Historical,Hot,5,o,Shopping,5.92
September,Religious,Moderate,14,o,Culture,11.56
October,Historical,Hot,1,o,Adventure,10.01
May,Historical,Hot,1,o,Food,14.56
October,Hill Station,Cold,1,o,Food,12.68
January,Religious,Moderate,3,o,Food,15.98
March,Historical,Hot,7,o,Culture,11.0
August,Religious,Moderate,6,o,Adventure,10.05
November,Historical,Hot,2,o,Culture,12.95
December,Beach,Hot,10,o,Shopping,15.16
January,City,Moderate,10,o,Food,9.22
June,Hill Station,Moderate,2,o,Culture,17.75
August,Historical,Hot,7,o,Food,13.13
June,Hill Station,Cold,10,o,Food,19.95
April,Religious,Moderate,5,o,Adventure,6.44
August,Wildlife,Moderate,10,o,Culture,15.55
April,Hill Station,Moderate,3,o,Food,16.33
July,City,Moderate,2,o,Food,15.32
February,Beach,Hot,3,o,Shopping,19.94
December,Historical,Hot,5,o,Food,9.2
April,Historical,Hot,10,o,Shopping,8.12
April,Wildlife,Hot,14,o,Shopping,16.68
May,Religious,Moderate,7,o,Adventure,15.9
May,City,Moderate,5,o,Adventure,8.71
August,Wildlife,Hot,14,o,Relaxation,16.61
September,Historical,Hot,14,o,Culture,10.6
April,Historical,Hot,4,o,Culture,12.18
July,Wildlife,Hot,1,o,Relaxation,24.04
July,City,Moderate,3,o,Shopping,10.06
September,Historical,Hot,6,o,Relaxation,13.39
September,Hill Station,Cold,10,o,Adventure,14.39
November,Hill Station,Cold,3,o,Shopping,15.18
June,Hill Station,Moderate,7,o,Culture,9.31
November,Religious,Moderate,14,o,Culture,14.84
September,Historical,Hot,1,o,Shopping,10.15
November,Wildlife,Hot,5,o,Relaxation,23.33
February,Beach,Moderate,2,o,Shopping,21.32
January,Historical,Hot,1,o,Culture,11.67
June,City,Moderate,6,o,Culture,11.54
September,Historical,Hot,7,o,Relaxation,12.62
March,Wildlife,Moderate,2,o,Relaxation,15.23
November,Wildlife,Moderate,4,o,Food,19.55
August,Historical,Hot,5,o,Relaxation,14.86
August,Historical,Hot,5,o,Adventure,16.36
August,Religious,Moderate,6,o,Adventure,12.09
December,Wildlife,Hot,5,o,Shopping,18.74
July,Historical,Hot,10,o,Relaxation,9.51
October,Hill Station,Moderate,6,o,Shopping,13.32
January,Wildlife,Hot,7,o,Culture,16.94
November,City,Moderate,1,o,Food,13.35
April,Wildlife,Moderate,6,o,Culture,14.99
May,Beach,Moderate,3,o,Food,23.49
May,Religious,Moderate,10,o,Adventure,10.35
February,Hill Station,Moderate,5,o,Relaxation,18.3
April,City,Moderate,3,o,Relaxation,11.78
September,Wildlife,Hot,5,o,Food,17.78
May,Beach,Hot,6,o,Shopping,18.43
March,Hill Station,Moderate,4,o,Adventure,17.85
June,Religious,Moderate,2,o,Food,11.97
September,Historical,Hot,2,o,Culture,11.61
October,Historical,Hot,7,o,Culture,12.29
November,Religious,Moderate,4,o,Adventure,12.79
September,Historical,Hot,6,o,Food,9.55
November,Wildlife,Moderate,10,o,Adventure,23.28
February,Religious,Moderate,3,o,Shopping,14.61
August,Hill Station,Moderate,2,o,Culture,11.41
March,Hill Station,Moderate,7,o,Food,12.9
July,Historical,Hot,3,o,Food,11.97
October,Historical,Hot,7,o,Shopping,5.73
April,City,Moderate,10,o,Culture,18.31
February,Historical,Hot,6,o,Culture,11.07
July,Wildlife,Moderate,5,o,Adventure,19.41
February,Beach,Hot,4,o,Shopping,21.84
June,Religious,Moderate,4,o,Adventure,15.07
September,Beach,Hot,4,o,Adventure,20.73
June,Wildlife,Moderate,3,o,Relaxation,15.48
March,Wildlife,Hot,3,o,Culture,15.59
February,Wildlife,Moderate,1,o,Relaxation,17.7
April,Beach,Moderate,6,o,Culture,15.66
January,Hill Station,Moderate,3,o,Culture,10.78
February,Religious,Moderate,2,o,Food,9.01
September,Historical,Hot,2,o,Culture,16.08
January,Historical,Hot,14,o,Food,5.89
January,City,Moderate,10,o,Adventure,17.71
August,Historical,Hot,10,o,Adventure,11.09
October,Hill Station,Cold,3,o,Culture,14.99
October,Hill Station,Cold,14,o,Culture,18.81
October,Religious,Moderate,14,o,Shopping,13.31
October,City,Moderate,7,o,Food,14.48
December,Hill Station,Cold,4,o,Food,15.27
July,Historical,Hot,6,o,Relaxation,14.07
December,Historical,Hot,2,o,Shopping,10.8
November,City,Moderate,5,o,Culture,13.67
February,City,Moderate,2,o,Shopping,13.04
February,Hill Station,Cold,6,o,Shopping,16.42
September,Beach,Hot,14,o,Food,20.16
June,City,Moderate,7,o,Shopping,17.35
October,Religious,Moderate,5,o,Culture,13.88
September,City,Moderate,4,o,Food,19.46
February,Beach,Hot,6,o,Relaxation,17.7
May,Wildlife,Hot,4,o,Adventure,23.57
November,Historical,Hot,5,o,Food,9.58
December,Hill Station,Cold,5,o,Culture,14.53
March,City,Moderate,3,o,Adventure,8.93
March,Wildlife,Moderate,1,o,Adventure,14.72
July,Hill Station,Moderate,10,o,Shopping,15.45
May,City,Moderate,6,o,Culture,7.26
March,Wildlife,Hot,3,o,Adventure,18.09
May,Wildlife,Hot,10,o,Adventure,19.23
October,Religious,Moderate,10,o,Shopping,15.43
September,Historical,Hot,2,o,Relaxation,14.1
May,City,Moderate,10,o,Adventure,12.6
April,Wildlife,Hot,7,o,Adventure,20.54
April,Wildlife,Hot,5,o,Adventure,15.59
May,Beach,Hot,6,o,Culture,14.86
December,Hill Station,Moderate,7,o,Shopping,19.06
September,Beach,Moderate,4,o,Shopping,19.66
July,Wildlife,Hot,1,o,Adventure,20.71
February,Historical,Hot,6,o,Shopping,11.67
July,Wildlife,Hot,7,o,Food,16.83
January,City,Moderate,6,o,Shopping,13.02
February,Beach,Hot,7,o,Culture,20.14
October,Hill Station,Moderate,7,o,Shopping,13.65
May,Wildlife,Hot,6,o,Shopping,18.87
February,Beach,Hot,14,o,Relaxation,20.36
September,Religious,Moderate,4,o,Food,12.54
April,City,Moderate,2,o,Relaxation,15.13
March,Beach,Hot,3,o,Relaxation,16.63
November,Religious,Moderate,10,o,Relaxation,8.52
November,Historical,Hot,6,o,Food,11.09
August,Religious,Moderate,2,o,Relaxation,11.73
May,Historical,Hot,1,o,Culture,18.14
August,City,Moderate,10,o,Culture,13.34
May,Hill Station,Moderate,2,o,Culture,19.65
October,Religious,Moderate,14,o,Food,17.18
September,Historical,Hot,1,o,Food,17.27
October,Historical,Hot,10,o,Culture,11.25
August,Wildlife,Moderate,2,o,Adventure,19.91
November,City,Moderate,3,o,Food,17.47
August,Hill Station,Cold,14,o,Shopping,17.63
June,Wildlife,Moderate,5,o,Culture,11.81
November,Historical,Hot,1,o,Culture,16.33
June,Religious,Moderate,2,o,Adventure,13.66
May,Wildlife,Moderate,3,o,Culture,16.59
November,City,Moderate,3,o,Food,17.51
March,City,Moderate,2,o,Shopping,13.22
March,City,Moderate,14,o,Culture,17.89
June,Hill Station,Moderate,1,o,Food,10.86
April,City,Moderate,6,o,Relaxation,12.96
March,Historical,Hot,3,o,Relaxation,14.39
September,Hill Station,Cold,14,o,Adventure,16.15
October,Religious,Moderate,3,o,Culture,10.9
March,Wildlife,Hot,3,o,Relaxation,20.37
January,Religious,Moderate,7,o,Shopping,6.68
October,City,Moderate,5,o,Shopping,12.63
September,Religious,Moderate,4,o,Relaxation,10.77
June,City,Moderate,10,o,Relaxation,9.7
September,Historical,Hot,14,o,Shopping,13.46
October,Historical,Hot,3,o,Relaxation,14.24
June,City,Moderate,14,o,Shopping,12.13
February,Hill Station,Cold,3,o,Culture,12.04
March,City,Moderate,7,o,Food,14.51
June,Hill Station,Cold,1,o,Shopping,12.55
September,Historical,Hot,6,o,Shopping,10.32
June,Beach,Hot,4,o,Adventure,19.68
December,Hill Station,Cold,6,o,Adventure,11.89
May,Beach,Hot,10,o,Adventure,25.89
August,Religious,Moderate,1,o,Shopping,11.11
April,Hill Station,Cold,3,o,Culture,16.54
May,Wildlife,Moderate,4,o,Adventure,20.61
April,City,Moderate,7,o,Adventure,12.66
February,Religious,Moderate,10,o,Adventure,10.34
October,Wildlife,Hot,4,o,Food,14.79
July,Religious,Moderate,1,o,Culture,12.74
October,Wildlife,Moderate,7,o,Relaxation,16.17
June,Beach,Hot,2,o,Food,13.09
August,Wildlife,Moderate,1,o,Shopping,21.93
May,Religious,Moderate,1,o,Culture,10.25
April,City,Moderate,2,o,Culture,14.73
January,Wildlife,Hot,6,o,Relaxation,17.93
November,Wildlife,Hot,10,o,Relaxation,16.62
March,Religious,Moderate,2,o,Relaxation,8.13
May,Religious,Moderate,4,o,Adventure,6.18
June,Hill Station,Cold,5,o,Adventure,15.61
August,Wildlife,Moderate,5,o,Food,15.06
June,Hill Station,Cold,1,o,Culture,11.76
February,Religious,Moderate,6,o,Culture,11.65
July,Historical,Hot,6,o,Shopping,14.73
June,Beach,Hot,14,o,Shopping,19.98
February,City,Moderate,7,o,Shopping,17.44
May,Wildlife,Moderate,6,o,Food,24.12
November,Hill Station,Moderate,5,o,Culture,18.04
December,City,Moderate,7,o,Food,9.89
August,Beach,Hot,1,o,Culture,19.43
July,Religious,Moderate,5,o,Food,15.19
November,Religious,Moderate,7,o,Adventure,7.07
March,City,Moderate,10,o,Adventure,7.26
April,Hill Station,Moderate,6,o,Adventure,17.82
January,City,Moderate,3,o,Food,8.8
June,Religious,Moderate,10,o,Culture,12.69
June,Hill Station,Cold,7,o,Food,13.63
February,City,Moderate,1,o,Relaxation,11.12
September,Religious,Moderate,7,o,Shopping,9.85
May,Wildlife,Moderate,10,o,Culture,15.76
April,Beach,Hot,2,o,Shopping,12.49
March,Beach,Moderate,10,o,Shopping,22.05
December,Hill Station,Cold,2,o,Culture,16.17
March,Wildlife,Hot,3,o,Culture,16.75
April,City,Moderate,3,o,Adventure,11.27
June,Beach,Hot,14,o,Adventure,22.27
September,Wildlife,Hot,3,o,Shopping,17.3
May,Wildlife,Hot,7,o,Adventure,19.25
July,Religious,Moderate,7,o,Food,13.8
June,Wildlife,Moderate,2,o,Relaxation,14.71
June,Historical,Hot,3,o,Food,9.71
July,Wildlife,Hot,14,o,Relaxation,11.59
March,Hill Station,Cold,5,o,Food,15.78
December,Beach,Hot,4,o,Culture,17.29
May,City,Moderate,4,o,Adventure,9.58
November,Religious,Moderate,5,o,Relaxation,11.8
November,Wildlife,Hot,3,o,Food,15.04
November,Wildlife,Moderate,6,o,Relaxation,17.14
February,Wildlife,Moderate,1,o,Adventure,20.02
October,Religious,Moderate,7,o,Relaxation,9.27
November,Wildlife,Moderate,14,o,Shopping,20.32
April,City,Moderate,7,o,Shopping,15.31
December,City,Moderate,1,o,Adventure,10.83
August,Beach,Hot,10,o,Shopping,27.3
March,Beach,Hot,6,o,Food,20.51
July,Religious,Moderate,3,o,Culture,11.27
April,City,Moderate,10,o,Culture,14.46
April,Hill Station,Moderate,3,o,Shopping,19.74
July,Hill Station,Cold,7,o,Culture,13.22
October,Beach,Hot,6,o,Culture,21.76
September,Beach,Hot,10,o,Shopping,21.63
January,Historical,Hot,2,o,Shopping,15.1
April,Historical,Hot,6,o,Relaxation,5.38
August,Hill Station,Moderate,10,o,Culture,16.08
July,City,Moderate,3,o,Adventure,16.6
June,City,Moderate,1,o,Shopping,11.78
September,Historical,Hot,4,o,Food,5.89
July,City,Moderate,14,o,Adventure,9.98
November,Historical,Hot,2,o,Food,6.39
June,Beach,Hot,6,o,Shopping,18.95
April,Wildlife,Hot,14,o,Relaxation,17.98
January,Historical,Hot,3,o,Adventure,11.34
September,Religious,Moderate,10,o,Shopping,13.49
October,Beach,Moderate,6,o,Culture,13.37
December,Beach,Hot,5,o,Food,15.56
September,Wildlife,Moderate,14,o,Food,20.43
January,Historical,Hot,6,o,Shopping,13.53
October,City,Moderate,5,o,Shopping,16.74
August,Religious,Moderate,5,o,Food,13.9
October,Religious,Moderate,10,o,Adventure,11.25
November,Beach,Hot,4,o,Relaxation,18.62
January,Hill Station,Cold,10,o,Relaxation,12.45
July,City,Moderate,4,o,Relaxation,17.53
December,Historical,Hot,3,o,Adventure,13.21
June,Wildlife,Hot,10,o,Food,20.11
March,Wildlife,Moderate,10,o,Culture,15.47
June,Wildlife,Hot,5,o,Food,16.19
April,Wildlife,Hot,5,o,Relaxation,14.06
May,Wildlife,Moderate,5,o,Relaxation,19.27
June,Religious,Moderate,10,o,Shopping,8.23
February,City,Moderate,14,o,Culture,15.61
March,Historical,Hot,5,o,Culture,16.07
June,Hill Station,Cold,10,o,Adventure,10.1
April,Religious,Moderate,4,o,Shopping,11.84
December,Wildlife,Moderate,5,o,Food,11.66
December,Beach,Hot,4,o,Food,24.49
April,Beach,Moderate,4,o,Food,20.84
June,Hill Station,Cold,10,o,Shopping,11.62
September,Hill Station,Cold,3,o,Adventure,15.33
November,Historical,Hot,4,o,Shopping,14.18
November,City,Moderate,1,o,Culture,14.44
December,Hill Station,Moderate,1,o,Food,15.67
January,Beach,Hot,7,o,Relaxation,25.65
January,Historical,Hot,1,o,Culture,16.04
May,City,Moderate,10,o,Culture,17.78
September,Religious,Moderate,10,o,Relaxation,9.47
June,City,Moderate,3,o,Adventure,10.03
December,Religious,Moderate,3,o,Culture,10.62
October,Hill Station,Moderate,4,o,Culture,22.62
September,Beach,Hot,6,o,Shopping,21.57
March,Hill Station,Cold,3,o,Adventure,18.21
January,Historical,Hot,5,o,Relaxation,10.25
May,Historical,Hot,6,o,Shopping,14.56
November,City,Moderate,6,o,Culture,6.04
November,Religious,Moderate,2,o,Adventure,10.31
July,Historical,Hot,14,o,Relaxation,13.88
November,Religious,Moderate,5,o,Adventure,14.81
March,City,Moderate,10,o,Relaxation,10.54
June,Beach,Hot,7,o,Food,19.22
November,Religious,Moderate,4,o,Food,6.49
August,Beach,Hot,14,o,Food,19.98
October,Religious,Moderate,2,o,Adventure,7.04
September,Hill Station,Cold,3,o,Food,14.31
August,Beach,Hot,2,o,Food,22.09
August,Religious,Moderate,2,o,Food,7.95
August,Wildlife,Hot,3,o,Adventure,18.55
October,Wildlife,Moderate,1,o,Shopping,14.6
December,Wildlife,Hot,1,o,Culture,16.51
December,Historical,Hot,4,o,Adventure,19.72
July,Wildlife,Moderate,6,o,Adventure,17.18
January,Religious,Moderate,2,o,Food,8.65
July,Historical,Hot,3,o,Culture,14.02
July,Beach,Moderate,10,o,Culture,18.28
November,Historical,Hot,14,o,Adventure,10.36
March,Beach,Hot,14,o,Adventure,27.71
January,Historical,Hot,1,o,Relaxation,8.68
July,City,Moderate,14,o,Food,17.17
August,Historical,Hot,6,o,Relaxation,5.0
December,Beach,Hot,2,o,Relaxation,23.74
January,Hill Station,Cold,4,o,Food,8.78
October,Beach,Hot,1,o,Adventure,15.78
December,Historical,Hot,1,o,Relaxation,9.67
September,Historical,Hot,4,o,Relaxation,8.67
May,Hill Station,Cold,4,o,Food,20.26
October,Religious,Moderate,6,o,Food,12.46
November,Beach,Hot,14,o,Relaxation,17.68
May,Beach,Hot,1,o,Culture,17.89
September,Wildlife,Hot,10,o,Shopping,14.82
September,Hill Station,Cold,6,o,Shopping,15.3
March,Religious,Moderate,5,o,Shopping,10.61
August,Historical,Hot,4,o,Food,13.5
August,Beach,Hot,1,o,Relaxation,16.84
September,Wildlife,Moderate,14,o,Shopping,19.44
May,Beach,Moderate,4,o,Relaxation,17.18
June,City,Moderate,2,o,Shopping,11.92
May,Wildlife,Hot,7,o,Adventure,20.48
April,Religious,Moderate,14,o,Adventure,9.03
June,Beach,Moderate,5,o,Relaxation,17.19
December,Hill Station,Cold,2,o,Relaxation,9.99
December,Religious,Moderate,4,o,Relaxation,16.29
June,Historical,Hot,5,o,Food,8.28
November,Historical,Hot,6,o,Food,9.55
September,City,Moderate,10,o,Culture,16.95
June,Historical,Hot,4,o,Shopping,6.74
January,City,Moderate,4,o,Shopping,15.27
May,Religious,Moderate,14,o,Adventure,6.76
March,Wildlife,Hot,4,o,Culture,10.75
October,City,Moderate,4,o,Shopping,18.09
August,Historical,Hot,10,o,Culture,12.63
March,Historical,Hot,3,o,Culture,11.71
September,Religious,Moderate,1,o,Relaxation,9.37
November,Wildlife,Hot,1,o,Adventure,18.2
November,Hill Station,Cold,4,o,Relaxation,15.34
April,Hill Station,Cold,14,o,Adventure,15.45
October,Historical,Hot,10,o,Adventure,18.47
January,Religious,Moderate,14,o,Adventure,13.02
January,Wildlife,Moderate,14,o,Adventure,17.51
May,Religious,Moderate,1,o,Food,10.45
February,Wildlife,Hot,2,o,Relaxation,13.13
April,Wildlife,Moderate,14,o,Relaxation,17.3
July,City,Moderate,2,o,Culture,13.59
October,City,Moderate,4,o,Shopping,10.06
November,Religious,Moderate,2,o,Culture,12.22
July,Religious,Moderate,7,o,Adventure,5.89
November,Historical,Hot,1,o,Adventure,15.09
August,Religious,Moderate,7,o,Adventure,12.42
February,Religious,Moderate,14,o,Food,11.77
December,Hill Station,Cold,10,o,Relaxation,17.95
November,City,Moderate,5,o,Adventure,9.99
June,Wildlife,Hot,1,o,Relaxation,18.53
February,Beach,Hot,5,o,Shopping,21.15
July,Beach,Hot,14,o,Food,12.89
December,City,Moderate,2,o,Relaxation,14.55
February,Wildlife,Moderate,7,o,Adventure,14.82
October,Beach,Hot,7,o,Culture,18.17
August,City,Moderate,10,o,Culture,8.78
July,Beach,Hot,7,o,Food,24.02
October,Beach,Hot,5,o,Adventure,17.35
May,Beach,Hot,3,o,Adventure,26.24
June,Historical,Hot,6,o,Shopping,11.09
May,Hill Station,Moderate,10,o,Adventure,12.42
March,City,Moderate,2,o,Adventure,15.1
September,Beach,Hot,14,o,Shopping,21.82
January,Wildlife,Moderate,2,o,Adventure,12.44
October,City,Moderate,6,o,Food,20.68
July,Historical,Hot,7,o,Culture,11.71
September,Hill Station,Cold,3,o,Food,13.94
March,Religious,Moderate,5,o,Relaxation,11.73
March,City,Moderate,2,o,Shopping,13.54
July,Beach,Hot,5,o,Culture,19.0
May,Historical,Hot,4,o,Culture,10.12
October,Religious,Moderate,4,o,Food,16.44
May,Historical,Hot,1,o,Relaxation,14.12
July,Historical,Hot,6,o,Food,10.31
November,Historical,Hot,3,o,Shopping,13.9
December,City,Moderate,4,o,Food,15.92
July,Historical,Hot,6,o,Relaxation,13.87
April,City,Moderate,6,o,Food,8.29
June,Historical,Hot,2,o,Shopping,9.82
September,Wildlife,Hot,3,o,Food,16.26
December,Religious,Moderate,4,o,Shopping,7.04
July,Historical,Hot,10,o,Adventure,11.32
May,Beach,Hot,3,o,Relaxation,21.14
February,Religious,Moderate,10,o,Shopping,12.83
July,Wildlife,Hot,14,o,Food,20.86
January,Wildlife,Hot,6,o,Food,20.19
April,Religious,Moderate,6,o,Adventure,10.79
November,Beach,Hot,7,o,Food,15.02
January,City,Moderate,2,o,Adventure,15.46
December,City,Moderate,14,o,Food,13.4
June,Wildlife,Moderate,7,o,Shopping,13.76
January,Historical,Hot,10,o,Culture,15.16
February,Hill Station,Moderate,2,o,Shopping,18.39
May,Religious,Moderate,6,o,Culture,10.76
August,Historical,Hot,6,o,Food,10.6
December,Historical,Hot,10,o,Shopping,14.66
January,City,Moderate,2,o,Culture,8.78
November,Hill Station,Cold,3,o,Adventure,16.5
March,Religious,Moderate,14,o,Food,11.67
July,Beach,Hot,10,o,Food,18.56
March,Beach,Hot,7,o,Relaxation,19.44
April,Historical,Hot,10,o,Food,10.68
January,Wildlife,Hot,4,o,Shopping,15.05
October,Beach,Hot,2,o,Adventure,23.13
June,Wildlife,Hot,4,o,Culture,12.95
November,Historical,Hot,10,o,Culture,13.76
July,Wildlife,Moderate,7,o,Food,17.25
June,Wildlife,Hot,10,o,Culture,20.2
October,Wildlife,Hot,2,o,Culture,15.45
February,Religious,Moderate,4,o,Culture,15.23
June,City,Moderate,3,o,Relaxation,19.9
October,Wildlife,Hot,3,o,Shopping,15.91
March,Wildlife,Hot,10,o,Shopping,15.66
March,Religious,Moderate,10,o,Food,15.36
June,City,Moderate,10,o,Relaxation,17.74
January,Wildlife,Moderate,10,o,Culture,15.43
September,Beach,Hot,14,o,Shopping,15.97
November,Religious,Moderate,10,o,Shopping,8.24
March,Historical,Hot,2,o,Shopping,8.99
May,Wildlife,Moderate,1,o,Relaxation,14.7
May,City,Moderate,3,o,Food,7.2
September,Historical,Hot,2,o,Food,8.38
September,Wildlife,Hot,6,o,Culture,19.95
September,Wildlife,Hot,4,o,Shopping,16.36
May,Historical,Hot,1,o,Relaxation,18.93
February,Historical,Hot,10,o,Culture,10.01
December,Hill Station,Cold,6,o,Relaxation,15.5
October,Religious,Moderate,3,o,Relaxation,12.48
October,Beach,Hot,6,o,Adventure,15.29
September,Wildlife,Moderate,3,o,Food,17.22
October,City,Moderate,5,o,Culture,11.13
July,Wildlife,Hot,1,o,Relaxation,15.33
April,City,Moderate,3,o,Relaxation,11.51
November,Religious,Moderate,7,o,Relaxation,10.5
November,Historical,Hot,5,o,Food,10.88
August,Religious,Moderate,2,o,Shopping,7.48
September,Religious,Moderate,5,o,Shopping,13.39
August,Religious,Moderate,6,o,Shopping,14.15
December,Wildlife,Moderate,10,o,Adventure,15.34
September,Religious,Moderate,7,o,Adventure,12.9
August,Beach,Hot,5,o,Relaxation,27.07
September,City,Moderate,3,o,Culture,15.81
November,Wildlife,Hot,1,o,Culture,15.16
January,Hill Station,Moderate,2,o,Shopping,13.84
January,Beach,Moderate,7,o,Shopping,20.86
March,Beach,Hot,5,o,Culture,21.0
February,Hill Station,Cold,6,o,Culture,14.47
July,Religious,Moderate,5,o,Adventure,8.61
November,Religious,Moderate,2,o,Shopping,6.86
April,Religious,Moderate,10,o,Adventure,8.81
April,Hill Station,Moderate,14,o,Food,12.48
January,Religious,Moderate,6,o,Adventure,10.98
August,Hill Station,Cold,2,o,Relaxation,13.45
December,Beach,Moderate,2,o,Adventure,20.67
May,Hill Station,Cold,3,o,Culture,22.58
February,Historical,Hot,14,o,Relaxation,10.41
November,Wildlife,Hot,3,o,Food,20.97
November,Historical,Hot,3,o,Relaxation,8.6
February,Historical,Hot,2,o,Relaxation,7.08
December,Beach,Moderate,7,o,Food,21.39
March,City,Moderate,4,o,Culture,14.77
September,City,Moderate,5,o,Relaxation,16.33
April,Religious,Moderate,14,o,Culture,13.46
May,Wildlife,Hot,1,o,Shopping,18.52
February,Beach,Hot,4,o,Shopping,24.15
January,Historical,Hot,6,o,Food,13.95
October,City,Moderate,7,o,Shopping,12.5
February,City,Moderate,1,o,Shopping,13.44
May,Wildlife,Moderate,4,o,Adventure,14.93
September,Hill Station,Moderate,5,o,Shopping,16.48
December,Religious,Moderate,7,o,Shopping,11.09
February,Hill Station,Cold,5,o,Culture,18.84
September,Hill Station,Cold,6,o,Relaxation,15.57
December,Historical,Hot,7,o,Culture,12.14
April,Religious,Moderate,2,o,Adventure,6.92
October,Historical,Hot,1,o,Shopping,14.24
January,City,Moderate,3,o,Adventure,14.94
August,Religious,Moderate,6,o,Relaxation,17.49
June,Wildlife,Hot,3,o,Relaxation,17.8
January,Religious,Moderate,6,o,Adventure,9.8
February,Historical,Hot,5,o,Food,13.61
August,Religious,Moderate,14,o,Shopping,11.14
October,City,Moderate,3,o,Shopping,16.63
February,City,Moderate,2,o,Culture,8.68
January,Beach,Moderate,4,o,Adventure,18.66
July,Hill Station,Cold,3,o,Culture,15.58
December,Beach,Hot,7,o,Food,20.4
July,Beach,Hot,6,o,Relaxation,17.9
June,City,Moderate,2,o,Food,11.56
April,Wildlife,Hot,14,o,Relaxation,17.38
August,Hill Station,Moderate,5,o,Adventure,16.1
September,City,Moderate,10,o,Adventure,11.42
May,Hill Station,Cold,5,o,Relaxation,19.7
June,Religious,Moderate,10,o,Shopping,10.8
January,Beach,Hot,7,o,Relaxation,14.9
June,Hill Station,Moderate,1,o,Food,13.78
December,City,Moderate,5,o,Shopping,8.66
April,Hill Station,Cold,7,o,Food,8.4
December,Historical,Hot,5,o,Relaxation,13.95
September,Hill Station,Cold,7,o,Relaxation,17.96
December,Religious,Moderate,2,o,Shopping,11.73
March,Wildlife,Hot,7,o,Food,15.31
November,Hill Station,Cold,3,o,Shopping,16.95
June,Beach,Hot,7,o,Culture,19.7
August,Religious,Moderate,5,o,Culture,7.32
March,Beach,Hot,2,o,Relaxation,24.98
August,Beach,Moderate,10,o,Relaxation,22.69
September,City,Moderate,6,o,Adventure,12.38
August,Beach,Hot,5,o,Culture,16.25
November,Hill Station,Moderate,5,o,Relaxation,19.33
June,Religious,Moderate,3,o,Relaxation,12.52
July,Hill Station,Cold,14,o,Culture,14.91
March,Hill Station,Moderate,1,o,Culture,17.12
December,Historical,Hot,14,o,Food,14.17
February,Beach,Moderate,3,o,Shopping,21.93
April,Hill Station,Cold,3,o,Adventure,18.99
November,Beach,Hot,2,o,Culture,20.59
January,Wildlife,Hot,2,o,Adventure,19.13
February,Beach,Hot,6,o,Relaxation,17.97
January,Hill Station,Cold,3,o,Shopping,20.4
August,Wildlife,Hot,1,o,Shopping,17.38
June,Historical,Hot,4,o,Relaxation,9.96
August,Beach,Hot,3,o,Culture,18.1
August,Hill Station,Cold,7,o,Culture,17.99
February,Wildlife,Moderate,5,o,Adventure,16.48
April,Historical,Hot,14,o,Shopping,9.94
December,Beach,Hot,6,o,Shopping,15.25
October,Historical,Hot,14,o,Culture,14.28
March,City,Moderate,1,o,Culture,15.36
May,City,Moderate,1,o,Adventure,14.28
April,Historical,Hot,3,o,Food,9.1
May,Hill Station,Cold,14,o,Relaxation,14.86
October,Religious,Moderate,7,o,Relaxation,18.21
April,City,Moderate,6,o,Relaxation,12.93
January,Religious,Moderate,6,o,Food,12.57
April,Wildlife,Moderate,10,o,Food,22.34
August,Wildlife,Moderate,1,o,Relaxation,14.37
October,Hill Station,Cold,4,o,Relaxation,15.11
June,Hill Station,Cold,4,o,Adventure,14.46
June,Beach,Hot,1,o,Relaxation,17.8
December,Hill Station,Cold,3,o,Food,17.97
June,Hill Station,Cold,7,o,Adventure,16.87
May,Wildlife,Moderate,6,o,Culture,17.83
November,Beach,Hot,10,o,Shopping,17.6
December,Religious,Moderate,14,o,Relaxation,11.18
November,Religious,Moderate,3,o,Relaxation,9.06
March,Historical,Hot,3,o,Culture,14.09
July,Religious,Moderate,1,o,Food,12.18
April,Beach,Hot,2,o,Food,18.26
December,Historical,Hot,2,o,Culture,15.27
March,Beach,Moderate,2,o,Culture,23.95
January,Religious,Moderate,5,o,Shopping,11.59
June,Beach,Hot,5,o,Adventure,21.2
July,Hill Station,Moderate,10,o,Adventure,21.55
July,Religious,Moderate,10,o,Relaxation,9.05
July,Historical,Hot,2,o,Food,10.55
August,Historical,Hot,2,o,Relaxation,11.04
June,Hill Station,Moderate,5,o,Adventure,16.27
March,Hill Station,Cold,7,o,Culture,16.57
February,Beach,Hot,6,o,Food,18.28
July,Wildlife,Hot,3,o,Adventure,22.18
January,Wildlife,Moderate,2,o,Relaxation,18.31
July,City,Moderate,14,o,Relaxation,9.62
May,Religious,Moderate,4,o,Culture,12.69
October,Hill Station,Cold,14,o,Shopping,14.23
June,Historical,Hot,1,o,Adventure,6.99
November,Historical,Hot,10,o,Culture,13.2
April,Beach,Hot,3,o,Adventure,21.94
August,Religious,Moderate,2,o,Adventure,5.41
August,City,Moderate,5,o,Shopping,10.3
June,Hill Station,Cold,7,o,Relaxation,15.67
January,City,Moderate,5,o,Shopping,16.14
April,Historical,Hot,5,o,Culture,17.05
December,Wildlife,Hot,2,o,Relaxation,15.62
July,Hill Station,Moderate,4,o,Food,14.48
September,Wildlife,Moderate,7,o,Shopping,19.65
April,Wildlife,Hot,10,o,Food,21.43
December,City,Moderate,1,o,Shopping,17.14
August,Wildlife,Hot,3,o,Adventure,18.2
March,Beach,Moderate,1,o,Relaxation,17.94
April,Historical,Hot,3,o,Shopping,10.35
December,Wildlife,Hot,2,o,Culture,14.99
July,Hill Station,Cold,14,o,Food,14.92
August,City,Moderate,1,o,Food,16.52
July,Religious,Moderate,3,o,Adventure,12.63
October,Beach,Hot,2,o,Adventure,18.89
May,City,Moderate,7,o,Shopping,6.3
October,Religious,Moderate,10,o,Food,11.71
July,Hill Station,Cold,3,o,Culture,13.91
July,Wildlife,Hot,6,o,Adventure,13.64
December,Religious,Moderate,10,o,Adventure,13.42
June,City,Moderate,5,o,Adventure,9.26
December,City,Moderate,2,o,Shopping,16.32
December,Beach,Hot,10,o,Culture,17.88
October,City,Moderate,2,o,Shopping,12.86
July,Beach,Hot,10,o,Relaxation,21.43
September,Wildlife,Moderate,3,o,Adventure,17.23
July,Hill Station,Cold,3,o,Food,11.15
April,Wildlife,Hot,4,o,Relaxation,12.33
August,Hill Station,Cold,1,o,Adventure,13.72
June,City,Moderate,10,o,Culture,10.48
November,Wildlife,Moderate,1,o,Adventure,18.56
October,Beach,Hot,10,o,Shopping,22.54
September,Beach,Hot,6,o,Food,23.67
December,City,Moderate,2,o,Culture,14.15
January,City,Moderate,3,o,Shopping,14.29
November,Wildlife,Hot,4,o,Relaxation,16.09
November,Religious,Moderate,7,o,Culture,12.14
August,Wildlife,Moderate,3,o,Adventure,16.79
January,Religious,Moderate,4,o,Food,10.89
July,City,Moderate,7,o,Culture,15.18
April,City,Moderate,10,o,Culture,13.16
February,City,Moderate,1,o,Food,15.2
November,Wildlife,Moderate,5,o,Food,16.76
February,City,Moderate,6,o,Shopping,11.23
May,City,Moderate,5,o,Culture,13.03
April,Beach,Hot,1,o,Food,22.75
November,Wildlife,Hot,3,o,Culture,18.04
May,Religious,Moderate,5,o,Shopping,5.0
December,Historical,Hot,1,o,Shopping,20.81
December,Wildlife,Hot,4,o,Culture,20.32
September,Religious,Moderate,5,o,Culture,7.88
February,Beach,Hot,10,o,Culture,20.83
March,Beach,Hot,6,o,Food,18.05
June,Religious,Moderate,4,o,Relaxation,10.43
June,Religious,Moderate,6,o,Shopping,11.65
February,City,Moderate,10,o,Shopping,15.61
April,Hill Station,Moderate,14,o,Shopping,16.49
May,Hill Station,Cold,7,o,Food,22.21
April,Hill Station,Moderate,6,o,Relaxation,14.83
June,Historical,Hot,3,o,Relaxation,10.65
November,Hill Station,Moderate,3,o,Culture,15.2
August,City,Moderate,5,o,Adventure,16.32
March,Beach,Hot,10,o,Food,23.56
July,Hill Station,Cold,7,o,Food,19.9
July,Historical,Hot,1,o,Shopping,8.56
January,Hill Station,Cold,6,o,Culture,18.02
November,Wildlife,Hot,1,o,Adventure,16.24
December,Religious,Moderate,6,o,Relaxation,15.84
July,City,Moderate,14,o,Adventure,14.36
February,Wildlife,Hot,1,o,Relaxation,11.95
December,City,Moderate,14,o,Shopping,10.2
November,Wildlife,Hot,3,o,Shopping,18.79
April,City,Moderate,3,o,Culture,15.1
April,Historical,Hot,3,o,Relaxation,11.11
September,Beach,Moderate,3,o,Food,24.13
July,Hill Station,Cold,5,o,Adventure,14.48
January,Wildlife,Moderate,2,o,Food,17.05
December,Religious,Moderate,2,o,Adventure,7.17
February,Historical,Hot,14,o,Shopping,7.07
April,City,Moderate,1,o,Relaxation,10.34
November,City,Moderate,14,o,Adventure,17.66
February,City,Moderate,14,o,Shopping,8.34
February,Religious,Moderate,2,o,Culture,10.09
April,Historical,Hot,5,o,Food,8.12
December,Wildlife,Moderate,7,o,Culture,15.2
September,City,Moderate,10,o,Adventure,17.93
April,Beach,Hot,1,o,Culture,23.03
October,Hill Station,Cold,10,o,Adventure,17.95
February,Beach,Hot,2,o,Food,19.03
May,City,Moderate,5,o,Shopping,11.64
March,Historical,Hot,1,o,Adventure,11.94
July,City,Moderate,2,o,Culture,9.53
March,Hill Station,Cold,3,o,Adventure,10.4
October,City,Moderate,5,o,Shopping,16.07
June,Religious,Moderate,3,o,Culture,18.32
August,Hill Station,Cold,5,o,Shopping,17.04
November,Historical,Hot,3,o,Shopping,13.73
March,Hill Station,Moderate,2,o,Adventure,17.28
November,Historical,Hot,10,o,Food,12.84
October,Beach,Hot,1,o,Culture,19.43
August,Religious,Moderate,2,o,Shopping,12.66
February,Historical,Hot,5,o,Adventure,11.9
December,Religious,Moderate,14,o,Adventure,8.15
September,Religious,Moderate,14,o,Culture,8.39
November,Religious,Moderate,4,o,Shopping,8.05
March,Historical,Hot,14,o,Shopping,14.91
November,Wildlife,Hot,3,o,Adventure,15.15
March,Wildlife,Moderate,2,o,Shopping,21.54
June,Historical,Hot,5,o,Relaxation,14.32
November,Hill Station,Cold,7,o,Food,12.05
August,Historical,Hot,10,o,Adventure,11.33
August,Wildlife,Moderate,10,o,Adventure,14.09
December,City,Moderate,1,o,Shopping,14.65
January,Hill Station,Cold,14,o,Shopping,13.2
October,Wildlife,Hot,5,o,Adventure,17.96
June,Wildlife,Moderate,6,o,Shopping,16.94
June,Hill Station,Moderate,14,o,Shopping,16.66
December,Wildlife,Hot,10,o,Culture,17.38
January,Hill Station,Moderate,6,o,Relaxation,13.71
September,City,Moderate,6,o,Food,16.62
March,Religious,Moderate,10,o,Adventure,12.15
May,Beach,Moderate,4,o,Adventure,17.89
April,Beach,Hot,10,o,Shopping,18.01
July,Beach,Hot,1,o,Adventure,16.27
August,Religious,Moderate,14,o,Shopping,8.92
September,Beach,Hot,1,o,Adventure,22.41
August,Wildlife,Hot,14,o,Food,15.32
February,Beach,Hot,7,o,Relaxation,20.72
July,Religious,Moderate,7,o,Food,8.65
July,Wildlife,Hot,6,o,Culture,13.44
March,City,Moderate,7,o,Relaxation,13.93
June,Wildlife,Hot,14,o,Food,15.94
April,Religious,Moderate,5,o,Relaxation,12.36
December,Religious,Moderate,3,o,Relaxation,14.67
June,Wildlife,Hot,14,o,Adventure,21.87
May,Historical,Hot,7,o,Food,10.33
July,Hill Station,Cold,3,o,Adventure,10.89
May,Hill Station,Cold,3,o,Relaxation,12.59
January,City,Moderate,5,o,Relaxation,17.92
August,Beach,Hot,2,o,Culture,22.93
July,Wildlife,Hot,4,o,Food,20.31
July,Wildlife,Moderate,7,o,Adventure,17.91
January,Historical,Hot,1,o,Food,10.4
October,Religious,Moderate,10,o,Relaxation,6.13
September,Beach,Hot,4,o,Food,21.69
August,Religious,Moderate,3,o,Culture,9.25
March,Religious,Moderate,14,o,Relaxation,7.96
July,Hill Station,Cold,5,o,Adventure,13.24
March,Wildlife,Hot,5,o,Relaxation,16.41
December,Hill Station,Cold,3,o,Shopping,13.13
October,Hill Station,Cold,1,o,Culture,17.1
October,Religious,Moderate,14,o,Shopping,11.99
September,City,Moderate,4,o,Culture,15.5
March,Beach,Hot,7,o,Food,16.48
June,Wildlife,Hot,4,o,Adventure,13.3
June,Beach,Moderate,5,o,Culture,22.08
November,Beach,Hot,1,o,Food,25.84
April,Hill Station,Cold,4,o,Shopping,15.29
February,Hill Station,Moderate,7,o,Shopping,12.96
September,City,Moderate,6,o,Adventure,14.62
January,Wildlife,Moderate,5,o,Shopping,14.24
September,Religious,Moderate,2,o,Culture,8.26
September,Hill Station,Cold,1,o,Food,15.24
November,Religious,Moderate,4,o,Relaxation,8.79
April,Religious,Moderate,14,o,Adventure,14.71
December,Religious,Moderate,3,o,Adventure,14.27
January,Hill Station,Moderate,2,o,Culture,16.83
May,Hill Station,Cold,14,o,Relaxation,11.72
July,Hill Station,Moderate,7,o,Culture,14.05
June,Historical,Hot,1,o,Shopping,12.22
January,Historical,Hot,2,o,Food,14.34
June,Religious,Moderate,14,o,Adventure,11.23
October,Hill Station,Cold,2,o,Culture,18.68
July,City,Moderate,1,o,Shopping,13.58
April,Historical,Hot,3,o,Food,11.07
May,Religious,Moderate,3,o,Food,11.4
September,City,Moderate,14,o,Adventure,12.54
January,Beach,Hot,7,o,Adventure,16.79
April,Wildlife,Moderate,6,o,Culture,14.33
March,Beach,Hot,3,o,Food,20.26
May,Beach,Hot,4,o,Food,22.12
January,Hill Station,Cold,14,o,Food,21.47
November,Historical,Hot,2,o,Culture,8.61
December,City,Moderate,10,o,Relaxation,15.51
November,City,Moderate,4,o,Relaxation,13.09
February,Hill Station,Cold,4,o,Food,15.25
June,City,Moderate,5,o,Shopping,12.7
October,Religious,Moderate,6,o,Food,13.76
January,City,Moderate,6,o,Relaxation,12.13
May,Beach,Moderate,6,o,Shopping,21.71
August,Beach,Hot,10,o,Shopping,21.8
September,City,Moderate,2,o,Shopping,12.48
March,Beach,Hot,14,o,Culture,17.73
December,Beach,Hot,2,o,Adventure,20.08
October,Hill Station,Cold,7,o,Food,14.97
September,Wildlife,Hot,5,o,Adventure,16.92
June,Wildlife,Hot,7,o,Relaxation,19.45
August,Beach,Hot,14,o,Relaxation,20.03
June,Wildlife,Moderate,14,o,Shopping,13.06
November,Hill Station,Cold,3,o,Food,13.17
March,Wildlife,Moderate,3,o,Shopping,16.44
June,Wildlife,Moderate,1,o,Shopping,17.17
February,Beach,Moderate,5,o,Relaxation,21.59
November,City,Moderate,4,o,Adventure,7.59
August,Wildlife,Hot,10,o,Shopping,15.06
February,Hill Station,Cold,14,o,Culture,15.85
October,Religious,Moderate,14,o,Culture,8.62
November,Wildlife,Moderate,7,o,Shopping,21.59
May,City,Moderate,7,o,Food,16.66
June,Beach,Hot,10,o,Culture,17.93
March,Historical,Hot,10,o,Food,11.81
September,Beach,Moderate,5,o,Adventure,20.45
March,Beach,Moderate,6,o,Relaxation,18.99
July,Wildlife,Moderate,6,o,Relaxation,15.16
November,Religious,Moderate,10,o,Shopping,10.09
March,Historical,Hot,7,o,Food,10.84
March,Hill Station,Cold,3,o,Adventure,15.51
March,Beach,Moderate,1,o,Food,21.31
September,Beach,Hot,7,o,Relaxation,23.57
February,Wildlife,Hot,4,o,Culture,9.34
March,Historical,Hot,4,o,Shopping,14.8
March,Historical,Hot,14,o,Food,7.9
August,City,Moderate,2,o,Culture,12.33
March,Beach,Hot,2,o,Shopping,23.62
September,Hill Station,Moderate,7,o,Food,14.05
August,Beach,Hot,1,o,Relaxation,19.91
August,Wildlife,Hot,3,o,Adventure,16.48
September,Wildlife,Moderate,7,o,Shopping,19.59
July,City,Moderate,4,o,Food,10.61
October,Historical,Hot,2,o,Culture,12.33
August,Historical,Hot,4,o,Culture,8.64
September,Hill Station,Cold,7,o,Food,14.95
December,City,Moderate,1,o,Adventure,14.74
January,Wildlife,Moderate,7,o,Food,11.12
July,Religious,Moderate,6,o,Culture,17.18
November,Hill Station,Moderate,5,o,Shopping,14.92
June,City,Moderate,5,o,Food,10.2
July,Religious,Moderate,14,o,Relaxation,9.67
June,Wildlife,Hot,14,o,Relaxation,14.35
May,Wildlife,Hot,6,o,Culture,12.88
November,Religious,Moderate,2,o,Relaxation,6.16
December,Religious,Moderate,3,o,Shopping,15.41
July,Hill Station,Moderate,6,o,Food,14.37
July,Wildlife,Hot,1,o,Relaxation,14.99
October,Hill Station,Cold,7,o,Shopping,18.12
April,Hill Station,Cold,6,o,Culture,17.03
July,Hill Station,Cold,14,o,Shopping,13.54
November,City,Moderate,10,o,Relaxation,12.73
November,Historical,Hot,14,o,Relaxation,14.76
October,City,Moderate,14,o,Adventure,17.23
March,Wildlife,Hot,1,o,Food,20.64
March,City,Moderate,2,o,Adventure,16.91
November,City,Moderate,7,o,Culture,17.68
January,Historical,Hot,2,o,Food,12.1
October,Hill Station,Cold,6,o,Food,12.74
October,City,Moderate,4,o,Relaxation,13.27
January,Historical,Hot,5,o,Food,17.17
February,Beach,Hot,14,o,Food,18.9
February,Hill Station,Cold,14,o,Culture,15.55
July,City,Moderate,10,o,Shopping,10.59
November,Beach,Hot,10,o,Shopping,23.9
February,Wildlife,Moderate,5,o,Shopping,19.04
November,Hill Station,Cold,4,o,Relaxation,18.47
September,City,Moderate,14,o,Culture,16.56
May,Hill Station,Cold,2,o,Relaxation,17.16
September,Historical,Hot,3,o,Adventure,13.82
April,Historical,Hot,5,o,Culture,15.93
December,Beach,Hot,4,o,Shopping,19.03
April,Beach,Hot,4,o,Culture,19.25
June,Beach,Hot,3,o,Food,21.37
November,Hill Station,Cold,10,o,Adventure,21.5
January,Wildlife,Hot,10,o,Food,15.07
October,City,Moderate,5,o,Shopping,15.78
May,Historical,Hot,7,o,Food,12.17
September,Beach,Hot,7,o,Adventure,20.81
June,Historical,Hot,7,o,Food,14.24
February,Religious,Moderate,14,o,Shopping,12.78
January,Historical,Hot,4,o,Adventure,9.44
June,Historical,Hot,5,o,Culture,13.08
May,Beach,Hot,10,o,Relaxation,16.87
March,Wildlife,Hot,10,o,Culture,11.1
December,Historical,Hot,6,o,Shopping,13.74
August,City,Moderate,3,o,Culture,13.44
November,Wildlife,Moderate,4,o,Food,16.34
September,Hill Station,Moderate,7,o,Relaxation,14.17
December,Historical,Hot,3,o,Relaxation,7.98
July,Historical,Hot,10,o,Relaxation,14.74
May,Beach,Moderate,5,o,Shopping,19.5
February,Wildlife,Hot,3,o,Shopping,17.85
August,Hill Station,Cold,2,o,Culture,16.47
June,Historical,Hot,6,o,Culture,14.2
January,Wildlife,Hot,7,o,Culture,13.88
April,Hill Station,Cold,14,o,Food,16.51
June,Beach,Moderate,14,o,Culture,19.72
July,Historical,Hot,5,o,Adventure,11.74
November,Historical,Hot,6,o,Relaxation,14.44
February,Historical,Hot,3,o,Adventure,13.73
June,City,Moderate,5,o,Culture,13.09
November,Religious,Moderate,7,o,Food,6.52
December,City,Moderate,14,o,Culture,14.48
March,Historical,Hot,1,o,Relaxation,14.17
December,Beach,Hot,2,o,Culture,20.72
February,Beach,Hot,2,o,Shopping,27.81
January,Hill Station,Cold,1,o,Food,17.26
May,Historical,Hot,3,o,Adventure,13.14
April,Hill Station,Cold,4,o,Culture,13.13
November,Religious,Moderate,3,o,Shopping,12.43
January,Beach,Hot,6,o,Adventure,19.37
September,City,Moderate,5,o,Shopping,10.45
December,Wildlife,Hot,14,o,Relaxation,17.78
July,Beach,Hot,14,o,Food,15.8
August,Religious,Moderate,14,o,Culture,7.41
May,Beach,Hot,6,o,Shopping,21.33
May,Historical,Hot,1,o,Relaxation,12.83
May,Hill Station,Cold,10,o,Culture,19.36
August,Wildlife,Hot,5,o,Shopping,12.65
October,Hill Station,Cold,4,o,Culture,11.68
July,Hill Station,Cold,14,o,Relaxation,12.55
March,Historical,Hot,7,o,Relaxation,5.72
February,Historical,Hot,7,o,Culture,13.77
October,Religious,Moderate,5,o,Food,12.02
April,City,Moderate,2,o,Shopping,7.9
February,Beach,Hot,10,o,Culture,24.37
December,Wildlife,Hot,10,o,Culture,20.5
March,Beach,Hot,1,o,Adventure,18.28
February,Wildlife,Hot,5,o,Relaxation,23.64
December,City,Moderate,1,o,Shopping,12.11
January,Beach,Hot,10,o,Relaxation,24.63
May,Beach,Hot,10,o,Shopping,26.02
June,City,Moderate,2,o,Adventure,17.89
July,Beach,Moderate,2,o,Culture,22.87
April,Wildlife,Moderate,5,o,Relaxation,16.98
December,Historical,Hot,4,o,Adventure,15.94
December,Historical,Hot,1,o,Relaxation,15.35
September,Beach,Hot,4,o,Adventure,18.05
June,Historical,Hot,3,o,Culture,12.27
September,Religious,Moderate,2,o,Food,15.43
April,City,Moderate,6,o,Culture,9.57
April,Hill Station,Cold,7,o,Adventure,14.42
May,City,Moderate,2,o,Relaxation,10.47
January,Historical,Hot,10,o,Adventure,11.59
February,Religious,Moderate,4,o,Culture,12.44
November,Beach,Hot,6,o,Adventure,15.9
June,Religious,Moderate,3,o,Adventure,7.93
August,Religious,Moderate,4,o,Relaxation,16.56
December,City,Moderate,4,o,Shopping,16.66
December,Hill Station,Cold,3,o,Culture,16.75
December,City,Moderate,10,o,Shopping,16.44
December,Wildlife,Moderate,10,o,Food,16.09
June,Beach,Hot,6,o,Food,16.24
October,Religious,Moderate,14,o,Culture,12.05
March,Beach,Hot,10,o,Food,20.42
June,City,Moderate,10,o,Food,7.69
January,Hill Station,Cold,6,o,Relaxation,18.1
December,Wildlife,Hot,2,o,Culture,16.42
September,Religious,Moderate,10,o,Relaxation,12.54
May,Wildlife,Hot,6,o,Food,15.4
February,Historical,Hot,14,o,Adventure,8.67
March,Religious,Moderate,3,o,Adventure,10.85
August,Hill Station,Cold,4,o,Adventure,14.92
November,Hill Station,Cold,7,o,Food,20.32
October,Religious,Moderate,5,o,Food,13.7
October,Hill Station,Cold,2,o,Relaxation,17.33
February,Hill Station,Cold,10,o,Shopping,16.19
September,Religious,Moderate,7,o,Culture,9.28
May,City,Moderate,14,o,Food,14.06
February,Hill Station,Cold,4,o,Culture,15.36
December,Wildlife,Moderate,4,o,Adventure,14.07
April,Wildlife,Moderate,14,o,Relaxation,14.32
November,Religious,Moderate,3,o,Food,10.32
November,Wildlife,Moderate,6,o,Adventure,18.1
February,Religious,Moderate,3,o,Shopping,10.09
June,Beach,Hot,3,o,Food,24.7
June,Wildlife,Moderate,14,o,Culture,15.42
November,City,Moderate,7,o,Shopping,12.96
April,Religious,Moderate,14,o,Food,11.3
December,Beach,Hot,5,o,Food,16.61
July,City,Moderate,1,o,Shopping,15.21
October,Religious,Moderate,1,o,Culture,10.16
January,Wildlife,Moderate,5,o,Culture,17.74
January,Beach,Hot,5,o,Culture,20.26
January,Wildlife,Hot,10,o,Adventure,16.67
May,City,Moderate,6,o,Relaxation,11.19
May,Wildlife,Moderate,5,o,Relaxation,19.38
April,Hill Station,Cold,2,o,Food,11.24
March,Religious,Moderate,10,o,Shopping,7.0
November,Religious,Moderate,5,o,Food,18.24
January,Hill Station,Moderate,6,o,Adventure,10.15
February,City,Moderate,4,o,Shopping,16.49
January,Religious,Moderate,5,o,Shopping,8.8
September,Wildlife,Hot,3,o,Culture,14.57
January,City,Moderate,7,o,Relaxation,16.05
July,Historical,Hot,5,o,Relaxation,19.99
June,Historical,Hot,2,o,Relaxation,11.11
July,Historical,Hot,5,o,Food,12.46
July,Hill Station,Moderate,3,o,Food,12.52
April,Beach,Hot,10,o,Food,20.26
October,Historical,Hot,14,o,Food,8.2
May,Beach,Moderate,7,o,Adventure,19.83
November,City,Moderate,7,o,Adventure,14.31
April,Historical,Hot,6,o,Culture,14.71
March,City,Moderate,6,o,Culture,5.91
March,Wildlife,Hot,10,o,Food,13.97
November,Hill Station,Cold,6,o,Relaxation,15.06
December,Beach,Moderate,1,o,Adventure,17.82
January,Beach,Hot,6,o,Culture,18.06
August,Religious,Moderate,10,o,Culture,8.6
December,Hill Station,Cold,14,o,Relaxation,18.49
September,Beach,Hot,5,o,Food,17.69
December,Wildlife,Moderate,3,o,Food,15.92
October,Religious,Moderate,14,o,Shopping,12.53
January,Hill Station,Cold,5,o,Relaxation,17.65
August,Beach,Hot,1,o,Adventure,19.77
November,Hill Station,Cold,6,o,Culture,15.9
November,Hill Station,Moderate,7,o,Culture,12.74
December,Beach,Hot,2,o,Food,20.34
September,City,Moderate,2,o,Food,8.69
August,Beach,Hot,14,o,Food,21.09
April,Religious,Moderate,14,o,Adventure,15.11
July,City,Moderate,3,o,Shopping,16.56
June,Hill Station,Cold,5,o,Culture,16.61
November,Beach,Moderate,5,o,Adventure,16.34
May,Historical,Hot,4,o,Food,12.35
November,Beach,Hot,3,o,Shopping,18.07
November,Hill Station,Moderate,4,o,Food,18.09
March,Historical,Hot,7,o,Food,11.2
September,City,Moderate,3,o,Shopping,14.45
September,Beach,Moderate,4,o,Food,19.0
March,Beach,Hot,7,o,Food,18.79
February,Beach,Moderate,14,o,Culture,17.13
June,Wildlife,Hot,3,o,Relaxation,18.27
July,Religious,Moderate,7,o,Culture,8.79
March,City,Moderate,4,o,Culture,13.61
January,Hill Station,Moderate,5,o,Relaxation,15.07
April,Wildlife,Hot,4,o,Food,21.24
February,Religious,Moderate,10,o,Culture,11.8
March,Beach,Hot,7,o,Culture,19.86
March,Historical,Hot,4,o,Relaxation,8.81
January,Beach,Moderate,5,o,Shopping,21.28
April,Historical,Hot,2,o,Relaxation,8.43
August,Beach,Hot,6,o,Food,19.23
July,Historical,Hot,1,o,Shopping,15.56
July,Wildlife,Hot,14,o,Culture,24.77
February,Wildlife,Hot,10,o,Food,17.58
September,Historical,Hot,14,o,Relaxation,10.94
July,Historical,Hot,14,o,Food,13.02
May,Religious,Moderate,10,o,Relaxation,10.11
August,Historical,Hot,3,o,Culture,12.51
January,Historical,Hot,14,o,Food,15.95
February,Beach,Hot,14,o,Shopping,19.09
December,Hill Station,Moderate,14,o,Food,9.13
June,Beach,Hot,10,o,Shopping,19.73
October,Hill Station,Moderate,4,o,Shopping,8.28
June,Historical,Hot,3,o,Culture,9.0
February,Religious,Moderate,10,o,Adventure,9.49
September,Religious,Moderate,7,o,Adventure,13.52
September,Religious,Moderate,7,o,Shopping,12.64
October,Hill Station,Cold,3,o,Culture,13.3
December,Beach,Hot,1,o,Relaxation,18.77
December,Historical,Hot,10,o,Culture,16.85
March,City,Moderate,4,o,Adventure,12.03
August,Hill Station,Cold,10,o,Adventure,10.44
August,Historical,Hot,4,o,Food,15.73
July,Beach,Moderate,10,o,Shopping,21.21
September,Hill Station,Cold,5,o,Relaxation,14.93
March,Wildlife,Moderate,3,o,Adventure,13.46
March,Hill Station,Cold,1,o,Adventure,18.56
February,Religious,Moderate,1,o,Culture,9.79
March,Hill Station,Moderate,5,o,Relaxation,16.57
December,Wildlife,Moderate,6,o,Shopping,21.13
June,Hill Station,Cold,6,o,Culture,18.04
September,Historical,Hot,2,o,Shopping,9.0
February,City,Moderate,5,o,Relaxation,10.97
April,City,Moderate,4,o,Food,14.54
October,Wildlife,Hot,14,o,Adventure,17.54
December,Hill Station,Moderate,5,o,Food,16.9
September,Historical,Hot,6,o,Culture,15.33
December,Beach,Hot,10,o,Food,20.82
April,Historical,Hot,5,o,Food,13.95
January,Beach,Hot,10,o,Adventure,19.6
October,Religious,Moderate,7,o,Relaxation,8.08
June,Historical,Hot,14,o,Culture,15.32
November,Religious,Moderate,4,o,Adventure,10.64
February,Religious,Moderate,5,o,Culture,5.0
February,City,Moderate,6,o,Adventure,15.54
October,City,Moderate,1,o,Food,11.39
June,Beach,Hot,10,o,Culture,19.73
August,Historical,Hot,3,o,Relaxation,11.33
June,Religious,Moderate,10,o,Food,12.27
May,Historical,Hot,6,o,Food,10.69
October,Wildlife,Hot,6,o,Relaxation,19.25
May,City,Moderate,1,o,Relaxation,15.22
March,City,Moderate,7,o,Food,14.85
December,Beach,Hot,6,o,Culture,22.67
July,Religious,Moderate,2,o,Culture,9.42
August,Historical,Hot,5,o,Culture,13.98
February,Beach,Hot,6,o,Relaxation,18.84
August,Hill Station,Moderate,14,o,Adventure,12.27
March,Hill Station,Cold,4,o,Food,15.28
May,City,Moderate,6,o,Food,12.94
November,Beach,Hot,3,o,Food,19.09
July,Beach,Hot,14,o,Shopping,16.84
January,Hill Station,Moderate,2,o,Culture,11.8
February,City,Moderate,14,o,Adventure,14.28
October,Religious,Moderate,5,o,Adventure,13.7
April,Religious,Moderate,4,o,Culture,13.71
June,City,Moderate,10,o,Food,13.64
March,Religious,Moderate,3,o,Culture,13.2
October,City,Moderate,14,o,Adventure,11.05
September,Wildlife,Moderate,6,o,Relaxation,17.21
March,Wildlife,Moderate,5,o,Culture,20.49
February,Wildlife,Hot,5,o,Relaxation,14.22
August,Wildlife,Moderate,1,o,Food,17.72
November,Beach,Moderate,1,o,Shopping,22.93
February,Hill Station,Moderate,7,o,Adventure,16.5
October,Historical,Hot,10,o,Food,13.96
June,Wildlife,Hot,4,o,Culture,25.06
October,Religious,Moderate,3,o,Shopping,9.04
August,Hill Station,Moderate,5,o,Adventure,9.51
April,Religious,Moderate,4,o,Shopping,13.66
July,Beach,Hot,3,o,Culture,20.69
August,Religious,Moderate,10,o,Culture,15.84
February,Hill Station,Cold,6,o,Shopping,18.94
May,Historical,Hot,6,o,Relaxation,8.96
February,Wildlife,Hot,7,o,Food,19.35
September,Religious,Moderate,2,o,Culture,10.26
October,City,Moderate,7,o,Shopping,10.47
March,Beach,Hot,10,o,Food,21.27
April,Historical,Hot,7,o,Culture,12.43
December,Historical,Hot,4,o,Food,16.44
August,Beach,Hot,2,o,Food,21.83
September,Wildlife,Hot,2,o,Culture,16.68
July,Historical,Hot,2,o,Culture,11.45
July,Wildlife,Moderate,6,o,Food,15.16
April,Historical,Hot,3,o,Adventure,11.89
November,Wildlife,Moderate,3,o,Relaxation,16.34
October,Historical,Hot,10,o,Shopping,5.8
May,Beach,Hot,5,o,Culture,15.49
October,Historical,Hot,1,o,Adventure,14.28
May,Wildlife,Moderate,1,o,Relaxation,16.39
December,City,Moderate,14,o,Adventure,13.02
January,City,Moderate,4,o,Culture,16.25
December,Historical,Hot,7,o,Culture,10.27
September,Historical,Hot,4,o,Shopping,13.44
March,Religious,Moderate,4,o,Shopping,19.19
July,Wildlife,Moderate,3,o,Culture,16.52
January,City,Moderate,2,o,Relaxation,15.01
December,Religious,Moderate,10,o,Relaxation,11.64
February,Religious,Moderate,3,o,Relaxation,8.74
December,Religious,Moderate,7,o,Shopping,10.04
September,Wildlife,Hot,7,o,Shopping,14.61
June,Wildlife,Hot,4,o,Shopping,22.7
January,Beach,Moderate,10,o,Food,19.82
May,Religious,Moderate,7,o,Food,9.8
January,Wildlife,Moderate,10,o,Adventure,15.04
October,Religious,Moderate,10,o,Adventure,5.59
December,Religious,Moderate,14,o,Relaxation,6.25
February,City,Moderate,14,o,Food,13.8
August,Wildlife,Hot,2,o,Relaxation,18.53
January,Religious,Moderate,6,o,Food,13.76
August,Wildlife,Hot,14,o,Shopping,15.37
June,Historical,Hot,5,o,Shopping,10.55
December,City,Moderate,5,o,Adventure,13.44
November,Religious,Moderate,10,o,Adventure,15.84
January,Wildlife,Moderate,5,o,Food,19.69
August,Religious,Moderate,2,o,Culture,8.5
May,Beach,Hot,3,o,Culture,13.37
May,Wildlife,Moderate,1,o,Culture,21.56
March,Religious,Moderate,3,o,Food,9.53
March,Religious,Moderate,5,o,Culture,12.54
March,Religious,Moderate,14,o,Shopping,10.5
March,Hill Station,Cold,3,o,Adventure,11.73
April,Historical,Hot,10,o,Shopping,16.23
October,Religious,Moderate,6,o,Relaxation,10.7
January,Hill Station,Cold,3,o,Adventure,15.06
May,Historical,Hot,10,o,Shopping,12.62
November,Religious,Moderate,7,o,Shopping,13.28
September,Historical,Hot,7,o,Relaxation,13.14
July,Hill Station,Cold,6,o,Shopping,16.91
September,Wildlife,Hot,6,o,Adventure,17.18
May,Historical,Hot,5,o,Culture,9.77
July,Hill Station,Cold,10,o,Food,14.9
April,Religious,Moderate,14,o,Food,10.38
September,City,Moderate,1,o,Culture,12.61
January,Religious,Moderate,7,o,Adventure,5.35
June,Hill Station,Cold,4,o,Shopping,9.12
April,Religious,Moderate,1,o,Culture,13.2
October,Hill Station,Moderate,4,o,Adventure,17.91
February,Wildlife,Hot,3,o,Adventure,18.28
December,Historical,Hot,3,o,Adventure,17.52
November,City,Moderate,2,o,Shopping,10.76
July,Religious,Moderate,6,o,Culture,8.17
May,City,Moderate,1,o,Adventure,9.72
January,Historical,Hot,5,o,Culture,11.2
February,City,Moderate,10,o,Shopping,17.3
November,Beach,Hot,10,o,Relaxation,20.87
July,Hill Station,Moderate,4,o,Food,15.78
December,Wildlife,Hot,5,o,Shopping,19.38
February,Hill Station,Cold,5,o,Adventure,9.75
March,Historical,Hot,1,o,Shopping,16.76
March,Hill Station,Cold,6,o,Culture,17.34
December,Historical,Hot,10,o,Food,8.73
December,Historical,Hot,2,o,Shopping,10.77
July,Wildlife,Hot,10,o,Adventure,14.11
November,Hill Station,Cold,5,o,Culture,13.71
June,Historical,Hot,14,o,Adventure,15.93
May,City,Moderate,4,o,Shopping,17.19
November,Beach,Hot,4,o,Shopping,19.55
November,City,Moderate,6,o,Adventure,10.86
December,Historical,Hot,4,o,Shopping,15.33
January,Beach,Hot,4,o,Relaxation,16.45
September,Historical,Hot,5,o,Adventure,8.3
January,Historical,Hot,6,o,Adventure,10.22
July,Hill Station,Moderate,2,o,Adventure,20.67
March,Beach,Hot,4,o,Food,18.61
August,Hill Station,Cold,1,o,Relaxation,15.02
December,Historical,Hot,3,o,Relaxation,10.57
May,Hill Station,Moderate,2,o,Adventure,13.69
February,Historical,Hot,2,o,Food,11.67
October,Hill Station,Cold,4,o,Food,11.71
June,Hill Station,Cold,7,o,Shopping,13.91
September,City,Moderate,3,o,Food,12.22
October,City,Moderate,3,o,Adventure,17.8
May,City,Moderate,3,o,Adventure,14.68
September,Historical,Hot,3,o,Culture,11.11
January,Historical,Hot,3,o,Food,14.09
January,Hill Station,Cold,10,o,Relaxation,14.0
March,Hill Station,Moderate,2,o,Adventure,14.68
December,Religious,Moderate,10,o,Shopping,12.34
March,Religious,Moderate,5,o,Relaxation,6.29
April,Wildlife,Hot,3,o,Shopping,13.62
March,Wildlife,Moderate,10,o,Food,22.2
June,Wildlife,Hot,7,o,Culture,23.69
February,Hill Station,Moderate,14,o,Relaxation,9.6
September,Hill Station,Cold,4,o,Food,13.37
January,Historical,Hot,4,o,Culture,8.22
August,Hill Station,Moderate,3,o,Shopping,12.4
November,Beach,Hot,6,o,Adventure,22.88
May,City,Moderate,6,o,Shopping,7.53
February,Wildlife,Moderate,1,o,Adventure,23.22
January,Wildlife,Hot,10,o,Relaxation,14.24
April,Wildlife,Hot,10,o,Adventure,20.3
April,Wildlife,Hot,6,o,Shopping,22.88
April,Beach,Hot,2,o,Culture,18.6
July,Beach,Hot,4,o,Relaxation,19.68
August,Hill Station,Cold,1,o,Food,15.76
October,Historical,Hot,10,o,Relaxation,13.4
March,Beach,Hot,10,o,Culture,18.91
May,Religious,Moderate,4,o,Culture,11.84
December,City,Moderate,1,o,Adventure,11.0
August,City,Moderate,10,o,Adventure,15.62
April,Historical,Hot,5,o,Culture,11.63
March,Wildlife,Hot,14,o,Food,13.48
September,Beach,Hot,10,o,Shopping,20.77
May,Beach,Hot,1,o,Shopping,23.14
April,Religious,Moderate,6,o,Relaxation,8.28
March,Historical,Hot,1,o,Food,10.04
August,Historical,Hot,14,o,Adventure,10.21
July,Hill Station,Cold,10,o,Food,19.12
August,Religious,Moderate,4,o,Shopping,19.15
April,Hill Station,Moderate,3,o,Shopping,14.19
November,City,Moderate,2,o,Relaxation,12.84
March,Hill Station,Moderate,10,o,Culture,15.86
August,Wildlife,Hot,3,o,Shopping,18.67
June,Religious,Moderate,10,o,Relaxation,11.27
July,Religious,Moderate,6,o,Adventure,10.41
July,Wildlife,Hot,5,o,Culture,16.55
October,Religious,Moderate,6,o,Adventure,14.5
November,Religious,Moderate,6,o,Food,10.39
June,Hill Station,Moderate,10,o,Shopping,16.78
June,Wildlife,Hot,3,o,Culture,8.18
December,Religious,Moderate,4,o,Food,16.87
September,Beach,Hot,2,o,Relaxation,19.28
December,Religious,Moderate,4,o,Food,8.68
June,Religious,Moderate,5,o,Culture,12.22
January,Wildlife,Moderate,2,o,Culture,20.44
August,City,Moderate,14,o,Shopping,11.41
December,Wildlife,Moderate,14,o,Shopping,19.86
October,Religious,Moderate,6,o,Shopping,12.54
August,Religious,Moderate,2,o,Relaxation,13.18
May,Hill Station,Moderate,2,o,Relaxation,16.55
February,Hill Station,Cold,3,o,Culture,17.4
September,Historical,Hot,1,o,Relaxation,14.26
March,City,Moderate,10,o,Food,16.57
December,City,Moderate,1,o,Shopping,15.12
January,City,Moderate,4,o,Adventure,14.05
October,Wildlife,Moderate,6,o,Shopping,20.21
October,Religious,Moderate,14,o,Shopping,8.54
May,Wildlife,Hot,3,o,Shopping,16.93
April,City,Moderate,10,o,Culture,10.97
March,City,Moderate,6,o,Adventure,12.57
October,City,Moderate,3,o,Relaxation,10.62
March,Religious,Moderate,3,o,Relaxation,10.08
January,Beach,Moderate,6,o,Adventure,20.09
May,Wildlife,Moderate,6,o,Shopping,18.83
December,Beach,Hot,1,o,Food,24.37
March,Religious,Moderate,6,o,Culture,11.01
May,Historical,Hot,2,o,Food,11.46
March,Hill Station,Cold,10,o,Shopping,15.25
December,City,Moderate,14,o,Adventure,8.18
August,Wildlife,Moderate,5,o,Culture,14.71
December,Wildlife,Moderate,10,o,Food,19.49
January,City,Moderate,3,o,Shopping,12.42
January,Religious,Moderate,7,o,Culture,10.21
June,Wildlife,Moderate,2,o,Shopping,10.99
November,City,Moderate,4,o,Food,13.24
April,Wildlife,Hot,1,o,Culture,17.07
September,Hill Station,Cold,7,o,Adventure,12.44
October,Beach,Moderate,14,o,Culture,21.01
March,Hill Station,Cold,7,o,Shopping,21.56
January,City,Moderate,5,o,Culture,9.13
August,City,Moderate,14,o,Culture,11.05
December,Hill Station,Cold,7,o,Shopping,15.57
December,Historical,Hot,7,o,Relaxation,14.42
October,Religious,Moderate,2,o,Relaxation,8.08
August,Beach,Moderate,14,o,Culture,20.71
July,City,Moderate,2,o,Food,17.11
July,Hill Station,Cold,3,o,Culture,16.18
March,Wildlife,Moderate,4,o,Food,15.47
September,Beach,Hot,10,o,Culture,17.92
May,Hill Station,Cold,10,o,Food,13.77
January,Wildlife,Moderate,1,o,Relaxation,14.53
November,Beach,Hot,10,o,Culture,23.36
March,Hill Station,Cold,10,o,Shopping,14.02
February,Religious,Moderate,5,o,Adventure,11.47
December,Historical,Hot,6,o,Food,14.48
July,Wildlife,Moderate,5,o,Food,14.4
June,Religious,Moderate,14,o,Adventure,10.18
March,Religious,Moderate,1,o,Culture,8.67
December,Beach,Hot,3,o,Shopping,18.57
May,City,Moderate,6,o,Adventure,15.62
May,Historical,Hot,5,o,Adventure,12.79
April,Wildlife,Hot,3,o,Food,17.58
June,Hill Station,Moderate,6,o,Food,16.17
November,Religious,Moderate,6,o,Culture,10.69
January,Hill Station,Cold,3,o,Relaxation,14.8
August,Wildlife,Moderate,7,o,Culture,22.95
April,City,Moderate,3,o,Adventure,17.27
September,Wildlife,Moderate,14,o,Relaxation,19.78
August,Wildlife,Moderate,2,o,Shopping,19.9
August,Hill Station,Moderate,6,o,Adventure,18.71
August,City,Moderate,14,o,Relaxation,9.83
January,City,Moderate,2,o,Culture,16.18
December,Beach,Hot,4,o,Relaxation,21.85
March,City,Moderate,2,o,Relaxation,16.61
January,Historical,Hot,10,o,Adventure,11.58
February,Historical,Hot,1,o,Relaxation,10.65
February,Religious,Moderate,5,o,Shopping,11.0
November,Hill Station,Cold,1,o,Culture,16.8
April,Hill Station,Cold,4,o,Food,13.35
February,Beach,Hot,3,o,Adventure,16.34
June,Religious,Moderate,6,o,Food,14.71
October,Beach,Moderate,2,o,Food,19.04
April,Hill Station,Cold,4,o,Food,13.89
January,City,Moderate,2,o,Food,19.31
December,Beach,Moderate,3,o,Culture,22.01
June,Historical,Hot,7,o,Relaxation,8.78
April,Historical,Hot,7,o,Food,7.34
August,Hill Station,Cold,2,o,Adventure,17.45
June,Wildlife,Hot,5,o,Shopping,14.39
June,Wildlife,Hot,10,o,Adventure,20.38
August,Hill Station,Cold,5,o,Culture,12.3
September,Religious,Moderate,7,o,Relaxation,12.92
February,City,Moderate,10,o,Relaxation,12.01
January,Religious,Moderate,10,o,Relaxation,12.81
August,Religious,Moderate,14,o,Shopping,9.37
March,Religious,Moderate,7,o,Adventure,10.51
February,Historical,Hot,6,o,Relaxation,12.12
October,Beach,Hot,7,o,Relaxation,16.99
December,Hill Station,Moderate,10,o,Shopping,14.31
June,City,Moderate,10,o,Shopping,10.02
September,Religious,Moderate,5,o,Shopping,5.0
February,Beach,Hot,5,o,Adventure,19.43
November,Historical,Hot,3,o,Relaxation,11.77
February,Hill Station,Cold,10,o,Adventure,15.05
July,Religious,Moderate,6,o,Relaxation,11.07
October,Beach,Hot,2,o,Food,21.64
April,Hill Station,Cold,5,o,Shopping,17.15
September,Religious,Moderate,5,o,Shopping,13.15
September,Wildlife,Hot,1,o,Food,16.29
July,Hill Station,Cold,10,o,Adventure,15.58
August,City,Moderate,1,o,Shopping,13.31
November,Hill Station,Cold,5,o,Food,19.65
July,Religious,Moderate,3,o,Shopping,13.97
February,City,Moderate,10,o,Shopping,8.95
September,Religious,Moderate,3,o,Shopping,13.01
May,Wildlife,Hot,10,o,Shopping,19.03
November,Wildlife,Moderate,6,o,Food,15.81
January,City,Moderate,1,o,Adventure,12.46
December,Beach,Hot,1,o,Culture,19.69
February,Religious,Moderate,7,o,Shopping,6.07
June,City,Moderate,1,o,Shopping,12.47
April,Religious,Moderate,5,o,Relaxation,15.98
May,Wildlife,Moderate,2,o,Adventure,18.61
September,City,Moderate,6,o,Adventure,13.15
October,Hill Station,Cold,14,o,Shopping,11.22
December,Historical,Hot,10,o,Adventure,10.15
July,Wildlife,Moderate,7,o,Culture,18.02
February,City,Moderate,4,o,Shopping,10.02
November,City,Moderate,6,o,Food,14.18
July,Beach,Hot,4,o,Culture,24.24
April,Historical,Hot,5,o,Food,13.49
October,City,Moderate,7,o,Culture,16.42
February,Beach,Hot,6,o,Food,16.49
September,City,Moderate,10,o,Food,15.55
February,Historical,Hot,5,o,Culture,13.92
November,Wildlife,Moderate,14,o,Shopping,16.29
July,City,Moderate,5,o,Shopping,15.96
March,Wildlife,Hot,1,o,Food,16.77
August,Religious,Moderate,4,o,Food,7.73
November,Religious,Moderate,14,o,Culture,10.53
December,Wildlife,Hot,1,o,Food,12.18
August,Wildlife,Hot,3,o,Culture,17.55
July,Beach,Hot,7,o,Culture,19.43
July,City,Moderate,5,o,Relaxation,11.93
November,City,Moderate,4,o,Culture,12.46
March,Historical,Hot,4,o,Adventure,16.12
August,Hill Station,Cold,10,o,Culture,13.31
November,Wildlife,Moderate,1,o,Shopping,16.75
March,Beach,Hot,1,o,Culture,21.34
March,City,Moderate,1,o,Food,14.11
January,Religious,Moderate,2,o,Adventure,11.14
July,City,Moderate,6,o,Adventure,14.0
December,Religious,Moderate,3,o,Shopping,9.73
December,Beach,Hot,14,o,Food,15.15
February,Hill Station,Cold,4,o,Shopping,15.49
June,Wildlife,Moderate,7,o,Culture,17.12
April,Religious,Moderate,3,o,Shopping,12.28
May,Hill Station,Moderate,10,o,Relaxation,15.06
January,Historical,Hot,10,o,Food,11.75
June,Wildlife,Hot,14,o,Adventure,13.27
May,Historical,Hot,3,o,Relaxation,14.16
May,City,Moderate,1,o,Culture,9.12
December,Religious,Moderate,4,o,Adventure,8.13
November,City,Moderate,6,o,Culture,14.42
April,Religious,Moderate,10,o,Food,15.45
May,Historical,Hot,5,o,Shopping,13.07
April,Hill Station,Cold,3,o,Culture,16.86
January,Historical,Hot,5,o,Shopping,11.38
December,Hill Station,Cold,7,o,Shopping,11.25
March,City,Moderate,5,o,Adventure,14.81
July,Wildlife,Moderate,14,o,Culture,18.41
December,Religious,Moderate,1,o,Shopping,13.14
November,Hill Station,Cold,3,o,Shopping,13.69
November,Hill Station,Cold,5,o,Relaxation,14.8
March,City,Moderate,4,o,Adventure,10.61
November,Wildlife,Moderate,7,o,Food,18.02
December,City,Moderate,3,o,Shopping,15.23
June,City,Moderate,5,o,Food,12.46
June,Beach,Moderate,3,o,Shopping,15.97
April,Historical,Hot,1,o,Food,7.19
August,Hill Station,Moderate,4,o,Adventure,9.4
July,City,Moderate,7,o,Adventure,16.02
February,Wildlife,Hot,6,o,Relaxation,18.22
December,Beach,Hot,14,o,Adventure,15.26
February,Historical,Hot,4,o,Shopping,8.37
May,Religious,Moderate,5,o,Relaxation,13.19
March,Religious,Moderate,7,o,Shopping,11.04
December,Beach,Hot,4,o,Culture,17.14
March,Historical,Hot,1,o,Shopping,12.64
October,City,Moderate,10,o,Relaxation,12.43
November,Beach,Hot,10,o,Food,20.32
March,Hill Station,Cold,6,o,Shopping,16.75
December,Religious,Moderate,7,o,Relaxation,12.65
May,Religious,Moderate,2,o,Food,18.9
June,Hill Station,Moderate,4,o,Adventure,12.3
November,Historical,Hot,1,o,Food,8.01
October,Hill Station,Moderate,7,o,Food,19.23
March,City,Moderate,14,o,Culture,11.78
March,Hill Station,Cold,14,o,Culture,10.65
March,Historical,Hot,2,o,Shopping,11.96
May,City,Moderate,2,o,Relaxation,9.24
August,City,Moderate,5,o,Relaxation,14.09
May,Religious,Moderate,5,o,Shopping,13.66
June,Wildlife,Moderate,7,o,Food,15.74
March,Beach,Hot,14,o,Shopping,12.19
April,Religious,Moderate,3,o,Adventure,11.6
January,Hill Station,Moderate,10,o,Relaxation,13.56
July,City,Moderate,2,o,Shopping,15.87
June,Historical,Hot,14,o,Shopping,15.11
February,Historical,Hot,3,o,Shopping,14.22
April,Hill Station,Cold,5,o,Adventure,9.66
May,Beach,Hot,4,o,Food,20.96
October,Wildlife,Moderate,3,o,Food,18.04
August,Historical,Hot,2,o,Relaxation,10.54
November,City,Moderate,2,o,Culture,10.97
February,Historical,Hot,6,o,Food,12.1
August,Beach,Moderate,10,o,Adventure,17.81
November,Historical,Hot,1,o,Food,8.93
August,City,Moderate,6,o,Food,9.91
January,Religious,Moderate,5,o,Relaxation,8.75
September,City,Moderate,7,o,Adventure,16.65
March,Hill Station,Moderate,4,o,Culture,17.46
April,Historical,Hot,3,o,Adventure,6.82
November,Historical,Hot,3,o,Culture,9.97
July,Hill Station,Cold,5,o,Shopping,17.59
November,Religious,Moderate,2,o,Culture,12.74
August,City,Moderate,7,o,Shopping,11.62
October,Historical,Hot,7,o,Food,8.59
October,Hill Station,Moderate,3,o,Culture,13.21
January,Historical,Hot,14,o,Adventure,16.27
November,City,Moderate,3,o,Relaxation,18.22
August,Historical,Hot,7,o,Culture,14.94
March,Hill Station,Cold,3,o,Culture,20.41
September,Religious,Moderate,7,o,Relaxation,12.15
February,City,Moderate,1,o,Food,14.44
July,Wildlife,Hot,7,o,Food,15.29
May,Hill Station,Moderate,6,o,Food,10.23
January,City,Moderate,2,o,Food,15.38
March,Religious,Moderate,7,o,Relaxation,13.91
December,Hill Station,Cold,5,o,Shopping,17.41
October,City,Moderate,5,o,Shopping,18.99
March,City,Moderate,2,o,Relaxation,22.33
July,Religious,Moderate,14,o,Adventure,12.82
February,Hill Station,Moderate,1,o,Shopping,14.45
December,Beach,Hot,7,o,Shopping,19.04
October,Religious,Moderate,6,o,Culture,16.39
February,Religious,Moderate,3,o,Culture,11.69
February,Beach,Hot,1,o,Relaxation,21.49
April,Religious,Moderate,10,o,Adventure,9.73
July,Religious,Moderate,14,o,Relaxation,13.03
August,Beach,Moderate,3,o,Culture,18.33
February,Historical,Hot,3,o,Adventure,8.7
August,Beach,Hot,1,o,Shopping,23.17
May,Historical,Hot,7,o,Relaxation,14.81
February,Hill Station,Cold,7,o,Adventure,14.98
October,Historical,Hot,14,o,Food,14.01
July,City,Moderate,10,o,Shopping,9.72
December,Wildlife,Hot,1,o,Relaxation,15.84
October,Wildlife,Hot,6,o,Shopping,16.12
November,Wildlife,Hot,7,o,Culture,16.79
October,Historical,Hot,6,o,Shopping,11.82
March,Historical,Hot,5,o,Adventure,13.36
June,Religious,Moderate,10,o,Shopping,13.32
November,Beach,Moderate,6,o,Food,17.0
May,Wildlife,Hot,7,o,Relaxation,22.46
March,Historical,Hot,4,o,Shopping,12.12
March,City,Moderate,3,o,Shopping,12.29
August,Beach,Moderate,2,o,Food,20.81
April,Historical,Hot,4,o,Culture,5.54
June,Wildlife,Moderate,5,o,Adventure,20.29
September,City,Moderate,1,o,Relaxation,9.65
February,Hill Station,Moderate,4,o,Shopping,11.96
May,Hill Station,Cold,6,o,Shopping,13.05
May,City,Moderate,3,o,Food,15.32
August,Religious,Moderate,10,o,Adventure,14.33
October,Hill Station,Moderate,2,o,Food,20.8
February,Wildlife,Hot,3,o,Food,17.21
June,Religious,Moderate,3,o,Relaxation,9.08
September,Religious,Moderate,10,o,Shopping,7.99
November,Religious,Moderate,6,o,Relaxation,7.69
April,City,Moderate,10,o,Adventure,16.75
August,Historical,Hot,6,o,Relaxation,7.45
May,City,Moderate,6,o,Adventure,16.65
November,Religious,Moderate,4,o,Culture,8.39
March,Beach,Hot,7,o,Relaxation,18.39
September,Historical,Hot,6,o,Shopping,6.88
January,Hill Station,Cold,14,o,Relaxation,13.7
June,Hill Station,Cold,7,o,Culture,14.51
July,Beach,Moderate,1,o,Adventure,24.16
January,Religious,Moderate,14,o,Food,14.44
November,City,Moderate,14,o,Shopping,9.44
January,City,Moderate,5,o,Culture,14.56
August,Wildlife,Hot,4,o,Shopping,15.76
November,Wildlife,Moderate,7,o,Culture,17.78
January,Beach,Hot,14,o,Adventure,21.03
September,City,Moderate,14,o,Relaxation,12.85
September,City,Moderate,14,o,Adventure,13.1
January,City,Moderate,1,o,Relaxation,10.72
May,Wildlife,Moderate,7,o,Relaxation,21.54
June,Wildlife,Hot,5,o,Adventure,15.16
January,Religious,Moderate,2,o,Adventure,5.46
December,Historical,Hot,1,o,Food,9.21
December,Historical,Hot,14,o,Relaxation,7.51
May,Wildlife,Moderate,5,o,Culture,15.05
September,Religious,Moderate,4,o,Shopping,5.76
October,Hill Station,Cold,4,o,Food,14.62
March,City,Moderate,7,o,Adventure,13.62
January,Historical,Hot,7,o,Adventure,12.21
August,Beach,Hot,2,o,Relaxation,19.75
September,City,Moderate,14,o,Food,13.56
August,Historical,Hot,7,o,Food,12.59
March,Historical,Hot,3,o,Shopping,9.56
December,Wildlife,Hot,10,o,Shopping,13.1
August,Beach,Hot,10,o,Relaxation,22.49
June,Hill Station,Moderate,2,o,Food,17.43
February,Wildlife,Hot,6,o,Adventure,13.56
September,Wildlife,Hot,3,o,Adventure,13.63
June,Hill Station,Cold,5,o,Culture,12.25
March,City,Moderate,3,o,Adventure,12.36
May,Wildlife,Hot,5,o,Adventure,17.83
January,Beach,Hot,2,o,Shopping,17.41
January,Wildlife,Moderate,7,o,Adventure,22.09
August,Historical,Hot,6,o,Food,7.41
March,Historical,Hot,3,o,Food,13.54
November,Wildlife,Hot,10,o,Shopping,16.67
October,Beach,Moderate,7,o,Adventure,21.49
June,Historical,Hot,14,o,Shopping,13.69
November,Hill Station,Moderate,2,o,Culture,11.94
November,Beach,Hot,5,o,Food,19.93
February,Wildlife,Moderate,4,o,Food,16.48
September,Wildlife,Hot,4,o,Food,16.61
November,Historical,Hot,14,o,Adventure,14.48
April,Beach,Hot,4,o,Culture,25.03
September,Religious,Moderate,6,o,Adventure,9.52
January,Historical,Hot,6,o,Shopping,12.05
January,Historical,Hot,14,o,Shopping,11.74
February,City,Moderate,2,o,Culture,17.7
March,Hill Station,Cold,3,o,Culture,18.87
May,City,Moderate,7,o,Relaxation,11.49
October,Religious,Moderate,6,o,Adventure,11.79
May,Beach,Hot,7,o,Adventure,21.08
July,Hill Station,Cold,6,o,Relaxation,16.7
January,City,Moderate,4,o,Adventure,10.65
September,Beach,Hot,14,o,Shopping,17.93
January,Historical,Hot,6,o,Culture,17.12
August,Historical,Hot,1,o,Adventure,11.1
May,Historical,Hot,14,o,Adventure,16.84
September,Wildlife,Moderate,3,o,Relaxation,19.99
February,City,Moderate,14,o,Shopping,14.5
September,Beach,Moderate,3,o,Culture,21.42
August,Beach,Hot,1,o,Food,21.45
May,Hill Station,Moderate,3,o,Food,11.29
May,Hill Station,Moderate,5,o,Shopping,12.71
November,Religious,Moderate,4,o,Culture,11.11
March,Wildlife,Moderate,14,o,Adventure,17.46
February,Wildlife,Hot,7,o,Culture,19.3
December,Religious,Moderate,14,o,Relaxation,8.64
October,City,Moderate,14,o,Relaxation,8.86
December,City,Moderate,10,o,Culture,13.91
June,City,Moderate,4,o,Culture,15.16
December,Historical,Hot,3,o,Adventure,11.31
August,Religious,Moderate,1,o,Food,15.36
September,Hill Station,Cold,10,o,Shopping,17.49
September,Historical,Hot,1,o,Adventure,8.95
June,Religious,Moderate,7,o,Adventure,6.15
March,Wildlife,Hot,1,o,Shopping,10.89
April,Hill Station,Moderate,10,o,Culture,13.56
May,Hill Station,Cold,6,o,Adventure,9.68
November,Beach,Hot,5,o,Food,17.93
August,Religious,Moderate,6,o,Relaxation,11.01
December,Hill Station,Cold,4,o,Shopping,13.52
February,Hill Station,Cold,5,o,Shopping,19.33
September,Wildlife,Moderate,4,o,Relaxation,16.16
October,Religious,Moderate,3,o,Adventure,10.16
May,Religious,Moderate,4,o,Relaxation,13.37
November,Wildlife,Hot,1,o,Relaxation,18.02
August,Religious,Moderate,1,o,Food,8.92
July,Historical,Hot,7,o,Culture,12.99
August,City,Moderate,10,o,Food,9.98
January,City,Moderate,5,o,Relaxation,9.65
January,Historical,Hot,7,o,Culture,12.3
October,Beach,Hot,1,o,Adventure,15.02
February,Religious,Moderate,4,o,Shopping,6.95
May,Beach,Moderate,2,o,Culture,16.03
August,Religious,Moderate,7,o,Adventure,9.0
April,Hill Station,Moderate,2,o,Culture,18.02
January,Historical,Hot,6,o,Culture,11.62
October,Wildlife,Moderate,10,o,Adventure,17.98
February,Hill Station,Cold,2,o,Food,14.31
June,Hill Station,Cold,2,o,Shopping,12.45
January,Beach,Hot,5,o,Shopping,21.1
February,Wildlife,Hot,1,o,Adventure,16.06
July,Wildlife,Hot,7,o,Culture,18.26
October,Hill Station,Cold,1,o,Relaxation,16.82
July,Historical,Hot,2,o,Shopping,8.69
September,City,Moderate,6,o,Shopping,14.08
February,Wildlife,Hot,1,o,Adventure,18.67
April,Wildlife,Moderate,3,o,Food,14.24
July,Religious,Moderate,10,o,Culture,11.34
April,Religious,Moderate,3,o,Relaxation,16.23
May,Hill Station,Cold,7,o,Relaxation,12.87
October,Wildlife,Moderate,14,o,Culture,13.22
May,Beach,Hot,6,o,Shopping,27.28
September,City,Moderate,3,o,Adventure,14.3
September,Hill Station,Cold,1,o,Food,14.56
April,Historical,Hot,4,o,Relaxation,10.22
November,Hill Station,Cold,10,o,Relaxation,18.06
December,Religious,Moderate,6,o,Food,17.27
May,Wildlife,Hot,7,o,Food,21.03
August,City,Moderate,1,o,Adventure,6.01
November,Historical,Hot,4,o,Adventure,15.26
October,Religious,Moderate,4,o,Shopping,14.17
December,Beach,Hot,7,o,Culture,12.09
January,Beach,Moderate,6,o,Relaxation,20.01
January,Hill Station,Cold,14,o,Culture,11.96
August,Hill Station,Cold,4,o,Culture,15.26
January,Religious,Moderate,4,o,Adventure,9.99
April,Beach,Hot,5,o,Relaxation,17.63
September,Religious,Moderate,4,o,Culture,8.01
March,Beach,Hot,5,o,Adventure,21.95
July,Hill Station,Moderate,2,o,Relaxation,15.11
August,City,Moderate,4,o,Culture,8.65
September,City,Moderate,7,o,Relaxation,12.1
March,Religious,Moderate,3,o,Adventure,10.85
July,Beach,Hot,6,o,Food,19.86
January,City,Moderate,4,o,Relaxation,10.71
June,Wildlife,Hot,4,o,Relaxation,21.39
September,Hill Station,Cold,10,o,Relaxation,17.99
November,Beach,Hot,2,o,Shopping,20.84
June,Beach,Moderate,10,o,Food,25.28
June,Wildlife,Hot,6,o,Relaxation,16.84
August,Wildlife,Moderate,5,o,Shopping,20.67
November,Wildlife,Hot,1,o,Food,13.04
August,Beach,Moderate,4,o,Relaxation,19.39
July,Historical,Hot,7,o,Culture,11.73
May,Wildlife,Moderate,14,o,Culture,20.07
May,Hill Station,Cold,10,o,Adventure,14.17
October,Wildlife,Hot,1,o,Relaxation,19.82
August,Historical,Hot,10,o,Shopping,10.18
August,Historical,Hot,6,o,Culture,12.63
March,City,Moderate,10,o,Adventure,16.6
June,Beach,Hot,2,o,Adventure,18.52
April,City,Moderate,2,o,Culture,9.77
January,Hill Station,Cold,14,o,Culture,12.93
November,Beach,Hot,6,o,Relaxation,19.44
April,City,Moderate,3,o,Culture,11.15
May,Religious,Moderate,5,o,Adventure,16.29
October,City,Moderate,1,o,Shopping,12.15
April,Historical,Hot,4,o,Shopping,15.87
April,Religious,Moderate,14,o,Shopping,13.9
June,Wildlife,Moderate,2,o,Shopping,18.95
December,City,Moderate,7,o,Shopping,9.59
September,Beach,Hot,1,o,Shopping,20.81
March,City,Moderate,5,o,Food,17.54
November,Religious,Moderate,6,o,Shopping,15.19
July,City,Moderate,7,o,Shopping,14.24
October,Religious,Moderate,1,o,Culture,13.25
March,Wildlife,Hot,6,o,Relaxation,18.87
April,Wildlife,Moderate,7,o,Shopping,20.22
August,Hill Station,Moderate,2,o,Relaxation,19.58
February,City,Moderate,3,o,Culture,11.67
December,Hill Station,Moderate,10,o,Adventure,13.56
February,Hill Station,Moderate,7,o,Relaxation,15.59
May,City,Moderate,14,o,Relaxation,13.93
June,Hill Station,Cold,14,o,Adventure,17.35
July,Hill Station,Cold,7,o,Culture,15.93
September,Beach,Hot,7,o,Relaxation,19.72
April,Historical,Hot,3,o,Shopping,8.35
December,Beach,Hot,10,o,Shopping,17.46
April,Beach,Hot,14,o,Food,18.04
April,Religious,Moderate,1,o,Culture,8.73
July,Beach,Hot,4,o,Adventure,17.94
August,Wildlife,Hot,10,o,Food,12.88
May,Historical,Hot,10,o,Adventure,12.09
October,City,Moderate,3,o,Shopping,13.67
October,Historical,Hot,7,o,Relaxation,10.56
December,Historical,Hot,2,o,Relaxation,15.47
March,Historical,Hot,5,o,Relaxation,10.74
December,Religious,Moderate,4,o,Adventure,14.33
February,Historical,Hot,6,o,Food,13.79
June,Hill Station,Cold,7,o,Food,11.72
April,Historical,Hot,14,o,Culture,14.67
February,Hill Station,Moderate,10,o,Adventure,10.73
April,Historical,Hot,7,o,Shopping,15.32
February,Hill Station,Cold,3,o,Culture,16.79
August,City,Moderate,2,o,Shopping,10.15
March,Hill Station,Cold,10,o,Shopping,10.42
January,City,Moderate,2,o,Relaxation,14.85
September,Beach,Hot,7,o,Adventure,21.66
November,Beach,Hot,5,o,Adventure,21.88
March,Beach,Hot,4,o,Culture,20.78
April,Religious,Moderate,10,o,Food,9.38
November,Religious,Moderate,2,o,Food,7.97
January,Historical,Hot,1,o,Shopping,6.11
April,Hill Station,Cold,6,o,Relaxation,14.0
January,Beach,Hot,7,o,Adventure,21.47
April,Hill Station,Cold,2,o,Culture,11.29
December,Beach,Moderate,3,o,Relaxation,23.49
February,Hill Station,Moderate,6,o,Food,17.01
April,City,Moderate,14,o,Food,12.12
April,Historical,Hot,4,o,Adventure,10.59
March,Hill Station,Cold,1,o,Culture,16.93
July,Historical,Hot,4,o,Adventure,14.27
November,Historical,Hot,5,o,Adventure,13.84
February,Religious,Moderate,4,o,Adventure,7.95
August,Historical,Hot,2,o,Food,11.27
February,Religious,Moderate,6,o,Culture,10.88
June,Religious,Moderate,3,o,Relaxation,10.6
February,Religious,Moderate,6,o,Shopping,12.0
September,Hill Station,Cold,4,o,Shopping,19.29
January,Wildlife,Hot,2,o,Relaxation,18.87
April,City,Moderate,2,o,Shopping,16.99
August,Hill Station,Moderate,5,o,Culture,18.21
April,Beach,Hot,1,o,Shopping,26.06
March,Beach,Moderate,5,o,Culture,24.9
July,City,Moderate,5,o,Food,18.26
June,Hill Station,Moderate,4,o,Culture,13.95
November,Beach,Hot,4,o,Relaxation,24.69
June,Wildlife,Moderate,3,o,Food,18.5
August,Historical,Hot,2,o,Adventure,7.8
April,Beach,Moderate,3,o,Relaxation,19.38
September,Hill Station,Cold,4,o,Food,16.68
December,Beach,Hot,10,o,Shopping,23.36
April,City,Moderate,7,o,Relaxation,14.65
May,Beach,Hot,10,o,Culture,18.22
August,Religious,Moderate,2,o,Culture,11.37
March,City,Moderate,10,o,Shopping,18.86
October,Historical,Hot,7,o,Food,10.48
July,Beach,Hot,7,o,Adventure,21.67
September,Hill Station,Cold,3,o,Food,14.52
July,Wildlife,Hot,10,o,Culture,20.34
July,City,Moderate,14,o,Culture,16.23
June,Wildlife,Hot,3,o,Adventure,14.77
March,Religious,Moderate,4,o,Relaxation,9.54
December,Hill Station,Cold,6,o,Food,11.38
July,Historical,Hot,6,o,Shopping,13.12
November,Historical,Hot,2,o,Culture,10.81
July,Historical,Hot,3,o,Adventure,17.46
December,Beach,Hot,6,o,Culture,18.99
December,Wildlife,Moderate,1,o,Culture,18.03
December,Religious,Moderate,4,o,Shopping,12.57
June,Beach,Hot,1,o,Adventure,23.99
October,Religious,Moderate,10,o,Culture,12.24
April,Religious,Moderate,3,o,Culture,12.39
November,Hill Station,Moderate,7,o,Adventure,12.06
April,Historical,Hot,7,o,Food,21.19
December,Beach,Hot,5,o,Culture,20.72
May,Wildlife,Moderate,7,o,Food,13.55
November,Religious,Moderate,6,o,Adventure,11.45
December,Beach,Hot,7,o,Relaxation,22.3
March,Religious,Moderate,10,o,Adventure,9.6
December,Hill Station,Cold,7,o,Adventure,14.55
December,Wildlife,Hot,7,o,Culture,17.59
March,Beach,Moderate,3,o,Culture,17.73
September,Beach,Moderate,2,o,Relaxation,16.61
April,Historical,Hot,1,o,Relaxation,13.87
May,Religious,Moderate,7,o,Relaxation,12.89
February,Historical,Hot,5,o,Relaxation,9.59
May,Hill Station,Cold,2,o,Adventure,15.87
April,City,Moderate,10,o,Food,13.22
January,Historical,Hot,5,o,Adventure,15.58
April,Hill Station,Cold,14,o,Adventure,14.64
September,Hill Station,Cold,5,o,Food,16.03
October,Historical,Hot,7,o,Culture,12.93
June,City,Moderate,4,o,Culture,11.0
October,City,Moderate,1,o,Shopping,12.47
January,City,Moderate,10,o,Adventure,11.02
January,Religious,Moderate,2,o,Relaxation,8.89
June,Wildlife,Hot,10,o,Relaxation,15.53
July,Wildlife,Moderate,4,o,Food,16.15
November,Hill Station,Cold,6,o,Adventure,14.81
April,Hill Station,Cold,10,o,Shopping,16.44
July,Historical,Hot,10,o,Culture,10.16
May,Religious,Moderate,4,o,Shopping,14.16
October,Religious,Moderate,14,o,Food,7.96
February,Hill Station,Cold,5,o,Shopping,12.72
August,Religious,Moderate,2,o,Relaxation,8.69
April,Historical,Hot,3,o,Relaxation,8.11
July,Religious,Moderate,1,o,Adventure,9.63
May,Beach,Hot,4,o,Shopping,20.54
November,Religious,Moderate,2,o,Shopping,9.86
November,Religious,Moderate,10,o,Food,12.0
October,Hill Station,Cold,2,o,Relaxation,14.91
December,Religious,Moderate,7,o,Shopping,8.45
April,Religious,Moderate,5,o,Relaxation,12.72
February,Hill Station,Moderate,2,o,Adventure,9.64
October,City,Moderate,6,o,Adventure,13.71
October,Beach,Hot,1,o,Shopping,16.81
September,City,Moderate,4,o,Food,14.05
June,Historical,Hot,3,o,Culture,8.99
July,Wildlife,Moderate,1,o,Adventure,14.46
March,Wildlife,Hot,5,o,Culture,16.93
March,Beach,Hot,5,o,Shopping,16.44
June,Beach,Hot,5,o,Food,13.03
December,Wildlife,Hot,10,o,Culture,20.39
May,Religious,Moderate,7,o,Shopping,13.05
December,Hill Station,Moderate,4,o,Relaxation,16.18
March,Religious,Moderate,10,o,Adventure,5.22
November,Religious,Moderate,3,o,Culture,10.16
July,Hill Station,Cold,10,o,Culture,17.54
February,City,Moderate,14,o,Shopping,18.11
December,Religious,Moderate,4,o,Culture,10.78
March,Religious,Moderate,6,o,Adventure,5.0
August,Wildlife,Hot,3,o,Culture,12.59
December,Wildlife,Moderate,10,o,Shopping,16.18
April,City,Moderate,4,o,Relaxation,16.16
December,Religious,Moderate,2,o,Culture,9.42
July,Religious,Moderate,3,o,Shopping,5.11
August,Hill Station,Moderate,3,o,Culture,14.27
November,Hill Station,Moderate,6,o,Food,14.1
November,Wildlife,Moderate,7,o,Relaxation,22.71
April,Beach,Hot,7,o,Adventure,24.88
March,Historical,Hot,7,o,Food,8.3
November,Religious,Moderate,7,o,Shopping,12.98
January,City,Moderate,2,o,Culture,6.71
August,Hill Station,Cold,14,o,Adventure,17.59
October,Beach,Hot,10,o,Food,16.13
March,City,Moderate,7,o,Food,13.87
October,Historical,Hot,3,o,Culture,9.27
December,Hill Station,Cold,14,o,Adventure,12.85
July,Beach,Moderate,14,o,Adventure,21.14
September,Wildlife,Hot,14,o,Adventure,16.43
November,Religious,Moderate,2,o,Relaxation,7.69
September,Beach,Hot,10,o,Adventure,20.66
March,City,Moderate,4,o,Adventure,11.4
September,Religious,Moderate,5,o,Adventure,14.59
September,Hill Station,Cold,5,o,Adventure,18.54
November,City,Moderate,1,o,Shopping,13.58
September,Beach,Hot,5,o,Adventure,21.56
October,Religious,Moderate,10,o,Relaxation,8.07
June,Religious,Moderate,14,o,Food,8.95
November,Wildlife,Hot,1,o,Adventure,14.97
March,Beach,Hot,5,o,Relaxation,20.89
September,Beach,Hot,4,o,Food,21.13
March,Wildlife,Hot,7,o,Culture,16.57
July,Hill Station,Cold,3,o,Culture,11.45
May,Historical,Hot,7,o,Adventure,11.91
April,Religious,Moderate,2,o,Food,8.27
December,Religious,Moderate,6,o,Relaxation,8.19
March,Wildlife,Moderate,6,o,Shopping,15.0
October,Historical,Hot,4,o,Adventure,11.79
September,Hill Station,Cold,2,o,Adventure,17.67
June,Religious,Moderate,2,o,Adventure,9.18
March,City,Moderate,4,o,Culture,14.37
July,City,Moderate,4,o,Adventure,5.0
March,Historical,Hot,14,o,Adventure,10.5
August,Religious,Moderate,2,o,Food,9.42
May,Wildlife,Hot,14,o,Food,21.17
March,City,Moderate,6,o,Adventure,11.2
December,Historical,Hot,14,o,Culture,8.67
October,Wildlife,Hot,3,o,Shopping,19.3
December,City,Moderate,3,o,Food,13.65
July,Religious,Moderate,5,o,Relaxation,12.52
November,Hill Station,Cold,7,o,Relaxation,26.78
August,Religious,Moderate,6,o,Relaxation,11.17
July,Historical,Hot,14,o,Culture,10.46
November,Religious,Moderate,2,o,Culture,14.6
February,City,Moderate,2,o,Culture,12.34
March,Hill Station,Cold,1,o,Adventure,14.86
August,Hill Station,Cold,1,o,Food,13.73
August,Historical,Hot,14,o,Shopping,12.75
January,Religious,Moderate,4,o,Shopping,8.32
December,Religious,Moderate,14,o,Shopping,8.56
December,Religious,Moderate,14,o,Relaxation,9.36
August,Religious,Moderate,3,o,Food,14.66
February,Religious,Moderate,6,o,Relaxation,9.54
July,Beach,Hot,10,o,Adventure,18.39
February,Historical,Hot,6,o,Culture,13.08
February,Religious,Moderate,5,o,Food,8.81
May,City,Moderate,4,o,Culture,15.27
May,Hill Station,Cold,14,o,Relaxation,17.23
August,Hill Station,Cold,1,o,Food,15.34
August,City,Moderate,6,o,Food,13.29
January,City,Moderate,6,o,Adventure,16.89
June,Religious,Moderate,1,o,Shopping,8.84
April,Hill Station,Cold,2,o,Shopping,17.24
February,Wildlife,Moderate,10,o,Shopping,17.28
April,Hill Station,Moderate,10,o,Culture,15.76
June,Historical,Hot,7,o,Culture,14.09
August,Beach,Hot,10,o,Adventure,15.61
December,Beach,Hot,7,o,Culture,20.99
February,Hill Station,Cold,4,o,Relaxation,16.6
July,City,Moderate,7,o,Relaxation,15.63
March,Religious,Moderate,4,o,Adventure,15.42
July,Historical,Hot,10,o,Adventure,10.19
June,Wildlife,Hot,7,o,Relaxation,16.31
February,Wildlife,Moderate,2,o,Relaxation,19.99
June,Hill Station,Moderate,14,o,Relaxation,13.6
November,Hill Station,Cold,6,o,Adventure,16.92
August,Historical,Hot,5,o,Shopping,11.43
July,City,Moderate,4,o,Adventure,13.97
March,Wildlife,Moderate,4,o,Food,13.56
December,City,Moderate,4,o,Culture,12.83
August,Religious,Moderate,2,o,Relaxation,12.45
October,Religious,Moderate,3,o,Relaxation,6.05
July,Beach,Hot,1,o,Relaxation,20.03
July,City,Moderate,1,o,Relaxation,16.62
January,Wildlife,Hot,7,o,Adventure,19.33
April,Historical,Hot,6,o,Relaxation,14.6
September,Historical,Hot,7,o,Adventure,12.5
February,Religious,Moderate,5,o,Culture,12.7
December,City,Moderate,7,o,Culture,15.1
March,Beach,Hot,1,o,Adventure,17.15
April,Hill Station,Cold,5,o,Culture,20.24
February,Historical,Hot,7,o,Food,11.19
June,Beach,Hot,6,o,Shopping,21.78
November,City,Moderate,1,o,Adventure,10.53
June,Religious,Moderate,6,o,Culture,9.17
November,Religious,Moderate,5,o,Relaxation,9.41
February,Beach,Hot,3,o,Adventure,16.83
October,Religious,Moderate,4,o,Adventure,11.69
February,Beach,Hot,14,o,Adventure,25.14
December,Wildlife,Hot,10,o,Culture,19.34
March,Beach,Hot,4,o,Adventure,15.13
June,Historical,Hot,6,o,Food,14.73
February,Historical,Hot,10,o,Shopping,12.32
October,Historical,Hot,5,o,Relaxation,15.79
January,Religious,Moderate,1,o,Culture,8.46
August,Religious,Moderate,14,o,Shopping,12.63
August,Wildlife,Hot,14,o,Relaxation,17.6
October,Historical,Hot,5,o,Shopping,17.73
March,Beach,Moderate,4,o,Adventure,22.43
August,Wildlife,Moderate,14,o,Food,18.4
April,Religious,Moderate,5,o,Culture,12.52
February,Religious,Moderate,3,o,Food,11.53
April,Beach,Hot,5,o,Food,17.26
March,Hill Station,Cold,5,o,Culture,15.45
September,Hill Station,Moderate,2,o,Relaxation,12.96
June,Hill Station,Cold,6,o,Food,16.27
July,Hill Station,Cold,5,o,Relaxation,21.24
June,City,Moderate,4,o,Adventure,13.77
May,Religious,Moderate,1,o,Relaxation,7.27
November,Wildlife,Moderate,5,o,Shopping,16.8
April,Religious,Moderate,6,o,Shopping,12.35
November,City,Moderate,7,o,Food,11.71
December,Beach,Hot,7,o,Relaxation,19.56
February,City,Moderate,10,o,Shopping,11.76
March,Beach,Hot,4,o,Relaxation,25.66
November,Wildlife,Hot,5,o,Relaxation,18.46
March,Hill Station,Cold,7,o,Relaxation,10.36
March,Religious,Moderate,2,o,Adventure,12.29
November,Historical,Hot,7,o,Shopping,13.3
October,Hill Station,Cold,2,o,Adventure,11.14
February,Historical,Hot,1,o,Adventure,7.81
April,Religious,Moderate,2,o,Relaxation,9.25
January,City,Moderate,1,o,Food,16.12
April,Hill Station,Cold,3,o,Adventure,14.8
May,Historical,Hot,6,o,Relaxation,9.45
January,Historical,Hot,14,o,Relaxation,15.7
February,Religious,Moderate,1,o,Food,10.81
May,Hill Station,Cold,2,o,Food,18.6
January,Wildlife,Hot,4,o,Relaxation,15.61
July,Hill Station,Cold,3,o,Shopping,9.39
November,City,Moderate,7,o,Relaxation,11.83
March,Religious,Moderate,2,o,Shopping,11.57
June,Beach,Hot,2,o,Culture,21.35
June,Wildlife,Moderate,2,o,Adventure,9.54
July,Hill Station,Cold,14,o,Relaxation,13.03
March,City,Moderate,5,o,Shopping,13.48
February,Wildlife,Hot,5,o,Culture,17.16
December,Historical,Hot,2,o,Culture,10.97
June,Hill Station,Cold,3,o,Relaxation,15.51
February,Historical,Hot,2,o,Shopping,12.8
March,Wildlife,Hot,2,o,Culture,14.28
July,City,Moderate,6,o,Relaxation,11.24
August,City,Moderate,7,o,Shopping,13.67
November,Wildlife,Moderate,4,o,Relaxation,10.44
August,Historical,Hot,14,o,Food,15.43
September,Wildlife,Hot,4,o,Food,18.28
December,Historical,Hot,7,o,Food,15.59
April,Wildlife,Moderate,6,o,Adventure,15.6
June,Hill Station,Cold,14,o,Adventure,14.13
January,Historical,Hot,6,o,Adventure,17.2
August,City,Moderate,3,o,Culture,10.43
April,Wildlife,Hot,4,o,Relaxation,16.5
December,Hill Station,Cold,3,o,Adventure,12.96
June,Historical,Hot,1,o,Shopping,12.95
February,Religious,Moderate,10,o,Food,10.0
March,Wildlife,Moderate,6,o,Adventure,13.4
February,Beach,Moderate,1,o,Relaxation,19.12
March,Wildlife,Hot,10,o,Relaxation,17.04
December,Religious,Moderate,5,o,Food,6.27
August,Historical,Hot,1,o,Culture,13.06
January,City,Moderate,1,o,Relaxation,12.23
March,Wildlife,Hot,1,o,Food,17.68
September,Historical,Hot,5,o,Shopping,14.08
July,Wildlife,Hot,3,o,Relaxation,21.39
July,City,Moderate,3,o,Food,11.32
October,Religious,Moderate,1,o,Shopping,16.97
December,Beach,Hot,14,o,Relaxation,21.05
August,Wildlife,Hot,6,o,Shopping,16.1
March,Religious,Moderate,1,o,Shopping,11.82
May,City,Moderate,2,o,Relaxation,13.46
October,Hill Station,Moderate,6,o,Culture,18.76
March,Hill Station,Cold,14,o,Culture,17.2
October,Hill Station,Cold,1,o,Relaxation,14.36
April,City,Moderate,1,o,Food,12.83
October,Beach,Hot,1,o,Adventure,23.66
January,Wildlife,Moderate,6,o,Adventure,11.55
June,Hill Station,Cold,5,o,Adventure,17.28
July,Historical,Hot,6,o,Culture,16.52
July,Beach,Hot,14,o,Culture,17.92
October,Hill Station,Cold,7,o,Adventure,19.04
March,Historical,Hot,3,o,Culture,10.58
November,Religious,Moderate,2,o,Adventure,11.22
November,Religious,Moderate,3,o,Relaxation,9.99
September,Religious,Moderate,14,o,Food,14.85
June,City,Moderate,5,o,Relaxation,16.26
December,City,Moderate,7,o,Adventure,14.33
October,Beach,Hot,2,o,Food,16.54
January,Beach,Hot,3,o,Adventure,13.26
February,City,Moderate,10,o,Shopping,16.78
March,City,Moderate,2,o,Culture,12.02
February,City,Moderate,2,o,Culture,11.98
August,Beach,Hot,5,o,Culture,21.17
October,Historical,Hot,10,o,Adventure,12.75
July,Hill Station,Cold,7,o,Culture,12.48
June,Wildlife,Moderate,14,o,Shopping,16.33
February,Wildlife,Hot,7,o,Culture,13.6
November,Wildlife,Moderate,1,o,Culture,18.03
December,Wildlife,Moderate,14,o,Relaxation,15.88
May,Hill Station,Moderate,7,o,Adventure,13.48
April,Beach,Moderate,7,o,Adventure,18.22
August,Historical,Hot,10,o,Culture,11.68
February,Religious,Moderate,3,o,Adventure,11.25
July,Religious,Moderate,4,o,Shopping,9.44
June,Historical,Hot,6,o,Adventure,10.92
December,Wildlife,Hot,10,o,Relaxation,16.76
January,Hill Station,Cold,14,o,Shopping,12.97
November,Beach,Hot,4,o,Relaxation,23.01
July,City,Moderate,1,o,Food,7.81
April,City,Moderate,1,o,Shopping,17.48
May,Beach,Moderate,5,o,Shopping,14.8
March,Religious,Moderate,2,o,Adventure,12.02
May,City,Moderate,10,o,Adventure,9.94
March,Historical,Hot,1,o,Culture,14.8
May,Hill Station,Moderate,3,o,Culture,17.54
August,Beach,Hot,10,o,Shopping,13.62
June,Wildlife,Hot,7,o,Shopping,18.3
December,Hill Station,Cold,3,o,Adventure,16.41
March,City,Moderate,10,o,Adventure,14.91
February,Beach,Moderate,7,o,Culture,18.35
March,City,Moderate,10,o,Shopping,12.67
April,Religious,Moderate,4,o,Adventure,8.31
July,Historical,Hot,4,o,Food,14.53
November,City,Moderate,1,o,Relaxation,11.89
May,City,Moderate,5,o,Adventure,5.0
November,Wildlife,Moderate,10,o,Shopping,15.88
June,Historical,Hot,14,o,Culture,14.02
March,Historical,Hot,10,o,Adventure,5.0
September,Historical,Hot,3,o,Relaxation,12.76
May,Wildlife,Hot,7,o,Shopping,13.44
February,Religious,Moderate,2,o,Food,9.18
October,Hill Station,Cold,7,o,Adventure,16.37
September,Hill Station,Cold,2,o,Food,11.54
October,Religious,Moderate,1,o,Food,5.74
April,Religious,Moderate,4,o,Shopping,9.83
April,Historical,Hot,10,o,Adventure,12.47
July,Hill Station,Cold,7,o,Shopping,19.7
September,Hill Station,Cold,5,o,Relaxation,12.42
July,City,Moderate,4,o,Culture,9.05
January,Hill Station,Moderate,1,o,Adventure,17.33
December,Beach,Moderate,6,o,Food,16.99
July,City,Moderate,4,o,Food,10.74
October,Wildlife,Hot,7,o,Relaxation,19.28
November,Hill Station,Moderate,7,o,Relaxation,11.56
June,Religious,Moderate,14,o,Shopping,13.94
February,Beach,Hot,3,o,Relaxation,21.57
July,Wildlife,Moderate,5,o,Food,14.66
April,Wildlife,Hot,2,o,Culture,20.99
January,Hill Station,Cold,3,o,Shopping,17.68
July,Hill Station,Moderate,1,o,Food,20.49
November,Religious,Moderate,6,o,Shopping,10.16
May,Beach,Hot,4,o,Relaxation,14.52
May,Wildlife,Hot,1,o,Shopping,11.49
November,City,Moderate,1,o,Relaxation,10.65
August,Religious,Moderate,2,o,Adventure,14.43
May,Hill Station,Cold,3,o,Culture,15.63
June,Hill Station,Moderate,4,o,Shopping,17.78
January,Historical,Hot,7,o,Shopping,13.63
April,Hill Station,Cold,7,o,Adventure,12.14
March,Historical,Hot,3,o,Shopping,9.97
November,City,Moderate,1,o,Relaxation,10.68
August,Hill Station,Moderate,14,o,Culture,17.49
December,Hill Station,Cold,5,o,Food,17.7
January,Hill Station,Cold,14,o,Food,16.35
June,Hill Station,Cold,2,o,Relaxation,20.0
March,Beach,Hot,4,o,Culture,24.57
May,Hill Station,Cold,10,o,Culture,10.03
December,Beach,Hot,14,o,Culture,18.43
December,Religious,Moderate,10,o,Shopping,13.19
May,Historical,Hot,3,o,Relaxation,8.89
February,Beach,Hot,5,o,Shopping,24.11
July,Beach,Hot,10,o,Shopping,22.09
October,Historical,Hot,2,o,Culture,15.22
April,Wildlife,Moderate,6,o,Shopping,17.98
March,City,Moderate,1,o,Shopping,10.46
July,Wildlife,Hot,5,o,Food,20.75
January,Wildlife,Hot,2,o,Shopping,15.75
March,Beach,Hot,6,o,Shopping,13.92
November,Beach,Hot,6,o,Relaxation,16.79
February,City,Moderate,1,o,Culture,18.73
April,City,Moderate,10,o,Culture,9.16
September,Wildlife,Moderate,2,o,Relaxation,17.57
April,Historical,Hot,14,o,Food,12.66
May,Beach,Hot,2,o,Food,20.23
June,Wildlife,Hot,6,o,Shopping,21.87
August,Beach,Hot,10,o,Adventure,25.85
February,Hill Station,Cold,2,o,Shopping,15.59
June,Historical,Hot,7,o,Food,9.61
January,Beach,Hot,1,o,Culture,19.48
July,Historical,Hot,1,o,Relaxation,14.32
November,Wildlife,Moderate,1,o,Culture,14.01
July,Hill Station,Cold,5,o,Adventure,18.11
July,City,Moderate,2,o,Culture,14.81
October,Wildlife,Hot,1,o,Shopping,17.89
August,Historical,Hot,2,o,Shopping,15.55
April,City,Moderate,1,o,Adventure,16.48
June,Hill Station,Moderate,7,o,Adventure,12.36
April,Beach,Hot,6,o,Adventure,17.86
May,Wildlife,Hot,1,o,Adventure,16.29
February,Hill Station,Moderate,5,o,Culture,15.14
December,City,Moderate,3,o,Culture,16.5
March,Beach,Hot,6,o,Adventure,16.26
November,Beach,Hot,2,o,Shopping,17.72
August,Wildlife,Hot,10,o,Food,17.86
April,City,Moderate,2,o,Shopping,15.64
June,City,Moderate,14,o,Adventure,15.16
February,Beach,Hot,10,o,Adventure,16.11
November,Hill Station,Cold,4,o,Adventure,12.73
August,Historical,Hot,2,o,Relaxation,15.51
September,City,Moderate,14,o,Food,13.4
November,City,Moderate,3,o,Shopping,13.24
April,Wildlife,Hot,6,o,Relaxation,18.66
September,Historical,Hot,4,o,Food,12.3
May,Historical,Hot,7,o,Adventure,9.47
November,Beach,Hot,2,o,Food,15.32
December,Beach,Hot,2,o,Adventure,24.51
March,Beach,Hot,5,o,Shopping,18.12
August,Hill Station,Cold,6,o,Food,14.14
February,City,Moderate,6,o,Food,12.91
July,Historical,Hot,14,o,Relaxation,12.82
August,Historical,Hot,5,o,Adventure,15.21
November,City,Moderate,7,o,Adventure,13.27
May,Religious,Moderate,4,o,Relaxation,9.31
May,Historical,Hot,14,o,Food,15.04
July,Wildlife,Moderate,2,o,Food,22.03
February,Religious,Moderate,4,o,Relaxation,8.16
October,Hill Station,Cold,5,o,Adventure,12.62
February,Beach,Hot,5,o,Food,18.8
July,Beach,Hot,2,o,Shopping,25.2
April,Beach,Hot,3,o,Shopping,22.11
December,Beach,Hot,5,o,Culture,20.0
March,Religious,Moderate,14,o,Adventure,14.25
December,Religious,Moderate,4,o,Culture,13.24
March,Beach,Hot,3,o,Adventure,24.32
January,City,Moderate,10,o,Relaxation,19.26
March,Historical,Hot,5,o,Adventure,8.96
October,Hill Station,Moderate,6,o,Adventure,14.11
April,Historical,Hot,10,o,Shopping,11.28
October,Hill Station,Moderate,5,o,Adventure,14.84
February,Beach,Hot,2,o,Relaxation,17.05
August,City,Moderate,6,o,Shopping,10.44
May,Wildlife,Moderate,6,o,Shopping,17.26
May,Historical,Hot,6,o,Culture,12.59
May,Wildlife,Hot,14,o,Adventure,14.29
July,Religious,Moderate,4,o,Relaxation,12.97
August,Religious,Moderate,1,o,Culture,7.19
April,Beach,Moderate,2,o,Culture,19.99
May,Beach,Hot,14,o,Adventure,18.23
November,Historical,Hot,6,o,Culture,9.49
July,City,Moderate,5,o,Food,9.76
October,City,Moderate,14,o,Adventure,15.51
February,Religious,Moderate,7,o,Food,11.72
February,Historical,Hot,1,o,Culture,13.04
November,Historical,Hot,3,o,Shopping,15.86
September,Wildlife,Hot,3,o,Food,21.2
February,City,Moderate,5,o,Culture,8.97
April,Hill Station,Cold,5,o,Adventure,16.8
August,Wildlife,Hot,5,o,Adventure,14.24
November,Hill Station,Cold,1,o,Culture,13.88
June,Hill Station,Moderate,5,o,Relaxation,14.53
December,Wildlife,Hot,5,o,Adventure,20.67
October,Beach,Hot,2,o,Shopping,16.48
August,City,Moderate,6,o,Adventure,12.15
July,Beach,Hot,2,o,Shopping,24.77
May,City,Moderate,3,o,Food,13.65
October,Wildlife,Hot,3,o,Culture,14.06
March,Religious,Moderate,7,o,Culture,9.22
May,Wildlife,Moderate,2,o,Culture,16.5
March,City,Moderate,7,o,Food,9.25
September,Historical,Hot,10,o,Relaxation,12.07
November,Religious,Moderate,6,o,Food,5.0
August,Historical,Hot,7,o,Shopping,9.94
September,Historical,Hot,1,o,Adventure,9.22
October,Historical,Hot,5,o,Relaxation,11.28
October,Beach,Moderate,14,o,Relaxation,14.62
July,Wildlife,Hot,3,o,Adventure,12.93
September,Historical,Hot,10,o,Shopping,17.98
May,Hill Station,Cold,2,o,Adventure,12.66
October,City,Moderate,10,o,Culture,14.2
February,Religious,Moderate,14,o,Adventure,11.39
September,Religious,Moderate,3,o,Relaxation,10.77
April,Wildlife,Hot,3,o,Relaxation,13.41
August,City,Moderate,4,o,Adventure,7.61
March,Hill Station,Cold,2,o,Adventure,19.47
April,Wildlife,Moderate,2,o,Relaxation,13.65
August,Historical,Hot,7,o,Food,10.92
July,Hill Station,Moderate,10,o,Culture,21.5
May,Beach,Moderate,10,o,Food,23.57
March,Religious,Moderate,1,o,Shopping,5.46
March,Beach,Moderate,14,o,Relaxation,22.76
August,Religious,Moderate,5,o,Shopping,8.55
August,City,Moderate,6,o,Food,13.23
July,Religious,Moderate,2,o,Shopping,13.58
March,Historical,Hot,1,o,Shopping,12.42
October,City,Moderate,7,o,Adventure,8.27
November,Hill Station,Cold,10,o,Adventure,12.59
August,Hill Station,Cold,10,o,Relaxation,20.92
June,City,Moderate,14,o,Relaxation,8.84
December,Wildlife,Moderate,14,o,Culture,20.61
November,Historical,Hot,3,o,Relaxation,12.95
December,City,Moderate,3,o,Shopping,12.86
February,City,Moderate,10,o,Shopping,10.51
November,Historical,Hot,3,o,Food,15.29
December,Wildlife,Hot,6,o,Relaxation,18.3
October,Wildlife,Moderate,7,o,Food,18.68
December,Hill Station,Cold,3,o,Adventure,12.56
August,Beach,Hot,10,o,Adventure,27.9
February,City,Moderate,3,o,Relaxation,14.6
February,Religious,Moderate,1,o,Shopping,11.56
January,Wildlife,Hot,2,o,Adventure,18.42
November,Historical,Hot,1,o,Food,9.98
December,Beach,Hot,10,o,Adventure,18.79
September,Historical,Hot,4,o,Food,8.21
August,Beach,Hot,5,o,Shopping,24.59
July,Beach,Hot,14,o,Relaxation,19.3
January,Beach,Hot,2,o,Food,22.42
January,Beach,Hot,6,o,Relaxation,20.98
March,Historical,Hot,14,o,Culture,15.63
October,Historical,Hot,10,o,Relaxation,15.42
October,Wildlife,Hot,14,o,Culture,15.32
July,Beach,Moderate,7,o,Shopping,23.72
September,Hill Station,Cold,5,o,Relaxation,16.72
April,Hill Station,Cold,1,o,Shopping,15.16
April,Wildlife,Hot,5,o,Adventure,18.73
February,City,Moderate,3,o,Culture,14.72
October,City,Moderate,4,o,Food,9.17
October,Wildlife,Hot,1,o,Shopping,21.2
August,Wildlife,Hot,5,o,Food,18.66
June,Religious,Moderate,7,o,Adventure,13.09
January,City,Moderate,3,o,Culture,9.58
April,Beach,Hot,10,o,Adventure,16.35
February,Hill Station,Cold,7,o,Culture,14.37
August,Wildlife,Moderate,3,o,Food,15.39
January,City,Moderate,10,o,Adventure,12.59
July,Wildlife,Moderate,10,o,Culture,8.21
January,City,Moderate,1,o,Adventure,19.16
September,Beach,Hot,10,o,Adventure,19.41
December,Hill Station,Cold,3,o,Shopping,15.57
March,Historical,Hot,2,o,Food,17.09
June,Historical,Hot,6,o,Food,17.69
January,Beach,Moderate,4,o,Shopping,21.64
January,Beach,Hot,4,o,Food,20.21
December,Historical,Hot,4,o,Adventure,12.53
March,Hill Station,Cold,10,o,Adventure,10.99
June,Beach,Hot,6,o,Adventure,18.64
March,Wildlife,Moderate,7,o,Culture,16.34
February,Historical,Hot,5,o,Adventure,7.09
December,Wildlife,Moderate,6,o,Shopping,17.36
June,Beach,Moderate,14,o,Culture,20.96
May,City,Moderate,6,o,Food,13.39
June,Religious,Moderate,7,o,Adventure,10.0
February,Religious,Moderate,4,o,Culture,7.96
December,Beach,Hot,14,o,Culture,23.46
December,Beach,Hot,3,o,Culture,24.16
November,Hill Station,Cold,10,o,Shopping,13.92
January,Hill Station,Cold,5,o,Shopping,14.81
February,City,Moderate,1,o,Culture,13.33
January,City,Moderate,7,o,Shopping,14.52
April,Historical,Hot,4,o,Adventure,9.25
September,Historical,Hot,1,o,Shopping,15.4
September,Religious,Moderate,6,o,Adventure,6.82
October,Hill Station,Cold,4,o,Culture,13.3
July,Hill Station,Cold,7,o,Food,16.86
September,Religious,Moderate,7,o,Adventure,14.12
August,Religious,Moderate,7,o,Food,6.79
July,Wildlife,Hot,10,o,Relaxation,24.94
January,Religious,Moderate,5,o,Relaxation,10.45
April,Religious,Moderate,14,o,Adventure,9.93
July,City,Moderate,1,o,Food,16.54
May,Wildlife,Hot,5,o,Culture,15.12
May,Religious,Moderate,6,o,Adventure,12.51
August,City,Moderate,1,o,Shopping,11.96
January,Historical,Hot,6,o,Shopping,10.51
January,Historical,Hot,2,o,Shopping,13.79
August,City,Moderate,3,o,Adventure,8.42
August,City,Moderate,3,o,Culture,7.89
October,Beach,Moderate,1,o,Relaxation,21.5
March,Beach,Hot,14,o,Adventure,18.4
September,Historical,Hot,4,o,Adventure,10.34
January,Hill Station,Cold,6,o,Culture,19.8
April,Wildlife,Hot,6,o,Food,18.02
August,Hill Station,Cold,2,o,Food,15.85
April,Wildlife,Hot,6,o,Relaxation,16.25
February,Wildlife,Hot,7,o,Shopping,13.79
June,City,Moderate,6,o,Adventure,14.51
August,City,Moderate,5,o,Culture,5.52
June,Wildlife,Hot,1,o,Relaxation,18.2
January,City,Moderate,2,o,Food,10.51
September,Wildlife,Moderate,14,o,Culture,15.25
July,Wildlife,Hot,1,o,Relaxation,13.48
November,Religious,Moderate,2,o,Shopping,5.0
September,Hill Station,Cold,14,o,Food,13.44
December,Religious,Moderate,2,o,Food,15.49
August,Wildlife,Moderate,14,o,Food,22.57
May,Wildlife,Hot,4,o,Culture,23.29
June,Wildlife,Moderate,4,o,Relaxation,21.78
June,City,Moderate,2,o,Shopping,16.61
December,Religious,Moderate,7,o,Shopping,9.13
September,City,Moderate,14,o,Culture,8.14
October,Hill Station,Cold,4,o,Shopping,16.3
October,Historical,Hot,3,o,Relaxation,16.13
November,Wildlife,Hot,3,o,Shopping,17.94
June,Wildlife,Hot,6,o,Culture,13.67
July,Hill Station,Cold,14,o,Shopping,14.89
March,Beach,Hot,10,o,Relaxation,21.04
July,Hill Station,Cold,5,o,Adventure,22.53
March,Wildlife,Moderate,1,o,Adventure,11.48
February,Historical,Hot,3,o,Relaxation,11.9
June,Wildlife,Hot,3,o,Shopping,17.19
February,Historical,Hot,6,o,Culture,10.92
February,City,Moderate,6,o,Adventure,10.33
December,Historical,Hot,7,o,Shopping,11.81
December,City,Moderate,3,o,Relaxation,15.56
January,Religious,Moderate,6,o,Relaxation,17.36
June,Religious,Moderate,10,o,Shopping,12.74
April,Beach,Moderate,5,o,Adventure,12.47
October,Historical,Hot,14,o,Adventure,12.69
June,Wildlife,Hot,7,o,Culture,20.22
January,City,Moderate,4,o,Relaxation,16.76
October,Historical,Hot,6,o,Food,13.18
March,Hill Station,Cold,2,o,Culture,15.96
August,City,Moderate,4,o,Shopping,13.58
October,Beach,Hot,2,o,Culture,18.28
February,Beach,Hot,4,o,Relaxation,17.63
October,Wildlife,Moderate,1,o,Adventure,18.57
August,Wildlife,Hot,1,o,Adventure,11.5
October,City,Moderate,7,o,Culture,18.76
March,Religious,Moderate,10,o,Food,7.33
August,City,Moderate,7,o,Adventure,13.21
March,Historical,Hot,5,o,Adventure,8.12
February,Religious,Moderate,4,o,Culture,8.91
March,Religious,Moderate,14,o,Culture,8.25
November,City,Moderate,14,o,Shopping,16.72
January,Religious,Moderate,7,o,Culture,9.81
September,Hill Station,Cold,1,o,Relaxation,19.01
March,Religious,Moderate,7,o,Relaxation,14.55
August,Beach,Hot,3,o,Culture,26.91
May,Historical,Hot,3,o,Shopping,7.56
December,Beach,Hot,4,o,Food,21.44
August,Hill Station,Moderate,14,o,Adventure,15.6
January,Wildlife,Hot,7,o,Relaxation,18.95
July,Religious,Moderate,4,o,Food,9.91
September,Religious,Moderate,3,o,Shopping,10.17
November,City,Moderate,10,o,Culture,14.35
June,Historical,Hot,14,o,Food,10.58
April,Historical,Hot,2,o,Adventure,10.9
June,City,Moderate,4,o,Shopping,13.0
March,Religious,Moderate,10,o,Adventure,14.45
December,City,Moderate,7,o,Culture,9.6
August,Religious,Moderate,7,o,Shopping,13.28
May,Religious,Moderate,5,o,Adventure,13.38
January,Wildlife,Moderate,14,o,Shopping,19.36
July,City,Moderate,7,o,Culture,8.95
May,Historical,Hot,1,o,Shopping,10.75
June,City,Moderate,1,o,Relaxation,13.1
April,City,Moderate,3,o,Shopping,13.33
October,Wildlife,Hot,6,o,Adventure,20.01
July,Beach,Hot,2,o,Adventure,17.9
September,Religious,Moderate,2,o,Culture,8.04
April,Religious,Moderate,6,o,Food,10.15
September,Wildlife,Hot,7,o,Relaxation,18.59
March,Religious,Moderate,6,o,Culture,15.87
September,City,Moderate,4,o,Relaxation,13.07
September,Hill Station,Cold,2,o,Adventure,10.62
January,Wildlife,Hot,3,o,Shopping,20.87
April,City,Moderate,4,o,Adventure,15.29
July,Hill Station,Cold,7,o,Adventure,10.37
February,Beach,Hot,2,o,Adventure,18.1
January,Wildlife,Hot,14,o,Adventure,16.29
December,Wildlife,Hot,7,o,Adventure,19.23
July,Beach,Moderate,14,o,Culture,18.98
May,Religious,Moderate,10,o,Culture,12.11
November,Beach,Moderate,10,o,Culture,15.48
February,Historical,Hot,4,o,Shopping,8.53
May,Historical,Hot,14,o,Shopping,11.93
January,Wildlife,Moderate,10,o,Shopping,14.81
September,Religious,Moderate,2,o,Culture,8.57
January,Historical,Hot,7,o,Food,8.66
August,Beach,Moderate,2,o,Culture,18.87
March,Religious,Moderate,2,o,Culture,13.15
August,Hill Station,Moderate,4,o,Relaxation,16.22
October,Hill Station,Cold,10,o,Shopping,16.65
August,Wildlife,Hot,5,o,Adventure,17.45
March,Historical,Hot,1,o,Culture,13.09
May,City,Moderate,4,o,Adventure,13.02
August,Wildlife,Hot,6,o,Food,10.74
August,Religious,Moderate,10,o,Culture,7.86
July,Wildlife,Moderate,2,o,Adventure,17.09
March,Historical,Hot,14,o,Adventure,13.12
April,Religious,Moderate,10,o,Relaxation,11.94
August,Hill Station,Cold,3,o,Shopping,14.61
December,Religious,Moderate,14,o,Relaxation,12.02
May,Historical,Hot,2,o,Adventure,15.61
September,Historical,Hot,6,o,Culture,14.33
November,Wildlife,Hot,3,o,Food,16.57
November,Beach,Moderate,4,o,Food,21.02
October,Wildlife,Moderate,5,o,Food,20.09
June,Historical,Hot,3,o,Relaxation,14.62
June,Beach,Hot,7,o,Adventure,21.66
February,Beach,Hot,1,o,Shopping,18.9
December,City,Moderate,2,o,Relaxation,13.22
February,Wildlife,Hot,1,o,Culture,16.55
March,Wildlife,Hot,2,o,Food,13.64
November,City,Moderate,1,o,Culture,11.82
July,Beach,Moderate,5,o,Culture,15.97
September,City,Moderate,14,o,Culture,13.63
October,Religious,Moderate,3,o,Adventure,11.27
March,Hill Station,Cold,5,o,Culture,20.42
September,Wildlife,Hot,7,o,Relaxation,18.14
November,City,Moderate,10,o,Food,14.13
April,Beach,Hot,4,o,Adventure,23.65
March,Hill Station,Cold,10,o,Relaxation,18.17
January,Hill Station,Moderate,3,o,Adventure,13.28
November,Wildlife,Hot,10,o,Shopping,18.0
February,City,Moderate,4,o,Food,13.22
July,Wildlife,Hot,10,o,Shopping,17.56
June,City,Moderate,14,o,Food,10.25
November,Hill Station,Moderate,5,o,Relaxation,12.49
September,Religious,Moderate,10,o,Shopping,13.99
September,Historical,Hot,7,o,Adventure,9.81
January,Religious,Moderate,6,o,Relaxation,7.93
April,Historical,Hot,14,o,Shopping,11.09
March,Beach,Hot,1,o,Culture,21.27
September,Beach,Hot,4,o,Culture,20.12
February,Hill Station,Cold,6,o,Culture,15.84
May,City,Moderate,1,o,Food,6.6
July,Religious,Moderate,1,o,Shopping,14.04
November,Religious,Moderate,1,o,Culture,10.53
October,Wildlife,Hot,10,o,Shopping,13.59
December,Historical,Hot,14,o,Shopping,12.07
January,Hill Station,Moderate,3,o,Culture,14.46
February,Religious,Moderate,7,o,Relaxation,10.68
November,Hill Station,Cold,1,o,Shopping,10.34
May,City,Moderate,4,o,Food,18.24
November,Religious,Moderate,6,o,Culture,15.2
December,Religious,Moderate,6,o,Food,9.85
July,Wildlife,Moderate,1,o,Shopping,18.49
March,Hill Station,Cold,5,o,Food,18.21
January,Hill Station,Cold,5,o,Shopping,17.57
July,Wildlife,Hot,3,o,Food,14.52
May,Religious,Moderate,14,o,Culture,13.69
August,City,Moderate,2,o,Culture,7.98
February,Wildlife,Hot,2,o,Adventure,19.38
June,Beach,Hot,1,o,Relaxation,19.63
November,Beach,Hot,6,o,Relaxation,18.89
May,Historical,Hot,4,o,Relaxation,7.96
January,Religious,Moderate,7,o,Culture,8.86
May,Religious,Moderate,3,o,Relaxation,12.56
April,Wildlife,Moderate,4,o,Shopping,17.45
May,City,Moderate,5,o,Relaxation,12.13
February,Religious,Moderate,10,o,Culture,10.64
November,City,Moderate,14,o,Culture,15.22
October,Historical,Hot,7,o,Adventure,12.1
June,Beach,Hot,5,o,Shopping,16.87
September,Beach,Hot,5,o,Food,24.37
April,Hill Station,Cold,10,o,Culture,17.42
September,City,Moderate,3,o,Adventure,16.76
October,Historical,Hot,6,o,Shopping,10.66
January,City,Moderate,6,o,Food,10.92
January,Religious,Moderate,3,o,Culture,5.09
June,Historical,Hot,2,o,Culture,12.31
March,Beach,Moderate,10,o,Culture,26.13
August,Wildlife,Hot,10,o,Adventure,17.83
August,Wildlife,Hot,4,o,Shopping,16.93
June,City,Moderate,10,o,Food,13.74
January,Religious,Moderate,4,o,Culture,6.12
July,Wildlife,Hot,5,o,Shopping,14.07
January,Wildlife,Moderate,3,o,Food,20.91
October,Wildlife,Hot,14,o,Culture,18.99
November,Beach,Hot,6,o,Relaxation,18.34
March,Hill Station,Moderate,6,o,Culture,12.65
August,Historical,Hot,1,o,Relaxation,9.72
March,Religious,Moderate,5,o,Relaxation,5.69
April,City,Moderate,4,o,Relaxation,14.41
March,Historical,Hot,14,o,Relaxation,6.51
March,City,Moderate,6,o,Shopping,9.31
November,Hill Station,Moderate,7,o,Food,14.95
November,Religious,Moderate,7,o,Shopping,13.75
July,Historical,Hot,3,o,Adventure,9.83
June,City,Moderate,5,o,Shopping,12.06
July,Religious,Moderate,14,o,Food,7.83
November,Hill Station,Cold,1,o,Shopping,11.82
June,Beach,Hot,6,o,Relaxation,18.85
October,City,Moderate,7,o,Food,13.87
August,Hill Station,Cold,4,o,Relaxation,15.54
July,Hill Station,Cold,2,o,Culture,18.91
July,City,Moderate,3,o,Relaxation,12.39
November,City,Moderate,10,o,Shopping,13.66
March,Hill Station,Moderate,3,o,Shopping,15.02
February,Historical,Hot,6,o,Shopping,11.02
January,Religious,Moderate,3,o,Shopping,10.51
September,City,Moderate,7,o,Food,13.64
August,Religious,Moderate,7,o,Adventure,8.02
July,Historical,Hot,5,o,Culture,8.95
August,Religious,Moderate,14,o,Food,6.83
September,City,Moderate,6,o,Culture,8.2
September,Hill Station,Cold,7,o,Shopping,16.46
January,Religious,Moderate,6,o,Relaxation,8.4
September,Religious,Moderate,10,o,Relaxation,9.46
May,Historical,Hot,1,o,Shopping,9.31
June,Hill Station,Cold,1,o,Shopping,16.96
July,Wildlife,Hot,6,o,Culture,19.43
September,Religious,Moderate,5,o,Adventure,11.49
July,Beach,Hot,1,o,Culture,16.41
November,Historical,Hot,1,o,Culture,8.21
December,Wildlife,Moderate,1,o,Culture,11.62
March,Wildlife,Moderate,2,o,Relaxation,15.85
December,Wildlife,Moderate,3,o,Relaxation,16.63
May,Religious,Moderate,6,o,Shopping,12.67
October,Historical,Hot,10,o,Food,11.6
June,Hill Station,Cold,1,o,Culture,13.8
September,Beach,Moderate,2,o,Shopping,20.81
July,City,Moderate,1,o,Shopping,16.94
July,Beach,Hot,2,o,Adventure,18.3
October,Beach,Hot,14,o,Culture,18.86
June,Wildlife,Hot,10,o,Adventure,16.01
December,Beach,Moderate,3,o,Culture,20.84
July,City,Moderate,3,o,Food,15.59
January,Religious,Moderate,7,o,Culture,7.25
November,Beach,Hot,3,o,Shopping,16.68
October,City,Moderate,6,o,Shopping,10.09
January,Hill Station,Cold,6,o,Relaxation,13.81
May,Beach,Moderate,10,o,Food,17.1
June,Wildlife,Moderate,14,o,Food,16.07
January,Historical,Hot,6,o,Food,9.66
August,City,Moderate,3,o,Culture,9.93
September,Historical,Hot,3,o,Relaxation,15.55
July,Religious,Moderate,1,o,Culture,16.02
September,Religious,Moderate,6,o,Shopping,8.04
June,Hill Station,Moderate,5,o,Food,19.21
November,City,Moderate,10,o,Shopping,12.55
October,Hill Station,Moderate,3,o,Food,10.7
July,Wildlife,Moderate,7,o,Food,20.89
December,Hill Station,Cold,10,o,Food,11.68
March,Beach,Hot,7,o,Food,18.9
July,Wildlife,Hot,4,o,Adventure,16.55
May,Beach,Hot,3,o,Food,17.83
July,Beach,Hot,6,o,Food,19.41
May,Beach,Hot,6,o,Food,19.98
September,City,Moderate,14,o,Culture,12.35
July,Wildlife,Moderate,10,o,Relaxation,18.42
March,Historical,Hot,3,o,Shopping,11.36
September,Historical,Hot,6,o,Adventure,13.99
July,Historical,Hot,7,o,Adventure,9.58
November,Historical,Hot,1,o,Relaxation,15.01
October,Wildlife,Hot,14,o,Relaxation,17.37
June,Hill Station,Cold,4,o,Adventure,13.59
June,Beach,Moderate,1,o,Adventure,18.71
September,Religious,Moderate,4,o,Food,7.71
December,Beach,Hot,4,o,Culture,15.57
June,Beach,Hot,3,o,Relaxation,22.85
April,City,Moderate,10,o,Adventure,13.73
August,Historical,Hot,4,o,Food,7.4
November,Beach,Hot,2,o,Food,19.41
April,Wildlife,Hot,10,o,Relaxation,11.47
December,Religious,Moderate,1,o,Adventure,8.33
August,Religious,Moderate,7,o,Food,10.81
December,Hill Station,Cold,14,o,Culture,16.61
August,Hill Station,Cold,1,o,Shopping,15.43
June,City,Moderate,7,o,Adventure,15.55
February,Religious,Moderate,2,o,Shopping,13.08
February,Beach,Hot,3,o,Food,21.75
March,City,Moderate,4,o,Culture,16.45
February,Historical,Hot,6,o,Culture,11.34
December,Religious,Moderate,10,o,Shopping,14.58
May,Beach,Moderate,10,o,Culture,18.33
October,City,Moderate,5,o,Culture,17.18
March,Wildlife,Hot,14,o,Relaxation,19.13
June,City,Moderate,6,o,Relaxation,12.0
December,Religious,Moderate,3,o,Culture,14.28
December,Wildlife,Moderate,10,o,Shopping,22.01
December,Religious,Moderate,3,o,Relaxation,8.17
May,Beach,Hot,4,o,Shopping,17.77
May,Hill Station,Cold,3,o,Food,18.87
June,Wildlife,Moderate,14,o,Culture,17.89
October,Religious,Moderate,3,o,Shopping,15.86
September,City,Moderate,6,o,Food,11.04
August,Wildlife,Hot,3,o,Shopping,14.21
August,Wildlife,Hot,7,o,Relaxation,14.35
April,Hill Station,Moderate,5,o,Culture,7.23
May,Beach,Hot,2,o,Relaxation,16.96
August,Religious,Moderate,10,o,Culture,13.54
April,Wildlife,Hot,4,o,Food,16.21
November,City,Moderate,2,o,Shopping,11.99
September,City,Moderate,14,o,Culture,15.88
August,Religious,Moderate,14,o,Adventure,12.39
December,Beach,Hot,3,o,Culture,21.42
December,Religious,Moderate,10,o,Relaxation,8.84
May,Beach,Hot,14,o,Food,22.66
December,City,Moderate,2,o,Relaxation,15.28
April,Beach,Moderate,4,o,Adventure,14.42
February,Beach,Hot,14,o,Shopping,22.59
April,Hill Station,Cold,10,o,Adventure,18.02
August,Hill Station,Cold,4,o,Adventure,13.35
August,Hill Station,Cold,5,o,Food,18.49
July,Wildlife,Moderate,2,o,Food,16.74
October,Religious,Moderate,10,o,Relaxation,12.61
October,Hill Station,Cold,5,o,Shopping,16.28
September,Historical,Hot,10,o,Culture,8.38
May,Wildlife,Hot,14,o,Culture,16.25
November,Beach,Hot,14,o,Culture,16.5
February,Wildlife,Moderate,3,o,Shopping,18.56
September,Historical,Hot,10,o,Culture,11.72
February,Historical,Hot,7,o,Relaxation,11.28
August,Religious,Moderate,6,o,Adventure,14.35
February,Religious,Moderate,4,o,Relaxation,11.56
May,Beach,Hot,6,o,Food,21.77
November,Wildlife,Hot,5,o,Adventure,16.75
November,Wildlife,Hot,3,o,Food,11.93
July,City,Moderate,3,o,Relaxation,13.58
September,Beach,Hot,10,o,Culture,18.18
April,Religious,Moderate,5,o,Culture,12.09
March,Historical,Hot,5,o,Culture,12.93
August,City,Moderate,5,o,Culture,7.33
January,Historical,Hot,7,o,Shopping,18.05
November,Hill Station,Cold,3,o,Culture,18.87
December,Historical,Hot,4,o,Adventure,16.37
June,Beach,Moderate,1,o,Culture,15.51
June,City,Moderate,14,o,Shopping,14.07
October,Wildlife,Hot,14,o,Relaxation,17.57
February,Historical,Hot,4,o,Adventure,8.18
December,Beach,Hot,10,o,Shopping,21.14
April,Hill Station,Cold,5,o,Shopping,14.25
February,Wildlife,Hot,1,o,Adventure,24.5
September,Religious,Moderate,6,o,Culture,11.73
August,Historical,Hot,3,o,Adventure,5.75
December,Religious,Moderate,7,o,Culture,12.66
May,Beach,Hot,4,o,Food,18.36
April,Wildlife,Moderate,6,o,Shopping,22.77
September,Wildlife,Hot,5,o,Food,14.68
February,Religious,Moderate,6,o,Relaxation,12.33
March,City,Moderate,6,o,Relaxation,7.89
June,Historical,Hot,6,o,Shopping,13.65
October,Beach,Moderate,1,o,Culture,19.42
July,Beach,Hot,7,o,Shopping,23.55
January,Historical,Hot,14,o,Food,9.42
July,City,Moderate,1,o,Food,12.91
August,Wildlife,Moderate,5,o,Food,15.36
December,Wildlife,Hot,2,o,Adventure,17.09
February,Wildlife,Hot,14,o,Food,16.19
August,Beach,Hot,4,o,Food,27.17
August,Hill Station,Cold,10,o,Culture,16.13
February,Religious,Moderate,3,o,Culture,5.0
September,Religious,Moderate,7,o,Shopping,9.11
May,Hill Station,Cold,1,o,Food,12.85
January,Wildlife,Hot,4,o,Adventure,15.17
May,City,Moderate,4,o,Relaxation,10.05
August,Wildlife,Moderate,4,o,Food,17.6
March,Wildlife,Moderate,4,o,Food,16.76
March,Beach,Moderate,2,o,Culture,18.26
September,Hill Station,Cold,6,o,Relaxation,13.45
April,Hill Station,Cold,4,o,Culture,14.74
July,Beach,Hot,5,o,Relaxation,14.44
January,Beach,Hot,3,o,Culture,22.35
January,Historical,Hot,10,o,Shopping,11.17
January,Religious,Moderate,10,o,Shopping,8.55
April,Historical,Hot,7,o,Relaxation,12.65
March,Wildlife,Hot,14,o,Adventure,16.02
April,Wildlife,Hot,2,o,Relaxation,17.84
July,Historical,Hot,4,o,Culture,15.05
June,Beach,Hot,10,o,Food,22.59
January,City,Moderate,1,o,Shopping,8.75
February,Historical,Hot,6,o,Shopping,8.55
July,City,Moderate,5,o,Adventure,5.0
August,Beach,Hot,1,o,Shopping,17.11
March,City,Moderate,4,o,Adventure,9.54
September,Beach,Moderate,3,o,Relaxation,19.93
January,Beach,Moderate,4,o,Adventure,17.93
October,Religious,Moderate,7,o,Culture,13.78
March,Beach,Hot,14,o,Relaxation,26.61
February,Beach,Hot,3,o,Culture,20.58
May,Hill Station,Cold,7,o,Relaxation,18.43
October,Religious,Moderate,6,o,Culture,10.69
January,Hill Station,Cold,10,o,Culture,16.18
January,Hill Station,Cold,14,o,Shopping,16.38
February,Historical,Hot,1,o,Relaxation,12.58
July,City,Moderate,2,o,Adventure,9.94
July,Hill Station,Cold,14,o,Shopping,15.62
November,Historical,Hot,1,o,Food,10.5
May,City,Moderate,3,o,Shopping,17.28
November,City,Moderate,2,o,Food,13.99
April,Historical,Hot,3,o,Food,14.52
April,Beach,Moderate,2,o,Relaxation,17.15
May,Religious,Moderate,2,o,Shopping,11.96
March,Beach,Hot,5,o,Culture,22.29
September,City,Moderate,14,o,Food,16.38
June,Wildlife,Moderate,7,o,Relaxation,18.72
December,City,Moderate,1,o,Food,10.89
April,Religious,Moderate,3,o,Adventure,6.39
April,Hill Station,Cold,3,o,Adventure,14.57
October,Historical,Hot,10,o,Adventure,11.72
November,Historical,Hot,7,o,Relaxation,11.26
October,Historical,Hot,5,o,Shopping,8.48
December,Wildlife,Hot,5,o,Adventure,16.69
March,Religious,Moderate,5,o,Culture,9.83
August,City,Moderate,2,o,Food,12.08
May,Religious,Moderate,2,o,Food,12.9
September,City,Moderate,3,o,Adventure,10.91
February,Hill Station,Cold,2,o,Shopping,13.91
June,Wildlife,Moderate,5,o,Relaxation,17.15
February,Historical,Hot,14,o,Food,15.93
April,Beach,Moderate,3,o,Food,19.33
April,Religious,Moderate,6,o,Adventure,11.24
September,Wildlife,Hot,14,o,Food,14.42
April,Hill Station,Cold,14,o,Food,14.46
February,Beach,Moderate,3,o,Relaxation,20.49
September,Religious,Moderate,7,o,Relaxation,7.7
July,Beach,Moderate,5,o,Adventure,24.26
August,Historical,Hot,6,o,Shopping,9.27
February,Beach,Hot,5,o,Adventure,16.34
December,Religious,Moderate,2,o,Relaxation,12.79
March,Hill Station,Moderate,10,o,Relaxation,13.23
March,Beach,Hot,7,o,Shopping,15.5
June,Historical,Hot,2,o,Relaxation,9.66
July,Beach,Hot,2,o,Relaxation,23.64
August,Religious,Moderate,3,o,Relaxation,9.52
January,Religious,Moderate,2,o,Culture,14.16
February,Wildlife,Moderate,10,o,Food,16.44
February,Beach,Moderate,14,o,Culture,17.97
February,Religious,Moderate,6,o,Relaxation,7.72
May,City,Moderate,2,o,Shopping,11.24
October,Religious,Moderate,3,o,Shopping,15.25
April,Religious,Moderate,14,o,Culture,7.75
October,Hill Station,Moderate,6,o,Food,21.35
July,Beach,Hot,1,o,Shopping,19.56
December,Religious,Moderate,5,o,Culture,10.04
November,City,Moderate,5,o,Shopping,9.19
February,City,Moderate,10,o,Adventure,12.7
October,Beach,Hot,7,o,Relaxation,18.18
December,Religious,Moderate,10,o,Adventure,10.59
September,Wildlife,Hot,7,o,Food,22.05
November,Hill Station,Cold,2,o,Food,18.0
April,Wildlife,Hot,6,o,Adventure,17.41
December,Wildlife,Moderate,1,o,Shopping,9.14
October,City,Moderate,14,o,Shopping,16.21
November,Hill Station,Cold,1,o,Shopping,18.82
November,Beach,Hot,6,o,Adventure,19.83
January,Hill Station,Cold,10,o,Shopping,16.01
June,City,Moderate,4,o,Culture,13.77
June,City,Moderate,10,o,Adventure,14.45
April,Religious,Moderate,14,o,Relaxation,15.01
June,Wildlife,Hot,3,o,Shopping,18.11
June,Historical,Hot,14,o,Culture,7.44
May,Religious,Moderate,2,o,Culture,5.0
June,Religious,Moderate,10,o,Shopping,12.17
April,Religious,Moderate,5,o,Shopping,10.72
June,Religious,Moderate,10,o,Culture,9.46
June,City,Moderate,1,o,Relaxation,13.73
May,Hill Station,Moderate,14,o,Food,12.7
September,Religious,Moderate,3,o,Food,10.9
February,Historical,Hot,2,o,Relaxation,5.4
March,Religious,Moderate,6,o,Culture,14.96
March,Wildlife,Hot,7,o,Shopping,18.58
October,Hill Station,Cold,2,o,Food,13.57
January,City,Moderate,4,o,Shopping,7.41
January,Wildlife,Hot,10,o,Culture,17.34
April,Beach,Moderate,10,o,Relaxation,17.15
January,Religious,Moderate,5,o,Relaxation,9.19
August,Beach,Hot,10,o,Food,22.96
March,Historical,Hot,14,o,Shopping,9.86
July,Wildlife,Hot,5,o,Food,15.21
July,Religious,Moderate,6,o,Culture,9.54
September,City,Moderate,6,o,Culture,14.38
December,Hill Station,Cold,4,o,Culture,14.48
September,Wildlife,Hot,10,o,Adventure,13.01
October,Wildlife,Hot,4,o,Adventure,16.82
April,Religious,Moderate,10,o,Food,16.44
October,City,Moderate,10,o,Shopping,11.97
March,Historical,Hot,1,o,Adventure,12.84
November,Wildlife,Moderate,1,o,Food,15.47
February,City,Moderate,6,o,Relaxation,12.71
May,Hill Station,Cold,1,o,Food,11.68
December,Religious,Moderate,3,o,Shopping,9.75
May,Historical,Hot,14,o,Shopping,11.81
April,Religious,Moderate,14,o,Culture,12.19
November,Historical,Hot,6,o,Food,12.79
October,Hill Station,Cold,2,o,Culture,9.88
July,Hill Station,Cold,3,o,Food,22.91
October,Religious,Moderate,3,o,Relaxation,14.29
December,Beach,Moderate,2,o,Shopping,15.3
July,City,Moderate,7,o,Adventure,13.03
March,Historical,Hot,6,o,Shopping,13.68
June,Beach,Hot,3,o,Culture,20.73
August,Religious,Moderate,2,o,Culture,7.73
April,Beach,Hot,4,o,Shopping,17.97
August,City,Moderate,2,o,Culture,8.29
October,Wildlife,Hot,1,o,Adventure,17.33
February,Wildlife,Moderate,3,o,Culture,15.12
June,Hill Station,Cold,7,o,Adventure,16.48
October,City,Moderate,6,o,Food,5.0
November,Hill Station,Cold,10,o,Relaxation,13.26
February,Beach,Hot,3,o,Culture,19.23
March,Wildlife,Hot,10,o,Food,16.52
March,Religious,Moderate,10,o,Food,12.29
February,Hill Station,Cold,5,o,Food,15.14
November,City,Moderate,3,o,Culture,14.68
August,Wildlife,Moderate,4,o,Adventure,15.98
June,Wildlife,Hot,10,o,Food,12.07
February,Religious,Moderate,14,o,Shopping,11.97
June,Hill Station,Cold,3,o,Relaxation,9.59
July,Beach,Hot,1,o,Relaxation,19.98
November,City,Moderate,2,o,Shopping,16.54
September,Wildlife,Hot,14,o,Culture,17.73
November,Wildlife,Hot,4,o,Food,12.44
August,City,Moderate,4,o,Relaxation,13.83
July,City,Moderate,7,o,Shopping,13.03
August,Hill Station,Cold,2,o,Adventure,18.86
July,City,Moderate,5,o,Food,11.17
September,Historical,Hot,1,o,Adventure,10.81
October,Beach,Hot,14,o,Culture,16.61
September,Beach,Hot,1,o,Adventure,19.75
April,Hill Station,Moderate,6,o,Shopping,19.53
December,Wildlife,Hot,14,o,Shopping,20.22
June,Wildlife,Moderate,1,o,Food,15.36
March,Beach,Hot,4,o,Shopping,14.85
December,Religious,Moderate,4,o,Adventure,11.1
November,Historical,Hot,1,o,Food,5.0
December,Hill Station,Moderate,2,o,Relaxation,16.77
November,City,Moderate,6,o,Relaxation,16.23
June,Beach,Hot,7,o,Relaxation,20.63
October,Hill Station,Cold,4,o,Relaxation,15.7
November,Wildlife,Hot,5,o,Shopping,20.11
December,Beach,Hot,1,o,Shopping,19.72
May,Historical,Hot,4,o,Shopping,9.34
January,Historical,Hot,7,o,Food,14.99
November,Hill Station,Cold,4,o,Relaxation,14.14
March,Hill Station,Moderate,10,o,Adventure,17.28
June,Hill Station,Moderate,3,o,Food,14.12
May,Religious,Moderate,14,o,Shopping,5.34
May,City,Moderate,2,o,Food,11.21
February,Hill Station,Cold,14,o,Relaxation,11.64
September,Historical,Hot,1,o,Relaxation,14.79
February,Historical,Hot,4,o,Adventure,11.6
February,Hill Station,Cold,2,o,Relaxation,13.43
June,Beach,Hot,10,o,Food,13.93
October,Religious,Moderate,1,o,Shopping,10.7
December,Religious,Moderate,6,o,Relaxation,9.2
June,Hill Station,Moderate,5,o,Relaxation,12.1
April,Beach,Hot,1,o,Shopping,26.28
May,Historical,Hot,14,o,Relaxation,7.46
November,Hill Station,Moderate,4,o,Relaxation,17.34
August,City,Moderate,2,o,Adventure,9.67
March,Beach,Hot,3,o,Food,17.66
February,Wildlife,Hot,2,o,Adventure,17.61
December,Historical,Hot,3,o,Food,12.44
January,Religious,Moderate,3,o,Culture,9.03
July,Hill Station,Moderate,1,o,Adventure,16.53
October,Wildlife,Moderate,2,o,Shopping,15.71
September,Beach,Moderate,2,o,Food,15.55
November,Hill Station,Cold,7,o,Food,14.37
December,City,Moderate,4,o,Shopping,11.3
May,Religious,Moderate,6,o,Food,7.64
March,Religious,Moderate,10,o,Shopping,13.44
March,Wildlife,Moderate,5,o,Relaxation,23.56
May,Religious,Moderate,3,o,Shopping,8.05
May,City,Moderate,3,o,Shopping,10.62
December,Hill Station,Cold,14,o,Shopping,19.95
November,Beach,Hot,6,o,Relaxation,17.84
July,Beach,Hot,10,o,Shopping,20.88
July,Religious,Moderate,10,o,Shopping,10.8
November,City,Moderate,7,o,Culture,9.59
April,Beach,Hot,4,o,Relaxation,17.32
June,Wildlife,Hot,10,o,Food,17.31
November,Wildlife,Moderate,5,o,Culture,17.32
August,Beach,Hot,2,o,Relaxation,18.81
October,Wildlife,Hot,7,o,Culture,16.49
June,Hill Station,Cold,14,o,Relaxation,9.84
July,Beach,Hot,3,o,Food,17.25
July,Historical,Hot,3,o,Relaxation,9.71
October,City,Moderate,4,o,Shopping,16.11
August,Beach,Moderate,4,o,Culture,18.6
June,Religious,Moderate,14,o,Shopping,5.64
February,Religious,Moderate,2,o,Adventure,13.8
June,Hill Station,Moderate,2,o,Adventure,18.29
December,City,Moderate,3,o,Relaxation,15.04
June,Beach,Hot,6,o,Adventure,16.54
June,Wildlife,Hot,3,o,Shopping,18.42
September,City,Moderate,3,o,Adventure,11.06
February,Beach,Hot,14,o,Shopping,19.4
September,Wildlife,Moderate,14,o,Relaxation,11.7
December,Religious,Moderate,4,o,Culture,13.82
February,Hill Station,Cold,1,o,Shopping,15.58
July,Beach,Hot,10,o,Shopping,18.04
December,Beach,Hot,6,o,Food,20.08
January,Historical,Hot,10,o,Shopping,6.1
February,Religious,Moderate,6,o,Culture,10.75
October,Hill Station,Cold,5,o,Relaxation,8.89
February,Religious,Moderate,4,o,Relaxation,11.14
December,Religious,Moderate,2,o,Culture,10.25
October,City,Moderate,7,o,Adventure,7.98
April,Beach,Hot,14,o,Culture,18.19
June,City,Moderate,3,o,Shopping,13.95
May,Hill Station,Moderate,10,o,Culture,16.77
May,Historical,Hot,10,o,Adventure,14.04
September,Religious,Moderate,1,o,Culture,11.92
January,Beach,Moderate,5,o,Food,17.53
July,Historical,Hot,7,o,Shopping,17.58
June,Hill Station,Cold,6,o,Shopping,17.95
December,Wildlife,Hot,6,o,Shopping,17.29
September,Beach,Hot,4,o,Culture,19.03
February,Historical,Hot,10,o,Culture,6.77
September,Religious,Moderate,2,o,Culture,9.36
April,Hill Station,Cold,2,o,Adventure,16.21
March,Beach,Hot,4,o,Adventure,17.68
December,Hill Station,Cold,1,o,Adventure,15.24
February,Religious,Moderate,3,o,Food,14.16
November,Wildlife,Hot,2,o,Culture,17.89
December,Wildlife,Hot,3,o,Adventure,14.67
February,Beach,Moderate,2,o,Relaxation,18.0
April,Hill Station,Cold,1,o,Relaxation,15.59
June,Religious,Moderate,14,o,Shopping,9.78
December,Beach,Hot,10,o,Relaxation,18.15
May,Wildlife,Hot,1,o,Shopping,20.37
January,Historical,Hot,2,o,Food,13.11
March,Beach,Hot,14,o,Culture,20.97
December,Wildlife,Moderate,2,o,Adventure,15.4
April,Beach,Hot,3,o,Culture,17.3
July,Historical,Hot,14,o,Food,9.11
July,Religious,Moderate,5,o,Relaxation,14.24
January,City,Moderate,5,o,Food,15.83
January,City,Moderate,2,o,Adventure,14.46
October,Historical,Hot,7,o,Adventure,15.22
December,Hill Station,Cold,2,o,Adventure,16.06
November,City,Moderate,2,o,Food,10.38
August,Wildlife,Hot,6,o,Culture,16.62
August,Religious,Moderate,5,o,Culture,13.54
December,Historical,Hot,4,o,Food,11.65
December,Beach,Moderate,6,o,Adventure,18.85
June,Historical,Hot,7,o,Shopping,10.88
March,Historical,Hot,3,o,Shopping,17.55
January,Religious,Moderate,3,o,Shopping,10.69
July,City,Moderate,6,o,Relaxation,11.1
March,Hill Station,Cold,3,o,Relaxation,15.6
July,Beach,Hot,10,o,Adventure,21.83
April,Beach,Hot,1,o,Culture,18.95
May,Historical,Hot,14,o,Relaxation,5.34
August,City,Moderate,10,o,Relaxation,17.11
August,Historical,Hot,1,o,Relaxation,8.74
June,City,Moderate,10,o,Adventure,16.77
April,Wildlife,Moderate,14,o,Relaxation,19.84
August,Historical,Hot,1,o,Shopping,9.72
November,City,Moderate,5,o,Culture,11.88
February,Religious,Moderate,3,o,Food,10.03
December,Wildlife,Hot,6,o,Culture,17.33
October,Religious,Moderate,10,o,Culture,5.66
June,Hill Station,Cold,7,o,Shopping,8.31
December,Beach,Hot,4,o,Culture,18.34
September,City,Moderate,6,o,Culture,15.09
March,Wildlife,Hot,6,o,Relaxation,17.93
October,Religious,Moderate,4,o,Food,6.26
August,Beach,Hot,1,o,Food,21.66
March,City,Moderate,6,o,Shopping,15.04
October,Hill Station,Cold,5,o,Shopping,14.36
April,Hill Station,Cold,5,o,Shopping,18.54
January,Religious,Moderate,10,o,Culture,8.37
June,Beach,Hot,6,o,Adventure,20.3
March,Wildlife,Hot,5,o,Food,15.52
October,City,Moderate,14,o,Culture,11.51
October,Beach,Hot,2,o,Food,20.37
September,City,Moderate,14,o,Relaxation,11.12
July,City,Moderate,1,o,Shopping,13.29
March,City,Moderate,5,o,Relaxation,11.22
February,Hill Station,Moderate,6,o,Shopping,11.53
November,Historical,Hot,7,o,Shopping,8.0
August,Wildlife,Hot,6,o,Food,19.24
May,Hill Station,Cold,4,o,Shopping,19.2
March,Religious,Moderate,3,o,Culture,13.53
January,City,Moderate,6,o,Adventure,16.49
March,Wildlife,Moderate,6,o,Culture,14.39
January,Religious,Moderate,7,o,Food,9.97
March,Religious,Moderate,6,o,Shopping,12.15
June,Wildlife,Hot,1,o,Culture,14.59
August,Wildlife,Hot,2,o,Relaxation,13.56
February,Hill Station,Cold,14,o,Relaxation,16.4
June,Beach,Moderate,6,o,Adventure,25.6
June,City,Moderate,2,o,Shopping,16.73
January,Historical,Hot,14,o,Food,14.12
September,Historical,Hot,2,o,Relaxation,14.94
February,Beach,Moderate,5,o,Relaxation,18.62
November,Beach,Hot,14,o,Adventure,22.27
August,Hill Station,Cold,1,o,Relaxation,11.42
March,Hill Station,Moderate,3,o,Relaxation,15.86
July,Wildlife,Moderate,7,o,Culture,16.9
January,Hill Station,Moderate,7,o,Shopping,10.22
April,Wildlife,Moderate,1,o,Adventure,18.26
August,Beach,Hot,1,o,Food,18.27
June,City,Moderate,14,o,Food,9.29
March,Beach,Hot,14,o,Relaxation,22.03
September,Hill Station,Cold,6,o,Culture,19.4
April,Wildlife,Moderate,5,o,Relaxation,18.62
May,City,Moderate,7,o,Culture,6.49
January,Hill Station,Moderate,10,o,Shopping,11.42
March,Wildlife,Moderate,2,o,Relaxation,14.12
December,Hill Station,Cold,4,o,Adventure,10.94
October,Beach,Hot,5,o,Relaxation,19.36
November,City,Moderate,4,o,Adventure,14.14
September,Wildlife,Hot,1,o,Relaxation,17.88
March,City,Moderate,6,o,Relaxation,10.77
December,Beach,Moderate,6,o,Shopping,21.97
March,Historical,Hot,10,o,Food,11.79
February,Historical,Hot,2,o,Relaxation,8.44
January,Hill Station,Cold,1,o,Food,18.17
August,City,Moderate,7,o,Culture,11.28
January,Religious,Moderate,6,o,Adventure,10.17
December,Beach,Hot,6,o,Shopping,19.47
November,Hill Station,Moderate,1,o,Shopping,12.26
May,City,Moderate,3,o,Adventure,9.57
February,City,Moderate,1,o,Relaxation,14.62
February,Historical,Hot,2,o,Adventure,16.04
October,Religious,Moderate,14,o,Shopping,7.22
December,City,Moderate,10,o,Adventure,18.92
February,Hill Station,Cold,7,o,Relaxation,16.25
January,Religious,Moderate,10,o,Adventure,6.84
March,Historical,Hot,1,o,Shopping,14.29
May,Wildlife,Moderate,5,o,Adventure,19.92
May,Religious,Moderate,1,o,Relaxation,10.67
April,Religious,Moderate,10,o,Relaxation,14.65
July,Hill Station,Moderate,14,o,Food,15.76
December,Religious,Moderate,1,o,Relaxation,12.5
October,City,Moderate,6,o,Adventure,10.36
March,Historical,Hot,6,o,Food,14.23
September,Religious,Moderate,3,o,Food,9.09
March,City,Moderate,7,o,Shopping,13.65
May,City,Moderate,3,o,Culture,12.09
July,Religious,Moderate,6,o,Food,10.34
May,Historical,Hot,3,o,Food,14.3
August,City,Moderate,14,o,Shopping,9.88
June,Religious,Moderate,14,o,Adventure,16.84
June,Religious,Moderate,14,o,Food,5.54
March,Religious,Moderate,4,o,Food,9.21
July,Religious,Moderate,2,o,Adventure,12.11
February,Wildlife,Moderate,1,o,Food,18.75
November,City,Moderate,6,o,Relaxation,12.62
December,Historical,Hot,6,o,Culture,11.29
November,Wildlife,Hot,7,o,Food,21.18
December,Beach,Hot,2,o,Shopping,22.52
December,Beach,Hot,4,o,Relaxation,19.76
February,Religious,Moderate,10,o,Food,10.1
April,Beach,Hot,7,o,Culture,20.83
November,City,Moderate,2,o,Food,12.09
January,Beach,Hot,5,o,Adventure,16.79
November,Hill Station,Cold,2,o,Relaxation,20.16
February,Hill Station,Cold,7,o,Shopping,17.38
December,City,Moderate,5,o,Adventure,11.29
April,City,Moderate,5,o,Culture,15.56
October,Historical,Hot,1,o,Food,8.31
August,Religious,Moderate,6,o,Adventure,15.36
December,City,Moderate,10,o,Culture,13.04
December,Historical,Hot,6,o,Shopping,10.21
July,Religious,Moderate,1,o,Adventure,10.1
May,Historical,Hot,14,o,Shopping,14.43
December,Hill Station,Cold,2,o,Relaxation,13.25
April,Historical,Hot,10,o,Culture,11.24
September,Hill Station,Moderate,10,o,Culture,13.01
January,Beach,Hot,3,o,Adventure,16.44
August,Wildlife,Hot,2,o,Food,16.1
May,Wildlife,Hot,7,o,Shopping,15.98
October,Wildlife,Moderate,2,o,Culture,16.48
August,Religious,Moderate,5,o,Relaxation,11.63
October,Beach,Moderate,6,o,Culture,17.05
February,Historical,Hot,4,o,Relaxation,15.68
January,Historical,Hot,7,o,Relaxation,11.97
January,Religious,Moderate,5,o,Shopping,16.33
November,Beach,Hot,10,o,Culture,18.62
February,Beach,Hot,3,o,Adventure,24.09
October,Beach,Hot,1,o,Food,15.86
December,Historical,Hot,7,o,Culture,13.64
February,Hill Station,Moderate,7,o,Food,8.49
July,Historical,Hot,14,o,Culture,16.04
February,Religious,Moderate,2,o,Adventure,10.67
July,City,Moderate,14,o,Shopping,17.12
January,Beach,Hot,3,o,Adventure,19.05
August,Hill Station,Moderate,14,o,Relaxation,20.19
February,City,Moderate,3,o,Shopping,8.57
September,Wildlife,Hot,1,o,Adventure,13.72
May,Beach,Hot,3,o,Relaxation,19.24
June,Religious,Moderate,1,o,Adventure,8.8
September,Wildlife,Hot,5,o,Adventure,14.99
March,Wildlife,Moderate,6,o,Culture,13.24
April,Beach,Moderate,10,o,Relaxation,20.07
February,Historical,Hot,3,o,Relaxation,16.33
November,Historical,Hot,3,o,Relaxation,10.46
August,Wildlife,Moderate,14,o,Adventure,13.49
November,Hill Station,Cold,7,o,Relaxation,21.82
May,Religious,Moderate,7,o,Relaxation,10.95
June,Hill Station,Moderate,7,o,Adventure,14.68
July,Hill Station,Cold,10,o,Culture,12.34
August,Wildlife,Hot,14,o,Relaxation,19.32
October,Historical,Hot,14,o,Relaxation,7.93
July,City,Moderate,1,o,Adventure,14.24
February,Historical,Hot,3,o,Food,13.92
May,Religious,Moderate,7,o,Culture,7.05
May,City,Moderate,14,o,Culture,12.08
August,Wildlife,Moderate,14,o,Culture,20.6
December,Historical,Hot,14,o,Food,13.16
June,Religious,Moderate,2,o,Shopping,13.51
September,Religious,Moderate,14,o,Culture,8.96
November,Wildlife,Moderate,5,o,Culture,8.26
September,City,Moderate,4,o,Food,8.61
October,City,Moderate,4,o,Relaxation,16.94
June,City,Moderate,14,o,Relaxation,12.98
May,Religious,Moderate,7,o,Culture,11.53
March,Religious,Moderate,5,o,Food,19.31
September,Beach,Moderate,6,o,Food,18.22
September,Beach,Moderate,3,o,Food,25.25
April,Hill Station,Cold,6,o,Relaxation,13.83
April,Beach,Hot,7,o,Culture,19.52
August,Historical,Hot,14,o,Food,7.88
October,City,Moderate,2,o,Culture,13.85
September,City,Moderate,7,o,Shopping,12.48
May,Hill Station,Cold,10,o,Relaxation,15.14
October,Historical,Hot,7,o,Food,13.87
July,Beach,Hot,10,o,Adventure,16.78
July,Wildlife,Moderate,7,o,Shopping,17.37
March,City,Moderate,2,o,Relaxation,13.74
February,City,Moderate,5,o,Adventure,10.59
February,Hill Station,Cold,7,o,Relaxation,12.93
January,Beach,Hot,1,o,Food,22.06
December,Hill Station,Cold,5,o,Food,15.59
April,City,Moderate,4,o,Relaxation,14.2
June,Wildlife,Hot,4,o,Food,14.43
October,Beach,Moderate,6,o,Food,20.11
April,Beach,Hot,14,o,Shopping,21.96
February,Wildlife,Moderate,5,o,Relaxation,12.11
April,Historical,Hot,7,o,Adventure,8.23
October,Beach,Hot,3,o,Shopping,22.19
February,Beach,Hot,1,o,Culture,23.1
October,Beach,Moderate,7,o,Shopping,24.69
February,Historical,Hot,2,o,Relaxation,11.31
March,Historical,Hot,7,o,Shopping,10.27
September,Wildlife,Moderate,5,o,Adventure,19.69
September,Beach,Hot,6,o,Shopping,23.39
September,City,Moderate,7,o,Shopping,10.61
March,Historical,Hot,2,o,Culture,9.15
July,Wildlife,Hot,4,o,Relaxation,13.19
July,Beach,Hot,5,o,Culture,16.26
July,Beach,Hot,10,o,Relaxation,19.12
August,Hill Station,Cold,1,o,Adventure,15.81
July,Historical,Hot,1,o,Culture,13.53
July,Historical,Hot,2,o,Shopping,15.82
April,Historical,Hot,5,o,Culture,12.38
March,City,Moderate,3,o,Shopping,11.59
July,Beach,Hot,6,o,Adventure,23.86
December,Hill Station,Moderate,3,o,Adventure,13.12
February,Hill Station,Cold,14,o,Culture,14.63
May,City,Moderate,3,o,Relaxation,14.76
April,Historical,Hot,7,o,Relaxation,11.72
February,City,Moderate,4,o,Food,17.67
November,Hill Station,Moderate,3,o,Food,13.17
March,City,Moderate,4,o,Shopping,14.78
December,Hill Station,Moderate,2,o,Food,13.61
March,Hill Station,Moderate,14,o,Culture,17.31
June,Hill Station,Cold,3,o,Food,15.38
January,Beach,Hot,6,o,Relaxation,16.47
January,Beach,Hot,14,o,Food,20.11
March,Wildlife,Hot,3,o,Shopping,16.18
March,Hill Station,Cold,4,o,Relaxation,8.9
May,Wildlife,Hot,10,o,Food,23.34
December,Beach,Hot,2,o,Relaxation,20.1
November,Religious,Moderate,1,o,Relaxation,16.99
January,Hill Station,Moderate,5,o,Relaxation,11.43
September,Historical,Hot,14,o,Shopping,11.85
August,Religious,Moderate,14,o,Food,7.86
September,City,Moderate,7,o,Culture,14.42
January,Beach,Moderate,4,o,Relaxation,16.75
February,Hill Station,Moderate,7,o,Culture,16.07
June,Historical,Hot,1,o,Culture,9.63
January,City,Moderate,4,o,Relaxation,13.1
October,Historical,Hot,3,o,Shopping,7.9
April,Religious,Moderate,3,o,Shopping,13.1
May,Hill Station,Moderate,10,o,Shopping,5.7
June,Historical,Hot,4,o,Shopping,12.39
January,Historical,Hot,4,o,Shopping,10.34
June,Beach,Hot,1,o,Culture,21.15
November,City,Moderate,7,o,Shopping,10.4
September,Hill Station,Cold,14,o,Culture,15.29
February,Historical,Hot,6,o,Shopping,13.75
September,City,Moderate,3,o,Culture,11.89
December,Hill Station,Cold,14,o,Relaxation,13.4
September,City,Moderate,4,o,Adventure,13.88
August,Religious,Moderate,7,o,Adventure,6.51
October,City,Moderate,6,o,Culture,16.84
September,City,Moderate,2,o,Adventure,11.0
September,Historical,Hot,1,o,Shopping,14.17
July,Religious,Moderate,6,o,Relaxation,7.19
March,Religious,Moderate,3,o,Culture,13.01
July,Beach,Hot,5,o,Food,20.78
January,Historical,Hot,5,o,Adventure,15.07
July,Hill Station,Cold,4,o,Relaxation,11.45
September,Historical,Hot,5,o,Shopping,11.24
March,Beach,Hot,1,o,Adventure,18.79
April,City,Moderate,10,o,Adventure,13.8
February,Beach,Hot,10,o,Adventure,21.94
May,City,Moderate,14,o,Shopping,13.06
September,Wildlife,Hot,3,o,Culture,20.24
April,Religious,Moderate,4,o,Food,10.02
May,Hill Station,Cold,6,o,Shopping,11.71
December,Wildlife,Hot,7,o,Shopping,7.47
February,Hill Station,Moderate,3,o,Culture,9.93
April,Wildlife,Hot,10,o,Relaxation,14.06
September,Beach,Hot,6,o,Food,22.19
October,Historical,Hot,6,o,Shopping,10.05
March,City,Moderate,10,o,Relaxation,6.73
January,Religious,Moderate,7,o,Culture,10.49
July,Historical,Hot,10,o,Relaxation,11.2
February,Hill Station,Moderate,5,o,Culture,13.8
July,Beach,Hot,4,o,Shopping,19.55
May,Historical,Hot,4,o,Relaxation,8.21
March,Wildlife,Moderate,6,o,Culture,16.84
February,Wildlife,Hot,2,o,Adventure,16.59
September,Hill Station,Cold,7,o,Relaxation,12.75
January,Historical,Hot,1,o,Relaxation,5.87
March,Historical,Hot,5,o,Adventure,11.7
February,City,Moderate,1,o,Food,14.13
February,Beach,Hot,1,o,Culture,19.21
October,Wildlife,Hot,1,o,Adventure,12.21
August,Beach,Hot,2,o,Shopping,24.28
September,City,Moderate,2,o,Food,11.74
February,Wildlife,Moderate,10,o,Relaxation,12.83
November,Wildlife,Hot,14,o,Relaxation,17.9
April,Hill Station,Cold,5,o,Food,13.93
November,Hill Station,Moderate,3,o,Culture,16.24
June,Religious,Moderate,14,o,Shopping,14.96
July,City,Moderate,4,o,Shopping,10.38
April,City,Moderate,10,o,Relaxation,14.88
February,Beach,Hot,1,o,Adventure,19.16
February,Wildlife,Moderate,10,o,Relaxation,14.46
May,Beach,Hot,6,o,Adventure,19.96
April,Religious,Moderate,10,o,Food,13.04
November,Historical,Hot,14,o,Adventure,11.4
August,Religious,Moderate,1,o,Relaxation,5.88
April,City,Moderate,6,o,Shopping,14.0
May,Hill Station,Moderate,7,o,Adventure,17.61
November,Beach,Hot,7,o,Shopping,16.44
March,Religious,Moderate,6,o,Shopping,11.15
October,Religious,Moderate,3,o,Culture,15.47
July,Hill Station,Cold,2,o,Culture,13.59
January,Historical,Hot,3,o,Relaxation,9.72
April,Beach,Hot,3,o,Culture,20.74
November,Historical,Hot,6,o,Adventure,16.8
June,Religious,Moderate,6,o,Food,10.4
September,Hill Station,Moderate,4,o,Shopping,12.35
November,Beach,Hot,14,o,Culture,19.53
October,City,Moderate,4,o,Food,17.21
December,Historical,Hot,14,o,Shopping,9.56
May,City,Moderate,6,o,Adventure,12.14
November,Hill Station,Moderate,2,o,Food,13.31
October,Historical,Hot,4,o,Shopping,13.44
May,City,Moderate,5,o,Shopping,5.13
November,Religious,Moderate,5,o,Relaxation,18.65
September,Historical,Hot,4,o,Adventure,13.59
April,Hill Station,Cold,7,o,Shopping,15.45
February,Hill Station,Cold,5,o,Adventure,17.61
September,Wildlife,Moderate,5,o,Adventure,19.85
October,Wildlife,Hot,4,o,Shopping,15.57
April,Wildlife,Moderate,7,o,Adventure,14.52
September,Wildlife,Moderate,4,o,Relaxation,16.77
June,Hill Station,Cold,4,o,Adventure,9.95
March,Historical,Hot,5,o,Adventure,10.4
July,Beach,Moderate,3,o,Culture,20.45
June,Historical,Hot,2,o,Relaxation,21.23
December,City,Moderate,14,o,Food,17.08
March,Religious,Moderate,2,o,Adventure,7.27
May,Hill Station,Cold,3,o,Adventure,15.7
February,Hill Station,Cold,14,o,Culture,10.98
February,Wildlife,Moderate,10,o,Food,18.3
June,Religious,Moderate,2,o,Adventure,12.75
April,City,Moderate,14,o,Shopping,14.84
February,City,Moderate,2,o,Food,10.77
March,Beach,Hot,14,o,Culture,18.76
November,Religious,Moderate,6,o,Shopping,13.98
July,Hill Station,Moderate,2,o,Shopping,19.12
March,Wildlife,Hot,4,o,Relaxation,14.44
December,Wildlife,Moderate,2,o,Food,18.43
September,Religious,Moderate,10,o,Shopping,9.73
April,Historical,Hot,1,o,Culture,13.5
January,Hill Station,Cold,6,o,Relaxation,12.68
July,Hill Station,Moderate,1,o,Culture,19.83
March,City,Moderate,2,o,Adventure,10.92
March,Wildlife,Hot,10,o,Food,17.76
October,Historical,Hot,1,o,Adventure,9.53
May,Religious,Moderate,14,o,Relaxation,7.34
February,Historical,Hot,1,o,Adventure,10.29
July,City,Moderate,3,o,Culture,12.63
February,City,Moderate,14,o,Shopping,9.81
May,City,Moderate,5,o,Shopping,12.97
May,Historical,Hot,6,o,Adventure,6.93
September,Beach,Hot,2,o,Relaxation,16.64
May,City,Moderate,6,o,Adventure,11.7
October,City,Moderate,4,o,Relaxation,14.13
January,Wildlife,Moderate,5,o,Relaxation,13.92
October,City,Moderate,14,o,Food,11.88
July,City,Moderate,1,o,Adventure,14.93
November,City,Moderate,6,o,Adventure,15.78
February,City,Moderate,2,o,Relaxation,11.51
August,Wildlife,Moderate,1,o,Adventure,13.54
September,Historical,Hot,2,o,Shopping,9.31
September,City,Moderate,4,o,Food,13.91
March,Hill Station,Moderate,2,o,Relaxation,13.45
April,Religious,Moderate,3,o,Shopping,14.98
January,Beach,Hot,14,o,Shopping,20.34
September,City,Moderate,4,o,Shopping,15.57
October,Hill Station,Cold,7,o,Relaxation,18.19
March,Beach,Hot,7,o,Culture,18.87
May,Wildlife,Hot,5,o,Food,21.99
May,Beach,Hot,10,o,Shopping,20.92
October,Hill Station,Cold,4,o,Shopping,16.34
October,Religious,Moderate,3,o,Relaxation,9.5
March,Religious,Moderate,1,o,Relaxation,9.65
December,Beach,Hot,2,o,Adventure,20.72
April,Religious,Moderate,5,o,Relaxation,9.49
December,Hill Station,Cold,2,o,Relaxation,11.98
February,Religious,Moderate,6,o,Shopping,14.29
March,Beach,Hot,2,o,Relaxation,13.43
July,City,Moderate,14,o,Shopping,15.91
November,Religious,Moderate,4,o,Shopping,12.41
July,Religious,Moderate,6,o,Relaxation,9.9
August,Beach,Moderate,5,o,Shopping,19.17
January,Historical,Hot,7,o,Culture,12.01
January,Historical,Hot,10,o,Adventure,15.69
July,Wildlife,Hot,2,o,Relaxation,16.13
May,City,Moderate,3,o,Culture,11.22
September,Historical,Hot,2,o,Shopping,7.82
May,Wildlife,Hot,4,o,Culture,20.85
August,Historical,Hot,7,o,Culture,12.25
April,City,Moderate,10,o,Shopping,10.82
November,Beach,Hot,10,o,Relaxation,16.22
September,Historical,Hot,3,o,Food,14.36
September,Hill Station,Cold,5,o,Culture,13.84
November,Religious,Moderate,14,o,Culture,12.3
February,City,Moderate,2,o,Adventure,13.72
April,Beach,Hot,14,o,Culture,23.76
September,Wildlife,Hot,1,o,Shopping,17.98
December,Beach,Moderate,14,o,Culture,15.83
August,Historical,Hot,4,o,Adventure,13.44
December,Beach,Hot,7,o,Culture,19.79
April,City,Moderate,7,o,Food,12.04
July,Religious,Moderate,10,o,Adventure,7.91
June,Wildlife,Hot,1,o,Relaxation,19.4
April,City,Moderate,14,o,Shopping,11.82
July,City,Moderate,14,o,Relaxation,12.02
October,Hill Station,Cold,3,o,Adventure,17.49
April,Beach,Hot,10,o,Adventure,23.1
November,Historical,Hot,14,o,Adventure,9.93
December,Historical,Hot,4,o,Relaxation,9.82
January,Beach,Hot,5,o,Adventure,11.51
May,Hill Station,Cold,10,o,Adventure,8.78
April,Beach,Hot,2,o,Culture,17.14
September,Hill Station,Cold,4,o,Food,13.47
September,Hill Station,Cold,3,o,Culture,18.42
April,Religious,Moderate,7,o,Shopping,7.41
September,City,Moderate,4,o,Adventure,15.66
July,Wildlife,Moderate,6,o,Adventure,17.43
December,City,Moderate,3,o,Food,13.84
January,Hill Station,Cold,5,o,Food,14.34
April,Beach,Hot,1,o,Relaxation,20.21
April,Religious,Moderate,4,o,Relaxation,20.04
January,Beach,Hot,10,o,Shopping,21.88
February,Beach,Hot,4,o,Adventure,17.37
March,City,Moderate,2,o,Shopping,5.79
January,Beach,Hot,3,o,Shopping,22.13
March,City,Moderate,7,o,Food,22.34
April,Hill Station,Cold,2,o,Relaxation,12.88
July,Beach,Hot,4,o,Adventure,21.56
December,Religious,Moderate,14,o,Culture,5.61
March,Religious,Moderate,14,o,Shopping,10.01
July,Religious,Moderate,3,o,Shopping,13.2
June,Wildlife,Hot,5,o,Culture,13.18
April,Wildlife,Hot,7,o,Adventure,14.8
August,City,Moderate,2,o,Food,12.58
January,Wildlife,Moderate,4,o,Relaxation,17.17
August,Religious,Moderate,7,o,Food,11.85
September,Religious,Moderate,3,o,Adventure,9.33
April,Wildlife,Hot,1,o,Relaxation,17.07
September,Wildlife,Hot,14,o,Relaxation,17.13
September,Hill Station,Cold,2,o,Food,16.48
September,City,Moderate,3,o,Culture,13.47
August,Beach,Hot,4,o,Shopping,21.19
September,Beach,Hot,3,o,Adventure,19.44
July,Wildlife,Hot,14,o,Adventure,12.2
March,Hill Station,Cold,5,o,Shopping,11.9
January,City,Moderate,1,o,Adventure,11.68
February,Religious,Moderate,6,o,Adventure,14.86
December,Beach,Hot,4,o,Adventure,20.04
September,Historical,Hot,6,o,Shopping,13.53
June,Hill Station,Moderate,6,o,Relaxation,14.43
November,Historical,Hot,5,o,Food,14.19
February,City,Moderate,14,o,Relaxation,14.62
August,Beach,Moderate,14,o,Culture,20.7
May,Hill Station,Cold,14,o,Relaxation,17.7
July,Wildlife,Moderate,10,o,Culture,16.23
January,Hill Station,Cold,1,o,Shopping,10.16
November,Wildlife,Hot,5,o,Adventure,14.38
November,Beach,Hot,6,o,Culture,22.89
May,Hill Station,Cold,14,o,Food,19.52
October,Beach,Hot,2,o,Shopping,18.44
May,Beach,Moderate,14,o,Relaxation,19.96
November,Beach,Hot,1,o,Culture,14.6
October,City,Moderate,7,o,Relaxation,16.37
December,Religious,Moderate,1,o,Food,10.44
July,Religious,Moderate,4,o,Adventure,13.19
October,Beach,Hot,14,o,Food,21.05
October,Historical,Hot,14,o,Adventure,11.02
January,Beach,Hot,5,o,Adventure,22.22
May,Hill Station,Cold,14,o,Shopping,17.82
November,Hill Station,Cold,5,o,Culture,13.83
August,Religious,Moderate,10,o,Food,9.99
December,Beach,Hot,4,o,Shopping,15.98
May,Wildlife,Hot,4,o,Shopping,17.09
December,Beach,Moderate,7,o,Relaxation,24.82
September,Wildlife,Hot,5,o,Relaxation,13.46
January,Historical,Hot,4,o,Relaxation,11.34
December,Historical,Hot,14,o,Culture,13.83
May,Historical,Hot,5,o,Adventure,7.33
July,Hill Station,Moderate,5,o,Adventure,19.63
June,Religious,Moderate,6,o,Relaxation,11.26
July,City,Moderate,4,o,Relaxation,18.23
September,Religious,Moderate,3,o,Culture,17.16
November,City,Moderate,2,o,Adventure,7.8
July,Historical,Hot,5,o,Culture,12.66
December,City,Moderate,2,o,Relaxation,13.26
December,City,Moderate,14,o,Food,11.73
June,Wildlife,Hot,3,o,Culture,16.95
January,Historical,Hot,5,o,Culture,13.52
April,Religious,Moderate,4,o,Culture,11.25
April,Beach,Moderate,14,o,Culture,17.86
July,City,Moderate,4,o,Adventure,14.88
February,Beach,Hot,10,o,Adventure,19.17
September,Wildlife,Hot,1,o,Adventure,15.5
October,Wildlife,Moderate,2,o,Relaxation,16.69
April,Religious,Moderate,3,o,Shopping,13.67
January,Historical,Hot,7,o,Relaxation,8.63
October,Hill Station,Moderate,14,o,Adventure,17.42
February,Historical,Hot,10,o,Shopping,10.2
December,Wildlife,Moderate,14,o,Food,14.7
April,Hill Station,Moderate,1,o,Relaxation,15.2
July,Hill Station,Moderate,2,o,Culture,18.09
September,Wildlife,Hot,1,o,Food,18.51
August,Beach,Moderate,10,o,Culture,21.2
February,City,Moderate,7,o,Food,13.6
June,Hill Station,Cold,6,o,Shopping,15.23
May,Beach,Hot,2,o,Adventure,16.93
September,Hill Station,Cold,5,o,Adventure,22.02
September,Beach,Hot,10,o,Shopping,19.0
March,City,Moderate,7,o,Food,12.88
April,Beach,Moderate,14,o,Relaxation,15.79
August,Beach,Hot,5,o,Relaxation,25.02
February,City,Moderate,2,o,Shopping,11.23
March,City,Moderate,14,o,Culture,8.25
June,Wildlife,Hot,1,o,Adventure,19.45
July,City,Moderate,7,o,Shopping,12.02
December,Historical,Hot,2,o,Food,9.19
January,Hill Station,Cold,1,o,Shopping,17.07
April,Beach,Hot,6,o,Food,17.95
February,Historical,Hot,1,o,Food,11.85
February,Historical,Hot,6,o,Shopping,9.51
March,Religious,Moderate,4,o,Adventure,12.77
January,City,Moderate,7,o,Culture,15.0
October,Wildlife,Hot,2,o,Shopping,18.31
September,Historical,Hot,3,o,Shopping,14.53
May,Wildlife,Moderate,5,o,Food,18.56
April,Religious,Moderate,5,o,Adventure,12.28
August,Wildlife,Hot,4,o,Food,12.25
August,City,Moderate,14,o,Relaxation,13.15
January,Religious,Moderate,4,o,Shopping,12.44
December,Beach,Moderate,2,o,Food,22.19
August,Hill Station,Cold,1,o,Culture,12.92
June,Wildlife,Hot,2,o,Food,15.02
March,City,Moderate,1,o,Food,11.73
October,Religious,Moderate,3,o,Culture,14.17
October,Historical,Hot,7,o,Food,12.57
November,Religious,Moderate,10,o,Food,14.6
September,Hill Station,Moderate,6,o,Relaxation,14.63
April,Wildlife,Hot,3,o,Food,16.37
January,City,Moderate,14,o,Culture,12.69
April,City,Moderate,2,o,Relaxation,15.97
March,Beach,Hot,7,o,Culture,21.55
October,Historical,Hot,1,o,Shopping,10.41
July,Wildlife,Hot,2,o,Relaxation,16.88
November,Historical,Hot,10,o,Adventure,6.74
September,Beach,Hot,4,o,Culture,20.41
November,Wildlife,Moderate,6,o,Culture,25.75
March,Religious,Moderate,14,o,Food,5.21
June,Hill Station,Cold,7,o,Adventure,12.98
December,Religious,Moderate,7,o,Relaxation,10.72
March,City,Moderate,7,o,Food,13.05
November,Wildlife,Hot,3,o,Food,14.36
September,Historical,Hot,7,o,Adventure,16.21
July,Wildlife,Moderate,2,o,Culture,14.7
August,Beach,Hot,7,o,Food,16.62
September,Hill Station,Cold,6,o,Relaxation,13.76
May,Wildlife,Hot,4,o,Adventure,14.01
March,City,Moderate,4,o,Food,6.82
May,Wildlife,Hot,1,o,Food,20.27
April,Hill Station,Cold,1,o,Shopping,16.38
July,Hill Station,Cold,7,o,Food,15.68
July,Hill Station,Cold,14,o,Adventure,17.98
November,Beach,Moderate,4,o,Adventure,20.54
January,Wildlife,Hot,2,o,Adventure,17.76
November,Historical,Hot,5,o,Food,10.13
February,Hill Station,Cold,6,o,Food,13.09
March,Hill Station,Cold,14,o,Shopping,14.88
November,Beach,Hot,3,o,Shopping,14.46
November,Hill Station,Cold,5,o,Relaxation,13.71
August,City,Moderate,10,o,Shopping,14.31
March,Wildlife,Moderate,1,o,Shopping,18.86
December,Religious,Moderate,7,o,Relaxation,10.01
March,Historical,Hot,6,o,Food,10.47
December,Hill Station,Moderate,10,o,Shopping,18.0
October,Historical,Hot,2,o,Relaxation,19.31
September,City,Moderate,14,o,Shopping,7.87
April,City,Moderate,4,o,Relaxation,16.69
March,Historical,Hot,6,o,Adventure,12.32
June,City,Moderate,7,o,Relaxation,17.16
February,Hill Station,Cold,10,o,Food,15.32
November,Hill Station,Moderate,2,o,Relaxation,11.76
July,Hill Station,Cold,2,o,Adventure,16.08
September,Beach,Hot,6,o,Relaxation,21.51
September,Beach,Hot,6,o,Shopping,20.87
April,Historical,Hot,10,o,Relaxation,10.48
May,Hill Station,Cold,1,o,Culture,15.09
June,Religious,Moderate,1,o,Food,5.0
September,Beach,Hot,1,o,Culture,19.33
May,Hill Station,Cold,1,o,Culture,12.21
November,Beach,Hot,5,o,Relaxation,18.71
September,Hill Station,Moderate,2,o,Shopping,16.25
November,Beach,Hot,14,o,Shopping,25.42
January,Beach,Hot,3,o,Adventure,21.52
October,Religious,Moderate,14,o,Shopping,12.2
May,Beach,Hot,14,o,Relaxation,17.39
September,Historical,Hot,6,o,Food,7.81
August,Religious,Moderate,4,o,Food,14.61
April,Historical,Hot,2,o,Food,12.54
November,Wildlife,Moderate,6,o,Food,19.51
April,Historical,Hot,10,o,Culture,16.74
December,Religious,Moderate,14,o,Shopping,10.07
November,Religious,Moderate,2,o,Shopping,10.92
July,Historical,Hot,10,o,Adventure,16.37
March,Beach,Moderate,1,o,Food,18.2
September,City,Moderate,3,o,Shopping,8.32
April,Hill Station,Moderate,6,o,Relaxation,15.93
July,City,Moderate,6,o,Adventure,14.98
August,Hill Station,Moderate,2,o,Food,12.1
October,Religious,Moderate,3,o,Shopping,9.38
November,Religious,Moderate,3,o,Food,9.6
October,Hill Station,Cold,7,o,Culture,10.55
October,Historical,Hot,14,o,Food,9.55
July,Religious,Moderate,14,o,Relaxation,9.8
March,City,Moderate,1,o,Relaxation,14.84
December,City,Moderate,4,o,Food,7.82
December,Religious,Moderate,5,o,Food,5.08
May,Wildlife,Hot,6,o,Relaxation,14.75
May,Religious,Moderate,6,o,Adventure,11.82
December,Historical,Hot,10,o,Adventure,13.25
April,Hill Station,Cold,14,o,Relaxation,13.02
August,Historical,Hot,4,o,Shopping,13.39
October,Wildlife,Moderate,10,o,Adventure,20.28
October,City,Moderate,2,o,Adventure,11.36
October,Religious,Moderate,14,o,Shopping,6.99
March,Historical,Hot,7,o,Food,14.17
March,Wildlife,Hot,6,o,Relaxation,23.34
December,Wildlife,Moderate,1,o,Shopping,18.13
January,Religious,Moderate,7,o,Food,9.77
June,Religious,Moderate,1,o,Relaxation,13.35
November,Religious,Moderate,6,o,Adventure,6.59
June,Historical,Hot,10,o,Food,8.21
November,Wildlife,Hot,2,o,Adventure,19.03
March,Beach,Moderate,6,o,Food,16.76
March,City,Moderate,14,o,Culture,17.86
July,Historical,Hot,4,o,Food,13.25
May,Beach,Hot,3,o,Food,23.36
November,Religious,Moderate,14,o,Relaxation,9.43
April,Religious,Moderate,4,o,Shopping,12.79
July,Wildlife,Hot,3,o,Culture,11.83
March,City,Moderate,14,o,Culture,8.51
June,City,Moderate,7,o,Relaxation,10.25
October,Beach,Hot,4,o,Shopping,26.04
September,Religious,Moderate,6,o,Culture,12.69
February,Hill Station,Moderate,14,o,Food,14.37
June,Religious,Moderate,1,o,Culture,10.06
May,Religious,Moderate,7,o,Food,13.57
October,Wildlife,Hot,6,o,Adventure,18.66
April,Historical,Hot,1,o,Culture,9.54
February,Beach,Hot,14,o,Food,19.49
August,Wildlife,Moderate,10,o,Adventure,19.92
September,Beach,Hot,6,o,Relaxation,17.76
January,Wildlife,Hot,2,o,Culture,22.72
May,City,Moderate,2,o,Shopping,8.69
February,City,Moderate,6,o,Shopping,12.22
April,City,Moderate,3,o,Adventure,11.03
August,City,Moderate,14,o,Shopping,12.46
August,Hill Station,Cold,6,o,Shopping,19.11
May,Hill Station,Moderate,3,o,Food,12.05
February,Religious,Moderate,1,o,Culture,9.65
July,City,Moderate,14,o,Shopping,14.96
January,Hill Station,Cold,3,o,Food,15.28
June,Historical,Hot,3,o,Culture,15.25
March,Beach,Hot,3,o,Shopping,20.63
January,City,Moderate,6,o,Shopping,8.17
September,Wildlife,Hot,10,o,Shopping,14.91
March,City,Moderate,10,o,Relaxation,11.38
June,Religious,Moderate,5,o,Food,10.24
July,Wildlife,Moderate,6,o,Food,20.68
September,City,Moderate,3,o,Relaxation,12.45
December,City,Moderate,7,o,Adventure,9.98
January,City,Moderate,1,o,Relaxation,10.07
June,Hill Station,Cold,4,o,Culture,13.46
April,Wildlife,Hot,3,o,Adventure,14.6
June,Religious,Moderate,2,o,Culture,12.31
June,Beach,Hot,10,o,Culture,19.08
September,Hill Station,Cold,3,o,Shopping,16.01
May,Religious,Moderate,5,o,Culture,13.74
October,Wildlife,Moderate,10,o,Shopping,11.89
July,Beach,Hot,10,o,Relaxation,18.32
November,Religious,Moderate,7,o,Culture,11.78
June,Beach,Hot,14,o,Relaxation,19.93
May,Religious,Moderate,4,o,Culture,10.18
December,Hill Station,Cold,14,o,Relaxation,8.4
February,Hill Station,Cold,3,o,Relaxation,16.84
November,Beach,Moderate,5,o,Adventure,21.13
July,Wildlife,Hot,1,o,Adventure,17.5
May,Hill Station,Moderate,10,o,Shopping,18.49
August,Beach,Hot,6,o,Food,15.1
July,Hill Station,Cold,14,o,Shopping,12.29
March,Religious,Moderate,3,o,Shopping,9.11
June,City,Moderate,5,o,Shopping,12.12
November,Religious,Moderate,5,o,Food,8.93
March,Historical,Hot,1,o,Shopping,12.13
February,City,Moderate,14,o,Food,12.29
November,Religious,Moderate,14,o,Shopping,10.02
January,Beach,Hot,14,o,Shopping,24.09
November,Beach,Hot,10,o,Adventure,19.09
November,Beach,Hot,4,o,Shopping,16.27
October,Beach,Hot,3,o,Relaxation,16.62
March,Hill Station,Cold,3,o,Relaxation,11.71
March,Wildlife,Moderate,2,o,Shopping,16.8
November,Religious,Moderate,2,o,Culture,10.53
September,Religious,Moderate,14,o,Relaxation,16.56
June,Beach,Hot,6,o,Relaxation,21.83
September,Religious,Moderate,4,o,Food,9.33
July,City,Moderate,2,o,Culture,11.24
April,Historical,Hot,3,o,Shopping,10.14
January,Historical,Hot,6,o,Relaxation,9.27
August,City,Moderate,2,o,Food,18.05
October,Beach,Moderate,10,o,Food,20.07
March,Hill Station,Moderate,10,o,Food,12.35
June,Hill Station,Moderate,4,o,Adventure,13.8
August,Religious,Moderate,2,o,Food,7.91
March,Beach,Hot,14,o,Culture,16.01
March,Wildlife,Hot,1,o,Relaxation,10.47
June,Religious,Moderate,7,o,Relaxation,14.28
April,Religious,Moderate,3,o,Food,6.57
September,Hill Station,Cold,10,o,Culture,15.72
September,Wildlife,Moderate,14,o,Food,19.2
November,Wildlife,Hot,4,o,Culture,11.32
June,Religious,Moderate,3,o,Food,11.93
January,Beach,Hot,4,o,Adventure,20.92
April,Hill Station,Moderate,7,o,Culture,11.24
October,Religious,Moderate,6,o,Food,8.45
June,Hill Station,Cold,3,o,Adventure,15.02
March,Beach,Hot,3,o,Adventure,19.38
February,Religious,Moderate,5,o,Adventure,14.36
November,Beach,Hot,14,o,Culture,21.76
April,Beach,Hot,1,o,Food,17.98
February,Wildlife,Hot,4,o,Shopping,15.1
October,Religious,Moderate,2,o,Adventure,7.86
November,Beach,Hot,3,o,Adventure,18.29
April,Religious,Moderate,3,o,Adventure,7.46
August,Hill Station,Cold,3,o,Shopping,5.79
December,Hill Station,Moderate,2,o,Food,17.33
July,Hill Station,Moderate,2,o,Shopping,14.49
February,Beach,Moderate,1,o,Adventure,12.78
November,Historical,Hot,14,o,Culture,9.69
October,Historical,Hot,4,o,Relaxation,6.68
April,Hill Station,Cold,7,o,Food,11.06
September,Historical,Hot,1,o,Relaxation,14.38
November,Religious,Moderate,5,o,Shopping,12.26
May,Wildlife,Hot,3,o,Relaxation,18.08
January,Hill Station,Cold,14,o,Culture,12.91
March,Religious,Moderate,6,o,Food,8.14
March,Hill Station,Cold,5,o,Relaxation,17.27
October,Historical,Hot,4,o,Adventure,11.33
December,Religious,Moderate,7,o,Culture,6.95
December,Hill Station,Moderate,6,o,Relaxation,20.3
February,Beach,Hot,4,o,Adventure,20.96
May,Historical,Hot,4,o,Relaxation,7.78
June,Historical,Hot,14,o,Food,10.67
March,City,Moderate,4,o,Culture,13.33
December,Hill Station,Cold,3,o,Adventure,19.01
January,Hill Station,Cold,7,o,Shopping,18.02
March,Hill Station,Cold,10,o,Food,14.54
January,Beach,Hot,3,o,Culture,17.42
December,Wildlife,Hot,2,o,Shopping,11.06
January,Historical,Hot,7,o,Food,11.19
May,Beach,Hot,14,o,Relaxation,14.1
June,Religious,Moderate,5,o,Culture,10.94
December,Beach,Moderate,5,o,Relaxation,21.17
February,Hill Station,Cold,1,o,Adventure,17.48
August,Wildlife,Hot,10,o,Shopping,15.4
October,City,Moderate,2,o,Culture,14.16
November,City,Moderate,6,o,Food,14.24
March,City,Moderate,4,o,Shopping,12.12
March,City,Moderate,5,o,Adventure,5.14
February,Historical,Hot,1,o,Adventure,8.13
September,Wildlife,Moderate,2,o,Adventure,15.55
December,Hill Station,Cold,7,o,Adventure,18.3
August,Wildlife,Hot,7,o,Adventure,17.25
March,City,Moderate,7,o,Shopping,13.11
January,Wildlife,Hot,14,o,Food,18.59
February,Hill Station,Cold,3,o,Shopping,14.65
June,Wildlife,Moderate,1,o,Adventure,21.22
September,Historical,Hot,1,o,Relaxation,8.37
April,Historical,Hot,1,o,Adventure,7.77
February,Historical,Hot,1,o,Culture,11.59
May,City,Moderate,10,o,Food,11.12
March,City,Moderate,2,o,Shopping,13.43
January,Religious,Moderate,7,o,Adventure,14.62
September,Beach,Hot,6,o,Food,13.26
October,Historical,Hot,5,o,Shopping,14.11
February,Historical,Hot,14,o,Relaxation,13.6
November,Hill Station,Moderate,4,o,Relaxation,17.21
August,Wildlife,Hot,5,o,Relaxation,17.19
March,Historical,Hot,2,o,Shopping,10.55
April,City,Moderate,3,o,Food,15.53
January,Religious,Moderate,1,o,Adventure,7.85
July,City,Moderate,2,o,Shopping,5.4
January,City,Moderate,2,o,Food,12.32
October,Hill Station,Moderate,10,o,Shopping,14.57
May,Religious,Moderate,1,o,Adventure,16.4
April,Hill Station,Moderate,14,o,Food,17.58
December,Wildlife,Moderate,5,o,Food,15.74
April,Wildlife,Moderate,2,o,Culture,17.33
May,City,Moderate,14,o,Adventure,14.51
August,Hill Station,Cold,7,o,Food,16.88
November,Wildlife,Moderate,2,o,Relaxation,14.76
August,Beach,Hot,2,o,Food,18.02
September,Historical,Hot,5,o,Food,10.14
February,Hill Station,Cold,3,o,Shopping,17.59
January,Beach,Hot,10,o,Culture,18.85
April,Historical,Hot,3,o,Relaxation,13.63
April,City,Moderate,14,o,Relaxation,12.34
October,Religious,Moderate,2,o,Food,9.07
February,Wildlife,Hot,5,o,Adventure,20.95
January,Beach,Moderate,4,o,Relaxation,20.63
August,Historical,Hot,14,o,Food,13.38
July,Beach,Hot,1,o,Adventure,23.9
February,Beach,Hot,14,o,Culture,19.91
November,Hill Station,Cold,14,o,Culture,15.36
February,Wildlife,Hot,2,o,Relaxation,18.94
September,Historical,Hot,5,o,Food,7.12
September,Religious,Moderate,7,o,Adventure,6.99
March,City,Moderate,3,o,Food,19.41
September,Hill Station,Moderate,14,o,Culture,13.9
August,Religious,Moderate,14,o,Food,5.99
September,City,Moderate,3,o,Adventure,19.11
September,Hill Station,Moderate,1,o,Culture,16.41
August,Historical,Hot,2,o,Culture,16.92
October,Beach,Hot,2,o,Shopping,16.46
November,City,Moderate,2,o,Adventure,12.48
May,Beach,Hot,3,o,Food,21.92
September,Wildlife,Moderate,3,o,Food,16.81
November,Historical,Hot,10,o,Food,7.65
January,Religious,Moderate,6,o,Culture,11.23
February,Beach,Moderate,7,o,Culture,23.15
January,Hill Station,Cold,10,o,Shopping,11.86
August,Wildlife,Hot,5,o,Relaxation,16.92
December,Religious,Moderate,7,o,Culture,12.19
October,City,Moderate,7,o,Shopping,12.24
October,Beach,Moderate,7,o,Adventure,20.09
July,Religious,Moderate,7,o,Food,13.07
October,Wildlife,Hot,7,o,Culture,15.66
September,Hill Station,Cold,5,o,Shopping,16.01
January,Beach,Hot,3,o,Shopping,16.35
July,Wildlife,Moderate,3,o,Adventure,16.97
April,Beach,Hot,7,o,Food,25.93
September,City,Moderate,4,o,Adventure,9.75
December,City,Moderate,14,o,Food,13.02
March,Beach,Hot,5,o,Shopping,17.59
September,Historical,Hot,10,o,Relaxation,17.7
January,Wildlife,Hot,2,o,Shopping,20.07
April,Hill Station,Moderate,2,o,Adventure,18.5
November,Wildlife,Hot,3,o,Culture,14.83
April,Beach,Hot,4,o,Adventure,23.56
June,Historical,Hot,3,o,Adventure,16.62
June,Beach,Hot,14,o,Culture,20.67
June,Wildlife,Moderate,1,o,Shopping,18.51
May,Beach,Hot,10,o,Culture,23.48
October,Beach,Hot,2,o,Adventure,20.96
April,Historical,Hot,5,o,Adventure,13.23
July,City,Moderate,7,o,Food,12.17
December,Hill Station,Cold,2,o,Shopping,10.67
October,Wildlife,Moderate,14,o,Culture,19.06
September,Wildlife,Moderate,1,o,Food,18.46
March,Historical,Hot,2,o,Food,11.02
May,City,Moderate,7,o,Shopping,17.86
June,Wildlife,Hot,3,o,Relaxation,15.15
September,Historical,Hot,7,o,Culture,8.19
July,Wildlife,Hot,14,o,Food,15.86
July,Historical,Hot,5,o,Food,12.55
June,Religious,Moderate,5,o,Culture,9.76
February,City,Moderate,3,o,Adventure,15.57
November,Religious,Moderate,10,o,Adventure,11.45
December,City,Moderate,1,o,Shopping,13.28
August,City,Moderate,2,o,Adventure,9.86
October,Historical,Hot,14,o,Relaxation,11.31
July,Wildlife,Hot,6,o,Relaxation,19.91
February,Beach,Hot,14,o,Relaxation,17.19
June,Wildlife,Hot,1,o,Culture,13.45
January,Historical,Hot,1,o,Adventure,11.04
May,Wildlife,Hot,14,o,Relaxation,11.66
January,Wildlife,Moderate,5,o,Relaxation,22.15
December,Historical,Hot,14,o,Culture,11.71
August,Wildlife,Hot,7,o,Shopping,21.47
May,Hill Station,Cold,3,o,Shopping,18.33
July,Hill Station,Moderate,6,o,Culture,16.05
September,Historical,Hot,1,o,Culture,10.59
June,Wildlife,Moderate,4,o,Culture,17.45
March,Beach,Hot,4,o,Shopping,20.9
July,City,Moderate,3,o,Shopping,12.11
June,Religious,Moderate,5,o,Shopping,6.61
November,Hill Station,Cold,6,o,Shopping,13.98
January,Wildlife,Hot,1,o,Relaxation,17.69
March,Religious,Moderate,2,o,Relaxation,10.04
March,Beach,Moderate,10,o,Culture,21.63
May,Historical,Hot,7,o,Shopping,5.0
February,Beach,Hot,7,o,Food,24.08
March,Hill Station,Cold,5,o,Adventure,13.18
June,Religious,Moderate,14,o,Adventure,15.7
January,City,Moderate,14,o,Adventure,17.34
October,Hill Station,Moderate,14,o,Shopping,17.82
September,Historical,Hot,3,o,Shopping,6.95
October,Beach,Hot,6,o,Relaxation,19.11
August,Historical,Hot,3,o,Culture,15.03
March,Religious,Moderate,7,o,Culture,10.87
March,Hill Station,Cold,1,o,Adventure,13.83
December,Beach,Hot,10,o,Relaxation,20.73
June,City,Moderate,7,o,Shopping,13.02
September,Wildlife,Moderate,6,o,Shopping,12.56
May,Religious,Moderate,14,o,Culture,15.16
February,Beach,Hot,14,o,Relaxation,18.66
June,Religious,Moderate,5,o,Food,5.81
January,City,Moderate,7,o,Adventure,17.0
May,City,Moderate,10,o,Culture,20.49
February,City,Moderate,2,o,Relaxation,13.14
December,Beach,Hot,10,o,Relaxation,23.85
December,City,Moderate,2,o,Food,5.0
April,Historical,Hot,4,o,Shopping,13.35
August,Religious,Moderate,3,o,Relaxation,9.6
September,Hill Station,Cold,7,o,Food,16.08
August,Religious,Moderate,6,o,Adventure,9.5
January,Religious,Moderate,2,o,Food,8.15
January,Wildlife,Hot,5,o,Relaxation,15.97
July,City,Moderate,4,o,Adventure,11.27
October,City,Moderate,4,o,Culture,10.79
January,City,Moderate,1,o,Culture,7.85
February,Religious,Moderate,7,o,Food,6.89
May,Historical,Hot,14,o,Food,11.37
March,Hill Station,Cold,5,o,Culture,19.27
May,City,Moderate,5,o,Culture,13.21
April,Historical,Hot,14,o,Food,6.76
October,City,Moderate,4,o,Shopping,13.99
November,Historical,Hot,6,o,Adventure,8.86
September,Beach,Hot,10,o,Relaxation,20.86
December,Wildlife,Hot,7,o,Food,17.42
September,Wildlife,Hot,14,o,Food,15.37
June,Beach,Hot,10,o,Culture,18.87
February,Wildlife,Hot,5,o,Shopping,16.51
July,Historical,Hot,4,o,Culture,11.92
September,Hill Station,Cold,7,o,Food,15.18
May,Religious,Moderate,3,o,Relaxation,9.19
August,Beach,Hot,3,o,Food,27.06
October,Wildlife,Hot,2,o,Relaxation,15.34
August,Beach,Hot,1,o,Food,23.84
April,Historical,Hot,3,o,Food,11.21
September,Wildlife,Hot,4,o,Food,17.26
January,Beach,Hot,2,o,Adventure,16.89
March,Hill Station,Cold,1,o,Relaxation,17.57
July,Hill Station,Cold,10,o,Food,16.19
January,Historical,Hot,1,o,Adventure,13.09
February,Wildlife,Hot,1,o,Shopping,17.96
April,Wildlife,Moderate,6,o,Culture,16.14
January,Historical,Hot,4,o,Culture,13.93
November,Wildlife,Hot,4,o,Culture,15.7
September,Religious,Moderate,1,o,Food,16.17
September,Historical,Hot,3,o,Shopping,9.7
July,Beach,Hot,6,o,Culture,18.19
January,Religious,Moderate,4,o,Adventure,10.04
July,Religious,Moderate,3,o,Shopping,5.0
June,Hill Station,Cold,7,o,Culture,15.41
January,Historical,Hot,1,o,Culture,11.84
July,Historical,Hot,5,o,Shopping,11.57
November,Hill Station,Cold,7,o,Adventure,15.13
December,City,Moderate,2,o,Adventure,11.86
January,Religious,Moderate,10,o,Culture,13.15
July,Wildlife,Moderate,5,o,Adventure,18.74
September,Wildlife,Hot,1,o,Adventure,21.24
July,City,Moderate,14,o,Shopping,9.26
March,Beach,Hot,7,o,Food,21.57
July,Wildlife,Hot,10,o,Relaxation,17.35
July,Hill Station,Moderate,14,o,Food,14.83
September,Wildlife,Hot,10,o,Shopping,13.27
January,Wildlife,Hot,6,o,Culture,16.92
June,Wildlife,Moderate,10,o,Relaxation,10.19
January,Hill Station,Cold,4,o,Shopping,14.37
March,Beach,Hot,7,o,Adventure,15.03
November,Religious,Moderate,14,o,Shopping,9.46
January,Wildlife,Hot,5,o,Shopping,15.44
June,Hill Station,Moderate,3,o,Food,17.56
June,Hill Station,Cold,14,o,Culture,15.09
August,City,Moderate,10,o,Shopping,14.55
August,City,Moderate,5,o,Relaxation,10.06
February,Historical,Hot,14,o,Adventure,7.79
February,Religious,Moderate,7,o,Culture,11.32
March,Beach,Hot,3,o,Culture,19.04
September,Beach,Moderate,2,o,Culture,20.62
December,Historical,Hot,6,o,Culture,7.13
September,City,Moderate,6,o,Adventure,18.67
August,Religious,Moderate,1,o,Culture,10.51
March,City,Moderate,1,o,Food,15.09
June,Wildlife,Moderate,10,o,Relaxation,14.49
February,Hill Station,Cold,7,o,Adventure,16.36
May,Beach,Moderate,1,o,Shopping,18.93
March,Historical,Hot,5,o,Relaxation,5.45
March,Historical,Hot,14,o,Food,12.82
January,Wildlife,Moderate,1,o,Culture,18.37
November,Hill Station,Moderate,14,o,Food,21.29
December,Beach,Hot,10,o,Culture,19.68
July,Beach,Hot,2,o,Relaxation,25.83
August,Historical,Hot,2,o,Adventure,11.01
November,Hill Station,Cold,1,o,Food,9.9
June,Hill Station,Moderate,1,o,Food,14.48
February,Wildlife,Moderate,2,o,Shopping,18.33
February,City,Moderate,1,o,Shopping,22.29
August,Religious,Moderate,1,o,Relaxation,10.23
January,Wildlife,Moderate,1,o,Relaxation,18.14
October,Historical,Hot,6,o,Shopping,14.09
August,Religious,Moderate,5,o,Adventure,16.74
October,Religious,Moderate,5,o,Food,5.0
April,Wildlife,Hot,3,o,Culture,10.09
October,Wildlife,Hot,14,o,Shopping,15.92
June,Wildlife,Hot,3,o,Shopping,20.31
August,Wildlife,Moderate,2,o,Culture,21.33
December,Historical,Hot,14,o,Food,9.16
May,Beach,Hot,14,o,Relaxation,20.78
January,Hill Station,Cold,5,o,Adventure,19.67
June,City,Moderate,14,o,Relaxation,7.88
November,Religious,Moderate,3,o,Relaxation,10.58
April,Hill Station,Cold,6,o,Culture,12.47
April,Historical,Hot,6,o,Food,12.1
January,Beach,Hot,7,o,Food,20.81
December,City,Moderate,7,o,Adventure,11.05
September,Historical,Hot,4,o,Food,11.16
September,Religious,Moderate,14,o,Culture,16.58
June,Beach,Hot,4,o,Relaxation,17.16
March,Historical,Hot,14,o,Shopping,12.48
January,Hill Station,Cold,10,o,Culture,19.09
July,Historical,Hot,6,o,Adventure,12.94
February,Historical,Hot,6,o,Culture,14.0
October,Historical,Hot,3,o,Relaxation,14.02
January,Religious,Moderate,14,o,Food,16.31
January,City,Moderate,10,o,Adventure,7.85
November,Religious,Moderate,2,o,Adventure,7.39
February,Beach,Hot,10,o,Adventure,21.08
October,Wildlife,Hot,1,o,Adventure,13.41
December,Beach,Hot,10,o,Culture,22.16
November,Religious,Moderate,3,o,Adventure,9.36
December,Beach,Hot,6,o,Shopping,14.39
December,Beach,Hot,2,o,Culture,21.25
February,Religious,Moderate,3,o,Adventure,11.73
October,Beach,Hot,6,o,Culture,18.59
July,Hill Station,Cold,1,o,Relaxation,10.86
June,Hill Station,Cold,4,o,Adventure,9.61
November,Religious,Moderate,5,o,Culture,8.63
August,Historical,Hot,5,o,Adventure,11.22
August,Hill Station,Cold,4,o,Adventure,18.73
September,Beach,Hot,1,o,Food,23.68
April,City,Moderate,2,o,Adventure,8.87
May,Hill Station,Cold,4,o,Shopping,14.46
December,City,Moderate,2,o,Relaxation,11.03
March,Hill Station,Cold,1,o,Culture,12.91
September,Beach,Hot,5,o,Adventure,18.09
May,Hill Station,Cold,2,o,Food,15.62
October,Beach,Hot,3,o,Food,23.81
April,Wildlife,Hot,6,o,Culture,14.06
January,Religious,Moderate,6,o,Relaxation,13.35
January,Historical,Hot,7,o,Adventure,8.2
July,Historical,Hot,7,o,Adventure,12.29
September,Wildlife,Hot,7,o,Adventure,13.95
May,Religious,Moderate,1,o,Shopping,13.02
September,Religious,Moderate,5,o,Shopping,6.5
November,Religious,Moderate,4,o,Relaxation,6.56
October,Wildlife,Moderate,6,o,Culture,22.02
July,Beach,Hot,10,o,Adventure,13.2
June,Historical,Hot,6,o,Relaxation,10.95
November,Hill Station,Moderate,6,o,Relaxation,10.83
April,Hill Station,Cold,7,o,Shopping,10.66
July,City,Moderate,3,o,Relaxation,14.35
September,City,Moderate,5,o,Shopping,16.02
November,Beach,Hot,3,o,Relaxation,23.07
June,Beach,Hot,2,o,Culture,18.4
October,Hill Station,Moderate,1,o,Adventure,7.51
June,Religious,Moderate,4,o,Adventure,11.94
May,Hill Station,Cold,4,o,Food,14.54
February,Hill Station,Cold,7,o,Adventure,18.18
March,Historical,Hot,1,o,Relaxation,11.45
June,City,Moderate,14,o,Shopping,9.71
October,Wildlife,Hot,3,o,Culture,22.01
December,Hill Station,Cold,7,o,Food,12.3
January,City,Moderate,4,o,Shopping,13.3
January,Beach,Moderate,3,o,Relaxation,21.41
September,Historical,Hot,3,o,Culture,11.3
August,Hill Station,Cold,1,o,Shopping,12.32
August,Religious,Moderate,2,o,Adventure,14.27
April,Hill Station,Cold,14,o,Relaxation,15.63
July,Hill Station,Cold,3,o,Relaxation,13.8
June,Hill Station,Cold,14,o,Adventure,16.46
November,Hill Station,Cold,6,o,Adventure,15.49
February,Wildlife,Hot,2,o,Shopping,13.81
September,Wildlife,Hot,6,o,Relaxation,19.99
June,City,Moderate,10,o,Food,8.15
December,Religious,Moderate,2,o,Relaxation,11.76
June,Historical,Hot,4,o,Adventure,9.31
September,Historical,Hot,7,o,Adventure,10.3
October,Wildlife,Moderate,10,o,Food,19.54
May,Beach,Hot,1,o,Culture,19.53
March,Religious,Moderate,3,o,Food,9.39
January,Religious,Moderate,1,o,Relaxation,19.68
May,Beach,Hot,14,o,Food,20.84
November,Beach,Hot,3,o,Relaxation,24.07
May,Hill Station,Cold,5,o,Adventure,20.38
December,Historical,Hot,3,o,Relaxation,8.04
July,Religious,Moderate,6,o,Adventure,13.31
November,Wildlife,Moderate,3,o,Adventure,16.12
January,Religious,Moderate,4,o,Relaxation,9.79
April,Hill Station,Cold,3,o,Relaxation,16.48
June,Beach,Hot,3,o,Shopping,22.5
June,Religious,Moderate,4,o,Relaxation,7.7
February,Hill Station,Cold,7,o,Food,9.85
May,City,Moderate,7,o,Shopping,13.41
June,Beach,Hot,4,o,Adventure,20.08
June,Historical,Hot,7,o,Shopping,14.11
September,Wildlife,Hot,4,o,Food,15.42
November,Beach,Moderate,3,o,Adventure,25.2
November,Wildlife,Hot,2,o,Shopping,14.07
October,Historical,Hot,1,o,Shopping,9.56
January,Beach,Hot,5,o,Adventure,26.32
October,Beach,Hot,7,o,Adventure,24.1
October,Historical,Hot,2,o,Relaxation,12.38
August,Beach,Hot,1,o,Shopping,17.69
July,Wildlife,Hot,14,o,Culture,17.98
August,City,Moderate,1,o,Shopping,15.93
March,Historical,Hot,2,o,Shopping,12.0
June,Wildlife,Hot,1,o,Culture,16.67
May,City,Moderate,1,o,Culture,11.87
April,Historical,Hot,5,o,Shopping,8.51
October,Wildlife,Hot,7,o,Relaxation,17.42
November,City,Moderate,7,o,Culture,17.96
March,Beach,Moderate,3,o,Relaxation,21.87
February,Historical,Hot,2,o,Shopping,15.04
April,City,Moderate,7,o,Culture,16.64
November,Religious,Moderate,14,o,Culture,11.28
November,Religious,Moderate,3,o,Culture,7.89
December,Hill Station,Cold,10,o,Food,19.77
July,Wildlife,Hot,3,o,Food,15.29
December,Religious,Moderate,2,o,Culture,12.5
April,Religious,Moderate,4,o,Culture,13.26
March,Wildlife,Hot,5,o,Relaxation,14.01
November,Historical,Hot,1,o,Culture,13.56
April,City,Moderate,5,o,Relaxation,15.59
February,Beach,Hot,2,o,Relaxation,20.51
August,Religious,Moderate,7,o,Food,7.92
June,Hill Station,Cold,10,o,Culture,16.68
November,Religious,Moderate,5,o,Food,7.66
July,Historical,Hot,5,o,Shopping,10.11
June,Religious,Moderate,4,o,Relaxation,8.17
August,Historical,Hot,5,o,Food,10.36
September,Historical,Hot,7,o,Food,11.36
May,Hill Station,Cold,3,o,Relaxation,17.51
May,Hill Station,Cold,6,o,Culture,18.42
June,Hill Station,Moderate,5,o,Food,12.49
March,Wildlife,Hot,7,o,Culture,17.6
June,Wildlife,Moderate,7,o,Culture,20.28
March,Historical,Hot,2,o,Shopping,12.41
May,Beach,Hot,3,o,Shopping,25.87
February,Beach,Moderate,5,o,Food,22.72
May,Beach,Hot,1,o,Adventure,19.6
October,Religious,Moderate,4,o,Food,18.48
February,Beach,Hot,5,o,Shopping,19.17
December,City,Moderate,1,o,Relaxation,12.67
November,Historical,Hot,10,o,Relaxation,11.13
January,Beach,Hot,14,o,Adventure,14.1
September,Religious,Moderate,6,o,Shopping,9.24
February,Beach,Hot,6,o,Adventure,17.83
September,Religious,Moderate,5,o,Adventure,9.46
June,City,Moderate,5,o,Relaxation,13.45
September,Religious,Moderate,10,o,Shopping,16.89
January,City,Moderate,2,o,Shopping,11.15
November,Historical,Hot,1,o,Relaxation,8.93
December,Religious,Moderate,3,o,Culture,8.86
August,Beach,Hot,3,o,Shopping,20.46
November,Wildlife,Moderate,6,o,Shopping,18.77
August,Historical,Hot,1,o,Relaxation,14.19
November,Hill Station,Moderate,1,o,Adventure,17.86
August,Religious,Moderate,14,o,Relaxation,14.66
June,Hill Station,Cold,14,o,Culture,13.94
January,Religious,Moderate,3,o,Adventure,11.33
February,Historical,Hot,5,o,Relaxation,15.89
November,Beach,Hot,4,o,Shopping,21.7
October,Hill Station,Cold,5,o,Adventure,17.59
July,Beach,Hot,14,o,Relaxation,15.97
March,Religious,Moderate,1,o,Shopping,9.91
July,Beach,Hot,6,o,Relaxation,22.56
July,City,Moderate,3,o,Food,15.99
November,Religious,Moderate,3,o,Food,11.48
June,Wildlife,Hot,3,o,Relaxation,24.93
June,Religious,Moderate,4,o,Food,12.79
March,Beach,Hot,10,o,Relaxation,26.96
October,Beach,Hot,3,o,Food,21.81
August,Hill Station,Cold,4,o,Culture,17.29
April,City,Moderate,7,o,Relaxation,15.48
June,Historical,Hot,1,o,Food,8.62
January,Historical,Hot,14,o,Adventure,8.72
March,Historical,Hot,7,o,Food,10.98
September,Wildlife,Hot,3,o,Adventure,18.6
February,Beach,Moderate,1,o,Adventure,17.5
July,Historical,Hot,2,o,Relaxation,17.21
November,City,Moderate,14,o,Food,9.78
August,Religious,Moderate,7,o,Adventure,14.91
May,Religious,Moderate,7,o,Food,13.22
August,Historical,Hot,5,o,Culture,15.84
April,Beach,Hot,3,o,Relaxation,24.65
January,Beach,Hot,2,o,Food,20.96
March,Wildlife,Hot,6,o,Culture,16.71
March,Wildlife,Moderate,6,o,Relaxation,16.0
March,Historical,Hot,6,o,Shopping,9.7
July,Beach,Moderate,4,o,Adventure,19.72
February,Religious,Moderate,2,o,Relaxation,11.79
July,Wildlife,Hot,10,o,Culture,16.88
January,City,Moderate,10,o,Relaxation,14.2
September,Religious,Moderate,5,o,Relaxation,11.74
January,Hill Station,Cold,2,o,Relaxation,14.51
July,Beach,Moderate,1,o,Relaxation,17.39
April,Wildlife,Hot,10,o,Shopping,13.57
February,Religious,Moderate,6,o,Shopping,11.26
January,Religious,Moderate,6,o,Shopping,11.7
February,City,Moderate,3,o,Food,10.85
February,Religious,Moderate,7,o,Culture,9.24
February,Religious,Moderate,6,o,Adventure,11.69
January,City,Moderate,2,o,Culture,9.6
April,Wildlife,Hot,6,o,Food,18.05
March,Historical,Hot,1,o,Culture,10.97
January,Historical,Hot,5,o,Relaxation,6.38
November,Beach,Hot,1,o,Relaxation,21.6
March,Hill Station,Cold,2,o,Adventure,12.82
April,Beach,Hot,4,o,Adventure,21.44
July,Religious,Moderate,10,o,Food,8.38
January,Wildlife,Moderate,14,o,Shopping,12.4
March,Historical,Hot,7,o,Adventure,10.64
February,Historical,Hot,3,o,Relaxation,9.46
November,Beach,Moderate,1,o,Shopping,22.65
September,Historical,Hot,14,o,Food,11.66
July,Wildlife,Hot,6,o,Food,17.44
December,Beach,Hot,5,o,Food,24.59
February,Beach,Hot,7,o,Food,17.67
January,City,Moderate,14,o,Relaxation,8.68
April,Religious,Moderate,2,o,Relaxation,13.48
February,Beach,Hot,2,o,Relaxation,20.91
August,City,Moderate,7,o,Culture,11.36
November,City,Moderate,10,o,Food,18.61
December,City,Moderate,1,o,Adventure,13.1
September,Hill Station,Cold,10,o,Shopping,11.49
September,Historical,Hot,7,o,Culture,8.28
October,Historical,Hot,10,o,Culture,12.09
February,Wildlife,Hot,7,o,Culture,17.07
July,Beach,Hot,1,o,Culture,13.58
January,City,Moderate,7,o,Adventure,12.56
December,Beach,Moderate,4,o,Culture,20.19
October,Historical,Hot,7,o,Adventure,10.88
March,City,Moderate,10,o,Food,8.57
November,Historical,Hot,6,o,Adventure,12.77
June,Beach,Hot,4,o,Relaxation,23.87
August,Hill Station,Cold,1,o,Food,17.6
February,Beach,Moderate,3,o,Culture,18.53
July,Wildlife,Moderate,4,o,Shopping,15.15
February,Historical,Hot,6,o,Relaxation,14.17
October,Wildlife,Moderate,14,o,Food,18.35
July,Wildlife,Moderate,6,o,Food,16.52
April,City,Moderate,5,o,Shopping,10.25
December,City,Moderate,4,o,Culture,13.28
May,City,Moderate,2,o,Adventure,8.31
April,Historical,Hot,5,o,Food,12.43
April,City,Moderate,5,o,Culture,15.61
September,Historical,Hot,14,o,Adventure,8.25
January,Beach,Hot,6,o,Relaxation,15.4
October,Wildlife,Hot,10,o,Relaxation,20.41
November,Religious,Moderate,14,o,Food,10.54
April,Religious,Moderate,3,o,Adventure,10.51
August,Hill Station,Cold,3,o,Food,16.32
August,Hill Station,Cold,1,o,Adventure,13.86
September,Historical,Hot,6,o,Culture,8.04
June,Beach,Hot,6,o,Shopping,26.72
January,Historical,Hot,4,o,Relaxation,9.18
May,Hill Station,Cold,7,o,Culture,17.89
March,City,Moderate,4,o,Adventure,12.08
March,Wildlife,Hot,6,o,Adventure,14.82
April,Hill Station,Cold,10,o,Adventure,14.7
September,City,Moderate,7,o,Culture,14.25
June,Beach,Moderate,10,o,Food,23.5
October,Hill Station,Cold,4,o,Adventure,18.25
September,Hill Station,Moderate,5,o,Culture,11.77
July,Beach,Hot,7,o,Culture,11.86
April,Beach,Hot,14,o,Adventure,19.55
April,Wildlife,Moderate,5,o,Adventure,16.1
March,Beach,Hot,3,o,Shopping,18.93
May,Hill Station,Cold,10,o,Relaxation,13.34
July,City,Moderate,4,o,Culture,9.71
May,Religious,Moderate,4,o,Adventure,17.88
July,Religious,Moderate,14,o,Food,16.6
January,Religious,Moderate,1,o,Food,7.51
October,Wildlife,Hot,5,o,Relaxation,21.75
November,Historical,Hot,2,o,Relaxation,18.48
May,Religious,Moderate,2,o,Shopping,5.42
January,Historical,Hot,5,o,Relaxation,10.49
March,Beach,Hot,4,o,Adventure,21.68
March,Wildlife,Moderate,3,o,Adventure,13.74
July,Wildlife,Hot,6,o,Shopping,16.07
December,Beach,Moderate,3,o,Culture,18.61
September,Beach,Moderate,3,o,Relaxation,11.35
March,Wildlife,Hot,1,o,Adventure,11.9
October,Beach,Moderate,2,o,Shopping,19.8
April,Beach,Hot,1,o,Adventure,17.83
July,Beach,Moderate,10,o,Culture,17.37
November,Historical,Hot,7,o,Adventure,12.87
August,Historical,Hot,7,o,Adventure,10.91
October,Beach,Hot,6,o,Food,23.13
March,City,Moderate,5,o,Adventure,12.94
January,Religious,Moderate,2,o,Relaxation,14.06
September,Beach,Hot,5,o,Food,12.89
January,Historical,Hot,4,o,Relaxation,9.73
March,City,Moderate,14,o,Adventure,14.08
October,City,Moderate,1,o,Adventure,12.35
March,Hill Station,Cold,3,o,Relaxation,12.18
January,City,Moderate,10,o,Culture,10.44
November,Religious,Moderate,14,o,Culture,12.69
November,Historical,Hot,10,o,Shopping,13.98
February,City,Moderate,3,o,Shopping,11.66
June,City,Moderate,14,o,Shopping,14.11
November,Beach,Hot,10,o,Relaxation,21.49
September,Religious,Moderate,2,o,Culture,12.61
October,Beach,Hot,1,o,Culture,21.93
July,Wildlife,Moderate,14,o,Shopping,15.29
December,City,Moderate,3,o,Food,11.93
November,Beach,Hot,4,o,Relaxation,14.59
February,Historical,Hot,3,o,Relaxation,15.28
February,Hill Station,Cold,14,o,Adventure,19.17
December,Historical,Hot,6,o,Relaxation,7.96
January,Religious,Moderate,2,o,Food,7.99
May,Historical,Hot,1,o,Shopping,11.01
March,Religious,Moderate,6,o,Food,15.25
March,Hill Station,Moderate,6,o,Culture,17.32
February,Religious,Moderate,3,o,Shopping,11.45
July,Beach,Hot,5,o,Shopping,18.08
August,Beach,Moderate,3,o,Food,26.11
May,Beach,Moderate,3,o,Culture,21.07
March,Beach,Hot,7,o,Shopping,17.68
October,Religious,Moderate,7,o,Culture,9.84
December,Beach,Hot,14,o,Adventure,18.79
May,Beach,Hot,5,o,Culture,20.25
September,Historical,Hot,14,o,Culture,11.77
May,Historical,Hot,10,o,Adventure,10.63
June,Hill Station,Moderate,7,o,Adventure,11.37
October,Wildlife,Hot,6,o,Adventure,17.17
May,Beach,Hot,3,o,Shopping,22.76
March,Historical,Hot,6,o,Relaxation,15.06
March,Historical,Hot,10,o,Culture,10.22
March,Historical,Hot,3,o,Culture,10.15
July,City,Moderate,2,o,Adventure,9.88
February,Historical,Hot,3,o,Food,14.1
November,Wildlife,Hot,6,o,Adventure,19.01
October,Wildlife,Hot,5,o,Relaxation,19.0
July,Hill Station,Moderate,4,o,Culture,16.35
June,Hill Station,Cold,6,o,Food,17.96
July,Religious,Moderate,4,o,Relaxation,8.21
March,Historical,Hot,5,o,Shopping,8.6
July,Religious,Moderate,7,o,Adventure,9.96
October,Hill Station,Cold,14,o,Culture,13.24
April,Hill Station,Cold,4,o,Adventure,17.88
November,Religious,Moderate,14,o,Relaxation,14.38
October,Hill Station,Cold,14,o,Culture,15.38
November,Beach,Hot,2,o,Adventure,22.33
March,Beach,Hot,2,o,Adventure,22.58
November,City,Moderate,2,o,Food,9.76
March,Religious,Moderate,7,o,Food,17.22
August,Wildlife,Moderate,7,o,Food,14.64
October,City,Moderate,2,o,Adventure,16.3
September,Wildlife,Hot,14,o,Culture,19.15
May,Hill Station,Cold,3,o,Culture,17.87
July,Religious,Moderate,3,o,Adventure,10.68
November,Wildlife,Hot,14,o,Shopping,18.21
September,Historical,Hot,6,o,Culture,13.37
May,Religious,Moderate,7,o,Shopping,6.72
October,Religious,Moderate,7,o,Adventure,9.58
May,Religious,Moderate,3,o,Relaxation,14.59
March,Hill Station,Cold,3,o,Shopping,13.97
January,Hill Station,Cold,5,o,Relaxation,13.39
May,Religious,Moderate,3,o,Adventure,14.37
April,Wildlife,Hot,2,o,Food,15.67
October,City,Moderate,2,o,Food,12.13
August,Hill Station,Moderate,3,o,Food,14.16
December,Historical,Hot,14,o,Food,10.53
December,Hill Station,Moderate,4,o,Food,15.42
April,Hill Station,Moderate,7,o,Adventure,14.86
December,Historical,Hot,3,o,Adventure,10.7
January,Religious,Moderate,6,o,Adventure,16.42
June,Beach,Hot,4,o,Food,19.57
February,Wildlife,Hot,1,o,Relaxation,16.5
March,City,Moderate,5,o,Culture,15.92
December,Beach,Hot,1,o,Food,21.87
October,City,Moderate,3,o,Shopping,9.49
August,Religious,Moderate,7,o,Adventure,8.84
August,Wildlife,Hot,7,o,Relaxation,23.27
September,Beach,Hot,4,o,Relaxation,22.47
April,Wildlife,Hot,10,o,Relaxation,16.96
June,Historical,Hot,2,o,Food,10.97
July,Religious,Moderate,10,o,Relaxation,9.2
September,Hill Station,Cold,5,o,Shopping,9.11
April,Hill Station,Cold,3,o,Adventure,19.72
April,Religious,Moderate,3,o,Relaxation,9.27
March,Hill Station,Cold,10,o,Culture,13.46
August,Religious,Moderate,6,o,Food,13.05
August,Religious,Moderate,10,o,Shopping,15.17
July,Historical,Hot,6,o,Adventure,17.36
November,Wildlife,Moderate,14,o,Adventure,11.06
April,Wildlife,Moderate,2,o,Culture,16.56
October,Wildlife,Moderate,10,o,Shopping,17.94
September,Historical,Hot,2,o,Shopping,9.97
September,City,Moderate,4,o,Food,14.19
November,Wildlife,Hot,10,o,Culture,17.42
December,Beach,Hot,7,o,Relaxation,26.3
September,Historical,Hot,7,o,Shopping,7.84
February,Beach,Moderate,3,o,Food,22.72
May,City,Moderate,14,o,Relaxation,13.22
June,Wildlife,Moderate,4,o,Culture,16.23
November,Wildlife,Hot,1,o,Shopping,12.99
October,Historical,Hot,1,o,Relaxation,10.45
March,Historical,Hot,7,o,Shopping,11.62
August,Historical,Hot,7,o,Adventure,13.32
January,Historical,Hot,14,o,Food,15.8
November,Wildlife,Moderate,10,o,Culture,22.1
October,City,Moderate,5,o,Food,12.89
September,Historical,Hot,4,o,Adventure,11.99
July,Wildlife,Moderate,10,o,Adventure,21.7
September,Beach,Moderate,6,o,Shopping,17.09
September,Beach,Hot,14,o,Food,25.18
October,Hill Station,Moderate,14,o,Culture,13.0
June,Hill Station,Cold,1,o,Culture,13.43
July,Wildlife,Moderate,1,o,Food,14.36
January,City,Moderate,3,o,Adventure,13.89
January,Historical,Hot,7,o,Shopping,8.13
October,Historical,Hot,1,o,Food,14.77
September,Hill Station,Cold,5,o,Culture,13.9
January,City,Moderate,14,o,Relaxation,14.51
June,Wildlife,Hot,10,o,Adventure,18.08
October,City,Moderate,10,o,Food,13.25
June,City,Moderate,7,o,Food,17.45
August,Beach,Hot,6,o,Relaxation,16.9
April,Hill Station,Cold,1,o,Adventure,15.13
November,Religious,Moderate,7,o,Shopping,12.6
January,Hill Station,Cold,6,o,Relaxation,16.09
September,Historical,Hot,5,o,Adventure,9.96
September,Wildlife,Hot,5,o,Shopping,18.48
January,Historical,Hot,14,o,Food,11.59
September,Historical,Hot,10,o,Adventure,11.3
January,Beach,Hot,2,o,Adventure,21.64
June,Religious,Moderate,2,o,Shopping,14.91
May,Hill Station,Cold,5,o,Culture,15.41
October,City,Moderate,1,o,Food,14.72
November,Historical,Hot,6,o,Culture,9.42
March,Historical,Hot,5,o,Culture,7.75
March,Hill Station,Moderate,2,o,Relaxation,9.99
October,City,Moderate,7,o,Food,11.11
July,Historical,Hot,3,o,Culture,5.0
October,Beach,Hot,1,o,Adventure,18.53
November,City,Moderate,5,o,Relaxation,12.55
August,Historical,Hot,5,o,Culture,10.11
September,Historical,Hot,5,o,Culture,17.49
October,Religious,Moderate,4,o,Culture,12.55
March,Wildlife,Hot,2,o,Culture,15.5
January,Beach,Hot,10,o,Culture,22.87
June,Hill Station,Cold,6,o,Culture,10.81
December,Beach,Hot,1,o,Relaxation,18.68
March,Hill Station,Moderate,3,o,Shopping,13.21
April,Hill Station,Cold,3,o,Shopping,17.71
March,Religious,Moderate,7,o,Shopping,10.02
June,City,Moderate,14,o,Food,8.1
June,City,Moderate,3,o,Food,9.88
November,Beach,Hot,6,o,Relaxation,15.48
July,Beach,Hot,2,o,Adventure,16.99
June,Wildlife,Moderate,2,o,Shopping,14.91
June,Historical,Hot,1,o,Adventure,12.37
May,Wildlife,Moderate,2,o,Culture,18.97
May,City,Moderate,5,o,Shopping,12.58
November,Historical,Hot,4,o,Culture,16.54
August,City,Moderate,14,o,Culture,9.61
August,Religious,Moderate,2,o,Adventure,9.31
August,City,Moderate,4,o,Food,11.89
April,City,Moderate,1,o,Food,12.54
September,City,Moderate,14,o,Shopping,11.96
February,Hill Station,Cold,14,o,Relaxation,16.59
February,Beach,Hot,4,o,Adventure,18.01
January,Beach,Hot,14,o,Shopping,20.39
February,Historical,Hot,6,o,Food,5.0
August,Beach,Hot,4,o,Food,16.59
July,Hill Station,Moderate,3,o,Food,11.9
March,City,Moderate,2,o,Culture,12.27
June,Historical,Hot,4,o,Shopping,12.88
September,City,Moderate,1,o,Shopping,15.08
July,Hill Station,Cold,10,o,Culture,8.92
July,Beach,Hot,10,o,Culture,22.11
December,Hill Station,Cold,7,o,Shopping,22.5
February,Beach,Hot,5,o,Food,21.21
March,Beach,Hot,5,o,Shopping,23.96
June,Historical,Hot,1,o,Culture,17.46
February,Wildlife,Hot,1,o,Adventure,18.29
April,Wildlife,Hot,1,o,Shopping,18.42
March,Wildlife,Hot,2,o,Culture,14.66
October,Religious,Moderate,7,o,Food,10.8
March,Religious,Moderate,5,o,Culture,9.93
September,Historical,Hot,5,o,Food,15.68
June,Wildlife,Moderate,10,o,Food,13.37
June,Beach,Hot,6,o,Shopping,23.2
December,Wildlife,Moderate,2,o,Food,16.23
March,Wildlife,Hot,2,o,Relaxation,20.81
October,Historical,Hot,2,o,Food,13.47
September,Beach,Hot,4,o,Food,21.7
August,Religious,Moderate,1,o,Adventure,8.91
June,City,Moderate,2,o,Culture,16.92
August,City,Moderate,3,o,Shopping,8.26
February,Wildlife,Hot,2,o,Food,14.72
April,Beach,Hot,14,o,Adventure,19.08
September,Wildlife,Hot,2,o,Shopping,22.08
August,Hill Station,Cold,14,o,Food,15.43
October,Hill Station,Cold,1,o,Culture,13.96
August,Hill Station,Cold,10,o,Adventure,14.78
June,Wildlife,Hot,3,o,Culture,15.89
October,Wildlife,Hot,4,o,Shopping,19.42
November,Beach,Moderate,6,o,Adventure,18.98
December,Religious,Moderate,1,o,Shopping,10.88
March,Religious,Moderate,7,o,Relaxation,11.06
October,Hill Station,Moderate,4,o,Adventure,12.59
April,Wildlife,Hot,14,o,Adventure,18.74
March,Beach,Hot,6,o,Culture,21.38
December,City,Moderate,7,o,Relaxation,12.33
June,Hill Station,Moderate,14,o,Food,15.2
May,Hill Station,Moderate,6,o,Adventure,17.64
April,Hill Station,Cold,10,o,Culture,11.96
June,Beach,Hot,14,o,Adventure,18.41
July,Historical,Hot,3,o,Shopping,10.52
December,Historical,Hot,6,o,Relaxation,9.29
April,Wildlife,Hot,4,o,Food,11.6
January,City,Moderate,1,o,Food,7.75
June,Religious,Moderate,7,o,Food,10.47
August,Hill Station,Cold,4,o,Culture,10.34
July,Hill Station,Cold,4,o,Shopping,19.7
March,Wildlife,Hot,6,o,Food,18.85
July,City,Moderate,5,o,Adventure,14.28
January,Beach,Hot,3,o,Food,21.19
August,Wildlife,Moderate,3,o,Shopping,14.76
September,Historical,Hot,7,o,Relaxation,9.85
January,Religious,Moderate,6,o,Shopping,10.71
September,Beach,Moderate,2,o,Relaxation,19.68
February,Historical,Hot,7,o,Culture,15.34
October,Hill Station,Moderate,10,o,Adventure,18.65
September,City,Moderate,5,o,Culture,14.44
June,Historical,Hot,2,o,Adventure,16.26
September,Hill Station,Cold,1,o,Food,13.98
January,Beach,Moderate,5,o,Relaxation,11.03
April,Beach,Hot,7,o,Shopping,16.73
November,Beach,Moderate,5,o,Culture,16.12
February,Religious,Moderate,14,o,Shopping,11.66
June,Wildlife,Hot,4,o,Food,23.43
January,Hill Station,Moderate,7,o,Food,13.59
December,Historical,Hot,1,o,Culture,7.86
September,Wildlife,Moderate,14,o,Relaxation,17.66
June,City,Moderate,6,o,Culture,13.76
September,Hill Station,Cold,10,o,Culture,9.62
August,Beach,Hot,5,o,Adventure,19.14
September,Beach,Hot,14,o,Shopping,20.74
May,Hill Station,Cold,1,o,Shopping,19.78
October,Beach,Hot,14,o,Relaxation,20.31
August,Wildlife,Hot,4,o,Food,14.36
November,Wildlife,Moderate,6,o,Shopping,17.81
April,Wildlife,Hot,7,o,Relaxation,21.41
January,City,Moderate,5,o,Shopping,11.13
October,Hill Station,Cold,1,o,Adventure,11.58
April,Wildlife,Moderate,14,o,Culture,15.84
March,Religious,Moderate,14,o,Adventure,5.7
June,Beach,Hot,5,o,Relaxation,25.22
February,Beach,Hot,3,o,Culture,22.74
January,Beach,Hot,6,o,Food,21.27
January,Historical,Hot,5,o,Relaxation,13.34
January,City,Moderate,10,o,Adventure,12.98
October,Religious,Moderate,4,o,Adventure,13.91
April,Beach,Hot,14,o,Culture,14.9
October,Religious,Moderate,10,o,Adventure,8.64
November,Religious,Moderate,3,o,Adventure,11.61
August,Beach,Moderate,1,o,Food,22.75
December,Wildlife,Hot,7,o,Relaxation,19.06
March,City,Moderate,3,o,Relaxation,9.32
May,City,Moderate,3,o,Shopping,19.59
May,Beach,Moderate,4,o,Adventure,20.0
February,Beach,Moderate,14,o,Adventure,21.8
April,Wildlife,Hot,5,o,Adventure,10.31
December,Historical,Hot,7,o,Adventure,17.64
January,Beach,Hot,3,o,Shopping,12.86
December,Wildlife,Hot,3,o,Shopping,17.58
January,Hill Station,Moderate,6,o,Adventure,13.04
December,Beach,Hot,3,o,Shopping,13.85
July,Hill Station,Cold,14,o,Relaxation,16.12
June,Wildlife,Hot,10,o,Adventure,21.37
January,Historical,Hot,2,o,Adventure,12.7
June,Historical,Hot,1,o,Relaxation,8.59
October,Hill Station,Cold,10,o,Relaxation,13.82
November,Hill Station,Cold,10,o,Adventure,12.71
February,Beach,Moderate,4,o,Adventure,17.72
January,Wildlife,Moderate,14,o,Food,15.82
August,Historical,Hot,3,o,Shopping,9.99
May,Beach,Moderate,6,o,Adventure,20.41
February,Religious,Moderate,10,o,Shopping,9.81
February,Hill Station,Cold,10,o,Food,14.88
May,Hill Station,Cold,4,o,Culture,12.44
April,Historical,Hot,5,o,Relaxation,9.99
June,City,Moderate,3,o,Relaxation,10.07
March,Hill Station,Cold,6,o,Adventure,20.4
May,Beach,Hot,2,o,Food,23.32
May,Beach,Hot,5,o,Food,20.6
March,Religious,Moderate,7,o,Shopping,12.98
November,Wildlife,Moderate,3,o,Relaxation,20.25
February,Historical,Hot,4,o,Culture,10.36
February,Beach,Moderate,10,o,Shopping,25.45
January,Wildlife,Moderate,3,o,Food,13.19
October,City,Moderate,14,o,Culture,17.61
January,City,Moderate,3,o,Shopping,12.67
November,Hill Station,Moderate,2,o,Food,15.9
July,City,Moderate,14,o,Relaxation,12.17
September,Historical,Hot,7,o,Food,13.45
July,City,Moderate,14,o,Food,11.78
April,Religious,Moderate,10,o,Relaxation,6.23
September,Historical,Hot,14,o,Adventure,6.38
May,City,Moderate,1,o,Shopping,13.55
November,Wildlife,Moderate,14,o,Shopping,14.84
January,Hill Station,Cold,10,o,Food,12.23
July,City,Moderate,5,o,Adventure,13.32
October,Hill Station,Moderate,14,o,Shopping,14.72
December,Beach,Hot,3,o,Food,23.95
May,Beach,Moderate,14,o,Relaxation,23.85
August,City,Moderate,1,o,Culture,15.81
April,Wildlife,Moderate,14,o,Adventure,19.33
July,Historical,Hot,3,o,Culture,7.28
February,Beach,Hot,3,o,Relaxation,20.24
January,Beach,Moderate,6,o,Relaxation,19.71
April,City,Moderate,1,o,Relaxation,9.67
September,Hill Station,Moderate,14,o,Adventure,15.05
December,Historical,Hot,7,o,Culture,12.43
February,Historical,Hot,1,o,Food,10.45
May,Hill Station,Cold,2,o,Adventure,12.22
October,Historical,Hot,2,o,Adventure,8.66
March,Historical,Hot,10,o,Relaxation,9.1
November,Beach,Moderate,14,o,Food,21.42
January,Wildlife,Moderate,7,o,Food,14.89
September,Hill Station,Cold,2,o,Culture,14.29
May,Wildlife,Moderate,7,o,Shopping,18.4
January,Beach,Hot,14,o,Adventure,22.99
July,City,Moderate,2,o,Relaxation,16.38
February,Hill Station,Cold,2,o,Shopping,14.76
February,Wildlife,Hot,14,o,Culture,19.4
June,Religious,Moderate,14,o,Culture,5.0
January,Beach,Hot,4,o,Relaxation,15.8
February,Religious,Moderate,6,o,Adventure,14.65
May,Beach,Hot,7,o,Relaxation,12.82
June,Historical,Hot,7,o,Shopping,16.39
October,Wildlife,Hot,5,o,Culture,16.13
March,Historical,Hot,1,o,Shopping,14.19
March,Hill Station,Cold,5,o,Food,15.72
December,Religious,Moderate,14,o,Relaxation,15.3
November,Hill Station,Cold,4,o,Relaxation,15.85
May,Wildlife,Moderate,1,o,Food,20.15
January,Beach,Hot,14,o,Relaxation,19.76
May,City,Moderate,6,o,Shopping,16.1
June,Beach,Hot,4,o,Relaxation,21.78
April,Historical,Hot,6,o,Relaxation,13.0
May,Historical,Hot,2,o,Adventure,5.0
March,Beach,Moderate,14,o,Food,15.85
September,Religious,Moderate,2,o,Adventure,6.32
November,Religious,Moderate,3,o,Adventure,11.76
October,Religious,Moderate,1,o,Culture,8.89
January,City,Moderate,1,o,Adventure,7.85
January,Historical,Hot,5,o,Relaxation,7.26
January,Historical,Hot,2,o,Adventure,10.59
March,Beach,Hot,10,o,Food,20.58
December,Hill Station,Moderate,3,o,Adventure,13.86
December,Beach,Moderate,7,o,Food,21.14
March,Hill Station,Cold,1,o,Adventure,14.88
December,Religious,Moderate,6,o,Food,14.11
July,Hill Station,Cold,6,o,Shopping,9.87
July,Beach,Hot,1,o,Culture,18.82
August,City,Moderate,7,o,Relaxation,8.46
January,Beach,Hot,2,o,Shopping,17.61
April,Wildlife,Hot,1,o,Culture,17.61
December,City,Moderate,5,o,Relaxation,11.51
April,Historical,Hot,6,o,Culture,10.54
August,Wildlife,Moderate,7,o,Adventure,13.92
June,Wildlife,Moderate,2,o,Relaxation,18.24
November,Religious,Moderate,3,o,Shopping,11.86
September,Historical,Hot,7,o,Adventure,11.41
December,Historical,Hot,7,o,Culture,7.48
February,Beach,Hot,10,o,Culture,21.04
May,Historical,Hot,5,o,Food,13.48
November,Historical,Hot,3,o,Adventure,18.19
June,Wildlife,Hot,1,o,Relaxation,17.47
September,Hill Station,Cold,5,o,Adventure,17.46
March,Wildlife,Hot,3,o,Culture,16.41
April,Beach,Hot,5,o,Culture,13.63
December,Hill Station,Cold,7,o,Shopping,16.24
March,Wildlife,Hot,2,o,Adventure,21.95
October,City,Moderate,6,o,Culture,11.11
October,Beach,Moderate,3,o,Culture,19.5
May,Hill Station,Cold,2,o,Culture,11.43
August,Hill Station,Cold,4,o,Food,17.19
March,Wildlife,Hot,10,o,Food,13.1
April,Beach,Hot,5,o,Shopping,19.25
May,Beach,Moderate,14,o,Food,18.89
September,Wildlife,Hot,14,o,Adventure,17.03
January,City,Moderate,7,o,Food,8.99
June,Historical,Hot,2,o,Adventure,7.43
February,Hill Station,Moderate,3,o,Relaxation,17.14
November,City,Moderate,5,o,Relaxation,15.93
January,Hill Station,Cold,2,o,Relaxation,11.6
May,Religious,Moderate,14,o,Adventure,6.14
August,Historical,Hot,3,o,Relaxation,9.91
January,Hill Station,Moderate,4,o,Adventure,14.4
February,Beach,Hot,10,o,Relaxation,24.2
February,Wildlife,Hot,5,o,Adventure,16.15
May,Hill Station,Cold,10,o,Relaxation,18.69
December,Hill Station,Cold,10,o,Adventure,7.95
August,Religious,Moderate,14,o,Food,16.02
November,Historical,Hot,7,o,Adventure,9.41
January,Beach,Hot,14,o,Food,19.62
November,City,Moderate,5,o,Food,11.14
June,Religious,Moderate,6,o,Food,9.24
April,Hill Station,Cold,10,o,Adventure,16.32
September,City,Moderate,3,o,Culture,8.7
August,Religious,Moderate,3,o,Adventure,8.49
December,Wildlife,Hot,1,o,Food,10.68
October,Historical,Hot,1,o,Shopping,10.59
February,Religious,Moderate,7,o,Shopping,9.79
September,Hill Station,Moderate,14,o,Adventure,9.11
March,Hill Station,Cold,4,o,Relaxation,10.56
August,Religious,Moderate,10,o,Culture,19.94
June,Hill Station,Cold,4,o,Shopping,14.67
September,Hill Station,Moderate,2,o,Shopping,13.34
September,Hill Station,Moderate,1,o,Culture,12.84
August,Religious,Moderate,14,o,Culture,6.51
November,Hill Station,Cold,5,o,Relaxation,14.96
March,Religious,Moderate,4,o,Relaxation,8.41
February,Historical,Hot,7,o,Relaxation,10.73
October,Wildlife,Hot,7,o,Shopping,13.54
May,Wildlife,Moderate,7,o,Shopping,17.33
July,Religious,Moderate,10,o,Adventure,9.55
July,Religious,Moderate,2,o,Adventure,12.38
February,Beach,Hot,6,o,Relaxation,22.78
May,Hill Station,Cold,3,o,Shopping,9.69
August,Historical,Hot,1,o,Adventure,11.76
January,Beach,Hot,14,o,Culture,19.64
April,City,Moderate,2,o,Culture,18.61
March,Wildlife,Moderate,5,o,Food,14.45
February,Wildlife,Moderate,4,o,Food,24.32
February,Hill Station,Moderate,7,o,Culture,16.31
June,Wildlife,Hot,4,o,Adventure,24.59
June,Hill Station,Moderate,2,o,Adventure,12.02
December,Historical,Hot,14,o,Culture,10.46
December,Historical,Hot,4,o,Shopping,14.86
May,Beach,Hot,14,o,Relaxation,20.1
June,Hill Station,Moderate,1,o,Adventure,9.82
July,Hill Station,Cold,5,o,Shopping,15.45
October,Beach,Moderate,7,o,Food,19.12
April,Hill Station,Cold,14,o,Shopping,12.52
March,City,Moderate,14,o,Adventure,18.54
June,Hill Station,Moderate,2,o,Shopping,15.27
June,Beach,Hot,10,o,Food,23.63
June,Wildlife,Hot,5,o,Culture,11.05
November,Beach,Hot,10,o,Adventure,19.86
January,Beach,Hot,3,o,Shopping,22.97
December,City,Moderate,6,o,Shopping,12.09
August,City,Moderate,3,o,Shopping,11.0
August,Hill Station,Cold,2,o,Adventure,19.67
January,Hill Station,Cold,14,o,Relaxation,12.5
July,Historical,Hot,5,o,Culture,10.34
November,Religious,Moderate,4,o,Food,8.42
February,Historical,Hot,10,o,Relaxation,14.54
September,City,Moderate,1,o,Relaxation,6.41
February,Beach,Moderate,5,o,Culture,17.35
November,Wildlife,Moderate,3,o,Shopping,22.08
October,Historical,Hot,3,o,Relaxation,16.64
November,City,Moderate,14,o,Shopping,8.2
March,Historical,Hot,14,o,Shopping,6.28
August,Wildlife,Moderate,7,o,Adventure,20.03
January,Historical,Hot,10,o,Relaxation,22.59
March,Religious,Moderate,10,o,Relaxation,7.27
April,Hill Station,Cold,14,o,Culture,16.35
December,Historical,Hot,3,o,Shopping,10.77
September,City,Moderate,7,o,Relaxation,14.62
January,Religious,Moderate,7,o,Food,7.77
September,Religious,Moderate,14,o,Culture,9.08
January,Historical,Hot,6,o,Relaxation,10.8
January,City,Moderate,6,o,Culture,12.98
April,Hill Station,Cold,7,o,Shopping,17.84
October,Religious,Moderate,10,o,Culture,11.17
June,Historical,Hot,4,o,Adventure,13.27
August,Religious,Moderate,1,o,Shopping,9.6
October,Religious,Moderate,10,o,Food,9.9
May,Historical,Hot,3,o,Culture,12.86
December,Historical,Hot,1,o,Food,8.51
March,Beach,Hot,10,o,Relaxation,18.93
August,Beach,Hot,4,o,Relaxation,13.67
March,Beach,Moderate,3,o,Relaxation,24.02
February,Historical,Hot,10,o,Adventure,14.2
October,City,Moderate,2,o,Shopping,10.83
March,Historical,Hot,1,o,Shopping,9.3
September,City,Moderate,6,o,Food,11.78
September,Hill Station,Moderate,7,o,Culture,18.21
June,Wildlife,Hot,3,o,Adventure,13.14
January,Hill Station,Cold,4,o,Food,20.25
January,Wildlife,Moderate,3,o,Relaxation,16.91
September,Religious,Moderate,1,o,Food,13.14
November,Hill Station,Cold,7,o,Relaxation,15.91
January,City,Moderate,7,o,Adventure,14.3
August,Wildlife,Hot,10,o,Adventure,14.85
July,Hill Station,Cold,4,o,Adventure,15.06
November,Historical,Hot,1,o,Culture,8.61
April,Hill Station,Cold,4,o,Food,19.77
March,Beach,Hot,5,o,Shopping,19.58
April,City,Moderate,2,o,Food,13.74
May,Historical,Hot,10,o,Food,11.97
January,Historical,Hot,14,o,Food,14.64
June,Beach,Hot,5,o,Shopping,21.44
October,Hill Station,Moderate,14,o,Culture,13.71
April,City,Moderate,4,o,Food,9.1
August,Beach,Moderate,3,o,Relaxation,23.88
October,Wildlife,Hot,2,o,Relaxation,13.15
November,Historical,Hot,1,o,Culture,6.62
March,City,Moderate,7,o,Adventure,16.25
July,Religious,Moderate,6,o,Shopping,5.48
September,Beach,Hot,5,o,Relaxation,22.69
August,City,Moderate,5,o,Food,16.03
August,Wildlife,Moderate,1,o,Adventure,13.01
January,Wildlife,Moderate,7,o,Culture,14.52
July,Religious,Moderate,1,o,Culture,7.25
January,Beach,Hot,2,o,Food,20.28
January,Wildlife,Hot,3,o,Food,22.42
May,Beach,Hot,4,o,Culture,28.0
May,Wildlife,Hot,14,o,Culture,17.29
April,Wildlife,Moderate,3,o,Food,20.35
April,Beach,Hot,4,o,Relaxation,20.7
April,Beach,Moderate,6,o,Relaxation,20.59
June,Hill Station,Cold,6,o,Relaxation,16.61
October,City,Moderate,4,o,Adventure,11.56
December,City,Moderate,1,o,Culture,12.91
September,Beach,Hot,14,o,Food,16.8
October,Wildlife,Moderate,4,o,Relaxation,16.85
May,Beach,Hot,4,o,Relaxation,25.74
July,Historical,Hot,3,o,Food,15.49
October,Hill Station,Cold,14,o,Culture,15.9
March,Religious,Moderate,5,o,Adventure,11.79
October,City,Moderate,1,o,Relaxation,10.85
July,Historical,Hot,6,o,Food,17.13
February,Wildlife,Hot,3,o,Adventure,13.05
April,Beach,Moderate,2,o,Shopping,23.93
October,Historical,Hot,6,o,Culture,13.17
January,City,Moderate,7,o,Adventure,10.49
October,Beach,Hot,4,o,Adventure,19.17
February,Historical,Hot,3,o,Food,9.98
February,Beach,Hot,4,o,Shopping,21.23
April,Hill Station,Cold,7,o,Culture,10.86
August,Beach,Hot,6,o,Culture,22.99
July,Beach,Hot,2,o,Culture,18.27
July,Beach,Hot,2,o,Food,16.79
January,Historical,Hot,3,o,Adventure,15.37
March,Religious,Moderate,5,o,Culture,10.15
December,Hill Station,Moderate,2,o,Relaxation,13.5
June,Hill Station,Moderate,6,o,Relaxation,14.16
May,Hill Station,Cold,4,o,Adventure,14.99
October,Religious,Moderate,2,o,Adventure,13.36
September,City,Moderate,10,o,Adventure,7.67
May,Historical,Hot,10,o,Relaxation,14.14
December,Wildlife,Hot,5,o,Culture,16.3
September,Beach,Hot,14,o,Adventure,24.82
December,Beach,Hot,14,o,Culture,24.06
May,Hill Station,Cold,14,o,Adventure,15.87
July,Historical,Hot,10,o,Adventure,12.1
April,Religious,Moderate,4,o,Food,13.62
October,Beach,Moderate,14,o,Food,22.2
June,Historical,Hot,1,o,Adventure,18.73
December,Beach,Moderate,14,o,Shopping,11.82
May,Religious,Moderate,1,o,Shopping,17.15
June,Wildlife,Hot,14,o,Food,12.12
March,Wildlife,Moderate,6,o,Food,20.41
March,Religious,Moderate,7,o,Shopping,12.2
May,Beach,Hot,7,o,Food,24.86
March,Historical,Hot,6,o,Food,16.9
December,City,Moderate,6,o,Culture,12.83
September,Hill Station,Cold,3,o,Relaxation,15.76
January,Beach,Hot,2,o,Culture,23.14
December,Wildlife,Hot,7,o,Culture,21.81
March,Beach,Hot,14,o,Shopping,19.27
May,Historical,Hot,3,o,Food,14.59
March,Religious,Moderate,3,o,Adventure,9.83
May,Beach,Hot,3,o,Adventure,14.22
October,Wildlife,Hot,7,o,Adventure,16.4
January,Historical,Hot,3,o,Shopping,13.31
May,Historical,Hot,6,o,Adventure,13.06
April,Hill Station,Moderate,3,o,Shopping,16.37
November,Hill Station,Cold,1,o,Culture,10.11
February,Hill Station,Moderate,1,o,Food,16.67
April,Religious,Moderate,4,o,Food,11.04
October,City,Moderate,3,o,Food,12.72
August,Beach,Hot,2,o,Culture,23.36
January,Hill Station,Moderate,1,o,Shopping,10.89
March,Historical,Hot,10,o,Food,15.15
July,Historical,Hot,5,o,Culture,12.97
January,Historical,Hot,10,o,Shopping,12.43
May,Historical,Hot,4,o,Shopping,6.82
January,Religious,Moderate,6,o,Adventure,10.19
April,Beach,Hot,5,o,Relaxation,19.92
July,Historical,Hot,3,o,Shopping,14.95
April,Beach,Hot,7,o,Relaxation,25.19
May,Hill Station,Cold,5,o,Food,10.34
May,Religious,Moderate,3,o,Shopping,13.0
June,Beach,Hot,5,o,Shopping,24.82
August,City,Moderate,3,o,Relaxation,6.76
September,Historical,Hot,6,o,Shopping,15.62
July,Historical,Hot,4,o,Adventure,9.19
October,City,Moderate,1,o,Relaxation,8.88
August,City,Moderate,6,o,Adventure,16.54
September,City,Moderate,10,o,Food,15.2
October,Hill Station,Cold,4,o,Shopping,18.76
January,Beach,Hot,3,o,Relaxation,21.68
May,City,Moderate,5,o,Shopping,12.53
March,City,Moderate,4,o,Shopping,14.03
June,City,Moderate,4,o,Shopping,16.73
May,Wildlife,Moderate,10,o,Food,15.21
June,Wildlife,Hot,5,o,Relaxation,13.68
July,Wildlife,Moderate,3,o,Relaxation,13.21
December,Historical,Hot,10,o,Culture,12.17
July,Beach,Moderate,5,o,Food,20.16
October,Hill Station,Moderate,6,o,Adventure,17.6
August,Beach,Hot,5,o,Culture,15.62
December,Beach,Hot,5,o,Shopping,23.57
October,Beach,Hot,1,o,Food,28.13
September,Hill Station,Cold,2,o,Shopping,14.81
May,City,Moderate,10,o,Adventure,10.9
May,Religious,Moderate,4,o,Adventure,10.33
April,Historical,Hot,10,o,Culture,8.23
February,Hill Station,Moderate,14,o,Shopping,17.64
May,Historical,Hot,7,o,Shopping,6.2
April,Historical,Hot,7,o,Shopping,11.55
November,Wildlife,Hot,5,o,Culture,20.29
June,Religious,Moderate,14,o,Food,5.0
March,Religious,Moderate,10,o,Adventure,5.39
February,Historical,Hot,1,o,Food,9.25
January,Wildlife,Hot,10,o,Culture,20.18
May,Religious,Moderate,4,o,Adventure,9.7
January,City,Moderate,6,o,Shopping,18.26
August,Hill Station,Cold,5,o,Relaxation,13.9
January,Historical,Hot,7,o,Relaxation,13.42
January,Historical,Hot,7,o,Relaxation,14.09
March,Historical,Hot,3,o,Food,10.61
July,Religious,Moderate,10,o,Shopping,9.87
October,Wildlife,Moderate,1,o,Adventure,15.57
November,Wildlife,Moderate,14,o,Food,16.87
September,Historical,Hot,6,o,Relaxation,13.74
August,Religious,Moderate,4,o,Shopping,11.27
May,Wildlife,Hot,3,o,Relaxation,17.58
January,Religious,Moderate,6,o,Shopping,14.93
November,Religious,Moderate,5,o,Adventure,10.78
February,Wildlife,Hot,10,o,Relaxation,16.45
July,Hill Station,Moderate,2,o,Food,13.83
January,Wildlife,Moderate,7,o,Shopping,18.55
January,Historical,Hot,2,o,Relaxation,13.23
November,Historical,Hot,1,o,Food,13.58
October,Historical,Hot,3,o,Food,12.3
September,Wildlife,Hot,3,o,Food,9.56
March,Historical,Hot,7,o,Food,12.1
April,Religious,Moderate,10,o,Relaxation,5.96
September,Hill Station,Cold,7,o,Adventure,13.59
July,City,Moderate,5,o,Relaxation,17.59
December,Beach,Hot,14,o,Relaxation,24.1
November,Religious,Moderate,4,o,Adventure,8.79
December,City,Moderate,1,o,Food,15.06
October,Hill Station,Moderate,7,o,Culture,17.22
October,Historical,Hot,3,o,Shopping,10.19
August,Hill Station,Cold,4,o,Food,11.7
October,Hill Station,Cold,14,o,Culture,12.67
September,Beach,Hot,14,o,Relaxation,23.48
January,Religious,Moderate,3,o,Relaxation,11.82
December,Religious,Moderate,14,o,Shopping,10.83
September,Hill Station,Cold,1,o,Shopping,11.43
November,Historical,Hot,4,o,Culture,17.97
November,Religious,Moderate,14,o,Culture,10.93
July,Wildlife,Hot,5,o,Adventure,14.66
February,Wildlife,Hot,6,o,Food,15.83
January,Hill Station,Cold,2,o,Shopping,17.06
March,Historical,Hot,7,o,Food,11.49
August,Religious,Moderate,1,o,Adventure,12.81
November,Beach,Hot,14,o,Food,18.08
March,Hill Station,Moderate,7,o,Shopping,18.18
July,Beach,Hot,14,o,Food,17.72
September,Beach,Moderate,6,o,Culture,18.66
March,Hill Station,Cold,14,o,Shopping,15.6
March,Wildlife,Hot,10,o,Food,17.3
February,Religious,Moderate,7,o,Adventure,5.0
October,Wildlife,Moderate,2,o,Shopping,23.36
March,Religious,Moderate,10,o,Adventure,18.28
January,Historical,Hot,14,o,Relaxation,10.28
April,Hill Station,Moderate,2,o,Adventure,14.75
July,Historical,Hot,4,o,Relaxation,14.97
May,Religious,Moderate,4,o,Culture,13.24
November,City,Moderate,5,o,Relaxation,13.89
February,City,Moderate,3,o,Adventure,14.35
May,Hill Station,Cold,3,o,Relaxation,14.69
July,Religious,Moderate,1,o,Relaxation,15.72
April,Wildlife,Hot,10,o,Relaxation,19.28
March,City,Moderate,14,o,Adventure,15.44
December,City,Moderate,1,o,Shopping,10.47
January,Beach,Hot,3,o,Shopping,22.63
June,City,Moderate,3,o,Shopping,10.8
June,Religious,Moderate,6,o,Adventure,16.94
September,Beach,Hot,2,o,Culture,21.93
May,Religious,Moderate,1,o,Culture,18.1
September,Beach,Hot,14,o,Culture,18.87
December,Beach,Hot,10,o,Culture,20.04
June,Historical,Hot,5,o,Food,13.69
March,Religious,Moderate,4,o,Shopping,9.23
January,Beach,Hot,7,o,Shopping,24.67
October,Historical,Hot,14,o,Food,7.13
February,Historical,Hot,3,o,Food,7.02
August,City,Moderate,3,o,Food,19.08
March,Beach,Hot,14,o,Culture,26.18
July,Historical,Hot,3,o,Relaxation,11.96
July,Hill Station,Cold,2,o,Shopping,11.64
April,Historical,Hot,6,o,Relaxation,16.92
December,Historical,Hot,14,o,Food,15.24
September,Beach,Hot,10,o,Culture,20.74
August,Historical,Hot,3,o,Shopping,14.18
May,City,Moderate,2,o,Adventure,11.12
March,Beach,Moderate,1,o,Food,23.86
April,Wildlife,Hot,2,o,Food,16.23
September,City,Moderate,4,o,Food,13.83
March,Wildlife,Moderate,7,o,Relaxation,14.01
February,Hill Station,Moderate,5,o,Adventure,12.2
July,City,Moderate,3,o,Shopping,10.44
December,Wildlife,Moderate,4,o,Culture,15.07
February,Hill Station,Moderate,4,o,Food,14.65
April,City,Moderate,14,o,Adventure,13.05
March,Wildlife,Hot,14,o,Culture,14.2
October,Historical,Hot,14,o,Adventure,11.33
May,Historical,Hot,3,o,Shopping,15.57
January,Religious,Moderate,6,o,Culture,14.11
September,Wildlife,Hot,3,o,Adventure,19.16
January,Beach,Moderate,10,o,Relaxation,25.46
February,Historical,Hot,5,o,Food,18.32
October,Wildlife,Hot,14,o,Relaxation,13.37
September,Hill Station,Moderate,3,o,Shopping,15.01
November,Hill Station,Cold,6,o,Shopping,12.56
October,Beach,Hot,7,o,Shopping,22.5
July,Historical,Hot,6,o,Food,12.51
January,Historical,Hot,5,o,Culture,11.03
May,Beach,Hot,2,o,Shopping,19.8
April,Religious,Moderate,2,o,Culture,13.62
November,Religious,Moderate,6,o,Shopping,11.24
January,Historical,Hot,10,o,Adventure,12.55
November,Historical,Hot,3,o,Relaxation,9.5
January,Hill Station,Cold,4,o,Culture,16.44
November,Historical,Hot,3,o,Food,11.16
October,Hill Station,Moderate,2,o,Culture,17.71
August,Wildlife,Moderate,4,o,Food,16.32
April,Beach,Hot,5,o,Adventure,16.84
May,Religious,Moderate,5,o,Culture,10.8
October,Historical,Hot,1,o,Food,11.75
January,City,Moderate,10,o,Shopping,15.31
April,Religious,Moderate,6,o,Relaxation,8.68
July,Hill Station,Cold,6,o,Shopping,19.1
November,Hill Station,Cold,1,o,Shopping,20.9
August,Religious,Moderate,4,o,Adventure,10.88
October,Religious,Moderate,6,o,Food,14.75
July,Hill Station,Cold,4,o,Culture,11.83
February,City,Moderate,14,o,Food,12.79
June,City,Moderate,14,o,Culture,18.68
June,Religious,Moderate,10,o,Adventure,10.93
July,City,Moderate,6,o,Food,15.59
January,Beach,Hot,10,o,Shopping,18.12
May,Historical,Hot,1,o,Adventure,9.07
December,Wildlife,Moderate,5,o,Adventure,13.02
September,City,Moderate,5,o,Adventure,15.11
December,Hill Station,Cold,14,o,Food,12.85
September,Beach,Hot,1,o,Adventure,23.36
July,Religious,Moderate,7,o,Food,12.49
September,Beach,Hot,6,o,Relaxation,18.21
November,Wildlife,Hot,1,o,Culture,22.94
September,Religious,Moderate,1,o,Food,11.22
March,Beach,Hot,6,o,Culture,16.85
December,Hill Station,Cold,7,o,Culture,12.08
December,Religious,Moderate,4,o,Relaxation,7.98
April,City,Moderate,1,o,Relaxation,9.65
May,Beach,Hot,1,o,Culture,16.65
August,Wildlife,Hot,1,o,Shopping,21.62
October,Wildlife,Moderate,3,o,Adventure,18.07
December,Hill Station,Cold,2,o,Food,9.57
February,Wildlife,Moderate,2,o,Relaxation,18.91
July,Beach,Hot,2,o,Shopping,19.65
May,Hill Station,Cold,14,o,Food,16.42
March,City,Moderate,7,o,Culture,15.12
February,Beach,Hot,7,o,Adventure,18.91
November,Hill Station,Cold,3,o,Shopping,18.65
April,Beach,Hot,10,o,Culture,25.35
August,Religious,Moderate,5,o,Shopping,17.82
August,City,Moderate,1,o,Culture,14.86
February,Wildlife,Hot,10,o,Relaxation,17.27
December,Hill Station,Moderate,2,o,Shopping,14.19
October,Wildlife,Hot,5,o,Relaxation,15.61
July,Historical,Hot,3,o,Shopping,12.05
June,Historical,Hot,7,o,Relaxation,15.63
January,Hill Station,Moderate,3,o,Relaxation,13.76
December,Religious,Moderate,14,o,Adventure,9.2
June,City,Moderate,10,o,Relaxation,10.77
April,Wildlife,Moderate,7,o,Adventure,18.54
June,Wildlife,Moderate,1,o,Adventure,20.97
July,Historical,Hot,7,o,Adventure,9.14
June,Beach,Hot,1,o,Adventure,17.25
May,Beach,Moderate,1,o,Shopping,20.38
April,Wildlife,Moderate,1,o,Adventure,20.93
January,Wildlife,Moderate,4,o,Relaxation,19.59
June,Religious,Moderate,3,o,Relaxation,11.81
March,Hill Station,Cold,4,o,Culture,17.68
August,Historical,Hot,6,o,Food,9.72
November,Beach,Hot,3,o,Food,21.99
October,Historical,Hot,14,o,Adventure,13.79
August,Historical,Hot,6,o,Relaxation,14.83
May,Historical,Hot,5,o,Culture,10.99
June,Religious,Moderate,5,o,Adventure,15.57
June,Religious,Moderate,4,o,Culture,8.64
September,Wildlife,Moderate,1,o,Adventure,21.5
October,Religious,Moderate,7,o,Food,11.63
April,City,Moderate,5,o,Food,13.17
July,City,Moderate,3,o,Shopping,11.82
February,Beach,Hot,10,o,Relaxation,14.27
June,Wildlife,Hot,7,o,Adventure,18.39
July,Historical,Hot,2,o,Relaxation,13.83
September,Historical,Hot,7,o,Culture,13.72
May,Hill Station,Cold,10,o,Adventure,16.19
July,Religious,Moderate,1,o,Shopping,13.54
February,Beach,Hot,6,o,Culture,18.97
February,Wildlife,Moderate,6,o,Adventure,18.59
August,Beach,Hot,4,o,Adventure,21.37
August,Religious,Moderate,2,o,Shopping,12.32
June,City,Moderate,14,o,Adventure,15.5
March,Historical,Hot,3,o,Culture,15.85
April,City,Moderate,4,o,Adventure,13.23
August,Wildlife,Hot,5,o,Culture,15.14
December,Hill Station,Cold,6,o,Culture,12.36
December,Beach,Hot,10,o,Culture,21.7
December,Wildlife,Hot,10,o,Culture,18.79
November,Hill Station,Moderate,14,o,Food,17.45
December,Historical,Hot,7,o,Culture,8.82
June,Wildlife,Hot,7,o,Shopping,15.87
June,Hill Station,Cold,10,o,Relaxation,17.1
September,City,Moderate,1,o,Shopping,15.02
March,City,Moderate,4,o,Adventure,7.85
December,Religious,Moderate,2,o,Shopping,12.89
January,Wildlife,Hot,2,o,Relaxation,10.27
January,Wildlife,Hot,6,o,Relaxation,16.17
April,Historical,Hot,4,o,Relaxation,6.88
November,Beach,Hot,3,o,Relaxation,22.35
May,Beach,Hot,1,o,Culture,17.27
April,Beach,Hot,3,o,Culture,19.94
October,Historical,Hot,3,o,Shopping,11.26
August,City,Moderate,4,o,Shopping,11.72
December,Wildlife,Hot,14,o,Relaxation,16.97
March,City,Moderate,4,o,Adventure,14.54
October,Religious,Moderate,2,o,Adventure,5.7
July,City,Moderate,4,o,Adventure,10.4
May,Beach,Hot,5,o,Food,18.45
August,Beach,Hot,2,o,Culture,15.78
January,Wildlife,Hot,10,o,Food,17.49
June,City,Moderate,5,o,Adventure,14.38
July,Religious,Moderate,1,o,Relaxation,8.23
October,Historical,Hot,2,o,Shopping,10.65
January,Beach,Hot,1,o,Adventure,20.88
April,Religious,Moderate,4,o,Culture,11.48
July,Religious,Moderate,3,o,Relaxation,8.91
August,Beach,Hot,10,o,Shopping,25.29
July,Beach,Moderate,14,o,Adventure,28.38
July,Religious,Moderate,5,o,Shopping,17.63
August,Religious,Moderate,1,o,Adventure,14.92
April,Beach,Hot,7,o,Adventure,22.33
June,Hill Station,Cold,3,o,Food,13.55
November,Wildlife,Hot,5,o,Relaxation,15.63
December,Hill Station,Moderate,5,o,Shopping,16.43
August,Religious,Moderate,5,o,Relaxation,7.93
June,Hill Station,Cold,14,o,Shopping,11.83
July,Beach,Hot,3,o,Shopping,17.54
March,City,Moderate,1,o,Shopping,14.61
April,Hill Station,Cold,14,o,Shopping,13.15
May,Religious,Moderate,7,o,Shopping,6.96
October,Religious,Moderate,10,o,Culture,9.18
August,City,Moderate,4,o,Food,12.9
December,Hill Station,Moderate,10,o,Food,12.1
February,Religious,Moderate,5,o,Food,14.54
October,Wildlife,Moderate,6,o,Adventure,23.33
October,City,Moderate,4,o,Culture,10.42
May,Beach,Hot,4,o,Shopping,21.02
October,Beach,Hot,5,o,Relaxation,19.12
February,Historical,Hot,3,o,Relaxation,14.84
June,Religious,Moderate,5,o,Adventure,10.08
May,Wildlife,Hot,1,o,Relaxation,20.87
November,Hill Station,Cold,10,o,Relaxation,11.67
April,Historical,Hot,14,o,Relaxation,11.71
May,Religious,Moderate,3,o,Shopping,16.19
July,Religious,Moderate,10,o,Culture,5.0
September,Religious,Moderate,14,o,Adventure,11.59
April,Wildlife,Hot,10,o,Relaxation,19.11
June,Wildlife,Moderate,14,o,Adventure,18.05
September,City,Moderate,1,o,Shopping,11.32
December,Historical,Hot,5,o,Relaxation,11.06
May,Wildlife,Moderate,10,o,Shopping,19.48
January,Religious,Moderate,6,o,Shopping,6.46
October,Wildlife,Hot,5,o,Shopping,17.75
November,Wildlife,Moderate,14,o,Relaxation,19.43
August,Beach,Hot,3,o,Food,19.21
January,Beach,Hot,14,o,Adventure,17.68
February,Hill Station,Cold,7,o,Shopping,11.82
February,Historical,Hot,7,o,Adventure,10.5
December,City,Moderate,10,o,Culture,11.45
June,Religious,Moderate,10,o,Culture,17.37
June,Religious,Moderate,6,o,Culture,5.0
March,Historical,Hot,5,o,Adventure,11.46
January,Historical,Hot,1,o,Culture,17.18
August,Hill Station,Cold,6,o,Food,15.37
March,Wildlife,Hot,5,o,Food,15.0
February,Religious,Moderate,7,o,Culture,5.0
June,Historical,Hot,2,o,Culture,12.62
May,Beach,Hot,5,o,Culture,17.67
January,Hill Station,Cold,3,o,Culture,20.23
July,Beach,Hot,14,o,Food,27.21
April,Historical,Hot,6,o,Food,14.77
August,Historical,Hot,1,o,Adventure,16.44
January,Beach,Hot,5,o,Relaxation,25.35
September,City,Moderate,7,o,Relaxation,12.26
December,Hill Station,Cold,6,o,Adventure,10.13
October,Religious,Moderate,14,o,Food,8.14
May,Beach,Hot,2,o,Food,20.53
January,Beach,Hot,7,o,Food,21.35
August,Religious,Moderate,10,o,Food,13.93
May,Wildlife,Moderate,6,o,Relaxation,16.7
April,Beach,Moderate,6,o,Adventure,19.44
January,Historical,Hot,5,o,Food,13.77
April,City,Moderate,6,o,Shopping,12.19
September,Historical,Hot,1,o,Culture,15.43
November,Wildlife,Hot,4,o,Shopping,20.78
June,Wildlife,Moderate,14,o,Adventure,18.85
January,Hill Station,Cold,3,o,Shopping,13.41
March,Religious,Moderate,1,o,Culture,7.77
September,Beach,Hot,3,o,Culture,13.85
January,City,Moderate,10,o,Food,11.85
January,Beach,Hot,4,o,Relaxation,21.83
August,Hill Station,Cold,5,o,Shopping,14.88
June,Wildlife,Hot,6,o,Shopping,19.38
September,Hill Station,Cold,7,o,Adventure,19.05
December,Religious,Moderate,3,o,Food,16.79
September,Beach,Hot,3,o,Food,20.14
July,Wildlife,Hot,14,o,Food,17.63
July,City,Moderate,3,o,Food,11.6
July,Beach,Hot,1,o,Relaxation,15.42
July,Religious,Moderate,5,o,Food,7.54
August,Beach,Hot,5,o,Shopping,19.97
August,Wildlife,Hot,4,o,Adventure,19.97
July,Religious,Moderate,3,o,Shopping,8.4
June,Wildlife,Moderate,2,o,Adventure,16.36
September,Wildlife,Moderate,14,o,Shopping,12.4
July,Beach,Hot,6,o,Relaxation,16.61
October,City,Moderate,14,o,Shopping,10.83
March,Wildlife,Hot,4,o,Shopping,14.31
April,Beach,Hot,10,o,Relaxation,18.46
September,Hill Station,Cold,1,o,Food,16.47
August,Beach,Hot,1,o,Relaxation,20.15
May,Hill Station,Cold,14,o,Culture,19.41
November,Religious,Moderate,14,o,Adventure,9.08
October,City,Moderate,6,o,Shopping,17.45
November,Religious,Moderate,10,o,Adventure,8.8
June,Historical,Hot,4,o,Culture,7.8
September,Wildlife,Hot,1,o,Food,13.36
September,Historical,Hot,2,o,Shopping,9.79
August,City,Moderate,1,o,Culture,12.23
September,Wildlife,Hot,7,o,Culture,16.84
April,Beach,Hot,14,o,Food,20.37
April,City,Moderate,14,o,Shopping,11.89
November,Hill Station,Moderate,10,o,Adventure,14.92
April,Historical,Hot,7,o,Relaxation,16.09
February,Religious,Moderate,1,o,Relaxation,12.99
September,Religious,Moderate,14,o,Adventure,8.53
November,Hill Station,Cold,14,o,Food,16.11
September,Wildlife,Moderate,3,o,Adventure,16.3
July,Hill Station,Moderate,7,o,Adventure,16.26
January,Religious,Moderate,10,o,Adventure,13.42
August,Wildlife,Hot,3,o,Relaxation,14.46
September,Wildlife,Hot,4,o,Shopping,18.82
November,Beach,Hot,7,o,Food,24.34
August,Religious,Moderate,1,o,Food,9.02
July,Beach,Hot,10,o,Adventure,22.85
October,City,Moderate,7,o,Food,7.92
June,Wildlife,Hot,6,o,Relaxation,16.61
August,Religious,Moderate,10,o,Adventure,9.47
November,Beach,Hot,4,o,Relaxation,18.08
June,Hill Station,Cold,1,o,Culture,15.95
November,Religious,Moderate,1,o,Shopping,8.31
September,City,Moderate,10,o,Adventure,11.09
May,Wildlife,Hot,5,o,Food,16.87
June,City,Moderate,14,o,Culture,11.98
February,Wildlife,Moderate,5,o,Adventure,17.71
January,Hill Station,Cold,2,o,Shopping,5.0
January,Beach,Hot,4,o,Culture,24.52
June,Historical,Hot,7,o,Adventure,8.76
October,Wildlife,Hot,10,o,Adventure,24.32
January,Historical,Hot,3,o,Food,14.5
June,Beach,Hot,7,o,Culture,17.59
July,Wildlife,Moderate,10,o,Culture,15.49
April,Wildlife,Moderate,7,o,Adventure,25.17
January,Religious,Moderate,2,o,Culture,13.53
October,Historical,Hot,6,o,Relaxation,15.31
September,Historical,Hot,4,o,Shopping,13.48
August,Hill Station,Cold,6,o,Food,12.42
December,Historical,Hot,3,o,Food,9.34
February,Religious,Moderate,14,o,Relaxation,13.14
March,Historical,Hot,2,o,Adventure,9.09
November,City,Moderate,3,o,Culture,12.3
May,Beach,Hot,2,o,Relaxation,24.43
September,Historical,Hot,6,o,Adventure,8.71
April,Religious,Moderate,7,o,Food,9.92
April,Historical,Hot,5,o,Shopping,16.31
December,City,Moderate,5,o,Shopping,7.51
June,Historical,Hot,6,o,Adventure,5.79
November,Wildlife,Hot,10,o,Adventure,17.27
February,City,Moderate,10,o,Shopping,13.66
March,Hill Station,Cold,3,o,Adventure,18.89
October,Hill Station,Cold,14,o,Shopping,12.38
April,Hill Station,Moderate,5,o,Adventure,10.47
December,City,Moderate,1,o,Shopping,12.81
April,Religious,Moderate,10,o,Food,12.45
December,Historical,Hot,3,o,Adventure,15.25
July,Wildlife,Hot,5,o,Food,16.0
January,Religious,Moderate,3,o,Relaxation,6.43
October,Historical,Hot,7,o,Adventure,12.88
September,Religious,Moderate,4,o,Adventure,11.66
August,Historical,Hot,2,o,Shopping,17.02
July,Wildlife,Hot,7,o,Shopping,14.98
June,Hill Station,Moderate,7,o,Relaxation,16.99
January,Beach,Moderate,3,o,Relaxation,16.91
May,Beach,Hot,14,o,Relaxation,18.55
December,Hill Station,Cold,10,o,Relaxation,17.25
August,Historical,Hot,6,o,Shopping,5.96
August,Wildlife,Moderate,10,o,Adventure,15.74
March,Wildlife,Moderate,5,o,Culture,18.88
May,City,Moderate,5,o,Adventure,12.36
April,Hill Station,Cold,6,o,Relaxation,5.0
July,Hill Station,Cold,6,o,Culture,16.6
July,Historical,Hot,1,o,Relaxation,9.58
August,Hill Station,Moderate,3,o,Relaxation,20.39
October,Historical,Hot,6,o,Adventure,11.05
November,Religious,Moderate,6,o,Food,9.08
August,City,Moderate,10,o,Relaxation,14.25
May,Historical,Hot,1,o,Adventure,10.32
June,Hill Station,Cold,1,o,Food,13.42
February,Beach,Hot,4,o,Culture,19.39
September,City,Moderate,7,o,Culture,17.96
September,Historical,Hot,14,o,Relaxation,14.11
August,Beach,Hot,4,o,Culture,22.43
June,Beach,Hot,5,o,Culture,16.61
November,Historical,Hot,10,o,Culture,14.66
June,City,Moderate,2,o,Relaxation,16.04
August,Hill Station,Cold,14,o,Food,16.96
June,Wildlife,Moderate,4,o,Food,16.41
May,Hill Station,Cold,1,o,Adventure,16.64
April,Wildlife,Hot,10,o,Culture,14.81
February,Historical,Hot,14,o,Shopping,14.11
June,Beach,Hot,14,o,Food,21.0
December,Hill Station,Moderate,14,o,Adventure,11.0
May,Historical,Hot,4,o,Adventure,13.73
February,Wildlife,Hot,2,o,Culture,13.31
August,City,Moderate,14,o,Shopping,10.86
January,Historical,Hot,10,o,Adventure,15.54
August,Wildlife,Moderate,2,o,Food,21.09
June,Hill Station,Cold,7,o,Food,13.91
August,City,Moderate,1,o,Culture,13.5
July,Historical,Hot,4,o,Relaxation,12.04
May,Beach,Hot,3,o,Culture,15.36
July,Religious,Moderate,1,o,Adventure,14.97
January,Hill Station,Cold,3,o,Relaxation,16.12
November,Wildlife,Hot,6,o,Culture,17.5
March,Religious,Moderate,3,o,Culture,10.31
May,City,Moderate,3,o,Adventure,13.45
August,Hill Station,Cold,1,o,Shopping,13.79
May,Hill Station,Cold,6,o,Adventure,15.01
February,Religious,Moderate,7,o,Adventure,9.97
December,Historical,Hot,14,o,Relaxation,12.04
March,Beach,Hot,5,o,Relaxation,28.13
April,Hill Station,Moderate,3,o,Culture,16.56
June,Beach,Hot,7,o,Adventure,22.13
November,Beach,Hot,1,o,Adventure,19.58
May,Hill Station,Cold,14,o,Relaxation,16.16
October,City,Moderate,2,o,Relaxation,10.57
June,Beach,Hot,3,o,Relaxation,22.04
April,Wildlife,Hot,3,o,Adventure,19.48
July,Beach,Moderate,5,o,Culture,17.0
May,City,Moderate,3,o,Relaxation,13.26
May,Wildlife,Hot,10,o,Culture,19.43
May,Historical,Hot,14,o,Relaxation,9.83
May,Historical,Hot,3,o,Relaxation,12.16
June,Religious,Moderate,4,o,Food,11.38
November,Historical,Hot,4,o,Shopping,9.13
October,City,Moderate,10,o,Relaxation,19.95
February,Beach,Hot,6,o,Shopping,23.9
July,Religious,Moderate,6,o,Shopping,6.8
August,City,Moderate,7,o,Culture,15.42
November,Beach,Hot,14,o,Relaxation,23.4
May,Hill Station,Cold,2,o,Shopping,14.64
April,City,Moderate,4,o,Culture,17.38
May,Historical,Hot,10,o,Relaxation,16.62
December,City,Moderate,6,o,Shopping,13.62
April,Religious,Moderate,14,o,Culture,8.07
November,Wildlife,Hot,14,o,Relaxation,22.22
May,City,Moderate,4,o,Relaxation,12.13
October,Religious,Moderate,3,o,Shopping,12.33
August,City,Moderate,2,o,Culture,15.45
April,Beach,Moderate,14,o,Shopping,21.81
April,Beach,Moderate,5,o,Culture,23.12
December,Historical,Hot,7,o,Food,8.94
February,Beach,Hot,7,o,Shopping,23.32
October,Religious,Moderate,10,o,Culture,10.11
October,Wildlife,Moderate,14,o,Food,17.32
February,Religious,Moderate,6,o,Shopping,18.82
July,Beach,Hot,14,o,Adventure,23.22
February,Religious,Moderate,1,o,Shopping,11.66
April,Beach,Hot,10,o,Shopping,20.34
August,Beach,Hot,3,o,Adventure,17.62
September,Hill Station,Cold,7,o,Culture,15.22
March,Historical,Hot,7,o,Food,15.58
April,Religious,Moderate,2,o,Food,6.98
July,Beach,Moderate,4,o,Culture,19.04
July,Wildlife,Moderate,3,o,Shopping,17.43
December,City,Moderate,3,o,Relaxation,7.5
July,Historical,Hot,4,o,Culture,9.5
March,Beach,Hot,5,o,Shopping,17.96
October,Hill Station,Cold,5,o,Shopping,14.52
March,Wildlife,Hot,7,o,Adventure,15.33
October,Religious,Moderate,10,o,Culture,5.0
November,Hill Station,Cold,1,o,Shopping,19.48
June,Historical,Hot,4,o,Relaxation,13.73
February,Wildlife,Moderate,7,o,Adventure,16.47
October,Hill Station,Cold,1,o,Culture,15.35
October,Hill Station,Cold,5,o,Relaxation,15.45
April,Religious,Moderate,4,o,Adventure,14.15
April,Beach,Hot,10,o,Culture,17.04
November,Religious,Moderate,4,o,Shopping,12.8
February,Religious,Moderate,5,o,Food,13.56
December,Hill Station,Moderate,1,o,Adventure,15.88
October,Hill Station,Cold,4,o,Shopping,13.39
September,Hill Station,Moderate,2,o,Culture,11.95
May,Hill Station,Cold,2,o,Adventure,13.9
November,Hill Station,Moderate,3,o,Culture,18.26
September,Hill Station,Cold,7,o,Food,13.98
September,Historical,Hot,1,o,Shopping,13.93
October,Religious,Moderate,1,o,Food,10.19
February,Beach,Hot,4,o,Relaxation,17.0
September,City,Moderate,5,o,Culture,19.58
June,Beach,Moderate,4,o,Relaxation,19.17
December,Hill Station,Cold,10,o,Adventure,13.91
October,Wildlife,Hot,2,o,Shopping,18.97
February,Beach,Hot,6,o,Adventure,18.81
August,Historical,Hot,2,o,Adventure,13.94
October,Beach,Hot,5,o,Adventure,26.93
August,Hill Station,Cold,1,o,Culture,14.34
February,Beach,Hot,2,o,Culture,19.04
June,Beach,Hot,3,o,Culture,19.8
April,Historical,Hot,7,o,Food,9.05
July,Historical,Hot,5,o,Shopping,14.35
February,Historical,Hot,4,o,Food,13.11
November,Wildlife,Hot,10,o,Adventure,14.0
February,City,Moderate,5,o,Shopping,10.43
February,Beach,Hot,6,o,Relaxation,20.26
December,City,Moderate,4,o,Adventure,7.73
June,Hill Station,Cold,1,o,Relaxation,21.16
July,Historical,Hot,2,o,Relaxation,12.44
June,Historical,Hot,3,o,Culture,7.75
December,City,Moderate,5,o,Shopping,11.07
November,Hill Station,Cold,6,o,Relaxation,18.82
December,City,Moderate,10,o,Adventure,10.62
September,Wildlife,Hot,6,o,Food,13.53
May,Historical,Hot,14,o,Food,14.18
January,Wildlife,Hot,6,o,Adventure,15.19
August,Hill Station,Cold,6,o,Shopping,23.14
June,Religious,Moderate,6,o,Relaxation,19.47
March,Wildlife,Hot,10,o,Relaxation,15.94
March,Religious,Moderate,7,o,Shopping,11.89
July,Historical,Hot,6,o,Culture,10.61
January,Hill Station,Cold,10,o,Shopping,11.04
May,Hill Station,Cold,5,o,Adventure,14.28
July,Hill Station,Moderate,14,o,Adventure,15.42
May,Religious,Moderate,1,o,Relaxation,12.43
January,Religious,Moderate,1,o,Adventure,14.51
September,Religious,Moderate,1,o,Shopping,6.03
August,Religious,Moderate,3,o,Adventure,12.75
August,Wildlife,Hot,7,o,Adventure,16.2
December,Beach,Hot,2,o,Food,16.42
March,Hill Station,Cold,4,o,Relaxation,11.96
March,Beach,Moderate,14,o,Relaxation,14.19
September,Beach,Hot,5,o,Adventure,18.35
September,Historical,Hot,4,o,Relaxation,11.44
January,City,Moderate,5,o,Adventure,13.48
May,Hill Station,Moderate,10,o,Food,10.98
June,Wildlife,Moderate,2,o,Relaxation,15.54
June,Religious,Moderate,1,o,Relaxation,8.0
August,City,Moderate,3,o,Culture,11.45
July,Beach,Hot,5,o,Adventure,23.34
September,Hill Station,Cold,1,o,Shopping,14.79
April,Wildlife,Hot,1,o,Food,19.32
January,Beach,Moderate,5,o,Adventure,22.35
April,Hill Station,Moderate,5,o,Culture,14.36
September,Hill Station,Cold,2,o,Relaxation,16.63
August,Religious,Moderate,14,o,Culture,9.89
December,Historical,Hot,3,o,Culture,11.28
February,Wildlife,Moderate,14,o,Relaxation,14.93
July,Religious,Moderate,4,o,Adventure,12.4
November,City,Moderate,1,o,Food,16.93
September,Religious,Moderate,2,o,Shopping,14.51
April,Religious,Moderate,10,o,Adventure,7.23
October,City,Moderate,1,o,Shopping,16.87
June,City,Moderate,6,o,Food,12.05
October,Historical,Hot,5,o,Food,13.8
May,Religious,Moderate,3,o,Food,8.28
October,Wildlife,Hot,7,o,Shopping,17.43
June,Wildlife,Moderate,3,o,Culture,17.94
July,Wildlife,Hot,2,o,Adventure,12.55
June,Religious,Moderate,7,o,Shopping,7.0
August,Historical,Hot,5,o,Relaxation,13.78
February,City,Moderate,7,o,Adventure,15.73
July,City,Moderate,2,o,Shopping,12.73
February,Beach,Hot,5,o,Food,13.34
June,Wildlife,Hot,4,o,Relaxation,24.26
May,Religious,Moderate,4,o,Food,11.45
October,Historical,Hot,3,o,Food,16.6
May,Religious,Moderate,5,o,Culture,7.62
June,Historical,Hot,1,o,Relaxation,9.44
April,Wildlife,Moderate,3,o,Relaxation,12.67
May,City,Moderate,14,o,Relaxation,14.33
February,Hill Station,Cold,10,o,Culture,18.94
February,Religious,Moderate,6,o,Culture,14.35
October,City,Moderate,2,o,Shopping,13.07
August,City,Moderate,5,o,Culture,17.96
March,Wildlife,Hot,10,o,Shopping,12.75
March,Wildlife,Hot,5,o,Adventure,19.93
January,Beach,Hot,4,o,Shopping,19.19
October,Beach,Hot,6,o,Relaxation,15.83
March,Religious,Moderate,4,o,Culture,11.18
March,Hill Station,Cold,14,o,Food,15.97
May,Historical,Hot,1,o,Adventure,11.88
March,Beach,Hot,2,o,Shopping,26.48
August,Historical,Hot,5,o,Adventure,16.51
January,Beach,Hot,5,o,Relaxation,22.35
September,Hill Station,Moderate,3,o,Shopping,12.87
October,Hill Station,Cold,3,o,Relaxation,12.91
April,Historical,Hot,10,o,Food,15.09
March,Hill Station,Moderate,6,o,Relaxation,13.86
April,Hill Station,Cold,3,o,Adventure,19.79
September,Wildlife,Moderate,6,o,Culture,18.93
January,Hill Station,Cold,7,o,Relaxation,15.24
October,Hill Station,Moderate,4,o,Adventure,15.96
June,Religious,Moderate,4,o,Relaxation,14.79
October,Historical,Hot,1,o,Adventure,8.97
March,Hill Station,Cold,6,o,Adventure,15.26
March,Historical,Hot,3,o,Shopping,6.85
December,City,Moderate,10,o,Culture,10.21
October,Hill Station,Cold,5,o,Culture,13.49
October,Hill Station,Cold,3,o,Food,14.78
June,Beach,Hot,4,o,Culture,25.67
July,Beach,Hot,10,o,Adventure,20.71
June,Historical,Hot,7,o,Culture,9.48
April,City,Moderate,10,o,Culture,13.66
May,Hill Station,Cold,6,o,Food,13.94
November,Beach,Hot,10,o,Adventure,20.97
December,Historical,Hot,7,o,Shopping,13.74
March,City,Moderate,10,o,Culture,16.63
March,Religious,Moderate,1,o,Adventure,10.93
February,Wildlife,Hot,6,o,Food,18.83
November,Historical,Hot,2,o,Shopping,8.04
March,Religious,Moderate,4,o,Relaxation,9.33
August,Hill Station,Cold,14,o,Shopping,14.86
July,Religious,Moderate,10,o,Adventure,11.98
June,Religious,Moderate,4,o,Relaxation,8.49
November,Beach,Hot,10,o,Relaxation,18.55
March,Hill Station,Cold,2,o,Food,15.17
December,Beach,Moderate,5,o,Food,24.93
April,Religious,Moderate,10,o,Shopping,6.96
March,Hill Station,Moderate,5,o,Culture,15.31
January,Beach,Moderate,4,o,Adventure,24.49
October,Historical,Hot,14,o,Relaxation,14.67
December,Wildlife,Moderate,2,o,Relaxation,16.25
July,Beach,Hot,6,o,Culture,15.68
October,Wildlife,Moderate,4,o,Shopping,15.68
December,Beach,Moderate,5,o,Food,20.59
April,Hill Station,Cold,10,o,Food,18.7
February,Historical,Hot,6,o,Food,5.0
February,Beach,Moderate,2,o,Adventure,18.3
June,City,Moderate,3,o,Shopping,12.34
May,Religious,Moderate,3,o,Shopping,7.98
June,Historical,Hot,2,o,Relaxation,11.92
May,Beach,Hot,6,o,Relaxation,13.52
August,City,Moderate,6,o,Relaxation,9.57
July,Religious,Moderate,10,o,Culture,11.18
August,Historical,Hot,14,o,Food,7.12
March,City,Moderate,5,o,Relaxation,13.25
February,Wildlife,Moderate,1,o,Culture,22.78
June,City,Moderate,1,o,Relaxation,9.69
July,Historical,Hot,6,o,Food,14.74
March,Historical,Hot,1,o,Adventure,15.48
July,Historical,Hot,10,o,Shopping,5.0
December,Beach,Hot,1,o,Culture,18.15
April,Wildlife,Hot,5,o,Food,20.59
February,Religious,Moderate,3,o,Relaxation,10.95
July,Wildlife,Hot,6,o,Culture,16.39
April,Hill Station,Cold,5,o,Relaxation,14.45
December,Historical,Hot,1,o,Food,11.22
December,City,Moderate,10,o,Shopping,14.11
September,Beach,Moderate,5,o,Adventure,22.86
January,Religious,Moderate,4,o,Shopping,13.37
May,Beach,Hot,10,o,Adventure,20.38
April,Wildlife,Moderate,10,o,Relaxation,12.26
October,Religious,Moderate,5,o,Adventure,7.76
August,City,Moderate,7,o,Shopping,9.47
July,Religious,Moderate,4,o,Adventure,9.73
September,Historical,Hot,7,o,Relaxation,10.53
February,Beach,Hot,3,o,Adventure,20.68
December,Beach,Hot,14,o,Adventure,20.18
July,City,Moderate,5,o,Relaxation,13.55
April,Wildlife,Hot,7,o,Relaxation,14.03
September,Historical,Hot,3,o,Adventure,13.65
December,Religious,Moderate,2,o,Shopping,14.82
January,Religious,Moderate,6,o,Shopping,12.3
May,Religious,Moderate,7,o,Food,5.24
September,Wildlife,Moderate,6,o,Adventure,20.49
December,Historical,Hot,1,o,Food,14.78
May,Hill Station,Moderate,6,o,Relaxation,20.43
January,Hill Station,Moderate,1,o,Culture,16.2
May,Hill Station,Cold,7,o,Culture,15.27
September,Hill Station,Cold,1,o,Culture,9.85
September,Wildlife,Hot,14,o,Relaxation,21.26
May,Wildlife,Hot,2,o,Culture,16.63
May,Hill Station,Moderate,4,o,Adventure,17.92
July,Hill Station,Cold,14,o,Shopping,13.52
June,City,Moderate,4,o,Relaxation,8.62
September,Wildlife,Hot,4,o,Culture,17.71
June,Historical,Hot,6,o,Shopping,8.57
January,Wildlife,Hot,1,o,Relaxation,14.33
June,Hill Station,Cold,7,o,Food,16.98
August,City,Moderate,10,o,Adventure,12.56
February,Wildlife,Moderate,1,o,Adventure,17.13
July,Beach,Moderate,14,o,Adventure,27.91
December,Religious,Moderate,2,o,Shopping,11.75
June,Historical,Hot,14,o,Adventure,10.29
July,Historical,Hot,2,o,Food,15.45
August,Hill Station,Moderate,6,o,Shopping,18.67
March,Wildlife,Hot,7,o,Relaxation,16.89
December,Hill Station,Cold,6,o,Adventure,13.25
April,Hill Station,Cold,6,o,Food,8.5
November,Beach,Hot,14,o,Culture,17.27
June,Hill Station,Moderate,10,o,Shopping,21.97
June,Religious,Moderate,4,o,Food,9.89
October,City,Moderate,14,o,Relaxation,11.65
July,Beach,Hot,7,o,Relaxation,23.19
August,Religious,Moderate,10,o,Adventure,5.73
November,City,Moderate,6,o,Adventure,9.19
July,Wildlife,Hot,14,o,Shopping,16.48
April,Historical,Hot,1,o,Adventure,9.19
March,Beach,Hot,10,o,Relaxation,16.96
July,Beach,Hot,14,o,Shopping,21.02
June,Religious,Moderate,2,o,Culture,10.45
March,Religious,Moderate,6,o,Adventure,17.07
July,Beach,Moderate,2,o,Culture,19.0
August,Beach,Hot,4,o,Food,22.66
December,Hill Station,Moderate,1,o,Relaxation,17.64
September,Religious,Moderate,3,o,Relaxation,8.16
August,Historical,Hot,2,o,Shopping,11.45
June,Hill Station,Moderate,3,o,Relaxation,15.84
July,Religious,Moderate,4,o,Food,11.3
August,Hill Station,Cold,2,o,Adventure,14.36
March,Beach,Hot,5,o,Adventure,22.18
November,Beach,Hot,5,o,Culture,17.06
June,Historical,Hot,10,o,Adventure,7.15
February,Religious,Moderate,7,o,Shopping,12.04
July,Hill Station,Moderate,6,o,Adventure,13.52
July,Religious,Moderate,7,o,Culture,6.55
January,Historical,Hot,7,o,Culture,11.85
May,Wildlife,Hot,5,o,Relaxation,12.26
December,Hill Station,Moderate,6,o,Food,12.52
March,Beach,Hot,7,o,Culture,20.48
August,Religious,Moderate,4,o,Relaxation,12.4
February,Religious,Moderate,2,o,Relaxation,9.37
December,City,Moderate,1,o,Food,11.49
December,Historical,Hot,5,o,Culture,7.44
January,Historical,Hot,2,o,Shopping,14.78
February,City,Moderate,2,o,Food,11.84
January,City,Moderate,2,o,Adventure,13.55
January,Historical,Hot,1,o,Shopping,8.89
July,Wildlife,Moderate,6,o,Relaxation,18.67
August,Wildlife,Hot,6,o,Culture,17.84
April,Wildlife,Hot,4,o,Food,17.12
September,City,Moderate,4,o,Food,15.36
October,City,Moderate,3,o,Adventure,21.04
July,Hill Station,Cold,10,o,Food,13.73
July,Wildlife,Moderate,4,o,Culture,16.23
May,Religious,Moderate,4,o,Shopping,14.83
February,Beach,Hot,10,o,Relaxation,18.37
July,Religious,Moderate,6,o,Shopping,14.79
July,Beach,Hot,14,o,Culture,22.63
March,City,Moderate,10,o,Food,13.93
January,Religious,Moderate,1,o,Culture,14.48
September,Hill Station,Cold,7,o,Adventure,13.69
May,Religious,Moderate,7,o,Adventure,15.8
October,Hill Station,Cold,1,o,Adventure,19.58
April,Wildlife,Hot,3,o,Culture,7.28
November,Historical,Hot,4,o,Shopping,12.89
April,Religious,Moderate,6,o,Relaxation,10.99
October,Historical,Hot,4,o,Shopping,12.42
January,Hill Station,Cold,1,o,Adventure,19.08
October,Wildlife,Hot,4,o,Food,17.17
February,Hill Station,Moderate,1,o,Food,11.96
September,City,Moderate,4,o,Relaxation,15.57
June,City,Moderate,14,o,Adventure,12.06
November,Wildlife,Hot,1,o,Food,16.22
May,Wildlife,Hot,4,o,Adventure,23.29
July,Religious,Moderate,2,o,Shopping,12.79
March,Beach,Hot,14,o,Shopping,26.62
February,Religious,Moderate,3,o,Food,11.24
February,Beach,Hot,6,o,Food,16.11
December,Wildlife,Moderate,5,o,Shopping,16.9
December,Historical,Hot,4,o,Culture,10.8
June,Hill Station,Moderate,14,o,Adventure,13.66
October,Beach,Hot,7,o,Adventure,21.84
August,Historical,Hot,14,o,Food,7.32
September,City,Moderate,2,o,Adventure,9.77
November,Religious,Moderate,7,o,Relaxation,12.03
July,Wildlife,Hot,6,o,Shopping,14.95
July,Religious,Moderate,10,o,Adventure,13.23
September,Historical,Hot,10,o,Adventure,12.9
November,Historical,Hot,14,o,Relaxation,11.57
April,Wildlife,Hot,7,o,Shopping,15.48
February,Wildlife,Hot,7,o,Adventure,17.72
July,Religious,Moderate,3,o,Shopping,7.04
July,Wildlife,Hot,7,o,Relaxation,17.75
December,Historical,Hot,14,o,Food,7.04
November,Hill Station,Moderate,7,o,Shopping,17.9
March,Hill Station,Moderate,3,o,Culture,17.76
May,Wildlife,Moderate,4,o,Shopping,15.56
June,City,Moderate,6,o,Relaxation,12.23
August,Wildlife,Moderate,3,o,Shopping,17.74
August,Historical,Hot,7,o,Food,10.7
April,City,Moderate,14,o,Food,19.56
January,City,Moderate,2,o,Culture,12.26
August,Religious,Moderate,2,o,Adventure,13.21
September,Historical,Hot,4,o,Shopping,12.02
October,Wildlife,Hot,6,o,Relaxation,11.46
September,Historical,Hot,14,o,Adventure,15.91
May,Historical,Hot,14,o,Adventure,8.86
November,Historical,Hot,6,o,Adventure,13.76
March,Hill Station,Moderate,5,o,Food,16.29
August,City,Moderate,14,o,Food,15.74
January,Historical,Hot,4,o,Shopping,9.04
October,Religious,Moderate,4,o,Relaxation,15.85
December,Hill Station,Cold,3,o,Adventure,12.11
November,City,Moderate,14,o,Adventure,8.09
May,Historical,Hot,3,o,Shopping,11.19
November,Wildlife,Moderate,6,o,Shopping,17.06
April,Beach,Hot,4,o,Relaxation,18.8
November,Historical,Hot,14,o,Adventure,13.37
January,Hill Station,Moderate,1,o,Relaxation,15.07
March,Historical,Hot,5,o,Adventure,10.77
March,Beach,Hot,5,o,Shopping,16.83
April,Religious,Moderate,10,o,Culture,14.51
December,Religious,Moderate,6,o,Adventure,9.36
May,Historical,Hot,7,o,Culture,19.81
November,Religious,Moderate,10,o,Shopping,13.6
September,City,Moderate,10,o,Shopping,14.02
May,Beach,Hot,6,o,Culture,21.18
December,Beach,Hot,2,o,Culture,14.75
September,City,Moderate,14,o,Shopping,11.35
September,Religious,Moderate,4,o,Culture,10.94
April,Religious,Moderate,5,o,Food,9.06
November,Wildlife,Moderate,14,o,Culture,19.51
August,Historical,Hot,4,o,Shopping,8.8
September,Historical,Hot,6,o,Culture,9.75
November,Beach,Hot,10,o,Adventure,22.38
August,Historical,Hot,1,o,Food,12.51
March,Wildlife,Moderate,7,o,Relaxation,18.76
May,Wildlife,Moderate,4,o,Culture,17.93
December,Religious,Moderate,6,o,Food,7.99
January,Wildlife,Moderate,5,o,Culture,24.38
December,City,Moderate,1,o,Culture,15.34
May,Wildlife,Moderate,7,o,Food,20.08
January,Historical,Hot,10,o,Adventure,10.11
October,Beach,Hot,4,o,Relaxation,22.42
August,Wildlife,Hot,4,o,Shopping,8.17
October,Religious,Moderate,6,o,Relaxation,9.18
April,City,Moderate,14,o,Adventure,11.91
March,Hill Station,Cold,6,o,Shopping,13.1
June,Wildlife,Hot,1,o,Adventure,11.28
May,Religious,Moderate,6,o,Adventure,18.15
February,Hill Station,Cold,5,o,Food,14.65
February,Beach,Hot,3,o,Relaxation,20.92
April,Historical,Hot,10,o,Relaxation,17.53
February,Wildlife,Hot,2,o,Relaxation,16.44
November,Hill Station,Cold,6,o,Relaxation,18.1
March,Wildlife,Hot,7,o,Culture,14.84
May,City,Moderate,3,o,Shopping,13.42
March,Wildlife,Hot,6,o,Shopping,17.39
June,Hill Station,Cold,10,o,Food,13.23
December,Beach,Hot,6,o,Food,20.39
February,City,Moderate,5,o,Culture,10.43
October,Religious,Moderate,2,o,Adventure,8.11
February,Wildlife,Hot,2,o,Culture,16.85
June,Historical,Hot,6,o,Culture,14.59
December,Religious,Moderate,1,o,Shopping,13.31
March,Historical,Hot,14,o,Shopping,11.44
April,Hill Station,Moderate,4,o,Shopping,17.52
February,Historical,Hot,3,o,Shopping,10.77
June,Hill Station,Cold,7,o,Shopping,17.21
May,Religious,Moderate,2,o,Shopping,5.0
September,Beach,Hot,5,o,Adventure,16.03
November,Wildlife,Hot,10,o,Food,17.2
October,Historical,Hot,1,o,Adventure,16.99
October,Historical,Hot,7,o,Adventure,11.52
October,Beach,Hot,6,o,Relaxation,19.27
January,Hill Station,Moderate,5,o,Shopping,14.35
December,City,Moderate,14,o,Culture,16.43
August,Beach,Moderate,4,o,Shopping,25.29
April,Religious,Moderate,5,o,Relaxation,14.67
September,Beach,Moderate,6,o,Culture,17.09
January,Hill Station,Moderate,3,o,Relaxation,10.94
May,City,Moderate,6,o,Shopping,11.99
March,Hill Station,Moderate,4,o,Food,18.64
March,Hill Station,Cold,10,o,Culture,19.2
July,City,Moderate,10,o,Shopping,20.6
December,Beach,Hot,6,o,Adventure,18.87
November,City,Moderate,5,o,Culture,13.95
December,Beach,Hot,4,o,Food,16.2
July,Religious,Moderate,6,o,Relaxation,16.26
November,Beach,Hot,3,o,Adventure,21.29
February,Religious,Moderate,2,o,Shopping,13.31
March,City,Moderate,2,o,Shopping,19.58
March,Religious,Moderate,7,o,Food,13.87
April,City,Moderate,3,o,Shopping,12.83
March,Wildlife,Moderate,2,o,Shopping,14.33
August,Religious,Moderate,4,o,Food,12.85
February,Wildlife,Hot,14,o,Relaxation,13.66
February,Beach,Hot,6,o,Food,21.77
July,Historical,Hot,10,o,Shopping,8.53
March,Hill Station,Moderate,14,o,Culture,16.71
January,Religious,Moderate,10,o,Shopping,12.15
October,Religious,Moderate,2,o,Culture,15.88
May,City,Moderate,5,o,Adventure,13.71
March,City,Moderate,1,o,Adventure,11.84
April,Beach,Hot,14,o,Food,17.25
December,Historical,Hot,5,o,Relaxation,14.34
March,Religious,Moderate,6,o,Adventure,11.06
July,Wildlife,Hot,1,o,Shopping,16.45
January,Beach,Hot,4,o,Culture,19.38
November,City,Moderate,6,o,Shopping,15.48
December,City,Moderate,3,o,Food,8.48
September,Beach,Moderate,2,o,Food,20.31
September,Hill Station,Moderate,3,o,Relaxation,15.92
January,Historical,Hot,6,o,Adventure,7.63
May,Hill Station,Cold,7,o,Relaxation,15.38
May,Hill Station,Cold,3,o,Food,12.52
April,Beach,Hot,14,o,Adventure,22.15
April,Religious,Moderate,3,o,Culture,12.19
November,Hill Station,Cold,7,o,Adventure,14.65
April,Wildlife,Hot,7,o,Shopping,14.49
October,Hill Station,Cold,2,o,Food,17.69
December,Religious,Moderate,7,o,Relaxation,10.82
December,Wildlife,Hot,14,o,Shopping,19.91
July,Wildlife,Moderate,10,o,Shopping,18.33
January,Beach,Moderate,6,o,Adventure,20.55
December,Beach,Moderate,2,o,Culture,14.11
August,Hill Station,Moderate,2,o,Adventure,18.46
September,Historical,Hot,6,o,Culture,16.06
March,Hill Station,Cold,4,o,Adventure,7.91
June,Historical,Hot,2,o,Food,8.53
May,Hill Station,Cold,5,o,Food,22.62
July,City,Moderate,10,o,Culture,12.56
June,Beach,Hot,7,o,Culture,23.02
July,Hill Station,Cold,10,o,Shopping,13.27
August,Hill Station,Moderate,2,o,Shopping,15.89
July,Religious,Moderate,4,o,Relaxation,9.08
February,Wildlife,Moderate,3,o,Shopping,15.15
August,Religious,Moderate,14,o,Shopping,11.86
June,Beach,Hot,10,o,Culture,22.83
April,Beach,Hot,14,o,Adventure,21.84
January,Wildlife,Moderate,3,o,Culture,16.9
November,Religious,Moderate,5,o,Relaxation,9.7
May,Religious,Moderate,5,o,Adventure,15.98
August,Historical,Hot,7,o,Relaxation,10.8
May,Beach,Hot,2,o,Adventure,14.49
February,Hill Station,Moderate,5,o,Shopping,17.44
March,Beach,Hot,5,o,Culture,17.22
October,Wildlife,Hot,7,o,Adventure,17.64
July,Wildlife,Hot,5,o,Relaxation,16.48
July,Historical,Hot,6,o,Culture,11.93
September,Historical,Hot,10,o,Food,13.53
September,Hill Station,Moderate,14,o,Shopping,11.57
May,Beach,Hot,14,o,Adventure,18.59
November,Beach,Hot,4,o,Food,25.31
June,Historical,Hot,3,o,Adventure,15.75
February,Religious,Moderate,3,o,Food,17.12
June,Historical,Hot,4,o,Shopping,13.44
May,City,Moderate,1,o,Adventure,13.43
February,Historical,Hot,2,o,Food,9.01
March,Wildlife,Moderate,14,o,Relaxation,14.34
February,Beach,Hot,14,o,Shopping,18.13
September,Beach,Hot,2,o,Adventure,16.7
August,Historical,Hot,6,o,Adventure,14.2
October,Religious,Moderate,14,o,Food,14.02
August,Religious,Moderate,5,o,Food,11.07
October,Wildlife,Hot,1,o,Food,12.14
February,City,Moderate,10,o,Relaxation,8.98
September,Hill Station,Cold,7,o,Culture,16.38
September,City,Moderate,2,o,Culture,9.69
July,Wildlife,Moderate,2,o,Adventure,18.31
July,Historical,Hot,4,o,Culture,13.8
February,Hill Station,Cold,3,o,Relaxation,11.37
June,Wildlife,Hot,10,o,Culture,15.3
July,Beach,Hot,5,o,Adventure,18.02
August,Wildlife,Moderate,14,o,Relaxation,15.22
October,Wildlife,Hot,4,o,Adventure,17.46
September,Wildlife,Hot,3,o,Shopping,12.35
April,Religious,Moderate,1,o,Adventure,13.99
August,Historical,Hot,6,o,Shopping,12.63
July,Beach,Moderate,4,o,Adventure,19.03
February,Religious,Moderate,4,o,Shopping,10.9
September,Hill Station,Cold,6,o,Food,18.42
May,City,Moderate,1,o,Adventure,19.28
October,Beach,Hot,6,o,Relaxation,21.25
September,Religious,Moderate,6,o,Culture,8.05
December,Wildlife,Moderate,7,o,Culture,14.67
August,Beach,Hot,5,o,Relaxation,23.63
November,Religious,Moderate,3,o,Food,10.66
February,Beach,Hot,10,o,Culture,18.33
December,City,Moderate,3,o,Food,15.05
August,City,Moderate,7,o,Culture,11.1
December,Beach,Hot,4,o,Relaxation,14.66
December,Historical,Hot,14,o,Adventure,15.19
October,Historical,Hot,5,o,Food,19.52
April,City,Moderate,14,o,Adventure,11.65
February,City,Moderate,6,o,Relaxation,18.69
October,Historical,Hot,4,o,Adventure,11.21
July,Hill Station,Cold,14,o,Food,13.18
January,Religious,Moderate,7,o,Food,9.11
October,Religious,Moderate,14,o,Culture,13.34
December,Historical,Hot,1,o,Culture,13.98
August,Wildlife,Moderate,10,o,Adventure,17.01
November,Religious,Moderate,2,o,Culture,12.75
February,Historical,Hot,2,o,Food,12.71
August,Beach,Hot,4,o,Food,21.44
August,Historical,Hot,3,o,Adventure,15.45
December,Hill Station,Cold,5,o,Relaxation,13.13
March,Hill Station,Moderate,3,o,Culture,14.53
February,Religious,Moderate,14,o,Culture,10.47
July,Religious,Moderate,4,o,Adventure,8.01
June,Beach,Hot,5,o,Shopping,14.79
February,Hill Station,Moderate,5,o,Food,14.19
May,City,Moderate,14,o,Relaxation,10.81
March,City,Moderate,5,o,Adventure,12.23
December,Beach,Hot,5,o,Adventure,18.48
December,Historical,Hot,2,o,Culture,13.44
June,Hill Station,Cold,7,o,Adventure,19.15
October,City,Moderate,5,o,Food,11.58
June,Hill Station,Moderate,4,o,Shopping,15.96
August,Wildlife,Hot,1,o,Relaxation,19.82
May,City,Moderate,6,o,Relaxation,13.56
March,Hill Station,Moderate,7,o,Food,14.04
November,Hill Station,Cold,4,o,Adventure,10.91
October,City,Moderate,5,o,Culture,14.17
November,Beach,Hot,3,o,Adventure,17.8
December,Beach,Hot,7,o,Shopping,15.34
March,Historical,Hot,3,o,Food,12.42
April,Wildlife,Moderate,14,o,Relaxation,13.01
May,Historical,Hot,2,o,Food,9.77
November,Hill Station,Cold,1,o,Food,15.23
March,Wildlife,Hot,5,o,Culture,18.41
January,Religious,Moderate,7,o,Culture,9.94
December,Historical,Hot,4,o,Food,18.44
April,City,Moderate,5,o,Relaxation,12.72
May,Religious,Moderate,4,o,Relaxation,14.49
December,Historical,Hot,14,o,Adventure,10.8
May,Historical,Hot,1,o,Food,14.13
May,Wildlife,Moderate,3,o,Culture,17.8
March,City,Moderate,7,o,Food,16.26
June,Wildlife,Hot,6,o,Food,9.94
April,Hill Station,Cold,6,o,Culture,15.05
September,Hill Station,Moderate,14,o,Relaxation,16.34
May,Wildlife,Hot,10,o,Food,11.83
October,Religious,Moderate,7,o,Relaxation,11.75
June,Wildlife,Hot,4,o,Culture,16.13
July,City,Moderate,6,o,Shopping,12.57
February,Hill Station,Cold,14,o,Shopping,16.22
January,Wildlife,Hot,6,o,Adventure,10.23
September,City,Moderate,10,o,Food,14.29
December,Beach,Hot,7,o,Culture,23.78
July,Religious,Moderate,7,o,Food,16.42
January,Historical,Hot,7,o,Shopping,13.42
December,Religious,Moderate,1,o,Shopping,10.24
May,Historical,Hot,10,o,Adventure,10.58
April,Hill Station,Cold,14,o,Adventure,9.47
June,City,Moderate,7,o,Adventure,10.9
July,Historical,Hot,6,o,Shopping,11.37
September,Hill Station,Cold,14,o,Adventure,16.02
July,Historical,Hot,10,o,Adventure,19.52
October,Religious,Moderate,3,o,Culture,10.05
June,Beach,Hot,7,o,Relaxation,20.42
May,Wildlife,Hot,6,o,Adventure,20.82
July,Hill Station,Cold,4,o,Shopping,10.26
January,Historical,Hot,3,o,Culture,10.85
September,Religious,Moderate,7,o,Relaxation,8.71
October,Hill Station,Cold,3,o,Food,19.06
May,City,Moderate,1,o,Adventure,14.24
November,Beach,Hot,4,o,Adventure,15.74
July,Wildlife,Hot,3,o,Shopping,22.26
February,Historical,Hot,7,o,Food,15.44
April,Beach,Hot,7,o,Food,19.14
April,Wildlife,Moderate,6,o,Shopping,13.6
January,Wildlife,Hot,2,o,Relaxation,18.73
August,Hill Station,Moderate,14,o,Relaxation,22.39
June,Wildlife,Moderate,2,o,Food,16.67
May,Wildlife,Hot,14,o,Adventure,11.94
August,City,Moderate,6,o,Shopping,15.74
January,Wildlife,Moderate,4,o,Shopping,14.63
March,Historical,Hot,1,o,Shopping,14.08
May,Beach,Moderate,5,o,Relaxation,25.12
November,Religious,Moderate,5,o,Relaxation,5.71
April,Historical,Hot,2,o,Relaxation,8.31
April,Wildlife,Hot,4,o,Relaxation,15.37
February,City,Moderate,10,o,Shopping,9.02
April,Religious,Moderate,2,o,Shopping,10.13
June,Historical,Hot,10,o,Culture,16.55
November,Historical,Hot,7,o,Relaxation,15.44
July,Beach,Hot,10,o,Relaxation,16.59
September,Wildlife,Hot,14,o,Adventure,13.18
May,Wildlife,Moderate,10,o,Shopping,14.84
November,City,Moderate,4,o,Culture,15.12
October,City,Moderate,6,o,Relaxation,12.15
May,Beach,Hot,1,o,Shopping,23.16
August,Beach,Hot,7,o,Shopping,18.67
January,Wildlife,Hot,5,o,Culture,19.53
July,Beach,Hot,10,o,Shopping,22.38
October,City,Moderate,10,o,Culture,12.11
February,City,Moderate,2,o,Culture,12.22
November,City,Moderate,4,o,Relaxation,12.26
November,Hill Station,Cold,1,o,Adventure,11.73
July,Wildlife,Moderate,6,o,Adventure,18.68
March,Historical,Hot,4,o,Food,15.59
June,Religious,Moderate,4,o,Culture,13.52
June,Wildlife,Hot,4,o,Shopping,17.2
November,City,Moderate,3,o,Relaxation,13.38
November,Historical,Hot,1,o,Adventure,18.92
January,Hill Station,Cold,2,o,Shopping,10.8
May,Hill Station,Cold,6,o,Relaxation,14.03
October,Historical,Hot,14,o,Adventure,14.58
February,Wildlife,Moderate,2,o,Culture,20.44
September,Wildlife,Hot,4,o,Culture,20.82
July,Religious,Moderate,7,o,Culture,10.8
August,Hill Station,Moderate,10,o,Culture,18.58
November,Historical,Hot,7,o,Food,13.86
May,Wildlife,Hot,10,o,Adventure,16.39
November,Religious,Moderate,7,o,Shopping,12.27
January,Wildlife,Hot,6,o,Food,12.19
July,Religious,Moderate,6,o,Culture,11.79
September,Wildlife,Moderate,2,o,Adventure,13.86
December,City,Moderate,4,o,Relaxation,15.61
December,Hill Station,Cold,3,o,Food,15.98
January,Historical,Hot,6,o,Culture,12.59
October,City,Moderate,14,o,Relaxation,6.32
February,Historical,Hot,5,o,Relaxation,12.68
April,Hill Station,Cold,2,o,Adventure,15.26
January,Wildlife,Hot,5,o,Shopping,17.67
April,Historical,Hot,4,o,Shopping,13.67
August,Wildlife,Hot,14,o,Culture,18.59
August,City,Moderate,5,o,Culture,12.64
April,City,Moderate,6,o,Adventure,12.9
February,Wildlife,Hot,1,o,Culture,19.72
September,Religious,Moderate,10,o,Relaxation,7.58
February,Religious,Moderate,14,o,Culture,11.65
May,Religious,Moderate,10,o,Shopping,14.81
April,Historical,Hot,2,o,Adventure,11.64
September,Beach,Hot,4,o,Adventure,24.78
September,Hill Station,Moderate,6,o,Culture,13.24
June,Beach,Moderate,14,o,Shopping,15.67
October,Hill Station,Moderate,14,o,Relaxation,16.91
December,Wildlife,Hot,2,o,Relaxation,22.23
October,Historical,Hot,1,o,Culture,13.99
March,Wildlife,Hot,14,o,Adventure,14.37
September,Historical,Hot,2,o,Culture,16.25
October,Historical,Hot,3,o,Culture,7.78
October,Beach,Hot,4,o,Adventure,14.88
December,City,Moderate,1,o,Food,16.32
September,Religious,Moderate,2,o,Relaxation,12.7
May,City,Moderate,3,o,Relaxation,14.93
March,Religious,Moderate,2,o,Culture,11.44
August,Religious,Moderate,4,o,Food,12.57
February,Hill Station,Moderate,14,o,Relaxation,12.6
April,City,Moderate,5,o,Shopping,13.35
December,Hill Station,Cold,7,o,Culture,8.7
February,Hill Station,Cold,6,o,Relaxation,14.3
April,Religious,Moderate,1,o,Culture,13.18
January,Hill Station,Cold,4,o,Relaxation,15.88
January,Hill Station,Cold,10,o,Culture,9.36
January,Historical,Hot,7,o,Adventure,10.05
June,City,Moderate,10,o,Culture,11.81
December,Historical,Hot,5,o,Relaxation,8.79
September,City,Moderate,3,o,Adventure,8.38
July,Wildlife,Hot,5,o,Relaxation,14.75
July,City,Moderate,5,o,Adventure,17.56
December,Religious,Moderate,2,o,Food,11.39
December,Hill Station,Cold,7,o,Adventure,17.65
February,Religious,Moderate,1,o,Food,12.27
November,Hill Station,Moderate,5,o,Relaxation,15.41
September,Beach,Hot,3,o,Shopping,18.92
November,Historical,Hot,2,o,Relaxation,5.87
November,Religious,Moderate,7,o,Culture,14.42
October,Beach,Moderate,7,o,Food,16.83
April,Beach,Hot,5,o,Food,21.0
January,Historical,Hot,6,o,Adventure,13.41
November,Wildlife,Moderate,6,o,Relaxation,15.51
September,Historical,Hot,10,o,Relaxation,12.88
March,Hill Station,Moderate,1,o,Relaxation,9.48
September,Hill Station,Cold,6,o,Culture,15.86
May,Wildlife,Hot,4,o,Relaxation,22.57
March,Wildlife,Hot,6,o,Adventure,11.68
March,Hill Station,Moderate,1,o,Culture,19.89
November,City,Moderate,14,o,Relaxation,13.55
January,Historical,Hot,5,o,Shopping,16.8
March,Wildlife,Moderate,5,o,Relaxation,15.82
May,Hill Station,Cold,10,o,Culture,17.33
December,City,Moderate,6,o,Shopping,14.54
February,Hill Station,Cold,14,o,Culture,18.47
July,Religious,Moderate,5,o,Shopping,10.49
July,Beach,Hot,6,o,Adventure,17.04
March,Religious,Moderate,4,o,Shopping,7.44
September,Wildlife,Hot,14,o,Food,13.39
July,Historical,Hot,4,o,Culture,12.68
November,Hill Station,Cold,1,o,Shopping,15.9
October,Historical,Hot,1,o,Relaxation,13.91
September,Hill Station,Moderate,7,o,Relaxation,17.04
October,Hill Station,Cold,5,o,Shopping,12.87
October,Religious,Moderate,1,o,Adventure,9.91
June,Beach,Hot,2,o,Relaxation,26.08
October,Religious,Moderate,6,o,Food,11.19
March,Religious,Moderate,5,o,Food,10.17
December,City,Moderate,2,o,Food,9.52
December,City,Moderate,1,o,Food,7.55
August,City,Moderate,3,o,Culture,11.46
June,Wildlife,Hot,2,o,Food,19.69
April,Religious,Moderate,1,o,Shopping,12.56
March,Wildlife,Hot,7,o,Relaxation,13.93
May,Historical,Hot,14,o,Food,9.55
December,Wildlife,Hot,7,o,Food,13.54
October,City,Moderate,3,o,Relaxation,10.75
September,City,Moderate,3,o,Relaxation,16.44
September,Religious,Moderate,4,o,Adventure,8.85
April,Beach,Hot,1,o,Culture,20.17
September,Historical,Hot,5,o,Shopping,9.4
July,Religious,Moderate,10,o,Shopping,10.91
July,Wildlife,Hot,5,o,Food,17.58
May,City,Moderate,5,o,Shopping,13.28
August,Wildlife,Hot,6,o,Food,17.25
June,Beach,Hot,4,o,Relaxation,22.06
June,Hill Station,Moderate,6,o,Culture,14.19
December,Wildlife,Hot,10,o,Food,17.24
February,City,Moderate,2,o,Culture,18.29
July,Religious,Moderate,3,o,Food,13.59
February,Historical,Hot,2,o,Culture,8.31
May,Wildlife,Hot,6,o,Shopping,19.85
July,Beach,Hot,6,o,Food,18.8
November,City,Moderate,7,o,Culture,11.58
July,City,Moderate,10,o,Food,10.17
December,Wildlife,Moderate,1,o,Relaxation,17.92
December,Hill Station,Moderate,14,o,Culture,14.57
July,Beach,Moderate,4,o,Adventure,13.84
October,Hill Station,Cold,10,o,Culture,19.53
May,Religious,Moderate,3,o,Relaxation,6.31
December,Beach,Hot,4,o,Food,17.88
July,City,Moderate,7,o,Shopping,15.16
November,Wildlife,Moderate,14,o,Food,13.96
February,City,Moderate,14,o,Adventure,12.02
April,Hill Station,Moderate,4,o,Adventure,13.97
June,City,Moderate,4,o,Adventure,13.36
September,Historical,Hot,7,o,Culture,10.5
June,Historical,Hot,6,o,Adventure,14.01
January,City,Moderate,6,o,Shopping,18.61
January,Beach,Hot,7,o,Shopping,17.74
November,Historical,Hot,3,o,Shopping,9.84
November,Historical,Hot,6,o,Adventure,11.71
December,Religious,Moderate,5,o,Shopping,15.25
October,Wildlife,Hot,3,o,Adventure,15.42
August,Religious,Moderate,3,o,Shopping,6.19
March,Wildlife,Hot,2,o,Adventure,11.56
September,City,Moderate,4,o,Relaxation,17.18
June,Hill Station,Cold,6,o,Shopping,14.16
March,Wildlife,Moderate,7,o,Adventure,13.53
April,Beach,Hot,6,o,Culture,21.42
May,Historical,Hot,5,o,Food,15.17
August,Religious,Moderate,14,o,Adventure,11.25
June,Wildlife,Hot,2,o,Shopping,14.21
September,Religious,Moderate,2,o,Food,8.71
June,Historical,Hot,2,o,Culture,11.77
February,Beach,Hot,5,o,Culture,20.26
April,Wildlife,Moderate,2,o,Culture,16.57
September,Historical,Hot,3,o,Food,16.63
November,Wildlife,Moderate,6,o,Food,19.94
August,Religious,Moderate,10,o,Culture,9.84
June,Historical,Hot,1,o,Shopping,17.21
June,Historical,Hot,5,o,Culture,13.29
November,Religious,Moderate,5,o,Relaxation,12.02
August,Beach,Hot,10,o,Food,19.61
October,Hill Station,Cold,3,o,Shopping,14.09
May,Beach,Hot,1,o,Food,21.59
May,Historical,Hot,2,o,Relaxation,14.64
October,City,Moderate,10,o,Culture,8.37
November,Historical,Hot,1,o,Adventure,17.03
November,Hill Station,Moderate,5,o,Culture,13.63
May,Historical,Hot,5,o,Relaxation,8.83
December,Beach,Moderate,14,o,Culture,21.87
June,Historical,Hot,6,o,Relaxation,9.95
May,Historical,Hot,2,o,Shopping,10.62
November,Beach,Hot,10,o,Culture,17.07
September,City,Moderate,6,o,Shopping,13.48
April,Religious,Moderate,6,o,Shopping,9.73
September,Beach,Hot,6,o,Relaxation,17.7
January,City,Moderate,6,o,Food,16.63
June,Historical,Hot,14,o,Shopping,13.19
January,Hill Station,Moderate,3,o,Shopping,12.36
April,Wildlife,Hot,7,o,Adventure,14.54
December,Beach,Hot,5,o,Relaxation,19.33
January,Historical,Hot,10,o,Culture,12.85
October,Hill Station,Moderate,10,o,Shopping,12.79
December,Religious,Moderate,10,o,Culture,5.15
May,Religious,Moderate,2,o,Relaxation,13.09
October,Wildlife,Moderate,6,o,Culture,21.94
May,Hill Station,Cold,6,o,Shopping,14.93
February,Religious,Moderate,10,o,Adventure,10.18
July,Hill Station,Cold,2,o,Food,11.64
June,Hill Station,Cold,1,o,Shopping,16.93
August,Religious,Moderate,1,o,Adventure,11.67
November,Historical,Hot,5,o,Food,7.85
September,Wildlife,Moderate,7,o,Shopping,15.9
June,Religious,Moderate,6,o,Food,11.53
December,Religious,Moderate,3,o,Shopping,11.07
April,Hill Station,Cold,14,o,Food,12.04
July,Wildlife,Hot,4,o,Shopping,14.03
August,City,Moderate,4,o,Shopping,19.72
October,City,Moderate,7,o,Food,14.43
August,Hill Station,Cold,3,o,Adventure,14.54
February,Beach,Hot,4,o,Culture,19.56
April,Beach,Hot,1,o,Adventure,21.04
January,Hill Station,Cold,10,o,Relaxation,14.4
November,City,Moderate,5,o,Shopping,13.55
July,Wildlife,Hot,4,o,Shopping,14.75
July,City,Moderate,10,o,Food,14.54
January,Hill Station,Cold,4,o,Food,12.18
August,Religious,Moderate,4,o,Adventure,9.36
September,City,Moderate,3,o,Culture,12.15
March,Historical,Hot,6,o,Food,15.15
December,Beach,Hot,10,o,Relaxation,18.8
March,Wildlife,Hot,14,o,Adventure,13.63
October,Wildlife,Moderate,2,o,Shopping,16.18
April,Hill Station,Moderate,3,o,Relaxation,14.1
June,Hill Station,Cold,3,o,Relaxation,18.88
October,Historical,Hot,10,o,Adventure,13.27
October,Religious,Moderate,5,o,Culture,11.41
May,Historical,Hot,5,o,Shopping,12.69
March,Historical,Hot,6,o,Relaxation,16.28
May,Religious,Moderate,2,o,Culture,12.43
November,Hill Station,Cold,6,o,Food,13.02
August,Hill Station,Cold,4,o,Shopping,18.99
March,Wildlife,Hot,1,o,Culture,17.92
April,Beach,Hot,10,o,Food,19.85
May,Religious,Moderate,2,o,Food,13.21
February,Wildlife,Hot,5,o,Shopping,15.09
January,Historical,Hot,2,o,Relaxation,11.7
April,City,Moderate,6,o,Relaxation,15.48
February,City,Moderate,3,o,Adventure,12.32
April,Historical,Hot,7,o,Food,17.0
September,Hill Station,Cold,10,o,Adventure,14.0
August,Historical,Hot,1,o,Shopping,7.97
November,Religious,Moderate,10,o,Shopping,12.76
April,Historical,Hot,10,o,Food,16.27
June,Historical,Hot,1,o,Food,8.63
December,Historical,Hot,2,o,Shopping,14.92
February,Religious,Moderate,10,o,Relaxation,9.18
September,Beach,Moderate,14,o,Culture,19.93
January,Wildlife,Hot,5,o,Food,16.61
April,Hill Station,Cold,1,o,Food,14.93
May,Beach,Hot,6,o,Shopping,23.88
July,Historical,Hot,10,o,Food,13.51
October,City,Moderate,2,o,Food,15.51
December,Historical,Hot,4,o,Culture,9.66
May,Wildlife,Hot,1,o,Shopping,18.5
April,Wildlife,Moderate,5,o,Adventure,11.17
December,Beach,Hot,10,o,Adventure,19.39
September,Religious,Moderate,2,o,Adventure,13.94
October,Religious,Moderate,2,o,Food,11.92
March,Beach,Hot,7,o,Food,23.44
May,Historical,Hot,3,o,Shopping,12.59
February,Hill Station,Cold,4,o,Relaxation,23.06
June,Religious,Moderate,3,o,Relaxation,10.36
March,Historical,Hot,2,o,Relaxation,9.07
December,Historical,Hot,14,o,Food,6.9
September,Historical,Hot,1,o,Culture,9.8
June,Beach,Moderate,14,o,Relaxation,24.04
November,Beach,Hot,2,o,Relaxation,18.05
August,Hill Station,Moderate,4,o,Culture,18.81
May,City,Moderate,6,o,Shopping,13.35
April,City,Moderate,6,o,Food,10.66
December,Hill Station,Cold,2,o,Relaxation,14.21
March,City,Moderate,14,o,Adventure,12.96
October,Beach,Hot,6,o,Adventure,19.28
October,City,Moderate,1,o,Food,13.52
August,Beach,Hot,2,o,Food,20.14
August,Historical,Hot,1,o,Adventure,12.1
July,Beach,Hot,14,o,Culture,24.04
May,Historical,Hot,2,o,Food,9.93
January,Beach,Hot,6,o,Shopping,22.91
September,Hill Station,Cold,4,o,Culture,12.62
April,Religious,Moderate,10,o,Relaxation,5.0
September,Historical,Hot,10,o,Adventure,11.15
November,Historical,Hot,7,o,Shopping,11.85
May,Hill Station,Moderate,4,o,Shopping,16.27
December,City,Moderate,10,o,Food,9.61
November,Religious,Moderate,10,o,Adventure,10.79
April,Beach,Moderate,3,o,Relaxation,18.99
June,City,Moderate,10,o,Shopping,12.49
January,City,Moderate,5,o,Adventure,10.32
January,Wildlife,Moderate,5,o,Food,16.45
February,Religious,Moderate,14,o,Relaxation,10.66
January,Hill Station,Cold,6,o,Shopping,18.75
January,City,Moderate,10,o,Shopping,9.43
December,Wildlife,Moderate,5,o,Food,18.2
February,Historical,Hot,2,o,Adventure,9.64
August,Hill Station,Cold,7,o,Food,20.25
May,City,Moderate,6,o,Culture,11.27
March,Historical,Hot,14,o,Shopping,13.24
March,Wildlife,Hot,7,o,Relaxation,13.42
September,Religious,Moderate,6,o,Culture,13.77
October,City,Moderate,1,o,Relaxation,11.44
September,Wildlife,Hot,6,o,Shopping,20.26
July,Religious,Moderate,7,o,Adventure,5.0
February,Religious,Moderate,4,o,Shopping,7.41
September,Wildlife,Hot,10,o,Shopping,17.82
August,Hill Station,Cold,10,o,Shopping,19.28
January,Wildlife,Hot,4,o,Shopping,15.38
July,Wildlife,Hot,4,o,Relaxation,14.96
March,Historical,Hot,10,o,Food,7.01
August,Hill Station,Moderate,4,o,Adventure,21.11
September,City,Moderate,7,o,Relaxation,18.98
July,Beach,Hot,14,o,Adventure,15.44
April,Religious,Moderate,3,o,Culture,8.98
January,Beach,Moderate,3,o,Relaxation,22.09
May,Beach,Hot,7,o,Culture,18.96
July,Hill Station,Cold,5,o,Adventure,18.65
July,Religious,Moderate,6,o,Adventure,11.47
June,Religious,Moderate,10,o,Relaxation,7.21
March,Wildlife,Moderate,5,o,Culture,13.31
June,Hill Station,Cold,4,o,Food,13.98
July,Historical,Hot,5,o,Adventure,15.07
September,City,Moderate,10,o,Culture,15.2
February,City,Moderate,14,o,Adventure,17.13
June,Hill Station,Cold,6,o,Relaxation,16.3
January,City,Moderate,6,o,Food,10.77
May,Beach,Moderate,3,o,Shopping,24.6
August,City,Moderate,14,o,Adventure,14.26
July,Historical,Hot,1,o,Food,17.54
April,Religious,Moderate,3,o,Adventure,12.62
February,Beach,Moderate,10,o,Relaxation,19.17
December,Hill Station,Moderate,6,o,Food,12.11
April,Wildlife,Hot,3,o,Shopping,24.73
September,Wildlife,Hot,10,o,Food,17.52
December,Beach,Moderate,2,o,Relaxation,20.56
October,City,Moderate,6,o,Culture,12.32
February,Historical,Hot,10,o,Food,5.0
May,Religious,Moderate,2,o,Culture,7.81
April,Historical,Hot,3,o,Relaxation,12.99
January,Wildlife,Hot,1,o,Shopping,8.84
March,City,Moderate,14,o,Adventure,14.82
November,Historical,Hot,2,o,Culture,12.19
November,Beach,Hot,3,o,Relaxation,22.5
December,Religious,Moderate,10,o,Adventure,12.79
May,City,Moderate,2,o,Culture,15.88
August,Historical,Hot,3,o,Food,16.82
May,Religious,Moderate,7,o,Adventure,14.29
June,Historical,Hot,1,o,Shopping,12.59
July,Hill Station,Moderate,10,o,Relaxation,10.43
January,City,Moderate,4,o,Relaxation,11.41
August,Religious,Moderate,14,o,Adventure,10.42
April,City,Moderate,4,o,Food,16.15
August,Hill Station,Moderate,3,o,Food,12.16
September,Beach,Hot,1,o,Shopping,19.97
May,Historical,Hot,6,o,Adventure,10.71
March,Historical,Hot,7,o,Relaxation,6.89
December,Historical,Hot,14,o,Culture,11.26
November,City,Moderate,10,o,Food,11.56
January,Hill Station,Moderate,2,o,Culture,16.23
October,Wildlife,Hot,10,o,Shopping,14.08
October,Religious,Moderate,3,o,Adventure,13.99
March,City,Moderate,1,o,Food,14.73
December,Hill Station,Cold,6,o,Food,16.33
December,Beach,Hot,3,o,Relaxation,19.16
May,Wildlife,Hot,4,o,Adventure,14.22
March,Historical,Hot,2,o,Food,17.3
February,City,Moderate,2,o,Culture,12.09
November,Historical,Hot,10,o,Food,17.98
March,Hill Station,Moderate,1,o,Food,11.24
May,Historical,Hot,2,o,Shopping,9.0
September,City,Moderate,10,o,Culture,13.82
July,Beach,Hot,3,o,Relaxation,21.03
September,City,Moderate,4,o,Food,12.03
May,Religious,Moderate,10,o,Relaxation,9.75
November,Religious,Moderate,7,o,Relaxation,7.54
March,Religious,Moderate,5,o,Shopping,15.7
April,City,Moderate,6,o,Culture,11.56
August,City,Moderate,3,o,Food,16.6
August,Wildlife,Hot,2,o,Culture,13.92
April,City,Moderate,14,o,Culture,11.63
October,Religious,Moderate,1,o,Relaxation,10.71
November,Beach,Moderate,1,o,Food,18.83
May,Religious,Moderate,10,o,Relaxation,8.8
November,Wildlife,Hot,1,o,Adventure,15.04
May,Religious,Moderate,1,o,Food,10.49
December,Wildlife,Hot,6,o,Shopping,16.8
July,Historical,Hot,3,o,Shopping,12.48
July,City,Moderate,3,o,Shopping,9.65
October,Beach,Hot,3,o,Culture,19.73
October,Hill Station,Cold,4,o,Shopping,19.83
November,Hill Station,Cold,1,o,Culture,16.85
August,Hill Station,Cold,4,o,Relaxation,16.04
March,Hill Station,Cold,3,o,Shopping,19.61
May,Historical,Hot,10,o,Adventure,16.24
January,City,Moderate,1,o,Food,5.54
May,Religious,Moderate,3,o,Food,9.63
June,Wildlife,Hot,14,o,Relaxation,16.23
May,Religious,Moderate,3,o,Shopping,14.82
October,Beach,Hot,7,o,Culture,18.53
August,Religious,Moderate,2,o,Shopping,10.15
January,City,Moderate,3,o,Food,9.64
December,Beach,Hot,5,o,Relaxation,14.89
June,Historical,Hot,1,o,Shopping,10.51
October,Hill Station,Cold,1,o,Relaxation,18.34
July,Wildlife,Moderate,5,o,Adventure,18.61
November,Historical,Hot,5,o,Adventure,12.39
September,City,Moderate,10,o,Shopping,15.32
May,Beach,Moderate,1,o,Culture,18.7
November,Religious,Moderate,4,o,Relaxation,14.64
August,Hill Station,Moderate,3,o,Food,16.6
August,Religious,Moderate,6,o,Shopping,13.9
April,City,Moderate,5,o,Food,7.34
January,Beach,Moderate,5,o,Food,17.3
March,City,Moderate,6,o,Food,11.76
December,Beach,Hot,4,o,Food,17.9
April,City,Moderate,14,o,Relaxation,9.9
January,Hill Station,Cold,10,o,Relaxation,10.52
April,Beach,Hot,4,o,Culture,20.54
July,Hill Station,Cold,5,o,Relaxation,9.7
May,Hill Station,Moderate,10,o,Relaxation,15.06
September,City,Moderate,6,o,Food,10.91
January,Beach,Hot,4,o,Relaxation,19.83
June,Beach,Hot,2,o,Adventure,16.12
April,Historical,Hot,3,o,Relaxation,14.7
August,City,Moderate,2,o,Adventure,17.41
September,City,Moderate,10,o,Culture,14.15
May,Hill Station,Moderate,3,o,Adventure,12.48
July,Beach,Hot,5,o,Culture,16.36
October,Hill Station,Moderate,3,o,Food,14.96
March,City,Moderate,6,o,Adventure,9.68
September,Beach,Hot,2,o,Shopping,17.18
December,Wildlife,Hot,6,o,Relaxation,15.76
December,Hill Station,Moderate,5,o,Relaxation,18.18
October,Wildlife,Moderate,10,o,Adventure,17.88
June,Hill Station,Cold,6,o,Shopping,11.01
July,Historical,Hot,4,o,Shopping,10.76
July,Beach,Hot,4,o,Culture,20.66
December,Hill Station,Cold,7,o,Adventure,13.57
November,Beach,Hot,6,o,Food,28.31
June,Religious,Moderate,3,o,Relaxation,10.25
July,Hill Station,Cold,2,o,Shopping,11.15
March,City,Moderate,1,o,Culture,11.88
June,City,Moderate,7,o,Food,11.31
February,Wildlife,Moderate,5,o,Shopping,18.11
January,Beach,Hot,14,o,Shopping,18.01
January,Hill Station,Cold,2,o,Adventure,12.01
January,City,Moderate,4,o,Adventure,18.36
September,Wildlife,Hot,14,o,Shopping,15.7
October,Wildlife,Hot,4,o,Food,14.0
November,Hill Station,Cold,2,o,Shopping,18.1
September,Historical,Hot,2,o,Food,6.57
December,Historical,Hot,6,o,Food,10.25
October,Hill Station,Moderate,1,o,Shopping,13.73
July,City,Moderate,6,o,Food,14.19
August,Historical,Hot,3,o,Shopping,10.61
August,Wildlife,Hot,3,o,Adventure,16.08
January,Religious,Moderate,14,o,Relaxation,12.29
March,Hill Station,Cold,4,o,Shopping,16.96
July,Historical,Hot,5,o,Culture,12.59
April,Hill Station,Moderate,1,o,Food,7.44
July,Wildlife,Hot,10,o,Adventure,17.06
November,Wildlife,Hot,5,o,Adventure,19.68
September,City,Moderate,4,o,Food,13.49
May,Historical,Hot,7,o,Adventure,9.11
January,Historical,Hot,7,o,Food,10.73
June,Historical,Hot,2,o,Shopping,7.32
February,Wildlife,Hot,2,o,Shopping,14.72
July,Historical,Hot,1,o,Culture,9.87
April,City,Moderate,5,o,Shopping,13.39
January,Beach,Moderate,10,o,Food,16.81
December,Beach,Hot,1,o,Adventure,21.6
June,Beach,Hot,7,o,Food,14.69
August,City,Moderate,10,o,Relaxation,15.67
November,Historical,Hot,4,o,Adventure,15.66
December,Hill Station,Moderate,14,o,Shopping,15.66
March,Historical,Hot,7,o,Food,15.1
September,Hill Station,Cold,10,o,Culture,18.3
February,Religious,Moderate,3,o,Adventure,12.47
June,City,Moderate,5,o,Relaxation,12.62
November,City,Moderate,1,o,Adventure,8.99
January,City,Moderate,14,o,Food,12.01
October,Religious,Moderate,14,o,Food,12.35
November,Beach,Hot,10,o,Shopping,19.15
May,Beach,Hot,7,o,Relaxation,17.01
January,Hill Station,Cold,4,o,Relaxation,13.65
April,City,Moderate,1,o,Food,11.78
February,Hill Station,Cold,5,o,Food,23.17
October,Beach,Hot,5,o,Relaxation,21.82
August,Wildlife,Hot,5,o,Adventure,18.51
October,Hill Station,Cold,7,o,Food,14.32
July,City,Moderate,3,o,Shopping,17.23
June,Wildlife,Hot,2,o,Relaxation,16.07
March,Wildlife,Moderate,6,o,Relaxation,18.53
November,Beach,Hot,7,o,Culture,19.44
March,Hill Station,Cold,4,o,Relaxation,19.17
May,Hill Station,Moderate,1,o,Relaxation,14.36
August,City,Moderate,2,o,Shopping,13.2
November,Beach,Hot,6,o,Adventure,22.48
February,Wildlife,Hot,14,o,Culture,16.41
January,Religious,Moderate,6,o,Food,11.41
July,Hill Station,Cold,1,o,Shopping,15.09
April,Religious,Moderate,3,o,Relaxation,10.51
August,Historical,Hot,1,o,Culture,12.99
July,Wildlife,Hot,2,o,Relaxation,19.25
July,City,Moderate,6,o,Shopping,11.29
May,Wildlife,Hot,3,o,Culture,19.9
May,Hill Station,Cold,14,o,Relaxation,16.14
September,Beach,Hot,7,o,Food,24.64
August,Beach,Hot,4,o,Relaxation,23.53
June,Historical,Hot,1,o,Culture,10.27
September,Beach,Hot,1,o,Adventure,18.81
November,Religious,Moderate,7,o,Shopping,11.93
February,Religious,Moderate,4,o,Culture,15.27
July,Religious,Moderate,2,o,Adventure,15.24
February,Hill Station,Moderate,14,o,Shopping,10.04
October,Wildlife,Hot,3,o,Adventure,13.99
November,Religious,Moderate,3,o,Shopping,10.03
September,City,Moderate,14,o,Shopping,17.01
February,Religious,Moderate,1,o,Culture,13.93
May,Beach,Hot,2,o,Adventure,21.11
February,Beach,Hot,2,o,Food,18.23
January,Wildlife,Moderate,6,o,Culture,17.99
June,Hill Station,Cold,2,o,Relaxation,8.81
May,Historical,Hot,10,o,Culture,15.67
January,Hill Station,Cold,5,o,Shopping,8.65
February,Hill Station,Cold,5,o,Shopping,14.97
April,Religious,Moderate,2,o,Food,8.83
May,Hill Station,Cold,6,o,Adventure,16.1
August,Historical,Hot,3,o,Culture,17.06
November,Beach,Hot,10,o,Culture,17.93
August,Wildlife,Hot,5,o,Adventure,9.08
August,Hill Station,Cold,5,o,Relaxation,12.5
October,City,Moderate,4,o,Adventure,13.51
July,Beach,Hot,5,o,Relaxation,22.11
May,Hill Station,Moderate,2,o,Shopping,16.91
April,Hill Station,Moderate,3,o,Adventure,13.57
April,Historical,Hot,2,o,Culture,11.08
August,Religious,Moderate,7,o,Culture,10.39
February,Beach,Moderate,1,o,Adventure,22.15
May,Wildlife,Moderate,7,o,Culture,15.82
April,Hill Station,Cold,7,o,Culture,10.24
January,Hill Station,Cold,1,o,Culture,14.38
September,City,Moderate,7,o,Culture,10.65
July,Historical,Hot,14,o,Food,12.36
May,Wildlife,Moderate,14,o,Food,13.41
November,Hill Station,Moderate,4,o,Adventure,13.72
January,Historical,Hot,10,o,Adventure,9.47
August,Historical,Hot,10,o,Adventure,11.48
October,Beach,Hot,5,o,Culture,21.68
January,Wildlife,Hot,10,o,Relaxation,15.79
February,Wildlife,Hot,10,o,Adventure,13.33
January,Hill Station,Cold,5,o,Adventure,12.32
February,Wildlife,Hot,5,o,Relaxation,17.32
June,City,Moderate,6,o,Adventure,12.25
May,Wildlife,Hot,4,o,Shopping,18.37
May,Beach,Moderate,7,o,Food,22.66
March,Religious,Moderate,4,o,Culture,13.61
November,Wildlife,Hot,1,o,Shopping,17.07
April,Beach,Moderate,1,o,Culture,17.07
December,Hill Station,Cold,3,o,Food,13.16
April,Historical,Hot,7,o,Culture,15.11
August,Religious,Moderate,10,o,Food,10.61
April,Beach,Hot,5,o,Shopping,22.59
September,Historical,Hot,10,o,Culture,9.51
December,Religious,Moderate,14,o,Relaxation,10.15
November,City,Moderate,4,o,Culture,11.09
November,Wildlife,Moderate,7,o,Shopping,13.81
May,Wildlife,Hot,2,o,Adventure,18.15
April,Beach,Hot,2,o,Food,19.81
January,Historical,Hot,7,o,Shopping,14.53
September,Hill Station,Cold,2,o,Culture,12.08
August,Historical,Hot,3,o,Culture,12.24
March,Hill Station,Cold,6,o,Shopping,10.24
September,Hill Station,Cold,4,o,Food,16.89
May,City,Moderate,7,o,Shopping,11.86
February,Beach,Moderate,5,o,Adventure,22.22
August,Religious,Moderate,1,o,Culture,14.32
November,Beach,Hot,3,o,Culture,16.06
July,Historical,Hot,7,o,Food,14.33
June,Religious,Moderate,3,o,Culture,8.8
January,Wildlife,Hot,3,o,Culture,16.63
January,Historical,Hot,2,o,Adventure,14.23
June,Hill Station,Moderate,7,o,Adventure,16.14
October,Hill Station,Moderate,10,o,Adventure,14.88
December,Beach,Hot,14,o,Culture,21.61
April,Hill Station,Cold,1,o,Adventure,11.25
September,Hill Station,Moderate,5,o,Relaxation,19.3
October,Religious,Moderate,1,o,Food,5.42
March,Religious,Moderate,4,o,Shopping,8.95
January,Religious,Moderate,5,o,Adventure,10.72
February,Religious,Moderate,10,o,Food,12.24
November,Religious,Moderate,7,o,Relaxation,15.73
February,City,Moderate,3,o,Shopping,7.43
September,Beach,Hot,3,o,Food,18.48
April,Beach,Hot,2,o,Shopping,20.82
February,Wildlife,Hot,10,o,Culture,21.77
January,Historical,Hot,3,o,Relaxation,7.29
February,Beach,Moderate,7,o,Culture,20.78
September,Wildlife,Hot,4,o,Shopping,18.57
August,City,Moderate,7,o,Shopping,9.28
March,City,Moderate,4,o,Relaxation,16.01
December,Wildlife,Hot,4,o,Food,15.76
March,Religious,Moderate,14,o,Culture,9.56
February,Beach,Hot,3,o,Shopping,20.81
October,Historical,Hot,5,o,Shopping,10.5
March,Wildlife,Moderate,6,o,Relaxation,14.71
May,Beach,Hot,5,o,Culture,22.41
December,Religious,Moderate,7,o,Relaxation,13.49
February,Religious,Moderate,2,o,Food,15.13
April,Hill Station,Cold,1,o,Relaxation,15.13
October,Historical,Hot,14,o,Adventure,12.53
August,Hill Station,Moderate,10,o,Food,11.93
December,Hill Station,Moderate,6,o,Culture,20.54
December,Wildlife,Hot,3,o,Shopping,19.97
January,Historical,Hot,3,o,Food,6.47
January,City,Moderate,5,o,Relaxation,10.65
March,Historical,Hot,2,o,Shopping,10.79
July,Historical,Hot,1,o,Shopping,6.07
June,Beach,Hot,14,o,Relaxation,22.94
January,City,Moderate,3,o,Food,12.25
November,Wildlife,Moderate,10,o,Culture,15.75
October,Historical,Hot,4,o,Shopping,12.13
October,Wildlife,Hot,6,o,Shopping,22.54
November,City,Moderate,3,o,Food,16.57
November,City,Moderate,2,o,Culture,12.4
November,Hill Station,Cold,4,o,Shopping,13.79
April,Historical,Hot,14,o,Adventure,17.99
July,Historical,Hot,10,o,Culture,15.54
March,Historical,Hot,6,o,Adventure,6.87
April,Wildlife,Moderate,4,o,Relaxation,18.11
January,Hill Station,Cold,6,o,Food,16.05
December,Historical,Hot,14,o,Adventure,15.15
March,Religious,Moderate,5,o,Food,9.6
August,Religious,Moderate,4,o,Food,9.64
August,Beach,Moderate,14,o,Adventure,22.43
March,Wildlife,Hot,10,o,Adventure,20.7
May,Beach,Hot,14,o,Culture,22.46
January,City,Moderate,10,o,Relaxation,11.6
October,Beach,Hot,10,o,Adventure,18.13
September,Hill Station,Cold,10,o,Relaxation,9.83
November,City,Moderate,3,o,Shopping,13.99
November,Historical,Hot,7,o,Relaxation,10.28
October,City,Moderate,6,o,Relaxation,15.35
November,City,Moderate,1,o,Adventure,11.29
January,Hill Station,Moderate,14,o,Adventure,14.85
May,Hill Station,Moderate,3,o,Food,12.57
April,Beach,Hot,1,o,Relaxation,17.85
January,Hill Station,Cold,10,o,Shopping,18.7
June,Beach,Hot,1,o,Relaxation,19.45
December,Beach,Moderate,4,o,Adventure,21.01
November,Religious,Moderate,5,o,Relaxation,9.71
April,Beach,Hot,2,o,Culture,26.03
January,Historical,Hot,2,o,Food,9.18
February,Historical,Hot,7,o,Relaxation,9.16
August,Historical,Hot,5,o,Food,15.66
January,Hill Station,Cold,5,o,Relaxation,12.88
February,City,Moderate,1,o,Culture,14.41
July,Historical,Hot,5,o,Shopping,12.31
January,Wildlife,Hot,14,o,Adventure,16.68
September,City,Moderate,1,o,Culture,9.09
August,Hill Station,Cold,7,o,Adventure,13.87
July,City,Moderate,3,o,Food,11.32
March,Wildlife,Hot,5,o,Food,13.6
January,Hill Station,Cold,6,o,Culture,14.88
October,Hill Station,Cold,7,o,Food,14.45
June,Hill Station,Cold,3,o,Adventure,12.85
March,Religious,Moderate,4,o,Culture,15.4
November,Religious,Moderate,14,o,Relaxation,6.77
September,Hill Station,Cold,4,o,Food,12.92
April,Historical,Hot,6,o,Culture,8.42
August,City,Moderate,7,o,Culture,16.02
October,Beach,Hot,6,o,Relaxation,20.95
February,Hill Station,Cold,6,o,Adventure,10.9
September,Beach,Moderate,7,o,Culture,15.82
December,Beach,Hot,14,o,Shopping,19.51
January,Wildlife,Hot,4,o,Shopping,17.19
September,Hill Station,Cold,1,o,Culture,14.07
June,Beach,Moderate,14,o,Culture,18.35
August,Wildlife,Hot,2,o,Food,14.82
May,Wildlife,Hot,3,o,Adventure,16.56
December,Beach,Hot,6,o,Culture,20.65
October,Religious,Moderate,3,o,Culture,18.26
October,Hill Station,Cold,7,o,Culture,10.72
August,Historical,Hot,2,o,Shopping,13.5
October,Hill Station,Moderate,14,o,Shopping,9.92
June,Beach,Hot,10,o,Culture,22.39
May,Historical,Hot,6,o,Shopping,10.65
July,Religious,Moderate,1,o,Adventure,12.22
October,Wildlife,Moderate,10,o,Food,13.5
November,Hill Station,Moderate,3,o,Culture,18.41
April,Beach,Hot,7,o,Relaxation,14.52
January,Religious,Moderate,14,o,Adventure,14.01
July,Beach,Hot,2,o,Shopping,20.55
November,Beach,Moderate,10,o,Adventure,27.2
December,City,Moderate,2,o,Adventure,11.65
October,Religious,Moderate,10,o,Food,5.0
February,Wildlife,Hot,6,o,Shopping,16.11
April,Religious,Moderate,4,o,Adventure,8.92
September,Wildlife,Moderate,6,o,Food,21.49
October,Beach,Hot,14,o,Food,19.77
May,Historical,Hot,4,o,Food,10.17
December,Wildlife,Hot,4,o,Shopping,16.28
August,Hill Station,Cold,4,o,Adventure,15.79
October,Historical,Hot,5,o,Food,12.19
November,City,Moderate,5,o,Shopping,12.35
January,City,Moderate,10,o,Adventure,12.12
March,Historical,Hot,7,o,Shopping,13.51
November,Religious,Moderate,4,o,Culture,10.91
October,City,Moderate,2,o,Culture,13.94
December,Religious,Moderate,5,o,Adventure,11.64
November,Beach,Hot,14,o,Food,19.51
December,Beach,Moderate,1,o,Food,19.34
September,Historical,Hot,6,o,Culture,15.37
June,Historical,Hot,7,o,Shopping,14.03
August,Religious,Moderate,14,o,Shopping,11.58
November,City,Moderate,1,o,Culture,17.56
August,Historical,Hot,2,o,Adventure,13.26
July,Religious,Moderate,2,o,Shopping,14.91
November,Religious,Moderate,1,o,Culture,12.82
September,Religious,Moderate,14,o,Shopping,5.47
March,Beach,Hot,3,o,Food,24.36
June,Beach,Hot,5,o,Food,18.53
July,Hill Station,Moderate,6,o,Relaxation,13.78
December,Beach,Hot,3,o,Adventure,19.66
November,Beach,Hot,7,o,Relaxation,16.99
August,City,Moderate,4,o,Relaxation,16.66
May,City,Moderate,10,o,Adventure,17.36
December,Beach,Hot,1,o,Food,18.02
April,Beach,Hot,5,o,Relaxation,19.2
May,Historical,Hot,7,o,Adventure,5.0
October,Wildlife,Hot,4,o,Adventure,15.81
June,Religious,Moderate,6,o,Culture,6.85
March,Religious,Moderate,1,o,Adventure,13.96
August,Hill Station,Moderate,5,o,Adventure,12.67
May,Hill Station,Cold,5,o,Shopping,9.35
July,City,Moderate,2,o,Shopping,8.43
October,Beach,Moderate,4,o,Food,14.98
August,Religious,Moderate,1,o,Relaxation,10.38
August,Historical,Hot,7,o,Adventure,11.93
March,Hill Station,Cold,14,o,Relaxation,17.97
June,Religious,Moderate,7,o,Adventure,10.31
September,City,Moderate,6,o,Shopping,10.61
June,Beach,Moderate,6,o,Culture,14.74
June,City,Moderate,1,o,Food,16.03
December,Beach,Hot,6,o,Relaxation,19.26
August,Historical,Hot,10,o,Shopping,13.34
April,Wildlife,Hot,3,o,Relaxation,19.32
October,Historical,Hot,1,o,Relaxation,16.46
January,City,Moderate,14,o,Adventure,9.66
October,Beach,Hot,7,o,Shopping,24.04
October,Religious,Moderate,1,o,Shopping,7.86
January,Beach,Hot,10,o,Relaxation,22.03
July,City,Moderate,2,o,Adventure,12.8
November,Historical,Hot,10,o,Shopping,13.34
November,Hill Station,Moderate,2,o,Culture,15.78
April,Beach,Hot,4,o,Adventure,16.8
January,City,Moderate,10,o,Food,14.92
February,Historical,Hot,7,o,Relaxation,13.96
November,Beach,Hot,4,o,Food,20.31
October,Religious,Moderate,2,o,Relaxation,11.07
July,Religious,Moderate,3,o,Food,8.75
April,Hill Station,Cold,1,o,Culture,14.1
March,Historical,Hot,7,o,Relaxation,16.38
March,Hill Station,Cold,3,o,Food,15.01
August,Wildlife,Hot,5,o,Shopping,13.54
June,Beach,Hot,5,o,Adventure,16.15
December,Wildlife,Hot,14,o,Shopping,15.79
September,Wildlife,Hot,3,o,Relaxation,18.09
March,Hill Station,Cold,3,o,Relaxation,16.67
March,Religious,Moderate,7,o,Adventure,7.73
May,Wildlife,Hot,7,o,Culture,14.56
September,Religious,Moderate,6,o,Culture,7.5
July,Beach,Hot,1,o,Shopping,21.78
November,Wildlife,Hot,7,o,Adventure,15.35
December,City,Moderate,5,o,Relaxation,12.65
August,City,Moderate,4,o,Culture,9.53
August,Historical,Hot,10,o,Culture,9.95
August,Wildlife,Hot,1,o,Adventure,20.46
June,Religious,Moderate,10,o,Shopping,11.39
July,Historical,Hot,2,o,Adventure,10.38
September,Beach,Hot,5,o,Relaxation,18.63
January,Beach,Hot,3,o,Food,23.14
November,Wildlife,Hot,2,o,Shopping,16.62
February,Religious,Moderate,10,o,Culture,9.35
April,Hill Station,Cold,10,o,Culture,16.44
June,Hill Station,Moderate,7,o,Adventure,14.25
September,Religious,Moderate,1,o,Food,11.45
July,Beach,Hot,5,o,Shopping,19.09
March,Historical,Hot,10,o,Adventure,11.11
March,Wildlife,Hot,5,o,Adventure,18.9
June,Beach,Hot,5,o,Relaxation,10.95
February,Hill Station,Cold,2,o,Adventure,12.85
January,Wildlife,Hot,14,o,Food,18.7
August,Historical,Hot,1,o,Adventure,11.82
February,Religious,Moderate,6,o,Shopping,13.59
August,Beach,Moderate,2,o,Shopping,16.6
May,Religious,Moderate,1,o,Shopping,13.51
July,City,Moderate,14,o,Relaxation,14.11
October,Wildlife,Hot,7,o,Shopping,20.61
July,Historical,Hot,2,o,Culture,6.96
February,Religious,Moderate,2,o,Culture,11.37
November,Hill Station,Cold,10,o,Adventure,11.37
September,Hill Station,Moderate,6,o,Shopping,7.58
June,Hill Station,Cold,1,o,Adventure,17.34
October,Beach,Moderate,10,o,Culture,19.19
March,Beach,Moderate,1,o,Food,21.07
October,Hill Station,Cold,10,o,Relaxation,19.28
November,City,Moderate,10,o,Culture,14.11
October,Religious,Moderate,7,o,Relaxation,11.51
May,City,Moderate,3,o,Culture,12.86
November,City,Moderate,5,o,Shopping,9.56
May,Religious,Moderate,2,o,Adventure,10.35
June,Historical,Hot,4,o,Adventure,17.92
November,Historical,Hot,6,o,Adventure,10.87
August,Hill Station,Moderate,4,o,Relaxation,21.92
December,Historical,Hot,10,o,Shopping,8.95
January,Historical,Hot,14,o,Shopping,14.47
February,City,Moderate,10,o,Shopping,9.07
September,City,Moderate,5,o,Culture,13.47
September,Wildlife,Moderate,2,o,Food,19.93
October,City,Moderate,1,o,Food,12.93
June,Wildlife,Moderate,14,o,Relaxation,18.84
December,Historical,Hot,1,o,Culture,10.31
May,Religious,Moderate,5,o,Shopping,8.89
October,City,Moderate,14,o,Food,14.16
May,Historical,Hot,6,o,Relaxation,15.36
August,Beach,Moderate,2,o,Relaxation,18.66
December,Hill Station,Cold,1,o,Adventure,14.05
September,Religious,Moderate,5,o,Adventure,11.34
October,Historical,Hot,14,o,Food,12.01
April,Religious,Moderate,3,o,Food,7.73
October,Hill Station,Moderate,7,o,Culture,18.33
November,Hill Station,Moderate,10,o,Adventure,12.58
December,Religious,Moderate,14,o,Culture,9.62
March,Hill Station,Cold,7,o,Relaxation,7.54
October,City,Moderate,10,o,Culture,9.88
June,Religious,Moderate,6,o,Adventure,8.48
September,City,Moderate,10,o,Food,11.38
March,Wildlife,Hot,2,o,Food,13.94
October,City,Moderate,14,o,Culture,10.56
July,City,Moderate,1,o,Culture,11.63
April,City,Moderate,10,o,Food,11.94
May,Hill Station,Cold,10,o,Food,19.69
July,Beach,Hot,2,o,Culture,22.41
June,Historical,Hot,14,o,Shopping,9.0
March,Hill Station,Cold,3,o,Culture,11.33
October,Historical,Hot,14,o,Shopping,8.5
September,Wildlife,Moderate,14,o,Food,15.17
May,Historical,Hot,5,o,Culture,10.71
May,City,Moderate,2,o,Shopping,12.28
February,Beach,Moderate,3,o,Adventure,18.8
January,Religious,Moderate,6,o,Shopping,12.51
December,Wildlife,Moderate,10,o,Relaxation,14.52
April,City,Moderate,5,o,Food,15.06
October,Historical,Hot,1,o,Food,10.08
September,Hill Station,Cold,5,o,Culture,14.53
April,City,Moderate,7,o,Food,14.78
February,Religious,Moderate,2,o,Shopping,12.71
July,City,Moderate,3,o,Food,11.15
January,Religious,Moderate,10,o,Relaxation,7.7
October,Hill Station,Cold,5,o,Culture,16.67
April,Wildlife,Hot,2,o,Culture,23.16
December,Historical,Hot,3,o,Relaxation,13.19
April,Historical,Hot,1,o,Relaxation,13.32
November,Beach,Hot,10,o,Relaxation,21.59
May,Hill Station,Cold,5,o,Relaxation,11.78
April,Historical,Hot,2,o,Shopping,10.79
April,Hill Station,Moderate,14,o,Adventure,17.47
September,Religious,Moderate,3,o,Shopping,11.18
January,Wildlife,Hot,7,o,Food,13.32
December,Historical,Hot,5,o,Culture,8.46
July,City,Moderate,7,o,Food,5.52
June,Beach,Moderate,5,o,Shopping,25.69
November,Hill Station,Cold,14,o,Relaxation,10.92
March,Religious,Moderate,2,o,Culture,12.29
October,Beach,Hot,1,o,Shopping,22.98
October,City,Moderate,14,o,Shopping,13.14
September,City,Moderate,3,o,Food,12.27
January,Religious,Moderate,6,o,Shopping,7.4
February,Beach,Hot,4,o,Relaxation,21.34
September,Religious,Moderate,14,o,Food,9.63
April,Historical,Hot,3,o,Relaxation,12.47
July,Hill Station,Cold,14,o,Shopping,15.77
August,Historical,Hot,10,o,Relaxation,8.64
July,Wildlife,Hot,14,o,Relaxation,14.13
August,Religious,Moderate,3,o,Relaxation,13.59
January,Wildlife,Moderate,4,o,Shopping,16.59
August,Beach,Moderate,10,o,Food,17.67
August,Wildlife,Moderate,2,o,Culture,15.67
March,Religious,Moderate,14,o,Shopping,10.19
November,Beach,Hot,6,o,Culture,23.29
April,Religious,Moderate,6,o,Shopping,15.14
November,Historical,Hot,3,o,Relaxation,11.87
January,Historical,Hot,5,o,Adventure,15.42
September,City,Moderate,6,o,Culture,11.77
January,Religious,Moderate,3,o,Relaxation,8.86
March,Historical,Hot,14,o,Relaxation,15.3
May,City,Moderate,3,o,Adventure,17.74
June,City,Moderate,6,o,Relaxation,18.89
September,City,Moderate,4,o,Shopping,14.0
November,Wildlife,Hot,1,o,Shopping,17.66
July,City,Moderate,10,o,Adventure,15.9
October,Wildlife,Hot,7,o,Culture,19.42
November,Religious,Moderate,10,o,Shopping,7.59
July,Beach,Moderate,1,o,Culture,23.95
November,City,Moderate,5,o,Food,11.38
December,Religious,Moderate,4,o,Shopping,10.44
October,Beach,Hot,2,o,Relaxation,20.29
September,Religious,Moderate,6,o,Culture,10.82
January,City,Moderate,1,o,Shopping,13.14
April,Religious,Moderate,5,o,Relaxation,11.73
July,City,Moderate,5,o,Relaxation,10.1
January,Hill Station,Cold,14,o,Shopping,15.14
January,Wildlife,Moderate,2,o,Relaxation,15.44
April,Beach,Hot,14,o,Relaxation,22.06
December,Hill Station,Cold,14,o,Relaxation,16.64
March,Historical,Hot,14,o,Shopping,9.5
July,Beach,Hot,14,o,Culture,17.98
September,Wildlife,Hot,2,o,Culture,18.88
June,Hill Station,Cold,4,o,Adventure,16.07
April,Beach,Hot,6,o,Culture,17.72
March,Historical,Hot,10,o,Adventure,11.6
August,Historical,Hot,2,o,Food,17.24
October,City,Moderate,7,o,Culture,6.82
December,Religious,Moderate,5,o,Shopping,5.88
October,City,Moderate,6,o,Culture,14.33
January,Wildlife,Hot,6,o,Culture,9.97
March,City,Moderate,2,o,Shopping,11.16
September,Historical,Hot,6,o,Culture,11.41
April,City,Moderate,6,o,Food,16.9
December,Beach,Hot,6,o,Relaxation,19.04
November,Beach,Hot,14,o,Shopping,21.62
July,Religious,Moderate,6,o,Adventure,8.33
November,Hill Station,Moderate,3,o,Food,12.12
August,Hill Station,Cold,5,o,Culture,16.18
March,Religious,Moderate,1,o,Culture,7.9
August,Beach,Hot,7,o,Relaxation,18.1
April,Wildlife,Moderate,1,o,Shopping,14.02
January,Wildlife,Moderate,4,o,Culture,17.44
March,Religious,Moderate,2,o,Relaxation,13.44
January,Beach,Hot,3,o,Culture,18.54
April,Wildlife,Moderate,5,o,Shopping,16.97
May,Religious,Moderate,2,o,Food,16.33
January,Beach,Hot,6,o,Food,20.92
August,Religious,Moderate,6,o,Culture,13.54
May,Wildlife,Hot,10,o,Adventure,18.81
March,Wildlife,Hot,4,o,Adventure,22.02
July,Beach,Hot,1,o,Culture,17.3
April,Hill Station,Moderate,5,o,Adventure,11.96
September,Religious,Moderate,6,o,Culture,5.72
April,Historical,Hot,7,o,Relaxation,10.66
July,Religious,Moderate,14,o,Shopping,9.49
August,Historical,Hot,4,o,Relaxation,13.58
February,City,Moderate,3,o,Adventure,13.73
February,Hill Station,Cold,4,o,Food,13.3
January,Wildlife,Hot,2,o,Relaxation,14.46
January,City,Moderate,3,o,Food,10.06
September,Wildlife,Hot,14,o,Food,14.69
July,Religious,Moderate,7,o,Food,11.05
April,City,Moderate,2,o,Relaxation,12.33
October,Wildlife,Hot,1,o,Food,18.99
November,Wildlife,Hot,4,o,Adventure,12.5
September,Beach,Hot,4,o,Shopping,14.0
April,Hill Station,Moderate,7,o,Relaxation,12.88
January,Religious,Moderate,5,o,Shopping,8.67
February,Religious,Moderate,1,o,Shopping,14.36
October,Religious,Moderate,2,o,Food,11.52
August,Wildlife,Moderate,5,o,Food,14.45
February,Hill Station,Cold,4,o,Adventure,12.53
January,Religious,Moderate,4,o,Relaxation,14.04
June,City,Moderate,7,o,Food,15.35
May,Hill Station,Cold,14,o,Adventure,17.52
January,Historical,Hot,10,o,Culture,14.77
June,Historical,Hot,10,o,Relaxation,14.55
July,Beach,Hot,4,o,Adventure,20.32
April,Hill Station,Moderate,10,o,Adventure,10.59
November,Religious,Moderate,1,o,Adventure,7.78
April,City,Moderate,7,o,Adventure,14.37
July,Beach,Hot,10,o,Shopping,25.66
October,Hill Station,Moderate,5,o,Culture,10.5
November,Historical,Hot,4,o,Shopping,16.08
April,Religious,Moderate,10,o,Relaxation,11.19
February,Hill Station,Moderate,6,o,Shopping,11.84
October,Wildlife,Hot,10,o,Adventure,18.04
September,Hill Station,Moderate,7,o,Adventure,14.89
April,Beach,Hot,5,o,Relaxation,16.61
June,Beach,Hot,14,o,Shopping,17.9
December,Historical,Hot,14,o,Culture,13.3
November,Religious,Moderate,3,o,Food,10.57
October,Beach,Hot,1,o,Culture,20.51
March,Wildlife,Hot,14,o,Relaxation,14.22
September,City,Moderate,6,o,Culture,11.61
June,Religious,Moderate,2,o,Culture,12.44
July,Beach,Hot,1,o,Food,17.04
March,Beach,Hot,4,o,Food,22.6
September,Historical,Hot,4,o,Food,14.99
July,Wildlife,Moderate,4,o,Relaxation,14.52
January,Beach,Moderate,1,o,Food,20.36
May,City,Moderate,10,o,Shopping,13.83
July,City,Moderate,5,o,Shopping,14.7
December,Wildlife,Hot,5,o,Shopping,18.37
August,Hill Station,Cold,2,o,Relaxation,16.3
April,Beach,Hot,2,o,Shopping,17.99
March,Historical,Hot,10,o,Culture,8.71
February,Historical,Hot,5,o,Adventure,8.69
September,City,Moderate,2,o,Adventure,14.3
February,Hill Station,Cold,6,o,Culture,10.31
February,Historical,Hot,5,o,Food,11.44
February,Religious,Moderate,2,o,Shopping,13.24
February,Historical,Hot,5,o,Adventure,12.47
July,Historical,Hot,2,o,Relaxation,14.4
December,Hill Station,Cold,1,o,Shopping,18.58
December,City,Moderate,5,o,Culture,8.91
March,Historical,Hot,7,o,Culture,11.84
September,Wildlife,Hot,5,o,Shopping,15.96
February,Beach,Hot,5,o,Shopping,19.36
November,Hill Station,Cold,5,o,Culture,14.13
June,Religious,Moderate,6,o,Culture,10.76
January,Religious,Moderate,1,o,Shopping,10.38
February,Beach,Hot,7,o,Adventure,19.32
August,Religious,Moderate,3,o,Relaxation,13.96
August,Beach,Hot,5,o,Food,21.38
November,Religious,Moderate,10,o,Adventure,10.12
September,Religious,Moderate,4,o,Shopping,12.15
October,Wildlife,Moderate,6,o,Adventure,18.08
October,Religious,Moderate,4,o,Adventure,7.88
October,City,Moderate,2,o,Food,18.55
September,Historical,Hot,2,o,Adventure,8.08
December,Hill Station,Moderate,5,o,Shopping,21.45
September,Hill Station,Moderate,5,o,Culture,17.31
December,Wildlife,Moderate,10,o,Relaxation,21.08
December,Historical,Hot,7,o,Adventure,9.36
June,Beach,Hot,6,o,Food,18.68
March,Religious,Moderate,6,o,Culture,7.58
December,City,Moderate,7,o,Food,5.63
March,Historical,Hot,2,o,Culture,9.06
July,Religious,Moderate,3,o,Culture,10.66
September,Historical,Hot,1,o,Relaxation,16.8
December,Hill Station,Cold,2,o,Shopping,15.83
May,Religious,Moderate,5,o,Relaxation,6.12
October,Historical,Hot,3,o,Culture,11.91
July,Beach,Hot,4,o,Adventure,21.0
July,Wildlife,Moderate,5,o,Relaxation,18.47
November,Religious,Moderate,1,o,Adventure,9.36
January,Hill Station,Moderate,10,o,Shopping,16.69
November,Wildlife,Hot,5,o,Relaxation,16.68
July,Religious,Moderate,2,o,Shopping,17.11
May,Religious,Moderate,5,o,Adventure,10.33
December,Wildlife,Hot,5,o,Adventure,14.99
December,Beach,Hot,6,o,Culture,20.27
August,Beach,Hot,3,o,Relaxation,21.33
July,Religious,Moderate,10,o,Culture,12.3
January,Wildlife,Moderate,3,o,Relaxation,16.36
May,Historical,Hot,10,o,Shopping,5.93
February,Religious,Moderate,6,o,Adventure,6.23
September,Wildlife,Hot,10,o,Adventure,19.17
December,Hill Station,Cold,1,o,Adventure,15.37
July,Historical,Hot,2,o,Adventure,11.49
May,Hill Station,Moderate,5,o,Shopping,16.42
October,Historical,Hot,14,o,Adventure,5.0
August,Beach,Hot,6,o,Food,16.58
August,City,Moderate,4,o,Culture,13.49
April,Religious,Moderate,10,o,Relaxation,12.94
September,Religious,Moderate,10,o,Culture,11.5
August,Historical,Hot,14,o,Adventure,13.83
June,Wildlife,Moderate,4,o,Relaxation,14.9
March,Beach,Hot,2,o,Adventure,19.09
March,Religious,Moderate,3,o,Food,8.6
October,Historical,Hot,1,o,Food,10.7
July,Wildlife,Hot,1,o,Shopping,13.66
December,Beach,Hot,4,o,Culture,21.88
November,Wildlife,Hot,6,o,Food,17.7
May,Historical,Hot,7,o,Shopping,10.16
December,Religious,Moderate,1,o,Adventure,8.52
January,Hill Station,Moderate,1,o,Shopping,10.75
August,Historical,Hot,14,o,Relaxation,18.77
October,Hill Station,Cold,4,o,Shopping,9.8
December,Beach,Moderate,1,o,Shopping,18.82
September,Wildlife,Hot,5,o,Culture,17.1
August,Wildlife,Moderate,5,o,Shopping,14.44
November,Wildlife,Hot,3,o,Shopping,17.23
January,Wildlife,Moderate,10,o,Culture,20.17
July,City,Moderate,6,o,Culture,14.81
August,Historical,Hot,7,o,Shopping,10.24
October,City,Moderate,14,o,Adventure,11.26
October,Beach,Hot,5,o,Shopping,26.77
June,Historical,Hot,1,o,Food,12.85
June,Hill Station,Cold,3,o,Culture,14.69
July,Beach,Hot,3,o,Relaxation,24.56
April,Historical,Hot,3,o,Adventure,12.35
June,Religious,Moderate,3,o,Culture,7.91
April,City,Moderate,1,o,Relaxation,11.46
May,Wildlife,Hot,1,o,Shopping,20.73
June,Religious,Moderate,2,o,Relaxation,13.89
November,Historical,Hot,3,o,Relaxation,11.11
December,City,Moderate,10,o,Shopping,15.64
June,City,Moderate,14,o,Relaxation,19.0
October,Beach,Hot,1,o,Food,16.84
July,Hill Station,Cold,7,o,Relaxation,16.96
March,Wildlife,Hot,10,o,Relaxation,14.74
May,Historical,Hot,3,o,Relaxation,10.11
March,Beach,Hot,14,o,Shopping,28.74
April,Beach,Hot,10,o,Relaxation,16.17
June,Religious,Moderate,4,o,Relaxation,7.75
April,Hill Station,Moderate,10,o,Relaxation,16.93
September,Religious,Moderate,5,o,Adventure,14.42
January,Beach,Hot,4,o,Culture,17.49
May,Religious,Moderate,4,o,Adventure,10.2
November,Beach,Hot,2,o,Relaxation,24.36
May,Religious,Moderate,6,o,Food,16.64
June,Historical,Hot,10,o,Relaxation,13.64
August,Wildlife,Hot,4,o,Culture,18.79
September,Historical,Hot,6,o,Food,13.47
July,Religious,Moderate,7,o,Shopping,11.17
May,Wildlife,Hot,6,o,Shopping,9.67
May,Religious,Moderate,3,o,Culture,10.99
November,Hill Station,Cold,14,o,Shopping,15.03
November,Beach,Moderate,3,o,Food,17.93
June,Historical,Hot,4,o,Adventure,10.92
April,Religious,Moderate,7,o,Shopping,6.79
April,Wildlife,Hot,5,o,Food,11.26
September,Religious,Moderate,4,o,Food,8.1
October,Religious,Moderate,10,o,Relaxation,13.69
April,Wildlife,Hot,4,o,Food,8.78
April,Hill Station,Moderate,3,o,Adventure,18.95
November,Hill Station,Cold,7,o,Food,14.4
November,City,Moderate,1,o,Adventure,16.74
July,Beach,Hot,7,o,Adventure,16.18
July,Historical,Hot,10,o,Adventure,10.01
July,Beach,Hot,10,o,Shopping,20.26
October,Hill Station,Cold,14,o,Food,17.87
September,Historical,Hot,6,o,Relaxation,8.41
April,Religious,Moderate,14,o,Adventure,8.32
March,City,Moderate,10,o,Culture,9.69
February,Historical,Hot,6,o,Relaxation,7.53
November,City,Moderate,10,o,Relaxation,13.44
November,City,Moderate,7,o,Food,16.48
June,Beach,Hot,5,o,Food,19.45
October,Hill Station,Cold,6,o,Food,20.06
June,City,Moderate,7,o,Shopping,11.06
February,Religious,Moderate,10,o,Relaxation,9.56
January,Hill Station,Cold,1,o,Relaxation,16.55
November,Beach,Hot,3,o,Adventure,24.87
July,Religious,Moderate,7,o,Relaxation,9.44
December,Beach,Hot,7,o,Culture,20.06
December,Religious,Moderate,3,o,Relaxation,6.18
September,Beach,Moderate,10,o,Culture,18.33
February,City,Moderate,7,o,Food,15.98
February,Religious,Moderate,2,o,Adventure,12.58
September,Hill Station,Cold,14,o,Culture,12.69
December,Historical,Hot,10,o,Adventure,9.28
May,Beach,Moderate,5,o,Shopping,20.08
September,Historical,Hot,6,o,Shopping,14.06
February,Wildlife,Hot,10,o,Culture,16.21
November,Historical,Hot,1,o,Food,11.96
February,Wildlife,Moderate,7,o,Shopping,16.41
February,City,Moderate,1,o,Food,13.12
April,City,Moderate,5,o,Shopping,15.68
May,Historical,Hot,5,o,Food,13.77
September,Historical,Hot,10,o,Relaxation,11.53
March,Wildlife,Hot,14,o,Culture,15.98
July,Wildlife,Moderate,7,o,Culture,19.79
April,City,Moderate,10,o,Food,12.56
August,Wildlife,Moderate,2,o,Shopping,18.52
May,Wildlife,Hot,4,o,Shopping,15.9
October,City,Moderate,7,o,Adventure,11.83
April,Wildlife,Hot,14,o,Food,21.01
December,Hill Station,Cold,6,o,Relaxation,17.3
January,Hill Station,Moderate,14,o,Relaxation,18.01
July,Wildlife,Hot,3,o,Culture,18.2
April,City,Moderate,6,o,Culture,14.04
June,City,Moderate,3,o,Food,12.81
November,Hill Station,Cold,6,o,Adventure,16.62
September,Historical,Hot,10,o,Relaxation,17.81
September,Hill Station,Cold,1,o,Food,13.24
July,Beach,Hot,5,o,Culture,17.75
May,Historical,Hot,1,o,Adventure,8.85
May,Beach,Hot,10,o,Shopping,14.44
December,City,Moderate,2,o,Shopping,13.31
February,Religious,Moderate,3,o,Shopping,10.19
January,Beach,Hot,4,o,Culture,26.15
June,Religious,Moderate,14,o,Culture,8.44
November,Historical,Hot,1,o,Food,11.18
June,Hill Station,Cold,14,o,Adventure,18.7
April,Wildlife,Hot,6,o,Relaxation,16.23
January,Beach,Hot,2,o,Shopping,23.53
December,Beach,Hot,1,o,Culture,21.03
June,Hill Station,Cold,10,o,Food,15.13
January,Beach,Moderate,2,o,Adventure,18.4
August,Beach,Hot,2,o,Culture,20.28
September,Wildlife,Moderate,1,o,Culture,19.6
May,Historical,Hot,2,o,Food,10.03
January,Beach,Hot,6,o,Culture,23.67
February,City,Moderate,4,o,Food,7.99
August,Wildlife,Hot,2,o,Food,19.49
February,Wildlife,Hot,10,o,Shopping,17.36
October,Hill Station,Cold,3,o,Culture,14.26
September,Wildlife,Hot,6,o,Relaxation,17.84
October,Hill Station,Moderate,7,o,Adventure,18.45
April,Hill Station,Cold,4,o,Food,16.37
May,Beach,Moderate,6,o,Relaxation,19.89
October,Beach,Hot,5,o,Adventure,20.22
August,Hill Station,Cold,2,o,Relaxation,12.0
September,Historical,Hot,14,o,Culture,14.22
December,City,Moderate,10,o,Relaxation,9.22
July,City,Moderate,2,o,Shopping,11.79
December,Hill Station,Cold,3,o,Shopping,13.65
January,Religious,Moderate,7,o,Relaxation,5.0
July,Wildlife,Moderate,6,o,Adventure,14.12
February,Historical,Hot,2,o,Relaxation,10.09
November,Wildlife,Hot,2,o,Adventure,19.66
November,Wildlife,Moderate,3,o,Adventure,21.2
October,Religious,Moderate,4,o,Food,9.47
June,Beach,Hot,6,o,Relaxation,18.2
December,Wildlife,Moderate,3,o,Food,22.94
April,Hill Station,Cold,2,o,Relaxation,10.38
July,City,Moderate,14,o,Food,14.5
October,Religious,Moderate,7,o,Adventure,5.03
July,Religious,Moderate,14,o,Food,9.92
January,Hill Station,Cold,6,o,Culture,15.37
March,Beach,Hot,1,o,Adventure,20.74
September,Beach,Hot,2,o,Adventure,16.27
December,Historical,Hot,14,o,Adventure,13.82
December,Hill Station,Cold,7,o,Culture,11.78
August,Hill Station,Cold,2,o,Food,20.3
April,City,Moderate,5,o,Food,9.96
May,Historical,Hot,6,o,Culture,9.61
October,Hill Station,Cold,6,o,Adventure,10.58
March,Wildlife,Moderate,10,o,Shopping,17.26
July,City,Moderate,14,o,Shopping,13.13
November,Beach,Hot,1,o,Food,22.88
October,Historical,Hot,5,o,Relaxation,14.37
November,Hill Station,Cold,1,o,Relaxation,11.27
November,City,Moderate,10,o,Shopping,10.84
April,Historical,Hot,14,o,Culture,12.36
July,City,Moderate,2,o,Shopping,9.6
January,Wildlife,Hot,2,o,Relaxation,14.23
March,Historical,Hot,14,o,Shopping,12.3
August,Religious,Moderate,5,o,Adventure,9.99
June,Religious,Moderate,1,o,Food,10.59
October,Beach,Hot,10,o,Relaxation,20.79
July,Historical,Hot,7,o,Adventure,8.03
January,Beach,Hot,4,o,Shopping,12.53
July,City,Moderate,14,o,Culture,16.65
November,Wildlife,Moderate,1,o,Shopping,15.66
July,Hill Station,Moderate,3,o,Culture,16.63
January,Historical,Hot,3,o,Culture,10.59
March,Hill Station,Cold,4,o,Shopping,19.5
March,Hill Station,Cold,5,o,Culture,14.81
March,Beach,Hot,6,o,Culture,19.76
January,Religious,Moderate,14,o,Adventure,9.68
July,City,Moderate,2,o,Food,14.74
June,Historical,Hot,1,o,Adventure,10.12
November,City,Moderate,6,o,Adventure,12.4
April,Religious,Moderate,2,o,Culture,16.09
May,Beach,Moderate,6,o,Food,25.97
October,Historical,Hot,4,o,Culture,12.01
March,City,Moderate,3,o,Relaxation,13.53
October,Religious,Moderate,2,o,Adventure,7.79
December,Beach,Hot,4,o,Culture,18.42
December,Religious,Moderate,2,o,Culture,19.75
August,City,Moderate,14,o,Food,14.44
November,Beach,Moderate,10,o,Relaxation,22.56
January,Historical,Hot,3,o,Culture,12.03
September,Hill Station,Cold,3,o,Shopping,14.37
August,Beach,Moderate,14,o,Relaxation,20.61
January,Hill Station,Cold,7,o,Adventure,13.7
July,Beach,Moderate,6,o,Relaxation,18.62
November,Historical,Hot,6,o,Relaxation,11.88
May,City,Moderate,6,o,Shopping,11.49
December,Beach,Hot,5,o,Relaxation,22.86
December,Wildlife,Moderate,10,o,Relaxation,18.39
May,Religious,Moderate,5,o,Culture,11.95
November,Religious,Moderate,6,o,Relaxation,10.86
February,Beach,Hot,10,o,Adventure,19.57
January,Wildlife,Moderate,6,o,Food,19.77
June,Hill Station,Cold,6,o,Culture,13.23
August,Beach,Hot,3,o,Food,20.98
July,Hill Station,Cold,10,o,Shopping,18.73
December,Historical,Hot,1,o,Shopping,11.23
September,Wildlife,Moderate,10,o,Food,18.46
August,City,Moderate,2,o,Food,13.59
November,Religious,Moderate,10,o,Adventure,13.32
November,City,Moderate,4,o,Adventure,9.85
June,Religious,Moderate,4,o,Food,9.98
July,Hill Station,Cold,3,o,Relaxation,14.32
May,Hill Station,Moderate,2,o,Shopping,17.75
January,City,Moderate,2,o,Relaxation,16.56
May,Hill Station,Cold,5,o,Adventure,15.89
October,City,Moderate,7,o,Food,9.38
May,City,Moderate,5,o,Shopping,18.28
October,Beach,Hot,10,o,Adventure,19.62
April,Hill Station,Cold,4,o,Culture,12.14
August,Beach,Hot,3,o,Food,17.95
August,Wildlife,Moderate,1,o,Food,16.11
December,Hill Station,Cold,4,o,Adventure,14.71
May,Religious,Moderate,5,o,Relaxation,8.54
December,Wildlife,Hot,14,o,Culture,20.48
December,Religious,Moderate,7,o,Food,12.85
September,Religious,Moderate,14,o,Food,15.93
July,Hill Station,Moderate,1,o,Food,13.51
June,Religious,Moderate,3,o,Adventure,8.14
August,Historical,Hot,7,o,Relaxation,13.09
May,Beach,Hot,1,o,Shopping,16.48
March,Beach,Hot,3,o,Adventure,25.7
June,Beach,Hot,5,o,Food,21.18
January,Wildlife,Hot,5,o,Shopping,12.99
May,Historical,Hot,14,o,Adventure,13.84
August,Beach,Hot,5,o,Food,15.18
May,Historical,Hot,1,o,Shopping,9.79
July,Historical,Hot,7,o,Relaxation,12.58
January,Historical,Hot,1,o,Shopping,7.29
December,Religious,Moderate,3,o,Shopping,11.38
March,Beach,Hot,14,o,Adventure,17.02
April,Beach,Hot,14,o,Food,17.42
September,Historical,Hot,5,o,Shopping,15.9
May,Historical,Hot,4,o,Shopping,12.11
January,Wildlife,Moderate,5,o,Relaxation,14.29
July,Religious,Moderate,3,o,Food,14.74
July,Religious,Moderate,7,o,Shopping,11.41
June,Hill Station,Cold,4,o,Food,16.99
May,Hill Station,Moderate,5,o,Relaxation,21.47
December,Beach,Moderate,5,o,Food,14.18
September,Wildlife,Hot,5,o,Adventure,17.38
March,Historical,Hot,5,o,Adventure,13.48
July,Beach,Hot,4,o,Adventure,16.61
December,Historical,Hot,1,o,Shopping,11.82
May,City,Moderate,14,o,Shopping,12.76
December,Hill Station,Cold,6,o,Shopping,15.5
December,Wildlife,Hot,14,o,Culture,19.9
May,Religious,Moderate,3,o,Food,13.49
October,Hill Station,Cold,4,o,Shopping,9.4
April,Hill Station,Cold,7,o,Shopping,14.97
August,City,Moderate,7,o,Relaxation,11.04
August,Historical,Hot,10,o,Food,8.93
April,Historical,Hot,6,o,Food,8.39
April,Wildlife,Hot,5,o,Adventure,15.31
October,Hill Station,Cold,2,o,Culture,12.16
September,Wildlife,Hot,1,o,Relaxation,21.62
July,Wildlife,Hot,10,o,Relaxation,15.42
October,Beach,Hot,1,o,Relaxation,15.13
February,Religious,Moderate,6,o,Shopping,7.36
February,Hill Station,Moderate,2,o,Adventure,14.75
May,Beach,Hot,14,o,Culture,19.41
March,Hill Station,Cold,4,o,Culture,19.39
October,Historical,Hot,3,o,Shopping,5.0
October,Hill Station,Cold,1,o,Food,15.21
July,Hill Station,Moderate,2,o,Food,6.57
December,Historical,Hot,1,o,Shopping,13.82
August,City,Moderate,4,o,Culture,11.82
August,Wildlife,Hot,7,o,Shopping,15.84
August,Historical,Hot,3,o,Shopping,14.14
January,Hill Station,Cold,3,o,Adventure,10.4
July,Beach,Hot,5,o,Relaxation,16.21
June,Beach,Hot,14,o,Adventure,16.72
May,Historical,Hot,6,o,Relaxation,13.18
November,Wildlife,Hot,6,o,Adventure,16.69
April,City,Moderate,3,o,Food,17.09
February,Historical,Hot,2,o,Adventure,10.68
November,Religious,Moderate,2,o,Culture,12.83
November,Historical,Hot,3,o,Relaxation,12.11
October,Religious,Moderate,7,o,Adventure,10.54
September,Wildlife,Hot,14,o,Shopping,19.72
January,Religious,Moderate,14,o,Adventure,11.46
June,City,Moderate,14,o,Relaxation,13.25
May,Historical,Hot,4,o,Food,12.87
May,Religious,Moderate,5,o,Shopping,10.39
July,Historical,Hot,4,o,Relaxation,12.38
August,Beach,Hot,7,o,Shopping,18.56
December,City,Moderate,6,o,Culture,17.89
July,Wildlife,Hot,5,o,Shopping,19.66
December,Wildlife,Moderate,2,o,Shopping,12.25
May,City,Moderate,10,o,Relaxation,9.66
December,City,Moderate,3,o,Adventure,14.3
April,City,Moderate,10,o,Culture,12.44
November,Historical,Hot,1,o,Food,10.56
October,Wildlife,Moderate,7,o,Food,17.58
May,City,Moderate,6,o,Food,9.13
June,Hill Station,Cold,5,o,Shopping,13.54
September,Wildlife,Moderate,1,o,Shopping,10.35
April,City,Moderate,4,o,Food,16.82
October,Religious,Moderate,4,o,Shopping,7.03
July,Beach,Moderate,7,o,Relaxation,21.2
January,City,Moderate,10,o,Culture,11.89
January,Beach,Hot,5,o,Relaxation,17.58
December,Hill Station,Moderate,7,o,Adventure,14.77
January,Beach,Moderate,6,o,Culture,21.68
July,Hill Station,Cold,6,o,Relaxation,13.6
August,Wildlife,Hot,7,o,Food,15.25
July,Beach,Hot,10,o,Culture,23.38
December,City,Moderate,7,o,Culture,10.43
April,Historical,Hot,3,o,Relaxation,8.44
October,Historical,Hot,10,o,Food,12.55
October,City,Moderate,3,o,Culture,7.44
January,Hill Station,Cold,2,o,Adventure,14.69
July,Hill Station,Moderate,1,o,Shopping,15.86
June,Historical,Hot,2,o,Food,11.39
May,Historical,Hot,10,o,Food,15.37
September,Historical,Hot,4,o,Relaxation,16.15
February,Beach,Moderate,5,o,Shopping,17.96
August,City,Moderate,6,o,Culture,10.63
October,City,Moderate,4,o,Food,15.21
November,City,Moderate,3,o,Culture,12.23
August,Historical,Hot,1,o,Relaxation,14.66
August,Religious,Moderate,6,o,Food,14.63
August,Historical,Hot,2,o,Adventure,12.83
October,Religious,Moderate,3,o,Relaxation,12.67
April,Beach,Hot,2,o,Adventure,18.17
August,Beach,Moderate,5,o,Shopping,19.12
December,City,Moderate,4,o,Adventure,9.34
September,Beach,Moderate,10,o,Shopping,23.9
January,Hill Station,Cold,10,o,Food,12.86
November,Wildlife,Hot,7,o,Adventure,20.64
January,Religious,Moderate,7,o,Adventure,11.32
January,City,Moderate,10,o,Shopping,12.0
November,Wildlife,Moderate,5,o,Food,12.41
April,Historical,Hot,1,o,Food,7.57
June,Beach,Hot,10,o,Food,21.7
November,Beach,Hot,5,o,Culture,17.94
May,Religious,Moderate,3,o,Culture,16.38
January,Historical,Hot,1,o,Food,13.23
September,Beach,Hot,14,o,Shopping,22.31
April,Beach,Hot,2,o,Culture,20.38
June,Historical,Hot,14,o,Food,11.46
January,City,Moderate,14,o,Culture,13.05
April,Wildlife,Hot,1,o,Food,17.74
August,Beach,Hot,6,o,Adventure,23.37
March,Historical,Hot,7,o,Culture,11.41
December,Wildlife,Moderate,6,o,Adventure,15.84
March,Beach,Hot,7,o,Adventure,15.0
January,Historical,Hot,3,o,Relaxation,13.96
June,Beach,Hot,5,o,Shopping,19.43
August,Hill Station,Cold,2,o,Adventure,12.09
March,City,Moderate,10,o,Adventure,15.22
February,Beach,Hot,3,o,Adventure,24.21
February,Religious,Moderate,14,o,Relaxation,11.74
May,City,Moderate,3,o,Adventure,15.85
March,Beach,Hot,1,o,Food,14.85
March,Religious,Moderate,1,o,Food,6.16
October,City,Moderate,4,o,Adventure,20.29
September,Hill Station,Moderate,5,o,Culture,12.38
September,Religious,Moderate,6,o,Relaxation,8.24
August,Historical,Hot,4,o,Food,7.57
December,Wildlife,Moderate,6,o,Culture,15.47
September,Religious,Moderate,2,o,Relaxation,11.55
March,City,Moderate,10,o,Food,16.36
March,Beach,Moderate,7,o,Food,18.41
June,City,Moderate,2,o,Food,15.41
June,Wildlife,Hot,6,o,Relaxation,12.01
September,Religious,Moderate,14,o,Shopping,6.51
June,Religious,Moderate,1,o,Culture,9.88
February,Beach,Hot,7,o,Food,14.38
May,Religious,Moderate,14,o,Culture,14.63
November,Historical,Hot,6,o,Adventure,10.48
September,Hill Station,Moderate,5,o,Food,14.1
December,Wildlife,Hot,1,o,Culture,11.3
May,Wildlife,Moderate,7,o,Culture,16.29
April,Religious,Moderate,6,o,Adventure,11.99
October,Hill Station,Cold,6,o,Shopping,19.13
December,City,Moderate,4,o,Food,19.45
September,City,Moderate,2,o,Food,14.56
August,Hill Station,Moderate,10,o,Relaxation,8.75
August,City,Moderate,10,o,Shopping,14.89
October,Historical,Hot,3,o,Culture,10.23
March,City,Moderate,4,o,Adventure,9.28
May,Wildlife,Hot,4,o,Relaxation,15.8
January,Historical,Hot,1,o,Food,12.1
June,Historical,Hot,6,o,Culture,9.32
May,Wildlife,Moderate,7,o,Food,20.53
July,Historical,Hot,7,o,Adventure,6.98
June,Beach,Hot,7,o,Food,15.71
March,Religious,Moderate,6,o,Adventure,5.23
January,City,Moderate,3,o,Culture,12.26
May,Historical,Hot,1,o,Shopping,7.44
March,Historical,Hot,3,o,Adventure,12.14
July,Historical,Hot,6,o,Shopping,14.25
June,Beach,Hot,2,o,Culture,17.92
February,Religious,Moderate,10,o,Culture,14.15
June,Religious,Moderate,5,o,Adventure,12.52
April,City,Moderate,5,o,Food,12.94
June,City,Moderate,6,o,Food,10.28
July,Historical,Hot,14,o,Adventure,13.35
June,Religious,Moderate,10,o,Relaxation,10.08
September,Religious,Moderate,1,o,Shopping,9.86
May,Wildlife,Hot,2,o,Adventure,15.69
May,Hill Station,Moderate,4,o,Adventure,10.57
June,Hill Station,Moderate,6,o,Adventure,8.13
June,Religious,Moderate,3,o,Food,7.67
April,Hill Station,Cold,4,o,Food,14.61
October,Historical,Hot,4,o,Adventure,7.77
September,Hill Station,Cold,14,o,Adventure,19.52
February,Wildlife,Moderate,1,o,Adventure,14.0
April,City,Moderate,2,o,Food,17.6
April,Hill Station,Moderate,3,o,Culture,8.82
May,Hill Station,Cold,1,o,Shopping,14.9
December,Hill Station,Moderate,4,o,Relaxation,11.66
August,Wildlife,Moderate,1,o,Relaxation,16.08
September,Beach,Hot,14,o,Relaxation,19.86
March,Religious,Moderate,2,o,Food,5.32
May,Wildlife,Hot,5,o,Food,16.52
August,Historical,Hot,7,o,Shopping,8.98
March,Historical,Hot,1,o,Culture,18.69
September,Wildlife,Hot,2,o,Culture,15.26
December,Beach,Moderate,7,o,Relaxation,19.99
May,Historical,Hot,3,o,Shopping,15.76
May,Religious,Moderate,1,o,Culture,14.75
April,City,Moderate,3,o,Food,14.37
April,Historical,Hot,10,o,Shopping,13.89
February,Wildlife,Hot,14,o,Food,21.67
May,Historical,Hot,3,o,Culture,14.8
August,City,Moderate,2,o,Food,5.0
October,City,Moderate,4,o,Shopping,17.74
February,Wildlife,Hot,6,o,Relaxation,23.03
May,City,Moderate,3,o,Shopping,15.41
March,Beach,Hot,7,o,Adventure,22.64
October,Wildlife,Hot,7,o,Food,21.05
July,City,Moderate,14,o,Shopping,11.41
March,Hill Station,Cold,3,o,Food,20.71
November,Wildlife,Moderate,3,o,Relaxation,23.18
August,City,Moderate,3,o,Food,17.09
August,Beach,Moderate,4,o,Relaxation,16.26
May,Beach,Hot,1,o,Food,15.11
September,Historical,Hot,7,o,Relaxation,13.86
June,Historical,Hot,10,o,Food,7.72
May,Wildlife,Hot,6,o,Adventure,20.17
November,City,Moderate,10,o,Culture,12.76
August,Religious,Moderate,14,o,Culture,5.77
June,Historical,Hot,6,o,Adventure,10.63
November,Hill Station,Moderate,10,o,Shopping,14.53
November,Religious,Moderate,5,o,Culture,11.5
July,Wildlife,Moderate,4,o,Relaxation,16.22
June,Beach,Moderate,7,o,Adventure,18.51
June,Hill Station,Cold,4,o,Shopping,17.56
January,City,Moderate,1,o,Relaxation,12.17
November,City,Moderate,14,o,Adventure,7.29
August,Historical,Hot,2,o,Culture,10.55
April,City,Moderate,6,o,Adventure,13.13
September,Hill Station,Moderate,6,o,Food,18.67
July,Religious,Moderate,6,o,Culture,11.86
April,Religious,Moderate,6,o,Relaxation,7.21
September,Wildlife,Hot,2,o,Adventure,19.79
March,Religious,Moderate,3,o,Relaxation,9.02
July,Religious,Moderate,4,o,Shopping,9.27
December,Beach,Hot,1,o,Food,19.96
April,City,Moderate,14,o,Relaxation,14.29
January,Hill Station,Cold,14,o,Shopping,11.76
January,Wildlife,Hot,1,o,Shopping,14.08
October,City,Moderate,2,o,Relaxation,10.78
August,Wildlife,Moderate,5,o,Culture,17.29
October,Wildlife,Hot,1,o,Culture,17.61
January,City,Moderate,3,o,Shopping,5.0
February,City,Moderate,5,o,Adventure,12.76
April,Beach,Hot,1,o,Food,15.28
August,City,Moderate,6,o,Shopping,14.12
July,Hill Station,Moderate,2,o,Adventure,13.83
February,Hill Station,Cold,7,o,Relaxation,18.99
June,Wildlife,Hot,4,o,Culture,16.44
August,Historical,Hot,4,o,Culture,11.32
April,Beach,Hot,2,o,Culture,24.31
May,Wildlife,Moderate,4,o,Shopping,17.85
July,Hill Station,Cold,7,o,Shopping,19.94
March,City,Moderate,4,o,Adventure,12.29
July,Beach,Hot,6,o,Adventure,18.45
March,City,Moderate,5,o,Shopping,14.53
June,Historical,Hot,3,o,Culture,10.12
January,Historical,Hot,4,o,Relaxation,8.61
March,Historical,Hot,10,o,Adventure,12.73
January,Religious,Moderate,1,o,Adventure,10.71
August,City,Moderate,1,o,Food,15.06
August,Historical,Hot,2,o,Culture,14.65
December,Hill Station,Cold,14,o,Adventure,13.86
December,Hill Station,Cold,4,o,Shopping,14.38
April,Beach,Hot,4,o,Culture,19.15
November,Religious,Moderate,6,o,Adventure,9.11
December,City,Moderate,6,o,Food,10.41
August,Hill Station,Cold,1,o,Culture,17.08
March,Historical,Hot,2,o,Relaxation,9.17
March,Religious,Moderate,5,o,Adventure,8.49
July,Beach,Hot,14,o,Culture,20.96
October,City,Moderate,1,o,Adventure,9.05
February,Beach,Hot,2,o,Culture,18.63
September,City,Moderate,1,o,Food,14.39
October,City,Moderate,4,o,Adventure,12.05
June,Beach,Hot,4,o,Shopping,19.93
April,Beach,Hot,1,o,Relaxation,17.39
December,City,Moderate,5,o,Culture,12.94
January,Beach,Hot,14,o,Adventure,17.87
May,City,Moderate,4,o,Shopping,14.79
November,Historical,Hot,3,o,Adventure,15.9
December,Hill Station,Moderate,5,o,Adventure,15.85
March,Historical,Hot,6,o,Adventure,12.8
November,Religious,Moderate,4,o,Food,11.64
August,Beach,Moderate,14,o,Adventure,24.26
February,City,Moderate,10,o,Food,7.15
January,Historical,Hot,6,o,Culture,14.0
December,Wildlife,Hot,4,o,Shopping,19.95
December,Religious,Moderate,2,o,Adventure,8.08
October,Hill Station,Cold,2,o,Culture,12.31
December,Historical,Hot,2,o,Relaxation,10.55
May,Historical,Hot,10,o,Shopping,12.73
January,Hill Station,Moderate,7,o,Culture,11.78
March,City,Moderate,6,o,Culture,15.5
August,Wildlife,Moderate,1,o,Culture,20.95
June,Religious,Moderate,1,o,Shopping,12.94
March,Wildlife,Hot,1,o,Shopping,19.51
March,Historical,Hot,3,o,Shopping,12.5
November,Historical,Hot,3,o,Food,16.28
November,Historical,Hot,7,o,Relaxation,11.62
September,Religious,Moderate,7,o,Adventure,10.18
January,Wildlife,Moderate,4,o,Adventure,14.08
November,Historical,Hot,2,o,Food,9.97
January,Wildlife,Hot,14,o,Food,15.88
January,Hill Station,Cold,4,o,Adventure,12.22
November,Beach,Hot,3,o,Shopping,18.4
November,Wildlife,Moderate,14,o,Culture,16.75
August,Historical,Hot,1,o,Shopping,6.88
August,Hill Station,Cold,3,o,Food,14.8
March,Religious,Moderate,2,o,Food,10.77
November,Hill Station,Cold,7,o,Shopping,14.78
August,City,Moderate,10,o,Adventure,14.03
June,Beach,Hot,7,o,Food,19.82
March,Religious,Moderate,3,o,Food,6.13
April,Hill Station,Cold,6,o,Adventure,14.89
December,Historical,Hot,10,o,Food,10.42
January,City,Moderate,1,o,Culture,9.93
July,Historical,Hot,10,o,Adventure,11.14
July,Religious,Moderate,10,o,Food,15.88
February,Beach,Moderate,14,o,Food,15.91
December,Beach,Moderate,10,o,Shopping,25.08
August,City,Moderate,10,o,Culture,12.22
October,Wildlife,Moderate,6,o,Culture,11.59
September,Religious,Moderate,4,o,Relaxation,11.3
October,City,Moderate,10,o,Food,12.23
March,Hill Station,Cold,1,o,Culture,11.45
December,Hill Station,Cold,7,o,Adventure,20.2
February,City,Moderate,3,o,Food,5.7
October,Historical,Hot,2,o,Adventure,12.74
October,Wildlife,Moderate,4,o,Food,17.13
November,Beach,Hot,1,o,Relaxation,20.21
September,Beach,Hot,10,o,Relaxation,23.19
June,Wildlife,Moderate,7,o,Adventure,13.85
December,Wildlife,Hot,10,o,Food,13.71
June,City,Moderate,6,o,Relaxation,15.75
January,Beach,Hot,3,o,Relaxation,23.63
August,Wildlife,Moderate,5,o,Food,14.73
March,Historical,Hot,14,o,Adventure,18.7
November,Beach,Hot,4,o,Food,23.1
August,City,Moderate,4,o,Adventure,8.87
March,Wildlife,Hot,4,o,Relaxation,14.99
September,Hill Station,Cold,7,o,Shopping,14.55
October,City,Moderate,5,o,Relaxation,16.93
November,Religious,Moderate,1,o,Culture,7.49
December,City,Moderate,10,o,Shopping,12.94
February,Religious,Moderate,10,o,Food,12.92
March,City,Moderate,5,o,Adventure,19.29
April,Beach,Hot,6,o,Culture,18.62
December,Beach,Hot,6,o,Adventure,20.72
October,Historical,Hot,3,o,Adventure,13.76
October,Historical,Hot,5,o,Adventure,15.28
July,Wildlife,Hot,6,o,Relaxation,19.27
March,Historical,Hot,5,o,Shopping,13.13
February,Beach,Hot,7,o,Food,19.45
January,Wildlife,Hot,14,o,Shopping,14.09
January,Wildlife,Hot,7,o,Culture,17.74
October,Wildlife,Moderate,5,o,Relaxation,19.26
December,City,Moderate,2,o,Adventure,11.24
August,Hill Station,Cold,10,o,Relaxation,15.17
May,City,Moderate,3,o,Culture,16.74
September,Hill Station,Cold,2,o,Adventure,13.78
October,Wildlife,Hot,2,o,Food,18.61
April,Beach,Hot,6,o,Food,22.83
September,Historical,Hot,5,o,Relaxation,12.59
February,Wildlife,Hot,6,o,Adventure,19.3
April,Religious,Moderate,5,o,Adventure,12.86
January,Historical,Hot,2,o,Shopping,12.86
July,Historical,Hot,3,o,Relaxation,12.48
May,City,Moderate,7,o,Culture,9.2
February,Beach,Hot,4,o,Relaxation,19.38
October,City,Moderate,3,o,Shopping,11.22
May,Beach,Hot,1,o,Food,18.73
April,Historical,Hot,5,o,Shopping,6.74
July,Beach,Moderate,1,o,Shopping,23.39
August,Wildlife,Moderate,1,o,Culture,17.15
January,Religious,Moderate,4,o,Shopping,11.63
August,Wildlife,Moderate,6,o,Adventure,20.33
June,Hill Station,Cold,3,o,Relaxation,17.27
December,Hill Station,Moderate,3,o,Adventure,13.6
May,Hill Station,Cold,2,o,Relaxation,12.79
February,Historical,Hot,7,o,Shopping,9.99
June,Wildlife,Hot,7,o,Food,14.78
December,City,Moderate,6,o,Food,12.6
April,City,Moderate,4,o,Relaxation,10.67
December,Historical,Hot,1,o,Culture,14.82
February,Beach,Moderate,6,o,Food,20.23
February,Historical,Hot,10,o,Food,10.63
December,Religious,Moderate,10,o,Culture,11.68
January,Wildlife,Hot,6,o,Food,13.0
March,Beach,Hot,3,o,Food,23.92
November,Hill Station,Cold,5,o,Adventure,17.29
February,Beach,Moderate,5,o,Food,22.77
February,Hill Station,Moderate,4,o,Adventure,15.37
October,Wildlife,Moderate,4,o,Shopping,21.79
March,Wildlife,Hot,7,o,Culture,18.1
February,City,Moderate,3,o,Adventure,13.73
August,Religious,Moderate,5,o,Adventure,9.19
October,Hill Station,Cold,14,o,Adventure,16.72
July,Religious,Moderate,14,o,Culture,10.3
June,Wildlife,Hot,5,o,Shopping,16.46
March,Wildlife,Moderate,10,o,Food,15.1
November,Beach,Hot,7,o,Relaxation,18.92
February,Historical,Hot,7,o,Food,12.49
February,City,Moderate,6,o,Food,10.77
September,Beach,Hot,1,o,Adventure,22.83
January,Hill Station,Cold,14,o,Relaxation,13.92
February,City,Moderate,6,o,Relaxation,12.99
May,Historical,Hot,3,o,Relaxation,14.58
December,Wildlife,Moderate,3,o,Adventure,16.47
March,Beach,Hot,7,o,Shopping,20.31
March,Historical,Hot,1,o,Relaxation,11.44
May,Beach,Hot,3,o,Relaxation,26.51
January,Beach,Moderate,10,o,Shopping,24.33
May,Historical,Hot,3,o,Adventure,6.98
September,Wildlife,Hot,10,o,Food,16.37
August,Religious,Moderate,5,o,Shopping,12.06
March,Hill Station,Moderate,2,o,Shopping,12.48
March,Hill Station,Moderate,5,o,Culture,12.97
April,Religious,Moderate,4,o,Adventure,11.93
February,Religious,Moderate,1,o,Culture,9.98
May,Religious,Moderate,10,o,Relaxation,8.38
March,Beach,Hot,7,o,Culture,16.07
July,City,Moderate,14,o,Adventure,7.63
March,Wildlife,Hot,10,o,Food,20.02
September,Historical,Hot,6,o,Food,11.46
September,Religious,Moderate,2,o,Relaxation,8.36
October,Wildlife,Hot,4,o,Food,16.11
August,Historical,Hot,14,o,Relaxation,13.36
January,Religious,Moderate,10,o,Food,15.42
March,Religious,Moderate,4,o,Culture,12.23
February,City,Moderate,14,o,Relaxation,10.91
April,Wildlife,Hot,2,o,Food,12.14
October,Hill Station,Cold,3,o,Food,13.03
June,Religious,Moderate,4,o,Relaxation,11.58
June,City,Moderate,1,o,Adventure,11.34
August,Historical,Hot,6,o,Shopping,8.83
May,Hill Station,Cold,7,o,Food,19.67
July,Beach,Hot,14,o,Shopping,16.87
February,Historical,Hot,4,o,Relaxation,13.62
October,Wildlife,Hot,6,o,Culture,15.71
May,Hill Station,Moderate,6,o,Food,15.66
June,City,Moderate,6,o,Relaxation,12.87
April,City,Moderate,1,o,Relaxation,5.0
February,Religious,Moderate,6,o,Food,15.81
July,City,Moderate,4,o,Food,14.47
December,Religious,Moderate,2,o,Adventure,11.99
May,Hill Station,Moderate,6,o,Shopping,18.13
April,Hill Station,Cold,7,o,Shopping,13.16
December,City,Moderate,1,o,Culture,9.08
April,City,Moderate,10,o,Shopping,13.56
May,Beach,Hot,3,o,Relaxation,23.66
August,Historical,Hot,1,o,Food,17.22
April,Religious,Moderate,14,o,Relaxation,9.94
February,Hill Station,Cold,10,o,Food,12.68
May,Hill Station,Cold,10,o,Culture,13.19
February,Religious,Moderate,2,o,Relaxation,9.35
October,Beach,Hot,7,o,Culture,17.45
February,Beach,Hot,2,o,Relaxation,22.9
February,City,Moderate,1,o,Relaxation,14.76
April,Wildlife,Moderate,1,o,Relaxation,17.16
May,Historical,Hot,1,o,Food,13.32
February,Hill Station,Cold,14,o,Food,14.77
May,Hill Station,Moderate,14,o,Shopping,16.24
January,City,Moderate,3,o,Adventure,13.16
February,Hill Station,Cold,5,o,Culture,15.94
January,Hill Station,Moderate,3,o,Shopping,16.87
February,Wildlife,Moderate,7,o,Shopping,20.01
August,Religious,Moderate,4,o,Food,8.91
October,Beach,Hot,10,o,Culture,15.27
January,Hill Station,Moderate,5,o,Relaxation,16.18
May,Beach,Hot,4,o,Shopping,21.09
May,Religious,Moderate,3,o,Culture,14.49
June,Hill Station,Cold,2,o,Shopping,9.68
July,Hill Station,Cold,1,o,Culture,16.03
February,Hill Station,Cold,4,o,Culture,15.18
June,Hill Station,Cold,6,o,Culture,14.48
May,Religious,Moderate,3,o,Food,7.02
November,Hill Station,Cold,3,o,Relaxation,19.04
June,Religious,Moderate,7,o,Food,13.76
November,Religious,Moderate,2,o,Relaxation,14.32
December,Historical,Hot,14,o,Adventure,12.96
August,Wildlife,Moderate,10,o,Food,14.63
June,Historical,Hot,2,o,Shopping,11.78
November,Beach,Hot,2,o,Shopping,18.77
September,Beach,Hot,2,o,Food,16.88
August,Wildlife,Moderate,3,o,Food,20.34
August,Hill Station,Cold,4,o,Food,16.97
February,Hill Station,Cold,5,o,Culture,20.42
July,City,Moderate,14,o,Food,14.0
May,Hill Station,Cold,2,o,Relaxation,20.52
October,Wildlife,Hot,7,o,Shopping,21.25
November,City,Moderate,2,o,Relaxation,16.62
September,City,Moderate,6,o,Culture,10.79
February,Wildlife,Moderate,14,o,Food,15.7
November,Religious,Moderate,7,o,Relaxation,13.68
June,Religious,Moderate,5,o,Adventure,12.0
October,City,Moderate,3,o,Relaxation,9.44
June,Historical,Hot,5,o,Food,11.03
September,Hill Station,Moderate,6,o,Relaxation,18.07
March,Historical,Hot,1,o,Adventure,12.91
June,Religious,Moderate,4,o,Adventure,11.81
January,Historical,Hot,6,o,Relaxation,10.46
April,City,Moderate,6,o,Culture,12.98
August,City,Moderate,14,o,Adventure,10.68
August,Religious,Moderate,14,o,Shopping,5.18
February,Wildlife,Hot,1,o,Relaxation,16.16
March,Religious,Moderate,1,o,Shopping,9.6
May,City,Moderate,10,o,Food,9.88
May,Hill Station,Moderate,7,o,Relaxation,13.9
November,Hill Station,Cold,10,o,Culture,17.3
February,Wildlife,Moderate,1,o,Culture,15.78
July,Religious,Moderate,7,o,Food,10.27
July,Historical,Hot,5,o,Food,14.27
March,City,Moderate,5,o,Shopping,11.88
December,City,Moderate,5,o,Adventure,15.37
February,Wildlife,Hot,2,o,Shopping,11.14
August,Hill Station,Cold,10,o,Food,11.5
March,Hill Station,Cold,6,o,Relaxation,20.57
November,Historical,Hot,5,o,Culture,16.1
April,Beach,Hot,3,o,Shopping,19.86
September,City,Moderate,10,o,Shopping,15.35
November,Religious,Moderate,1,o,Food,13.77
April,Beach,Hot,14,o,Culture,22.99
October,Hill Station,Moderate,14,o,Shopping,14.76
July,Wildlife,Hot,3,o,Culture,18.52
May,City,Moderate,14,o,Adventure,16.34
January,Hill Station,Cold,2,o,Relaxation,14.14
April,Wildlife,Moderate,3,o,Culture,19.87
June,Beach,Hot,7,o,Culture,18.58
February,City,Moderate,3,o,Food,11.04
February,Historical,Hot,10,o,Food,17.71
May,Hill Station,Moderate,4,o,Relaxation,14.67
December,Historical,Hot,3,o,Relaxation,14.58
May,City,Moderate,1,o,Shopping,5.0
July,Religious,Moderate,3,o,Relaxation,19.14
April,City,Moderate,2,o,Relaxation,17.51
February,Hill Station,Cold,2,o,Culture,12.17
January,Hill Station,Moderate,7,o,Relaxation,16.97
April,Hill Station,Moderate,7,o,Adventure,15.23
January,Religious,Moderate,6,o,Adventure,5.69
November,Beach,Hot,5,o,Adventure,20.49
August,City,Moderate,4,o,Shopping,13.39
September,Religious,Moderate,5,o,Relaxation,10.35
July,Religious,Moderate,2,o,Culture,14.41
November,Hill Station,Moderate,6,o,Adventure,13.64
December,Religious,Moderate,3,o,Culture,15.6
May,Historical,Hot,6,o,Food,11.8
June,City,Moderate,14,o,Shopping,16.49
March,Beach,Moderate,6,o,Food,20.64
October,Hill Station,Cold,5,o,Culture,14.71
March,Hill Station,Cold,4,o,Relaxation,18.71
April,City,Moderate,6,o,Food,12.23
November,Wildlife,Hot,6,o,Relaxation,18.61
September,Religious,Moderate,1,o,Food,13.31
June,City,Moderate,1,o,Shopping,13.0
November,Historical,Hot,10,o,Food,6.19
May,Beach,Hot,3,o,Culture,18.62
December,City,Moderate,10,o,Culture,9.81
May,Historical,Hot,5,o,Shopping,10.34
October,City,Moderate,4,o,Culture,11.28
May,Hill Station,Cold,1,o,Shopping,19.31
July,Hill Station,Cold,14,o,Adventure,14.84
May,Wildlife,Hot,14,o,Shopping,21.25
June,Historical,Hot,6,o,Shopping,15.06
October,Beach,Hot,4,o,Shopping,25.61
November,Wildlife,Moderate,7,o,Culture,15.5
February,Hill Station,Moderate,1,o,Relaxation,12.84
March,City,Moderate,6,o,Shopping,15.35
October,City,Moderate,7,o,Relaxation,15.12
January,Hill Station,Moderate,4,o,Shopping,17.33
January,Beach,Hot,10,o,Shopping,25.67
March,Wildlife,Moderate,6,o,Shopping,17.03
May,Religious,Moderate,4,o,Shopping,9.02
April,Hill Station,Cold,3,o,Adventure,15.71
December,City,Moderate,5,o,Relaxation,19.41
March,Beach,Hot,10,o,Culture,18.99
November,Wildlife,Moderate,4,o,Relaxation,15.07
October,Historical,Hot,5,o,Shopping,9.81
June,Wildlife,Moderate,5,o,Culture,21.93
June,Wildlife,Hot,10,o,Food,13.64
August,Religious,Moderate,4,o,Relaxation,13.21
December,Religious,Moderate,5,o,Shopping,13.78
December,Religious,Moderate,2,o,Shopping,14.53
March,Wildlife,Hot,5,o,Relaxation,22.5
October,Hill Station,Moderate,4,o,Relaxation,9.69
July,Historical,Hot,2,o,Shopping,8.31
December,Historical,Hot,1,o,Culture,9.59
May,Religious,Moderate,7,o,Adventure,9.59
February,City,Moderate,3,o,Adventure,12.1
September,Wildlife,Moderate,2,o,Relaxation,15.66
January,Hill Station,Moderate,3,o,Culture,15.66
December,Religious,Moderate,3,o,Food,11.11
November,Hill Station,Cold,6,o,Culture,9.11
September,Wildlife,Moderate,3,o,Relaxation,15.58
August,Historical,Hot,5,o,Shopping,11.26
April,Beach,Hot,6,o,Food,16.61
April,Religious,Moderate,10,o,Relaxation,8.27
September,Beach,Hot,4,o,Shopping,19.0
March,Wildlife,Moderate,2,o,Food,14.84
January,City,Moderate,3,o,Adventure,12.21
August,Historical,Hot,3,o,Shopping,12.9
November,Hill Station,Cold,5,o,Relaxation,14.87
November,Religious,Moderate,7,o,Food,13.72
February,City,Moderate,6,o,Shopping,14.22
February,City,Moderate,1,o,Relaxation,12.79
September,City,Moderate,14,o,Adventure,10.61
August,Beach,Moderate,4,o,Food,21.24
August,Hill Station,Moderate,4,o,Adventure,15.93
April,Beach,Hot,2,o,Shopping,22.42
May,Beach,Moderate,2,o,Relaxation,20.13
June,Religious,Moderate,1,o,Food,12.38
October,Beach,Hot,1,o,Culture,22.74
September,Wildlife,Moderate,1,o,Shopping,17.4
March,Hill Station,Cold,3,o,Shopping,17.03
March,Hill Station,Cold,2,o,Adventure,16.05
March,Wildlife,Hot,4,o,Culture,18.03
July,Wildlife,Hot,1,o,Food,12.73
February,Beach,Hot,6,o,Relaxation,17.08
February,Wildlife,Hot,10,o,Culture,17.69
January,City,Moderate,4,o,Food,10.83
September,Beach,Hot,14,o,Adventure,22.37
January,Wildlife,Moderate,5,o,Shopping,17.15
January,Hill Station,Moderate,3,o,Culture,12.93
April,Religious,Moderate,1,o,Adventure,10.67
November,Hill Station,Moderate,14,o,Food,13.56
September,Historical,Hot,10,o,Culture,12.09
June,City,Moderate,1,o,Food,13.34
February,Wildlife,Hot,5,o,Food,15.63
October,City,Moderate,10,o,Culture,18.31
July,Beach,Hot,5,o,Shopping,13.95
August,Religious,Moderate,3,o,Relaxation,6.98
February,Wildlife,Hot,14,o,Culture,18.62
January,Hill Station,Cold,5,o,Relaxation,17.2
January,Beach,Moderate,5,o,Culture,24.27
August,Historical,Hot,7,o,Adventure,17.98
October,City,Moderate,4,o,Culture,14.33
July,Wildlife,Moderate,7,o,Adventure,20.99
August,Historical,Hot,14,o,Adventure,10.23
September,Religious,Moderate,6,o,Food,8.42
May,Wildlife,Hot,2,o,Shopping,17.29
November,Hill Station,Moderate,7,o,Shopping,14.32
May,Historical,Hot,2,o,Shopping,13.95
April,Wildlife,Hot,10,o,Food,22.91
August,Wildlife,Moderate,10,o,Relaxation,14.8
May,Hill Station,Cold,4,o,Relaxation,11.67
June,Hill Station,Moderate,14,o,Culture,14.29
August,Beach,Hot,14,o,Relaxation,22.65
January,Hill Station,Cold,5,o,Shopping,14.33
April,Hill Station,Cold,7,o,Food,14.69
August,City,Moderate,6,o,Food,9.17
December,Historical,Hot,3,o,Shopping,11.76
August,Hill Station,Cold,4,o,Relaxation,15.89
March,City,Moderate,6,o,Adventure,12.39
February,Historical,Hot,3,o,Relaxation,11.52
September,Beach,Hot,6,o,Adventure,17.8
February,Historical,Hot,6,o,Food,14.35
March,Beach,Hot,6,o,Culture,21.82
January,Historical,Hot,14,o,Adventure,11.16
August,Religious,Moderate,14,o,Culture,6.86
January,Beach,Moderate,4,o,Food,21.24
February,Hill Station,Moderate,4,o,Culture,16.58
November,Religious,Moderate,4,o,Culture,5.0
December,Beach,Moderate,14,o,Shopping,19.17
January,City,Moderate,10,o,Shopping,13.11
January,Hill Station,Cold,10,o,Adventure,14.52
May,City,Moderate,4,o,Adventure,10.85
January,Beach,Hot,5,o,Adventure,18.64
May,Religious,Moderate,5,o,Shopping,12.57
August,Beach,Hot,2,o,Food,21.14
September,Religious,Moderate,10,o,Relaxation,12.71
June,Historical,Hot,10,o,Adventure,9.69
January,Religious,Moderate,6,o,Culture,15.56
July,City,Moderate,7,o,Food,12.06
September,Hill Station,Cold,10,o,Culture,19.59
March,City,Moderate,10,o,Culture,17.86
November,Wildlife,Hot,2,o,Relaxation,16.05
September,City,Moderate,14,o,Food,13.1
April,Historical,Hot,5,o,Shopping,10.07
November,Religious,Moderate,3,o,Adventure,10.9
October,Beach,Moderate,14,o,Relaxation,18.47
October,Beach,Hot,1,o,Culture,20.55
April,Hill Station,Moderate,3,o,Adventure,16.83
December,Religious,Moderate,5,o,Culture,9.81
July,Wildlife,Moderate,10,o,Culture,17.77
November,Historical,Hot,5,o,Culture,8.54
July,Hill Station,Cold,1,o,Shopping,13.89
September,City,Moderate,4,o,Shopping,14.79
July,Wildlife,Hot,5,o,Adventure,16.89
August,City,Moderate,10,o,Shopping,12.19
December,Historical,Hot,7,o,Shopping,13.04
August,Historical,Hot,7,o,Culture,5.46
January,Hill Station,Cold,14,o,Relaxation,14.83
October,Religious,Moderate,7,o,Relaxation,14.23
March,City,Moderate,2,o,Culture,11.62
May,Historical,Hot,14,o,Adventure,15.98
March,Wildlife,Hot,14,o,Food,8.96
August,Wildlife,Moderate,6,o,Relaxation,21.64
March,City,Moderate,1,o,Relaxation,12.8
June,Historical,Hot,1,o,Food,13.02
September,Historical,Hot,10,o,Food,8.81
July,Religious,Moderate,5,o,Food,12.58
August,Hill Station,Cold,3,o,Shopping,13.88
April,City,Moderate,1,o,Shopping,15.88
May,Beach,Hot,4,o,Adventure,14.98
September,Hill Station,Cold,4,o,Adventure,9.56
January,Wildlife,Hot,2,o,Relaxation,13.9
May,Hill Station,Cold,1,o,Food,20.75
September,Historical,Hot,14,o,Culture,14.49
August,City,Moderate,6,o,Food,10.77
June,City,Moderate,3,o,Culture,11.85
June,Wildlife,Hot,2,o,Adventure,15.64
October,City,Moderate,10,o,Shopping,14.96
December,City,Moderate,14,o,Shopping,12.88
August,Beach,Hot,14,o,Adventure,12.22
November,Beach,Hot,4,o,Adventure,19.84
July,City,Moderate,7,o,Shopping,10.84
December,Beach,Moderate,6,o,Food,16.51
February,Religious,Moderate,10,o,Culture,10.52
November,Religious,Moderate,7,o,Culture,9.61
October,Hill Station,Cold,2,o,Food,19.27
May,Religious,Moderate,7,o,Relaxation,11.15
July,Wildlife,Hot,3,o,Shopping,19.09
November,Wildlife,Moderate,14,o,Shopping,13.57
September,City,Moderate,6,o,Shopping,13.21
August,Hill Station,Cold,4,o,Food,13.22
December,Historical,Hot,1,o,Food,11.93
November,Hill Station,Cold,10,o,Relaxation,19.24
June,Hill Station,Cold,3,o,Food,13.77
November,Hill Station,Moderate,10,o,Food,16.05
February,Beach,Hot,6,o,Relaxation,16.31
January,Religious,Moderate,5,o,Food,11.68
May,City,Moderate,5,o,Relaxation,16.89
January,Historical,Hot,2,o,Relaxation,15.79
July,Historical,Hot,4,o,Shopping,11.83
April,Religious,Moderate,6,o,Food,9.57
April,Hill Station,Cold,3,o,Culture,13.01
April,Historical,Hot,14,o,Culture,14.71
April,Hill Station,Moderate,1,o,Adventure,12.69
June,Religious,Moderate,14,o,Culture,12.78
March,City,Moderate,1,o,Culture,16.78
May,Beach,Hot,4,o,Food,17.59
May,City,Moderate,6,o,Shopping,17.61
March,Hill Station,Moderate,14,o,Relaxation,18.56
March,Hill Station,Cold,5,o,Adventure,18.18
April,City,Moderate,2,o,Culture,12.04
August,Hill Station,Cold,2,o,Shopping,16.49
November,Religious,Moderate,6,o,Relaxation,10.88
August,Religious,Moderate,10,o,Relaxation,15.6
July,Religious,Moderate,6,o,Shopping,10.07
July,City,Moderate,2,o,Shopping,15.36
June,Historical,Hot,10,o,Shopping,14.53
May,Beach,Hot,14,o,Culture,19.15
February,Hill Station,Cold,3,o,Shopping,11.33
February,Historical,Hot,6,o,Shopping,9.25
April,Religious,Moderate,3,o,Food,8.54
August,Wildlife,Hot,1,o,Relaxation,18.01
January,Beach,Hot,2,o,Culture,21.79
November,Beach,Hot,4,o,Relaxation,17.15
March,Wildlife,Moderate,10,o,Shopping,15.11
March,Wildlife,Hot,5,o,Food,12.29
April,Historical,Hot,2,o,Relaxation,13.52
August,Beach,Hot,2,o,Relaxation,26.55
August,Religious,Moderate,6,o,Relaxation,12.88
December,Wildlife,Hot,6,o,Food,21.11
May,City,Moderate,3,o,Adventure,15.36
November,Hill Station,Cold,3,o,Shopping,13.97
November,Beach,Moderate,6,o,Shopping,15.57
January,Wildlife,Hot,5,o,Adventure,17.73
May,City,Moderate,4,o,Shopping,17.36
May,Historical,Hot,4,o,Culture,9.16
February,Beach,Hot,5,o,Food,21.47
November,Beach,Hot,1,o,Adventure,22.77
August,Historical,Hot,7,o,Relaxation,13.29
March,Religious,Moderate,10,o,Culture,12.53
August,Wildlife,Moderate,14,o,Food,13.64
January,City,Moderate,4,o,Adventure,13.33
January,Beach,Hot,1,o,Relaxation,20.51
November,Hill Station,Cold,7,o,Adventure,11.57
September,Beach,Hot,7,o,Culture,23.21
June,Religious,Moderate,5,o,Shopping,10.99
July,Historical,Hot,2,o,Food,12.55
November,Historical,Hot,5,o,Food,11.26
May,Historical,Hot,5,o,Relaxation,13.71
March,Historical,Hot,5,o,Relaxation,9.97
September,Historical,Hot,5,o,Shopping,14.98
December,Hill Station,Cold,7,o,Culture,14.24
February,Religious,Moderate,10,o,Culture,11.61
June,City,Moderate,2,o,Relaxation,12.17
December,Wildlife,Moderate,10,o,Adventure,20.65
December,Historical,Hot,6,o,Culture,9.84
July,Wildlife,Hot,1,o,Culture,20.29
August,Hill Station,Cold,6,o,Relaxation,13.72
July,Beach,Moderate,5,o,Food,16.75
February,Wildlife,Moderate,1,o,Relaxation,18.67
March,Wildlife,Moderate,6,o,Relaxation,13.25
June,Hill Station,Cold,10,o,Culture,13.52
August,Wildlife,Hot,3,o,Relaxation,17.07
July,Beach,Hot,1,o,Shopping,19.14
March,City,Moderate,7,o,Culture,13.04
March,City,Moderate,10,o,Adventure,15.6
August,Hill Station,Cold,3,o,Relaxation,9.79
January,Beach,Hot,4,o,Adventure,19.36
November,City,Moderate,4,o,Culture,11.23
October,Wildlife,Hot,6,o,Relaxation,16.64
October,Hill Station,Cold,7,o,Culture,11.68
August,Beach,Moderate,7,o,Adventure,20.3
October,Religious,Moderate,1,o,Relaxation,14.43
April,Wildlife,Moderate,5,o,Food,12.27
November,Historical,Hot,1,o,Shopping,8.16
March,Hill Station,Moderate,5,o,Food,12.75
July,City,Moderate,7,o,Shopping,13.75
April,Wildlife,Hot,7,o,Food,20.33
November,Religious,Moderate,5,o,Food,12.43
March,Beach,Hot,6,o,Food,17.25
June,Religious,Moderate,6,o,Food,13.41
November,Wildlife,Hot,7,o,Culture,16.12
July,Beach,Moderate,7,o,Relaxation,17.11
March,Wildlife,Hot,6,o,Relaxation,16.46
April,Historical,Hot,5,o,Shopping,18.53
December,Religious,Moderate,3,o,Food,5.53
August,Historical,Hot,3,o,Culture,9.78
November,Beach,Hot,5,o,Culture,18.12
February,Historical,Hot,1,o,Shopping,5.0
October,City,Moderate,7,o,Culture,17.41
September,Hill Station,Moderate,7,o,Shopping,22.28
December,Beach,Hot,14,o,Food,21.11
May,Historical,Hot,5,o,Culture,12.18
June,Hill Station,Moderate,2,o,Food,13.81
December,Wildlife,Moderate,6,o,Food,19.16
November,Historical,Hot,5,o,Relaxation,11.52
September,City,Moderate,4,o,Food,11.23
September,Religious,Moderate,4,o,Adventure,5.0
July,Wildlife,Hot,4,o,Adventure,21.53
October,City,Moderate,2,o,Shopping,5.0
August,Beach,Moderate,4,o,Shopping,17.33
November,Religious,Moderate,3,o,Adventure,13.71
July,Beach,Hot,4,o,Adventure,23.44
January,Hill Station,Moderate,1,o,Relaxation,14.81
October,Religious,Moderate,2,o,Relaxation,6.63
February,City,Moderate,4,o,Relaxation,19.31
November,Beach,Hot,2,o,Relaxation,20.8
September,City,Moderate,3,o,Food,18.04
January,Hill Station,Cold,3,o,Shopping,14.76
October,Beach,Hot,7,o,Food,22.35
February,Historical,Hot,3,o,Adventure,16.4
January,Wildlife,Moderate,4,o,Food,20.28
November,Hill Station,Moderate,6,o,Shopping,12.35
December,Historical,Hot,1,o,Adventure,10.23
November,Religious,Moderate,2,o,Food,15.64
April,Historical,Hot,3,o,Culture,10.11
April,City,Moderate,5,o,Food,13.3
June,Beach,Hot,2,o,Adventure,17.74
May,City,Moderate,7,o,Shopping,14.53
August,Wildlife,Hot,1,o,Adventure,19.91
March,Religious,Moderate,10,o,Adventure,10.71
May,Beach,Hot,1,o,Adventure,14.95
January,Hill Station,Cold,14,o,Food,11.02
November,Religious,Moderate,2,o,Culture,17.32
February,Beach,Hot,7,o,Relaxation,13.76
June,Religious,Moderate,4,o,Adventure,11.84
September,Beach,Hot,4,o,Adventure,16.69
December,Beach,Hot,10,o,Relaxation,17.13
March,Historical,Hot,1,o,Culture,12.07
February,Beach,Hot,2,o,Relaxation,16.68
June,Historical,Hot,5,o,Food,15.55
July,Beach,Hot,10,o,Relaxation,21.52
December,Religious,Moderate,2,o,Adventure,15.13
February,Historical,Hot,2,o,Food,12.25
July,Historical,Hot,3,o,Food,17.2
June,Wildlife,Hot,2,o,Relaxation,15.14
July,City,Moderate,5,o,Food,17.45
April,Beach,Hot,1,o,Shopping,18.59
October,Beach,Hot,5,o,Adventure,18.11
April,Hill Station,Cold,1,o,Culture,11.3
April,City,Moderate,2,o,Culture,17.03
January,Wildlife,Hot,6,o,Adventure,18.07
June,Hill Station,Cold,1,o,Culture,15.08
June,Wildlife,Moderate,3,o,Food,17.4
August,Wildlife,Hot,10,o,Shopping,19.75
September,Hill Station,Cold,5,o,Shopping,17.53
August,Historical,Hot,1,o,Food,15.38
November,Religious,Moderate,4,o,Food,10.7
May,Hill Station,Cold,5,o,Shopping,17.46
April,Hill Station,Moderate,6,o,Food,20.13
August,City,Moderate,3,o,Adventure,14.76
November,Historical,Hot,10,o,Shopping,6.99
March,Beach,Hot,1,o,Food,23.32
January,Hill Station,Cold,6,o,Relaxation,17.72
February,Hill Station,Cold,4,o,Relaxation,12.02
April,City,Moderate,7,o,Shopping,12.32
October,Wildlife,Hot,1,o,Adventure,15.92
May,City,Moderate,1,o,Relaxation,9.1
February,Historical,Hot,10,o,Adventure,16.3
February,Religious,Moderate,2,o,Shopping,8.91
May,Historical,Hot,14,o,Shopping,13.59
July,City,Moderate,14,o,Food,17.07
November,Wildlife,Moderate,2,o,Relaxation,17.6
August,Beach,Hot,1,o,Adventure,21.38
November,City,Moderate,2,o,Food,11.5
January,Beach,Hot,2,o,Food,21.6
December,Hill Station,Cold,7,o,Culture,17.81
August,Historical,Hot,7,o,Shopping,11.42
May,Hill Station,Cold,7,o,Relaxation,15.7
August,Religious,Moderate,1,o,Adventure,12.6
August,Wildlife,Hot,7,o,Adventure,13.32
August,City,Moderate,10,o,Adventure,13.4
November,Hill Station,Cold,4,o,Relaxation,11.79
December,Wildlife,Moderate,6,o,Culture,16.32
September,Beach,Hot,3,o,Shopping,21.98
June,Historical,Hot,4,o,Relaxation,9.29
October,Religious,Moderate,6,o,Adventure,10.38
May,Religious,Moderate,14,o,Food,15.06
June,Wildlife,Hot,14,o,Relaxation,17.9
March,Historical,Hot,4,o,Shopping,7.03
November,Beach,Hot,1,o,Shopping,15.29
October,Beach,Hot,4,o,Adventure,24.59
April,Wildlife,Hot,14,o,Shopping,21.05
September,City,Moderate,5,o,Culture,10.66
April,City,Moderate,14,o,Shopping,18.15
November,Beach,Moderate,6,o,Shopping,20.28
February,Beach,Moderate,14,o,Food,23.02
July,Religious,Moderate,3,o,Shopping,20.2
June,Beach,Hot,4,o,Relaxation,19.79
July,Beach,Hot,3,o,Adventure,22.18
July,Hill Station,Cold,4,o,Shopping,15.02
February,Beach,Hot,5,o,Adventure,16.75
June,Religious,Moderate,7,o,Adventure,9.34
December,Religious,Moderate,6,o,Culture,10.37
July,Beach,Moderate,3,o,Relaxation,21.74
April,Wildlife,Moderate,4,o,Relaxation,18.4
May,City,Moderate,5,o,Adventure,12.73
December,City,Moderate,2,o,Culture,17.83
May,Religious,Moderate,5,o,Relaxation,10.05
February,Beach,Hot,10,o,Adventure,19.25
May,City,Moderate,5,o,Food,12.76
November,Wildlife,Hot,5,o,Shopping,15.17
September,Beach,Hot,5,o,Food,16.59
April,Beach,Hot,14,o,Shopping,20.69
March,Hill Station,Cold,2,o,Adventure,19.81
August,Hill Station,Moderate,3,o,Culture,17.04
March,City,Moderate,14,o,Culture,14.09
August,Historical,Hot,4,o,Culture,15.37
October,City,Moderate,14,o,Food,13.21
February,Historical,Hot,6,o,Food,5.0
August,Beach,Hot,6,o,Adventure,23.97
November,Hill Station,Cold,2,o,Culture,13.34
August,Wildlife,Moderate,3,o,Culture,22.19
June,Religious,Moderate,10,o,Adventure,6.53
June,Wildlife,Hot,4,o,Culture,12.6
February,Hill Station,Cold,3,o,Food,14.89
April,City,Moderate,10,o,Culture,13.22
May,Wildlife,Hot,4,o,Relaxation,15.31
May,Religious,Moderate,7,o,Adventure,12.95
December,Hill Station,Moderate,7,o,Shopping,12.06
October,Hill Station,Cold,7,o,Shopping,18.99
October,Beach,Hot,2,o,Culture,18.07
August,Beach,Hot,1,o,Food,22.14
July,Historical,Hot,2,o,Adventure,15.44
June,City,Moderate,1,o,Adventure,8.55
June,Hill Station,Cold,1,o,Relaxation,16.35
July,Beach,Hot,1,o,Adventure,16.83
March,Hill Station,Cold,10,o,Adventure,16.48
April,Beach,Hot,3,o,Food,19.99
September,Hill Station,Moderate,7,o,Adventure,9.99
September,Hill Station,Cold,5,o,Food,12.86
August,Beach,Hot,7,o,Adventure,17.51
May,Historical,Hot,3,o,Food,7.67
May,Hill Station,Cold,2,o,Adventure,15.06
May,City,Moderate,7,o,Relaxation,16.3
August,Hill Station,Moderate,3,o,Relaxation,14.72
December,Beach,Hot,6,o,Adventure,17.27
September,Wildlife,Hot,6,o,Relaxation,18.84
June,Religious,Moderate,10,o,Shopping,13.3
August,Religious,Moderate,14,o,Relaxation,9.42
June,Beach,Hot,6,o,Adventure,19.12
August,Historical,Hot,14,o,Food,12.6
July,Beach,Moderate,1,o,Shopping,23.1
January,Historical,Hot,6,o,Adventure,8.07
May,Wildlife,Hot,14,o,Food,21.26
May,Hill Station,Moderate,4,o,Adventure,11.09
June,Wildlife,Moderate,7,o,Relaxation,17.57
September,Religious,Moderate,6,o,Relaxation,13.21
November,Wildlife,Hot,7,o,Food,15.31
July,Historical,Hot,4,o,Food,5.02
July,City,Moderate,1,o,Shopping,12.29
March,Historical,Hot,2,o,Adventure,15.08
May,Hill Station,Cold,3,o,Food,19.07
July,Historical,Hot,5,o,Relaxation,14.66
September,Religious,Moderate,1,o,Adventure,7.74
October,Beach,Hot,5,o,Culture,20.76
November,Hill Station,Cold,4,o,Food,18.29
April,City,Moderate,6,o,Culture,12.96
August,Beach,Hot,10,o,Relaxation,25.03
August,Religious,Moderate,7,o,Adventure,10.42
August,Religious,Moderate,4,o,Culture,12.23
December,Historical,Hot,6,o,Food,9.42
February,Religious,Moderate,3,o,Culture,9.93
May,Beach,Hot,7,o,Food,15.42
November,Historical,Hot,10,o,Adventure,10.91
August,City,Moderate,3,o,Relaxation,12.29
November,Wildlife,Hot,7,o,Food,17.25
October,City,Moderate,7,o,Relaxation,12.0
October,Historical,Hot,1,o,Food,11.01
November,Beach,Moderate,14,o,Relaxation,20.24
August,City,Moderate,1,o,Adventure,11.21
June,Hill Station,Cold,2,o,Adventure,15.09
July,Beach,Hot,6,o,Relaxation,24.85
December,Historical,Hot,14,o,Relaxation,8.95
November,City,Moderate,10,o,Relaxation,6.06
March,Historical,Hot,5,o,Culture,10.2
March,Historical,Hot,7,o,Culture,11.02
May,Religious,Moderate,1,o,Adventure,9.53
January,Wildlife,Moderate,7,o,Relaxation,16.01
July,Beach,Hot,2,o,Culture,20.84
August,Hill Station,Cold,4,o,Food,16.9
March,Historical,Hot,7,o,Food,8.27
December,City,Moderate,14,o,Relaxation,6.19
December,Hill Station,Cold,2,o,Adventure,12.07
January,Historical,Hot,4,o,Shopping,6.21
September,Beach,Hot,6,o,Adventure,19.74
September,City,Moderate,5,o,Adventure,10.93
January,Beach,Hot,3,o,Shopping,19.84
April,Religious,Moderate,2,o,Food,14.23
September,Beach,Moderate,1,o,Food,20.53
January,Religious,Moderate,4,o,Adventure,10.6
August,Historical,Hot,10,o,Shopping,9.85
July,Historical,Hot,6,o,Relaxation,8.69
June,Historical,Hot,6,o,Culture,12.78
January,City,Moderate,4,o,Food,15.32
June,City,Moderate,5,o,Food,15.52
February,Beach,Moderate,1,o,Adventure,21.53
April,Beach,Moderate,6,o,Food,22.93
January,City,Moderate,14,o,Relaxation,13.4
December,Wildlife,Hot,4,o,Relaxation,15.16
June,Beach,Hot,2,o,Relaxation,27.32
December,City,Moderate,1,o,Culture,13.9
July,Historical,Hot,5,o,Relaxation,10.17
July,Hill Station,Cold,1,o,Relaxation,12.5
December,Historical,Hot,2,o,Culture,15.43
May,City,Moderate,14,o,Culture,12.7
February,Historical,Hot,7,o,Relaxation,8.23
November,City,Moderate,3,o,Culture,10.46
January,Historical,Hot,3,o,Relaxation,9.17
July,Wildlife,Hot,6,o,Adventure,14.22
March,Historical,Hot,1,o,Culture,10.08
September,Beach,Hot,4,o,Culture,24.98
March,Historical,Hot,6,o,Adventure,13.03
May,Wildlife,Hot,14,o,Food,15.06
November,Wildlife,Hot,5,o,Food,17.06
July,Wildlife,Hot,6,o,Adventure,12.56
May,Wildlife,Moderate,6,o,Food,12.55
July,Historical,Hot,5,o,Culture,13.84
October,City,Moderate,1,o,Relaxation,10.97
June,Hill Station,Cold,3,o,Adventure,9.22
July,City,Moderate,10,o,Food,11.79
May,Wildlife,Moderate,10,o,Culture,8.02
October,Hill Station,Cold,10,o,Food,19.15
February,Historical,Hot,5,o,Adventure,13.19
December,Historical,Hot,4,o,Adventure,9.5
November,Historical,Hot,6,o,Relaxation,15.2
December,Hill Station,Moderate,1,o,Food,12.09
August,Hill Station,Cold,10,o,Adventure,18.6
April,Religious,Moderate,5,o,Shopping,8.52
November,Religious,Moderate,4,o,Adventure,11.14
April,Hill Station,Cold,5,o,Adventure,16.57
October,Hill Station,Cold,3,o,Food,13.15
May,Religious,Moderate,6,o,Shopping,12.16
August,Historical,Hot,6,o,Relaxation,5.0
December,City,Moderate,4,o,Food,13.79
November,Beach,Moderate,14,o,Shopping,15.65
November,City,Moderate,1,o,Culture,12.43
September,Historical,Hot,2,o,Food,10.87
February,City,Moderate,6,o,Shopping,10.59
February,City,Moderate,7,o,Shopping,10.54
October,Historical,Hot,4,o,Adventure,15.48
May,Historical,Hot,7,o,Shopping,10.67
October,Religious,Moderate,6,o,Culture,17.4
February,City,Moderate,2,o,Shopping,15.01
June,Beach,Hot,7,o,Food,16.01
May,Beach,Hot,6,o,Relaxation,19.15
July,Hill Station,Cold,7,o,Culture,16.93
March,Hill Station,Cold,7,o,Adventure,17.16
September,Wildlife,Moderate,7,o,Culture,17.23
May,Wildlife,Hot,14,o,Food,19.67
February,Historical,Hot,7,o,Relaxation,12.13
March,Beach,Hot,10,o,Culture,17.91
December,Religious,Moderate,4,o,Culture,9.43
June,Historical,Hot,2,o,Relaxation,7.65
April,Historical,Hot,1,o,Relaxation,10.78
May,Hill Station,Moderate,7,o,Shopping,12.16
August,Wildlife,Hot,7,o,Adventure,18.35
February,Beach,Moderate,14,o,Food,16.46
November,Historical,Hot,1,o,Shopping,9.15
April,Wildlife,Hot,7,o,Culture,16.74
March,Hill Station,Cold,4,o,Relaxation,10.27
June,Hill Station,Cold,7,o,Relaxation,20.99
August,Historical,Hot,10,o,Culture,12.05
December,City,Moderate,5,o,Food,13.54
January,Beach,Hot,5,o,Adventure,21.54
December,Hill Station,Cold,3,o,Relaxation,13.44
April,Historical,Hot,3,o,Adventure,10.06
May,City,Moderate,7,o,Shopping,15.54
November,Beach,Hot,4,o,Relaxation,15.77
February,City,Moderate,14,o,Adventure,13.24
April,Wildlife,Hot,14,o,Adventure,18.91
June,Hill Station,Moderate,14,o,Food,15.64
November,Religious,Moderate,2,o,Relaxation,12.49
November,Wildlife,Hot,2,o,Relaxation,15.41
November,Religious,Moderate,3,o,Adventure,13.9
August,Wildlife,Hot,1,o,Shopping,18.47
July,Beach,Hot,7,o,Shopping,15.79
May,Beach,Hot,10,o,Food,22.85
March,Beach,Hot,7,o,Relaxation,19.63
January,City,Moderate,4,o,Culture,12.76
January,Beach,Hot,3,o,Food,15.17
April,Religious,Moderate,10,o,Adventure,14.8
November,City,Moderate,4,o,Culture,10.98
March,Religious,Moderate,5,o,Relaxation,15.08
December,Religious,Moderate,10,o,Relaxation,5.0
August,Religious,Moderate,2,o,Shopping,9.84
December,Wildlife,Hot,4,o,Adventure,17.98
September,Hill Station,Moderate,10,o,Shopping,14.7
February,Wildlife,Hot,3,o,Shopping,16.71
March,Religious,Moderate,5,o,Culture,13.43
October,Wildlife,Hot,2,o,Food,19.6
December,Wildlife,Hot,14,o,Relaxation,20.21
December,Beach,Hot,2,o,Adventure,21.55
October,City,Moderate,10,o,Culture,15.61
May,Historical,Hot,2,o,Shopping,8.72
July,Beach,Hot,6,o,Adventure,23.6
March,Historical,Hot,14,o,Culture,11.49
February,Beach,Hot,6,o,Shopping,20.72
November,Religious,Moderate,1,o,Food,6.34
May,Beach,Hot,5,o,Food,19.64
August,Beach,Hot,10,o,Culture,20.53
December,Historical,Hot,4,o,Adventure,9.85
November,Wildlife,Hot,6,o,Culture,18.04
February,Hill Station,Cold,6,o,Food,13.99
December,Wildlife,Moderate,10,o,Shopping,18.49
April,Wildlife,Hot,6,o,Relaxation,21.45
January,Wildlife,Hot,2,o,Shopping,17.88
March,Wildlife,Hot,10,o,Adventure,12.49
February,Hill Station,Cold,14,o,Shopping,14.97
January,City,Moderate,14,o,Shopping,14.32
March,Historical,Hot,1,o,Shopping,17.03
April,Religious,Moderate,4,o,Adventure,13.18
March,Wildlife,Hot,1,o,Adventure,16.32
August,Wildlife,Moderate,7,o,Shopping,11.81
January,Beach,Hot,4,o,Relaxation,15.49
May,Religious,Moderate,5,o,Relaxation,8.89
June,Wildlife,Moderate,7,o,Shopping,19.37
November,Historical,Hot,2,o,Shopping,13.56
July,Wildlife,Moderate,6,o,Culture,12.55
October,Historical,Hot,7,o,Relaxation,13.05
June,Historical,Hot,5,o,Adventure,18.66
October,Historical,Hot,4,o,Relaxation,11.48
December,Hill Station,Moderate,1,o,Culture,19.04
July,Wildlife,Hot,14,o,Culture,15.19
December,Religious,Moderate,1,o,Relaxation,10.5
February,City,Moderate,1,o,Food,15.11
February,Beach,Hot,3,o,Relaxation,19.55
July,Wildlife,Moderate,3,o,Shopping,20.34
September,City,Moderate,1,o,Shopping,9.29
June,Religious,Moderate,14,o,Food,9.83
February,Hill Station,Cold,5,o,Adventure,14.58
October,Historical,Hot,10,o,Culture,18.05
January,Religious,Moderate,2,o,Adventure,11.33
August,Wildlife,Hot,4,o,Adventure,16.02
July,Wildlife,Hot,10,o,Culture,15.63
December,Religious,Moderate,10,o,Culture,12.51
October,City,Moderate,4,o,Shopping,12.01
October,Wildlife,Moderate,5,o,Food,19.16
October,Hill Station,Moderate,14,o,Adventure,15.51
February,City,Moderate,14,o,Shopping,14.45
April,Beach,Hot,1,o,Adventure,19.33
November,City,Moderate,14,o,Relaxation,8.06
June,Religious,Moderate,2,o,Relaxation,9.36
November,Hill Station,Moderate,1,o,Food,17.56
May,Beach,Moderate,1,o,Food,14.25
November,Wildlife,Hot,5,o,Relaxation,13.91
October,Hill Station,Cold,10,o,Culture,18.0
March,Wildlife,Moderate,4,o,Relaxation,21.5
August,Wildlife,Hot,7,o,Shopping,19.53
March,Historical,Hot,14,o,Shopping,9.3
April,Wildlife,Moderate,5,o,Adventure,13.53
October,Hill Station,Moderate,10,o,Food,11.67
August,Wildlife,Hot,5,o,Food,15.94
September,City,Moderate,2,o,Adventure,15.1
April,Wildlife,Hot,3,o,Shopping,15.12
November,Religious,Moderate,10,o,Food,12.36
July,Religious,Moderate,7,o,Relaxation,9.71
August,Beach,Hot,2,o,Adventure,12.52
February,City,Moderate,14,o,Food,16.53
April,City,Moderate,2,o,Relaxation,9.63
July,Hill Station,Cold,1,o,Food,16.01
July,City,Moderate,10,o,Shopping,13.49
March,Historical,Hot,14,o,Food,18.03
April,Wildlife,Moderate,1,o,Adventure,20.53
August,Beach,Moderate,5,o,Culture,22.41
October,Hill Station,Moderate,3,o,Food,10.51
July,Beach,Hot,1,o,Relaxation,18.75
September,Historical,Hot,10,o,Shopping,17.12
October,Hill Station,Cold,10,o,Culture,14.77
June,Religious,Moderate,6,o,Shopping,11.24
July,Historical,Hot,5,o,Relaxation,19.57
May,Wildlife,Hot,6,o,Shopping,18.11
April,Hill Station,Cold,10,o,Culture,9.2
August,City,Moderate,5,o,Culture,12.01
March,City,Moderate,7,o,Culture,7.04
September,Religious,Moderate,6,o,Adventure,8.39
June,Hill Station,Cold,7,o,Adventure,10.79
September,Historical,Hot,6,o,Relaxation,12.01
July,Hill Station,Cold,5,o,Shopping,16.54
January,Religious,Moderate,6,o,Shopping,16.77
January,Hill Station,Cold,14,o,Food,13.6
October,Beach,Hot,4,o,Adventure,23.4
December,City,Moderate,1,o,Culture,14.36
September,Beach,Moderate,7,o,Culture,23.22
December,Hill Station,Cold,6,o,Culture,17.12
April,Historical,Hot,14,o,Relaxation,13.52
May,Wildlife,Moderate,6,o,Relaxation,18.64
August,Beach,Hot,1,o,Culture,23.98
June,City,Moderate,10,o,Culture,10.45
April,Wildlife,Hot,14,o,Shopping,17.05
March,Wildlife,Hot,5,o,Relaxation,13.07
February,Religious,Moderate,7,o,Shopping,12.44
December,Hill Station,Cold,14,o,Relaxation,17.89
August,Religious,Moderate,5,o,Food,13.89
April,Historical,Hot,10,o,Relaxation,13.04
June,Hill Station,Cold,5,o,Food,15.93
July,Historical,Hot,14,o,Relaxation,15.9
October,Hill Station,Cold,3,o,Adventure,11.74
December,Beach,Hot,3,o,Adventure,13.52
September,Religious,Moderate,1,o,Relaxation,14.69
April,Historical,Hot,5,o,Culture,15.66
June,Religious,Moderate,5,o,Food,9.7
February,City,Moderate,14,o,Culture,11.89
September,Wildlife,Moderate,14,o,Culture,16.78
January,Beach,Moderate,1,o,Culture,20.16
April,Beach,Hot,1,o,Shopping,20.38
March,Beach,Moderate,7,o,Food,22.83
November,Historical,Hot,5,o,Culture,13.34
August,Wildlife,Hot,14,o,Culture,15.77
February,Historical,Hot,7,o,Shopping,5.0
February,Wildlife,Moderate,4,o,Relaxation,19.9
September,Beach,Moderate,7,o,Adventure,17.83
June,Beach,Hot,7,o,Food,17.42
August,City,Moderate,7,o,Culture,12.78
January,Hill Station,Cold,3,o,Relaxation,13.08
September,City,Moderate,5,o,Relaxation,6.32
July,Historical,Hot,4,o,Relaxation,12.36
April,Hill Station,Cold,1,o,Relaxation,18.57
January,Wildlife,Hot,2,o,Shopping,17.72
March,Historical,Hot,14,o,Shopping,17.52
December,Hill Station,Cold,7,o,Relaxation,15.75
May,City,Moderate,10,o,Food,11.01
July,City,Moderate,4,o,Adventure,14.36
April,City,Moderate,2,o,Adventure,12.2
July,Hill Station,Cold,4,o,Shopping,16.42
March,Historical,Hot,14,o,Relaxation,18.28
May,City,Moderate,2,o,Culture,8.39
November,City,Moderate,6,o,Food,18.27
March,Historical,Hot,6,o,Relaxation,11.39
September,Hill Station,Moderate,5,o,Adventure,14.73
January,Wildlife,Hot,7,o,Adventure,20.47
December,Religious,Moderate,1,o,Adventure,15.12
May,Beach,Hot,7,o,Adventure,14.16
August,Wildlife,Moderate,5,o,Adventure,16.73
September,Wildlife,Moderate,2,o,Relaxation,20.34
May,Religious,Moderate,5,o,Relaxation,9.35
July,Hill Station,Moderate,10,o,Shopping,15.18
August,Wildlife,Moderate,4,o,Culture,19.69
June,Beach,Hot,1,o,Shopping,17.91
April,Beach,Hot,14,o,Relaxation,17.43
May,Wildlife,Hot,5,o,Culture,14.33
February,Hill Station,Cold,1,o,Adventure,13.62
October,Religious,Moderate,14,o,Relaxation,11.58
April,City,Moderate,1,o,Relaxation,16.08
July,City,Moderate,10,o,Shopping,12.35
June,Hill Station,Cold,4,o,Food,15.8
August,Beach,Hot,2,o,Adventure,26.17
June,City,Moderate,6,o,Food,11.59
October,City,Moderate,14,o,Relaxation,14.97
October,Religious,Moderate,3,o,Culture,13.31
September,Beach,Moderate,14,o,Relaxation,16.09
January,Hill Station,Cold,14,o,Relaxation,13.65
February,Wildlife,Moderate,10,o,Relaxation,14.22
March,Historical,Hot,7,o,Adventure,9.99
June,Wildlife,Moderate,1,o,Relaxation,20.38
December,City,Moderate,4,o,Shopping,17.81
December,Religious,Moderate,2,o,Culture,13.93
January,Beach,Hot,4,o,Relaxation,23.81
January,Religious,Moderate,3,o,Culture,8.9
July,Historical,Hot,3,o,Food,10.81
May,Beach,Moderate,5,o,Food,17.66
November,Hill Station,Cold,7,o,Shopping,16.93
October,City,Moderate,5,o,Relaxation,13.26
January,Beach,Moderate,4,o,Food,21.3
July,Beach,Hot,5,o,Food,21.92
July,Hill Station,Cold,4,o,Food,13.04
June,Beach,Hot,1,o,Food,26.2
November,City,Moderate,14,o,Culture,18.14
October,Historical,Hot,1,o,Culture,9.29
March,City,Moderate,4,o,Food,15.77
February,Historical,Hot,1,o,Relaxation,14.64
May,Wildlife,Moderate,5,o,Shopping,15.95
December,City,Moderate,4,o,Food,18.48
August,Wildlife,Hot,2,o,Adventure,18.25
January,Historical,Hot,4,o,Adventure,6.28
July,Religious,Moderate,14,o,Culture,5.86
July,Religious,Moderate,6,o,Food,12.17
August,Religious,Moderate,5,o,Relaxation,12.31
July,City,Moderate,1,o,Shopping,12.18
July,Historical,Hot,7,o,Relaxation,17.16
August,Religious,Moderate,5,o,Culture,13.96
September,Hill Station,Moderate,2,o,Adventure,10.21
July,Wildlife,Hot,14,o,Relaxation,16.48
November,Wildlife,Hot,3,o,Food,14.18
November,City,Moderate,5,o,Food,11.9
October,Hill Station,Cold,4,o,Relaxation,14.79
January,City,Moderate,3,o,Shopping,12.24
August,Historical,Hot,6,o,Shopping,16.86
September,Beach,Hot,5,o,Shopping,19.09
November,Wildlife,Moderate,2,o,Relaxation,18.72
August,Historical,Hot,14,o,Shopping,10.55
March,Hill Station,Cold,5,o,Culture,16.52
June,Religious,Moderate,4,o,Relaxation,8.82
March,Historical,Hot,14,o,Culture,14.3
April,Beach,Hot,6,o,Adventure,18.16
December,Beach,Moderate,7,o,Relaxation,15.65
March,Hill Station,Cold,14,o,Relaxation,10.56
December,Historical,Hot,1,o,Culture,9.24
October,Hill Station,Cold,10,o,Culture,7.89
June,Religious,Moderate,5,o,Shopping,10.41
November,Religious,Moderate,10,o,Relaxation,13.77
October,Historical,Hot,1,o,Culture,13.7
September,Wildlife,Hot,2,o,Shopping,17.28
July,Wildlife,Moderate,6,o,Culture,15.91
April,Wildlife,Hot,7,o,Shopping,14.0
November,Hill Station,Moderate,5,o,Relaxation,16.84
April,Hill Station,Moderate,7,o,Shopping,13.25
September,Wildlife,Hot,1,o,Adventure,19.81
June,City,Moderate,7,o,Shopping,12.24
January,Wildlife,Hot,10,o,Relaxation,18.75
November,Religious,Moderate,14,o,Adventure,13.35
February,Religious,Moderate,7,o,Shopping,13.34
June,Wildlife,Hot,14,o,Shopping,17.88
July,Historical,Hot,4,o,Relaxation,11.41
January,City,Moderate,5,o,Adventure,14.61
September,Wildlife,Hot,7,o,Shopping,14.14
July,Historical,Hot,6,o,Relaxation,11.3
February,Historical,Hot,14,o,Food,10.65
August,Beach,Hot,14,o,Relaxation,21.37
May,Wildlife,Hot,2,o,Relaxation,19.32
November,Wildlife,Hot,14,o,Adventure,14.95
November,City,Moderate,14,o,Culture,11.92
August,City,Moderate,4,o,Relaxation,11.81
August,Hill Station,Cold,7,o,Relaxation,14.77
June,Beach,Hot,6,o,Food,18.36
January,Wildlife,Hot,10,o,Shopping,16.71
May,Hill Station,Cold,5,o,Food,19.01
December,Wildlife,Hot,5,o,Culture,14.67
December,Hill Station,Cold,5,o,Adventure,20.35
July,Hill Station,Cold,1,o,Culture,14.5
January,Beach,Hot,7,o,Adventure,22.27
October,City,Moderate,10,o,Shopping,15.07
December,Beach,Moderate,3,o,Food,20.36
March,Beach,Hot,10,o,Culture,12.92
October,Beach,Hot,10,o,Culture,17.68
February,Wildlife,Hot,10,o,Culture,20.64
July,Religious,Moderate,6,o,Shopping,15.77
September,City,Moderate,10,o,Culture,10.84
February,Wildlife,Hot,1,o,Shopping,15.95
October,Religious,Moderate,3,o,Relaxation,17.16
December,City,Moderate,10,o,Shopping,14.85
June,Historical,Hot,4,o,Food,15.67
November,Religious,Moderate,2,o,Adventure,10.85
December,Historical,Hot,1,o,Relaxation,10.37
June,City,Moderate,7,o,Relaxation,11.4
February,Hill Station,Cold,4,o,Culture,17.78
August,Hill Station,Moderate,10,o,Shopping,16.41
January,City,Moderate,10,o,Shopping,15.89
October,Hill Station,Cold,10,o,Shopping,14.04
April,Hill Station,Cold,6,o,Shopping,13.18
March,Hill Station,Cold,10,o,Culture,14.28
April,Beach,Hot,14,o,Culture,19.18
December,Wildlife,Hot,7,o,Shopping,12.17
March,Historical,Hot,10,o,Relaxation,12.98
May,Hill Station,Cold,4,o,Culture,14.46
October,Hill Station,Moderate,2,o,Relaxation,14.2
May,City,Moderate,10,o,Shopping,13.69
January,Beach,Hot,5,o,Shopping,22.02
March,Historical,Hot,1,o,Food,8.63
October,Religious,Moderate,1,o,Shopping,13.49
December,Historical,Hot,6,o,Culture,16.85
February,Hill Station,Cold,4,o,Shopping,11.41
August,City,Moderate,4,o,Food,10.62
November,Hill Station,Cold,1,o,Relaxation,11.42
August,Religious,Moderate,7,o,Shopping,6.79
November,Historical,Hot,1,o,Culture,11.42
May,City,Moderate,3,o,Relaxation,11.77
October,Religious,Moderate,5,o,Shopping,12.12
December,Beach,Hot,3,o,Relaxation,22.62
August,Wildlife,Moderate,14,o,Adventure,16.08
September,Religious,Moderate,2,o,Culture,10.95
August,Beach,Hot,4,o,Culture,16.82
July,Beach,Hot,10,o,Relaxation,13.51
June,Wildlife,Moderate,6,o,Culture,12.17
February,City,Moderate,6,o,Shopping,13.77
January,Hill Station,Moderate,6,o,Shopping,14.13
January,Religious,Moderate,6,o,Shopping,9.75
September,Beach,Hot,7,o,Adventure,19.14
May,Wildlife,Hot,2,o,Culture,14.46
November,Beach,Hot,14,o,Culture,24.3
June,Wildlife,Hot,14,o,Relaxation,17.93
April,Historical,Hot,6,o,Shopping,13.17
July,Historical,Hot,3,o,Adventure,9.58
June,City,Moderate,2,o,Adventure,13.43
February,Historical,Hot,4,o,Culture,9.18
June,Historical,Hot,4,o,Food,8.84
April,Hill Station,Cold,5,o,Shopping,14.29
November,City,Moderate,1,o,Food,12.6
August,Religious,Moderate,7,o,Food,8.24
April,Religious,Moderate,5,o,Adventure,14.17
May,Historical,Hot,7,o,Shopping,8.81
December,Hill Station,Moderate,7,o,Relaxation,14.59
March,City,Moderate,3,o,Relaxation,15.69
January,Religious,Moderate,14,o,Shopping,11.44
May,Hill Station,Cold,14,o,Adventure,17.1
October,Religious,Moderate,10,o,Relaxation,11.37
September,Hill Station,Cold,5,o,Adventure,13.67
September,Beach,Hot,2,o,Culture,19.61
February,Beach,Hot,10,o,Food,18.38
December,Wildlife,Hot,1,o,Adventure,18.27
September,Wildlife,Moderate,14,o,Culture,14.14
November,Wildlife,Hot,14,o,Culture,18.36
January,Hill Station,Cold,4,o,Culture,17.32
June,Beach,Hot,1,o,Adventure,18.62
June,Wildlife,Moderate,7,o,Adventure,14.42
November,Religious,Moderate,14,o,Culture,10.97
October,Religious,Moderate,1,o,Food,11.12
April,Religious,Moderate,2,o,Adventure,11.69
October,Hill Station,Cold,5,o,Shopping,12.66
November,Historical,Hot,2,o,Relaxation,12.35
August,Beach,Hot,7,o,Shopping,16.14
February,City,Moderate,3,o,Food,9.5
September,Religious,Moderate,4,o,Food,11.28
August,Historical,Hot,5,o,Adventure,11.15
December,Wildlife,Hot,6,o,Food,19.67
July,Wildlife,Moderate,1,o,Relaxation,16.73
April,Wildlife,Moderate,4,o,Adventure,17.01
June,Hill Station,Cold,7,o,Shopping,13.43
December,Religious,Moderate,2,o,Shopping,12.69
August,Historical,Hot,14,o,Culture,9.84
January,Religious,Moderate,5,o,Relaxation,12.92
May,Wildlife,Moderate,4,o,Adventure,13.98
November,Wildlife,Hot,2,o,Culture,20.52
January,Historical,Hot,14,o,Culture,12.0
June,Historical,Hot,4,o,Food,7.22
January,Beach,Hot,10,o,Relaxation,21.89
August,Beach,Hot,7,o,Food,19.37
July,City,Moderate,2,o,Relaxation,11.46
August,Beach,Hot,5,o,Culture,17.42
September,City,Moderate,1,o,Adventure,10.83
April,Religious,Moderate,4,o,Food,10.03
April,City,Moderate,6,o,Food,12.2
November,City,Moderate,10,o,Relaxation,11.05
September,Wildlife,Hot,14,o,Food,14.73
July,Hill Station,Moderate,7,o,Adventure,14.31
April,City,Moderate,3,o,Food,13.5
August,City,Moderate,7,o,Relaxation,12.05
April,Religious,Moderate,7,o,Relaxation,14.48
March,Wildlife,Moderate,10,o,Adventure,20.75
February,City,Moderate,14,o,Culture,13.88
November,Beach,Hot,10,o,Culture,18.7
March,Wildlife,Moderate,14,o,Relaxation,12.51
August,Hill Station,Moderate,2,o,Shopping,15.02
March,Religious,Moderate,5,o,Shopping,10.98
December,City,Moderate,7,o,Relaxation,9.64
August,Religious,Moderate,4,o,Culture,6.65
February,City,Moderate,5,o,Culture,12.74
February,Religious,Moderate,1,o,Food,10.3
April,Religious,Moderate,2,o,Relaxation,9.75
August,Wildlife,Moderate,1,o,Shopping,16.75
December,Historical,Hot,5,o,Shopping,10.39
January,Historical,Hot,2,o,Relaxation,9.88
January,Hill Station,Moderate,14,o,Culture,9.98
December,Beach,Hot,10,o,Relaxation,18.58
January,Wildlife,Moderate,2,o,Shopping,17.96
December,Religious,Moderate,10,o,Shopping,6.02
April,Wildlife,Moderate,5,o,Relaxation,16.71
April,Beach,Hot,4,o,Culture,26.07
May,Wildlife,Hot,3,o,Relaxation,16.0
August,City,Moderate,3,o,Shopping,10.67
June,Historical,Hot,10,o,Culture,9.38
March,Religious,Moderate,2,o,Adventure,9.65
February,Religious,Moderate,2,o,Relaxation,12.77
January,City,Moderate,4,o,Shopping,15.11
September,Religious,Moderate,4,o,Relaxation,19.78
August,Wildlife,Moderate,14,o,Food,13.38
January,Wildlife,Hot,5,o,Relaxation,18.05
September,Historical,Hot,4,o,Food,16.15
August,City,Moderate,1,o,Shopping,15.59
March,Historical,Hot,14,o,Food,8.38
November,City,Moderate,1,o,Relaxation,15.05
July,Beach,Hot,2,o,Culture,13.66
May,Historical,Hot,7,o,Food,16.4
September,Religious,Moderate,2,o,Shopping,8.61
December,Wildlife,Hot,7,o,Relaxation,22.72
October,Religious,Moderate,6,o,Relaxation,11.33
October,Wildlife,Hot,3,o,Culture,20.76
December,Religious,Moderate,14,o,Adventure,10.63
April,City,Moderate,6,o,Relaxation,11.9
October,Religious,Moderate,5,o,Adventure,9.96
August,Historical,Hot,7,o,Shopping,14.58
September,Beach,Moderate,7,o,Relaxation,21.1
October,City,Moderate,10,o,Food,14.16
February,Religious,Moderate,10,o,Food,17.56
January,Wildlife,Moderate,1,o,Relaxation,17.66
January,Wildlife,Hot,2,o,Adventure,22.01
September,Religious,Moderate,7,o,Relaxation,12.27
January,Religious,Moderate,7,o,Food,10.71
June,Beach,Hot,10,o,Adventure,25.03
May,City,Moderate,1,o,Adventure,14.68
February,Wildlife,Hot,1,o,Shopping,16.55
December,Religious,Moderate,5,o,Adventure,6.44
December,Religious,Moderate,10,o,Food,11.11
November,Beach,Hot,3,o,Relaxation,17.85
July,Historical,Hot,7,o,Food,11.63
May,City,Moderate,14,o,Food,11.99
February,Beach,Hot,10,o,Culture,20.88
December,Hill Station,Moderate,6,o,Relaxation,15.08
May,Hill Station,Moderate,4,o,Relaxation,14.97
July,Beach,Hot,10,o,Relaxation,21.53
August,City,Moderate,10,o,Shopping,12.56
July,Beach,Moderate,6,o,Relaxation,17.1
January,Wildlife,Hot,4,o,Culture,20.11
May,Religious,Moderate,10,o,Adventure,13.56
January,Wildlife,Moderate,10,o,Culture,16.66
September,Historical,Hot,1,o,Relaxation,15.16
October,Historical,Hot,1,o,Food,13.24
July,Historical,Hot,7,o,Shopping,11.02
August,Wildlife,Hot,3,o,Culture,17.93
February,Religious,Moderate,3,o,Shopping,15.84
July,City,Moderate,7,o,Culture,16.59
April,Wildlife,Hot,3,o,Adventure,15.63
October,City,Moderate,6,o,Shopping,10.35
June,Religious,Moderate,14,o,Culture,10.26
April,Historical,Hot,6,o,Shopping,10.92
September,Religious,Moderate,2,o,Shopping,13.8
March,Religious,Moderate,14,o,Shopping,12.95
May,Religious,Moderate,10,o,Food,11.64
December,Historical,Hot,2,o,Shopping,12.66
May,Beach,Hot,4,o,Adventure,16.55
February,Religious,Moderate,7,o,Relaxation,11.48
July,Beach,Hot,5,o,Culture,24.84
January,City,Moderate,6,o,Food,14.9
July,Hill Station,Moderate,4,o,Shopping,16.43
April,Hill Station,Cold,7,o,Shopping,14.83
June,Beach,Hot,2,o,Adventure,19.42
August,Historical,Hot,14,o,Adventure,10.9
September,Historical,Hot,2,o,Culture,10.09
April,Hill Station,Cold,10,o,Culture,13.54
July,Religious,Moderate,6,o,Food,11.65
October,Beach,Hot,6,o,Relaxation,21.51
August,Wildlife,Hot,10,o,Shopping,12.13
June,Religious,Moderate,5,o,Culture,9.34
February,Wildlife,Moderate,3,o,Shopping,14.71
October,Religious,Moderate,2,o,Food,6.24
March,City,Moderate,10,o,Food,14.07
October,Hill Station,Cold,4,o,Relaxation,15.76
March,Beach,Moderate,7,o,Relaxation,23.58
May,Wildlife,Hot,7,o,Shopping,16.79
April,Hill Station,Cold,7,o,Adventure,15.43
June,Wildlife,Hot,10,o,Adventure,19.81
December,Historical,Hot,2,o,Relaxation,11.21
December,Wildlife,Hot,6,o,Relaxation,9.62
February,Hill Station,Cold,10,o,Shopping,14.58
September,Historical,Hot,3,o,Culture,13.19
June,Beach,Hot,3,o,Culture,22.88
August,Religious,Moderate,1,o,Food,9.94
November,Historical,Hot,3,o,Adventure,12.09
April,Beach,Hot,4,o,Food,19.01
August,City,Moderate,14,o,Food,6.92
June,Wildlife,Hot,4,o,Adventure,12.84
August,City,Moderate,3,o,Culture,11.43
May,Historical,Hot,7,o,Shopping,11.45
January,City,Moderate,10,o,Culture,14.52
April,Religious,Moderate,2,o,Food,7.98
June,Hill Station,Moderate,1,o,Food,12.69
August,Wildlife,Hot,6,o,Food,15.14
January,Historical,Hot,6,o,Culture,8.0
June,Wildlife,Hot,14,o,Adventure,19.99
September,Hill Station,Cold,14,o,Adventure,15.22
October,Religious,Moderate,10,o,Shopping,10.63
July,City,Moderate,2,o,Shopping,15.6
September,Wildlife,Hot,14,o,Shopping,9.09
July,Historical,Hot,5,o,Relaxation,9.33
April,Historical,Hot,4,o,Relaxation,13.51
May,City,Moderate,7,o,Shopping,13.48
October,Beach,Hot,3,o,Shopping,15.92
September,Beach,Moderate,2,o,Relaxation,19.36
January,Wildlife,Hot,3,o,Culture,14.12
April,Beach,Hot,14,o,Culture,19.84
May,Religious,Moderate,6,o,Relaxation,7.99
February,Hill Station,Moderate,5,o,Relaxation,19.08
May,Hill Station,Moderate,10,o,Adventure,20.94
October,Beach,Hot,10,o,Adventure,25.23
October,Religious,Moderate,2,o,Relaxation,6.63
August,City,Moderate,10,o,Food,19.12
January,Beach,Hot,14,o,Shopping,19.84
February,Religious,Moderate,14,o,Food,10.71
August,Hill Station,Cold,4,o,Culture,21.82
April,Historical,Hot,10,o,Culture,14.82
August,Religious,Moderate,5,o,Food,6.35
August,Wildlife,Hot,2,o,Culture,21.51
September,Beach,Moderate,5,o,Food,20.92
July,City,Moderate,2,o,Food,12.96
June,Historical,Hot,3,o,Food,17.92
August,City,Moderate,10,o,Culture,10.61
August,Historical,Hot,3,o,Relaxation,12.44
September,Hill Station,Moderate,5,o,Relaxation,13.72
June,Wildlife,Hot,7,o,Shopping,12.7
October,Hill Station,Cold,14,o,Food,21.57
August,Historical,Hot,14,o,Culture,12.47
October,Beach,Moderate,1,o,Relaxation,19.55
June,Religious,Moderate,1,o,Adventure,5.78
December,City,Moderate,2,o,Culture,11.8
June,Historical,Hot,14,o,Shopping,13.27
June,City,Moderate,2,o,Adventure,10.53
May,Wildlife,Moderate,3,o,Culture,17.8
November,City,Moderate,10,o,Relaxation,14.91
October,Hill Station,Cold,4,o,Relaxation,13.24
June,Beach,Moderate,4,o,Shopping,20.23
December,Beach,Hot,6,o,Relaxation,20.04
October,Wildlife,Hot,14,o,Culture,17.57
September,Hill Station,Cold,3,o,Relaxation,18.89
July,Religious,Moderate,1,o,Food,12.94
August,Wildlife,Hot,6,o,Food,14.81
November,Religious,Moderate,14,o,Food,13.16
August,Beach,Moderate,7,o,Relaxation,19.54
August,Beach,Hot,10,o,Food,20.96
July,Beach,Hot,7,o,Shopping,11.65
August,Hill Station,Cold,14,o,Food,14.74
January,City,Moderate,5,o,Adventure,10.31
August,City,Moderate,3,o,Adventure,14.06
October,Wildlife,Hot,1,o,Relaxation,15.89
August,Religious,Moderate,4,o,Adventure,13.84
July,Religious,Moderate,6,o,Relaxation,11.59
March,Beach,Hot,6,o,Food,13.9
January,City,Moderate,6,o,Relaxation,11.99
December,Wildlife,Moderate,6,o,Adventure,17.93
February,Historical,Hot,10,o,Adventure,9.07
October,Historical,Hot,14,o,Relaxation,14.93
May,Religious,Moderate,6,o,Relaxation,12.35
September,Wildlife,Moderate,10,o,Food,22.24
November,Religious,Moderate,14,o,Food,10.75
June,City,Moderate,6,o,Shopping,15.23
April,Beach,Hot,7,o,Culture,27.51
July,City,Moderate,14,o,Relaxation,13.07
August,Beach,Hot,1,o,Adventure,20.6
January,City,Moderate,7,o,Relaxation,8.79
March,Wildlife,Hot,2,o,Shopping,21.78
July,Beach,Hot,14,o,Culture,16.95
March,Beach,Hot,10,o,Adventure,17.12
August,Wildlife,Moderate,14,o,Relaxation,11.73
December,Beach,Hot,3,o,Culture,18.83
August,City,Moderate,2,o,Relaxation,13.67
July,Historical,Hot,4,o,Adventure,16.29
June,Wildlife,Hot,14,o,Food,16.09
September,Beach,Hot,5,o,Shopping,21.66
September,Religious,Moderate,2,o,Shopping,9.16
April,Historical,Hot,14,o,Relaxation,12.29
November,Historical,Hot,7,o,Culture,13.64
August,Hill Station,Cold,6,o,Shopping,11.63
April,City,Moderate,6,o,Shopping,8.37
June,City,Moderate,10,o,Adventure,13.82
January,Historical,Hot,5,o,Culture,12.45
December,Hill Station,Cold,14,o,Culture,13.36
November,Religious,Moderate,14,o,Adventure,12.44
August,City,Moderate,3,o,Food,13.49
September,Beach,Hot,5,o,Shopping,15.6
January,City,Moderate,14,o,Relaxation,8.79
February,Hill Station,Moderate,1,o,Culture,17.73
January,City,Moderate,10,o,Culture,12.52
April,Religious,Moderate,2,o,Food,15.12
September,Historical,Hot,2,o,Adventure,13.49
June,Historical,Hot,6,o,Adventure,8.76
February,Religious,Moderate,4,o,Shopping,7.96
December,Religious,Moderate,5,o,Adventure,9.2
January,Historical,Hot,1,o,Adventure,13.18
May,City,Moderate,1,o,Food,14.07
November,Religious,Moderate,10,o,Relaxation,8.47
October,Hill Station,Cold,1,o,Food,11.5
October,Religious,Moderate,5,o,Culture,11.02
July,Wildlife,Hot,6,o,Culture,19.7
November,Religious,Moderate,7,o,Relaxation,16.44
May,Beach,Hot,10,o,Shopping,16.49
June,Beach,Hot,6,o,Culture,23.57
January,Wildlife,Moderate,14,o,Shopping,22.27
June,Religious,Moderate,2,o,Relaxation,9.87
May,City,Moderate,7,o,Culture,9.98
January,Historical,Hot,1,o,Food,17.44
June,Religious,Moderate,4,o,Culture,7.42
December,Wildlife,Hot,14,o,Culture,17.03
November,Wildlife,Hot,3,o,Shopping,12.8
January,City,Moderate,7,o,Culture,10.27
October,Hill Station,Cold,14,o,Adventure,17.43
August,Historical,Hot,1,o,Adventure,11.43
July,Wildlife,Moderate,14,o,Shopping,17.87
January,Wildlife,Moderate,4,o,Relaxation,17.98
October,Religious,Moderate,2,o,Shopping,11.46
February,Religious,Moderate,6,o,Food,12.48
May,Hill Station,Moderate,6,o,Shopping,11.61
March,City,Moderate,6,o,Shopping,13.62
March,Historical,Hot,6,o,Adventure,13.8
March,Beach,Moderate,10,o,Adventure,16.18
March,Historical,Hot,3,o,Shopping,8.05
December,Wildlife,Hot,5,o,Shopping,19.72
January,Historical,Hot,14,o,Culture,14.5
August,Hill Station,Moderate,4,o,Adventure,15.92
June,Religious,Moderate,10,o,Adventure,5.0
May,Hill Station,Cold,3,o,Adventure,15.12
May,Historical,Hot,10,o,Culture,11.07
January,Hill Station,Cold,5,o,Culture,15.41
March,City,Moderate,7,o,Culture,12.33
November,City,Moderate,14,o,Culture,14.11
July,Religious,Moderate,5,o,Food,11.03
February,Religious,Moderate,2,o,Culture,11.36
January,Beach,Hot,5,o,Food,18.08
March,Wildlife,Hot,1,o,Shopping,13.01
April,Wildlife,Hot,10,o,Food,14.69
December,Beach,Hot,3,o,Culture,19.87
November,City,Moderate,7,o,Shopping,12.44
November,Hill Station,Cold,2,o,Culture,13.69
May,City,Moderate,1,o,Culture,8.25
April,Beach,Hot,6,o,Adventure,24.44
June,Beach,Hot,6,o,Relaxation,21.53
September,City,Moderate,4,o,Adventure,10.53
February,Beach,Hot,4,o,Relaxation,19.52
December,Wildlife,Moderate,6,o,Adventure,25.32
October,City,Moderate,6,o,Adventure,7.8
March,City,Moderate,10,o,Culture,14.93
July,City,Moderate,14,o,Culture,20.28
May,Wildlife,Hot,14,o,Food,16.16
March,Beach,Hot,10,o,Shopping,21.06
April,Hill Station,Cold,4,o,Shopping,12.5
November,City,Moderate,4,o,Relaxation,9.75
March,Historical,Hot,7,o,Relaxation,8.59
April,Historical,Hot,4,o,Shopping,13.22
August,Beach,Hot,10,o,Relaxation,11.42
May,Religious,Moderate,7,o,Shopping,7.31
September,Wildlife,Hot,2,o,Food,21.04
September,Wildlife,Hot,10,o,Shopping,18.12
October,Religious,Moderate,3,o,Culture,14.09
October,Wildlife,Hot,4,o,Culture,16.62
August,Hill Station,Cold,6,o,Shopping,14.95
December,Religious,Moderate,7,o,Relaxation,6.72
January,Historical,Hot,6,o,Food,11.11
August,Beach,Hot,14,o,Shopping,22.0
April,Beach,Hot,2,o,Adventure,21.0
February,Historical,Hot,10,o,Relaxation,16.37
April,Historical,Hot,5,o,Culture,13.27
November,Hill Station,Cold,14,o,Food,14.73
February,Beach,Hot,6,o,Relaxation,23.91
January,Religious,Moderate,2,o,Food,7.44
September,Historical,Hot,1,o,Culture,9.42
March,Beach,Hot,14,o,Shopping,17.55
April,Hill Station,Cold,14,o,Food,11.58
February,Wildlife,Hot,2,o,Relaxation,19.72
October,City,Moderate,10,o,Relaxation,19.35
August,Wildlife,Moderate,4,o,Culture,13.33
October,City,Moderate,2,o,Culture,15.64
January,Hill Station,Cold,14,o,Shopping,16.86
December,Historical,Hot,7,o,Relaxation,15.08
July,City,Moderate,1,o,Culture,9.19
March,Beach,Hot,5,o,Relaxation,23.1
June,Historical,Hot,2,o,Relaxation,15.47
November,Religious,Moderate,2,o,Shopping,6.39
July,Beach,Hot,3,o,Adventure,15.3
May,Hill Station,Cold,1,o,Food,13.24
October,Hill Station,Moderate,10,o,Shopping,15.83
March,Religious,Moderate,14,o,Shopping,11.79
October,Hill Station,Moderate,10,o,Food,15.72
July,Religious,Moderate,14,o,Relaxation,14.35
January,Historical,Hot,14,o,Culture,11.12
February,Beach,Hot,7,o,Food,23.44
May,Wildlife,Moderate,1,o,Adventure,19.37
April,Historical,Hot,1,o,Shopping,11.15
May,Wildlife,Hot,4,o,Adventure,17.32
October,Wildlife,Moderate,1,o,Relaxation,13.96
January,Wildlife,Moderate,6,o,Adventure,19.18
July,Religious,Moderate,1,o,Relaxation,7.16
November,Historical,Hot,5,o,Relaxation,11.78
June,Historical,Hot,10,o,Food,9.29
April,Wildlife,Moderate,3,o,Adventure,19.37
February,Historical,Hot,6,o,Food,6.89
April,Beach,Hot,3,o,Food,21.6
June,Beach,Moderate,5,o,Relaxation,17.6
October,Hill Station,Cold,4,o,Culture,9.56
June,Wildlife,Moderate,5,o,Shopping,11.08
September,Beach,Hot,7,o,Food,16.57
May,City,Moderate,10,o,Food,13.04
August,Wildlife,Hot,3,o,Adventure,18.58
April,Religious,Moderate,7,o,Shopping,9.93
June,Historical,Hot,6,o,Shopping,8.59
May,Religious,Moderate,6,o,Adventure,9.1
August,Wildlife,Hot,6,o,Food,16.13
December,Hill Station,Cold,10,o,Shopping,13.88
February,Hill Station,Moderate,10,o,Relaxation,12.93
April,Beach,Hot,6,o,Adventure,22.37
April,Wildlife,Hot,4,o,Culture,21.53
November,Beach,Hot,7,o,Culture,23.68
January,Wildlife,Moderate,2,o,Culture,11.76
July,Hill Station,Cold,1,o,Culture,21.13
June,Hill Station,Cold,3,o,Relaxation,12.08
March,Hill Station,Moderate,7,o,Relaxation,11.56
July,Hill Station,Moderate,5,o,Adventure,23.4
April,Beach,Hot,4,o,Shopping,21.6
May,Hill Station,Cold,1,o,Adventure,16.37
February,Wildlife,Hot,1,o,Relaxation,14.21
December,Hill Station,Cold,10,o,Adventure,21.06
August,Hill Station,Cold,5,o,Culture,10.65
October,Hill Station,Cold,6,o,Adventure,18.11
December,Hill Station,Cold,1,o,Food,18.57
August,Hill Station,Cold,4,o,Shopping,19.31
July,Religious,Moderate,4,o,Relaxation,14.59
August,City,Moderate,7,o,Adventure,14.3
May,Beach,Hot,2,o,Relaxation,24.72
December,Beach,Hot,3,o,Relaxation,19.1
February,Wildlife,Hot,1,o,Shopping,17.75
December,Historical,Hot,7,o,Culture,12.03
October,Hill Station,Cold,3,o,Culture,12.31
August,Beach,Hot,10,o,Shopping,19.94
October,City,Moderate,1,o,Culture,9.8
August,City,Moderate,6,o,Adventure,11.91
December,Beach,Moderate,10,o,Relaxation,19.54
March,Religious,Moderate,7,o,Culture,12.25
August,Hill Station,Cold,14,o,Food,19.02
December,Wildlife,Hot,14,o,Shopping,17.43
February,Beach,Hot,6,o,Shopping,22.34
May,Hill Station,Cold,3,o,Adventure,17.5
March,Religious,Moderate,5,o,Adventure,18.2
May,Religious,Moderate,7,o,Culture,12.59
November,Historical,Hot,4,o,Adventure,9.02
December,Historical,Hot,5,o,Shopping,10.35
July,Hill Station,Moderate,6,o,Shopping,13.61
September,City,Moderate,6,o,Adventure,13.86
May,Historical,Hot,1,o,Relaxation,17.76
July,Hill Station,Cold,2,o,Shopping,15.14
February,Historical,Hot,4,o,Shopping,15.06
February,Religious,Moderate,3,o,Adventure,12.6
April,Historical,Hot,2,o,Food,15.09
March,Religious,Moderate,1,o,Shopping,9.89
October,Beach,Hot,7,o,Shopping,15.99
January,City,Moderate,1,o,Culture,8.47
May,Hill Station,Moderate,3,o,Culture,12.59
September,Historical,Hot,3,o,Shopping,17.83
July,City,Moderate,5,o,Adventure,11.65
May,Beach,Hot,2,o,Relaxation,20.46
June,Hill Station,Cold,5,o,Shopping,18.71
March,Religious,Moderate,5,o,Shopping,12.91
April,Wildlife,Hot,1,o,Relaxation,19.83
March,Religious,Moderate,2,o,Culture,14.43
May,Hill Station,Moderate,7,o,Food,15.79
October,Hill Station,Cold,6,o,Food,10.64
March,Hill Station,Moderate,4,o,Food,15.33
June,City,Moderate,3,o,Shopping,8.72
July,Hill Station,Cold,5,o,Culture,10.3
February,City,Moderate,7,o,Relaxation,13.45
July,City,Moderate,1,o,Adventure,13.28
February,City,Moderate,4,o,Adventure,11.25
November,Historical,Hot,5,o,Relaxation,8.92
November,Religious,Moderate,2,o,Relaxation,9.41
September,Religious,Moderate,1,o,Shopping,9.99
July,Religious,Moderate,6,o,Food,10.6
February,Historical,Hot,14,o,Adventure,12.32
May,Wildlife,Hot,2,o,Adventure,18.76
November,Religious,Moderate,5,o,Culture,13.62
April,Historical,Hot,4,o,Shopping,11.5
November,City,Moderate,10,o,Culture,21.04
August,Beach,Hot,1,o,Food,18.19
June,Hill Station,Moderate,3,o,Food,10.04
November,City,Moderate,10,o,Adventure,14.45
January,City,Moderate,4,o,Culture,13.94
December,Historical,Hot,2,o,Adventure,8.85
July,Wildlife,Hot,14,o,Food,16.36
November,Wildlife,Hot,1,o,Culture,14.53
October,Religious,Moderate,1,o,Relaxation,14.16
October,City,Moderate,6,o,Adventure,11.52
February,Historical,Hot,14,o,Food,8.0
July,City,Moderate,7,o,Relaxation,15.82
April,Wildlife,Hot,3,o,Shopping,14.04
November,City,Moderate,2,o,Shopping,5.0
January,Hill Station,Moderate,7,o,Culture,14.54
November,Beach,Hot,1,o,Food,21.45
September,Wildlife,Moderate,4,o,Shopping,18.83
November,Hill Station,Moderate,2,o,Relaxation,14.57
March,Historical,Hot,14,o,Food,20.4
April,Beach,Hot,2,o,Relaxation,21.47
August,Beach,Hot,10,o,Shopping,16.29
December,Beach,Hot,4,o,Adventure,21.97
February,Wildlife,Hot,7,o,Shopping,17.87
May,Beach,Hot,2,o,Adventure,21.59
August,Beach,Hot,10,o,Relaxation,21.94
June,Beach,Hot,10,o,Relaxation,24.23
March,Beach,Hot,2,o,Culture,19.56
January,Religious,Moderate,5,o,Relaxation,10.85
October,Beach,Hot,4,o,Shopping,20.56
June,Historical,Hot,14,o,Adventure,13.9
December,Historical,Hot,5,o,Food,9.29
November,Beach,Hot,6,o,Adventure,17.55
April,Wildlife,Hot,1,o,Culture,15.25
December,Wildlife,Hot,14,o,Culture,26.12
December,Historical,Hot,4,o,Food,15.17
August,Historical,Hot,4,o,Relaxation,9.94
March,Historical,Hot,4,o,Shopping,13.52
November,Wildlife,Hot,2,o,Shopping,15.25
April,Beach,Hot,6,o,Adventure,26.23
April,Hill Station,Cold,4,o,Adventure,14.31
August,Hill Station,Moderate,6,o,Adventure,19.74
March,Beach,Hot,5,o,Adventure,21.52
May,Historical,Hot,2,o,Food,10.7
December,Beach,Hot,3,o,Relaxation,27.32
January,Beach,Hot,14,o,Relaxation,22.57
June,Historical,Hot,10,o,Food,11.96
October,Hill Station,Moderate,2,o,Relaxation,14.56
September,Beach,Hot,6,o,Adventure,20.79
April,Wildlife,Moderate,10,o,Food,11.45
April,Wildlife,Moderate,2,o,Adventure,15.25
July,Historical,Hot,1,o,Relaxation,16.04
October,Wildlife,Hot,4,o,Food,18.86
February,Historical,Hot,4,o,Culture,19.36
May,Hill Station,Cold,5,o,Food,18.12
January,Religious,Moderate,4,o,Food,13.24
December,Historical,Hot,4,o,Shopping,8.04
April,Wildlife,Hot,4,o,Adventure,17.0
October,Historical,Hot,5,o,Culture,14.56
June,Historical,Hot,6,o,Culture,15.75
August,City,Moderate,1,o,Shopping,13.51
June,Hill Station,Cold,6,o,Relaxation,17.74
May,Religious,Moderate,14,o,Relaxation,11.11
September,Religious,Moderate,1,o,Adventure,11.39
November,Religious,Moderate,4,o,Food,6.49
March,Wildlife,Hot,14,o,Adventure,17.57
October,City,Moderate,14,o,Shopping,12.25
August,Beach,Hot,6,o,Food,21.33
June,Beach,Hot,7,o,Adventure,23.66
April,City,Moderate,4,o,Culture,18.94
January,Religious,Moderate,7,o,Shopping,10.13
January,Historical,Hot,7,o,Shopping,8.88
February,Beach,Moderate,2,o,Adventure,25.75
February,Religious,Moderate,6,o,Adventure,14.13
October,City,Moderate,4,o,Adventure,23.29
April,Historical,Hot,5,o,Adventure,12.35
August,Religious,Moderate,10,o,Relaxation,7.06
January,Wildlife,Hot,4,o,Shopping,17.43
July,Historical,Hot,2,o,Adventure,7.53
January,Wildlife,Moderate,5,o,Adventure,18.14
August,City,Moderate,3,o,Adventure,17.61
May,Hill Station,Moderate,10,o,Relaxation,15.87
May,Religious,Moderate,7,o,Relaxation,13.32
April,Wildlife,Hot,3,o,Shopping,10.51
July,City,Moderate,6,o,Adventure,15.76
December,Beach,Hot,4,o,Culture,19.49
November,Historical,Hot,2,o,Food,14.51
March,Beach,Hot,1,o,Shopping,16.5
September,Wildlife,Moderate,1,o,Shopping,10.95
January,Beach,Hot,14,o,Culture,27.88
December,Hill Station,Cold,5,o,Food,14.49
June,City,Moderate,10,o,Shopping,15.79
May,Religious,Moderate,5,o,Shopping,11.84
May,Beach,Moderate,1,o,Culture,18.41
June,Religious,Moderate,6,o,Adventure,11.29
January,Historical,Hot,3,o,Culture,9.28
November,Hill Station,Cold,10,o,Shopping,13.73
January,City,Moderate,2,o,Adventure,13.28
May,Beach,Hot,1,o,Adventure,22.75
November,City,Moderate,10,o,Shopping,14.44
May,Hill Station,Moderate,7,o,Culture,16.62
May,City,Moderate,1,o,Food,12.81
May,Hill Station,Moderate,1,o,Adventure,16.45
May,Hill Station,Moderate,6,o,Shopping,15.62
September,City,Moderate,4,o,Shopping,11.54
March,City,Moderate,6,o,Culture,14.83
September,Historical,Hot,3,o,Culture,12.84
March,City,Moderate,6,o,Shopping,16.63
February,Historical,Hot,4,o,Adventure,6.57
October,Wildlife,Moderate,6,o,Shopping,15.58
September,Religious,Moderate,2,o,Adventure,10.46
June,Beach,Hot,3,o,Shopping,18.45
September,Religious,Moderate,2,o,Adventure,12.68
January,City,Moderate,5,o,Food,8.69
January,Beach,Hot,10,o,Culture,20.4
February,Hill Station,Cold,7,o,Culture,15.47
August,Religious,Moderate,7,o,Shopping,8.72
December,Beach,Hot,4,o,Adventure,20.36
October,Beach,Hot,10,o,Adventure,17.13
March,Historical,Hot,6,o,Adventure,12.2
July,City,Moderate,14,o,Adventure,11.7
July,City,Moderate,7,o,Culture,14.51
October,City,Moderate,3,o,Food,15.3
November,City,Moderate,14,o,Adventure,13.76
February,Beach,Hot,2,o,Food,16.95
May,Beach,Hot,5,o,Relaxation,20.87
August,Historical,Hot,6,o,Food,12.94
May,Wildlife,Hot,14,o,Culture,21.32
January,Wildlife,Hot,5,o,Adventure,20.23
May,Historical,Hot,7,o,Food,8.23
September,Beach,Hot,14,o,Culture,23.56
April,Historical,Hot,10,o,Shopping,12.47
May,Historical,Hot,10,o,Shopping,12.21
January,Beach,Hot,6,o,Food,18.69
June,Beach,Hot,2,o,Relaxation,14.76
August,Wildlife,Moderate,2,o,Food,11.1
October,Historical,Hot,10,o,Food,8.66
August,City,Moderate,7,o,Shopping,16.42
December,Historical,Hot,2,o,Adventure,13.46
April,Wildlife,Moderate,6,o,Food,18.94
March,Beach,Hot,6,o,Culture,16.68
August,Wildlife,Hot,7,o,Adventure,24.0
September,Wildlife,Moderate,6,o,Adventure,18.21
October,Historical,Hot,2,o,Culture,7.58
December,Hill Station,Cold,4,o,Shopping,13.91
January,Religious,Moderate,5,o,Shopping,15.11
August,City,Moderate,2,o,Shopping,13.05
August,City,Moderate,10,o,Culture,14.7
December,Hill Station,Cold,1,o,Culture,19.54
June,Religious,Moderate,5,o,Culture,12.25
November,City,Moderate,14,o,Adventure,12.81
March,City,Moderate,6,o,Culture,8.19
May,Historical,Hot,5,o,Shopping,13.18
June,Religious,Moderate,6,o,Culture,12.68
November,Religious,Moderate,7,o,Shopping,6.93
December,Beach,Hot,5,o,Culture,23.01
January,Beach,Hot,6,o,Culture,23.8
March,Beach,Hot,10,o,Shopping,17.66
September,Religious,Moderate,3,o,Relaxation,9.54
June,Historical,Hot,14,o,Food,5.84
December,Wildlife,Hot,14,o,Adventure,14.83
December,Wildlife,Hot,7,o,Relaxation,15.32
July,Historical,Hot,7,o,Relaxation,11.47
August,Wildlife,Hot,7,o,Relaxation,18.37
September,Religious,Moderate,3,o,Culture,11.51
December,Religious,Moderate,6,o,Relaxation,5.0
October,Hill Station,Cold,7,o,Shopping,12.89
April,Hill Station,Moderate,10,o,Culture,16.53
May,Historical,Hot,3,o,Food,15.06
July,City,Moderate,5,o,Adventure,14.52
February,Wildlife,Hot,7,o,Food,14.81
June,Beach,Hot,1,o,Food,19.46
June,Religious,Moderate,3,o,Relaxation,10.71
July,City,Moderate,2,o,Adventure,14.53
August,City,Moderate,14,o,Food,16.71
September,Hill Station,Cold,3,o,Food,14.48
November,Beach,Hot,1,o,Shopping,16.26
April,Hill Station,Cold,5,o,Relaxation,15.13
April,Religious,Moderate,10,o,Relaxation,14.2
July,City,Moderate,3,o,Relaxation,11.96
September,City,Moderate,1,o,Adventure,6.24
November,Hill Station,Cold,6,o,Food,16.08
November,Wildlife,Moderate,3,o,Adventure,16.65
May,Wildlife,Hot,1,o,Shopping,13.27
September,Beach,Hot,3,o,Adventure,19.68
February,Wildlife,Hot,5,o,Food,17.61
June,Historical,Hot,2,o,Food,14.33
April,Hill Station,Moderate,4,o,Adventure,17.48
October,Wildlife,Hot,7,o,Culture,20.68
May,Historical,Hot,3,o,Food,13.07
September,Beach,Hot,4,o,Relaxation,25.83
November,Religious,Moderate,5,o,Culture,10.45
April,Beach,Hot,10,o,Shopping,25.03
May,Religious,Moderate,14,o,Relaxation,12.87
December,Religious,Moderate,4,o,Adventure,13.88
August,Hill Station,Moderate,3,o,Shopping,16.36
October,Religious,Moderate,4,o,Shopping,7.94
June,Hill Station,Cold,1,o,Relaxation,18.4
March,City,Moderate,7,o,Relaxation,14.83
November,Historical,Hot,5,o,Culture,13.25
March,Religious,Moderate,7,o,Shopping,10.6
October,Wildlife,Hot,4,o,Shopping,13.85
February,Religious,Moderate,3,o,Food,8.07
March,Wildlife,Hot,14,o,Shopping,24.63
August,Historical,Hot,14,o,Culture,7.47
May,Historical,Hot,1,o,Adventure,11.3
October,Historical,Hot,7,o,Relaxation,9.69
March,Wildlife,Moderate,5,o,Culture,23.16
April,Hill Station,Moderate,2,o,Shopping,16.38
January,Religious,Moderate,5,o,Relaxation,11.8
December,Hill Station,Cold,1,o,Adventure,14.07
February,Historical,Hot,3,o,Food,11.62
December,Wildlife,Hot,4,o,Relaxation,19.93
July,Historical,Hot,6,o,Relaxation,11.46
October,Historical,Hot,7,o,Culture,15.23
January,Beach,Hot,2,o,Culture,20.49
April,Wildlife,Hot,2,o,Culture,17.99
February,Religious,Moderate,6,o,Adventure,12.4
July,Wildlife,Moderate,10,o,Culture,20.81
August,Beach,Hot,1,o,Relaxation,20.82
November,Religious,Moderate,10,o,Adventure,9.39
August,City,Moderate,6,o,Adventure,10.27
April,Historical,Hot,1,o,Shopping,14.98
April,Beach,Hot,10,o,Shopping,18.77
August,Beach,Hot,1,o,Food,19.92
November,Hill Station,Cold,5,o,Adventure,16.04
March,Wildlife,Hot,2,o,Shopping,18.22
December,Wildlife,Moderate,5,o,Relaxation,8.54
February,Hill Station,Cold,4,o,Shopping,17.5
May,Wildlife,Hot,7,o,Culture,20.82
November,Historical,Hot,6,o,Relaxation,11.81
June,Hill Station,Cold,14,o,Relaxation,15.87
August,Religious,Moderate,2,o,Culture,18.85
May,Hill Station,Cold,6,o,Adventure,17.1
December,Hill Station,Cold,4,o,Culture,12.26
June,Hill Station,Cold,7,o,Food,17.47
July,Hill Station,Cold,4,o,Shopping,15.42
August,Religious,Moderate,7,o,Shopping,11.65
May,Historical,Hot,14,o,Culture,8.77
June,City,Moderate,10,o,Relaxation,13.04
March,City,Moderate,3,o,Culture,11.48
January,City,Moderate,7,o,Culture,12.81
July,Wildlife,Hot,2,o,Food,14.44
May,Religious,Moderate,2,o,Culture,9.83
August,Religious,Moderate,2,o,Shopping,11.61
September,Hill Station,Cold,2,o,Food,17.11
September,Historical,Hot,1,o,Culture,12.93
June,Hill Station,Cold,10,o,Culture,15.78
August,Hill Station,Cold,14,o,Shopping,18.95
May,Historical,Hot,5,o,Adventure,10.79
May,Religious,Moderate,5,o,Adventure,13.91
May,Religious,Moderate,3,o,Food,17.34
November,Religious,Moderate,1,o,Shopping,13.99
January,Wildlife,Moderate,2,o,Culture,12.48
August,City,Moderate,14,o,Relaxation,14.2
July,Religious,Moderate,14,o,Relaxation,9.94
May,City,Moderate,3,o,Adventure,10.01
December,City,Moderate,14,o,Shopping,14.05
January,Hill Station,Cold,10,o,Relaxation,15.6
November,Historical,Hot,1,o,Shopping,9.67
February,Hill Station,Moderate,5,o,Food,15.84
October,Beach,Hot,10,o,Culture,21.98
December,Beach,Hot,10,o,Food,21.88
November,Historical,Hot,1,o,Adventure,13.7
August,City,Moderate,2,o,Adventure,13.11
August,City,Moderate,7,o,Adventure,13.8
June,Hill Station,Moderate,2,o,Shopping,13.21
August,Religious,Moderate,10,o,Adventure,13.3
September,Wildlife,Hot,5,o,Relaxation,15.73
July,City,Moderate,2,o,Shopping,10.52
August,Wildlife,Moderate,1,o,Shopping,19.28
March,Historical,Hot,2,o,Shopping,13.15
September,Wildlife,Moderate,4,o,Relaxation,20.02
April,City,Moderate,1,o,Culture,13.36
June,Religious,Moderate,3,o,Adventure,10.39
October,Historical,Hot,10,o,Culture,13.29
July,Wildlife,Hot,10,o,Relaxation,17.71
November,City,Moderate,2,o,Food,14.6
October,Beach,Hot,5,o,Culture,22.13
October,City,Moderate,14,o,Shopping,15.65
March,Wildlife,Hot,3,o,Adventure,16.52
January,City,Moderate,14,o,Relaxation,10.71
December,Beach,Hot,1,o,Adventure,19.44
June,Wildlife,Hot,10,o,Relaxation,14.3
July,Religious,Moderate,3,o,Adventure,8.82
December,Religious,Moderate,4,o,Shopping,7.16
June,Historical,Hot,6,o,Relaxation,12.32
February,Wildlife,Hot,6,o,Food,25.07
July,Hill Station,Cold,2,o,Shopping,13.29
October,Historical,Hot,7,o,Relaxation,9.36
July,City,Moderate,1,o,Relaxation,7.85
July,Beach,Moderate,14,o,Relaxation,17.83
January,Historical,Hot,3,o,Relaxation,14.12
June,Beach,Hot,1,o,Culture,20.25
October,Wildlife,Hot,5,o,Shopping,18.79
August,Hill Station,Moderate,4,o,Food,17.9
September,Religious,Moderate,4,o,Adventure,14.2
January,Religious,Moderate,1,o,Adventure,11.31
July,Religious,Moderate,6,o,Shopping,12.5
May,Wildlife,Hot,4,o,Food,18.32
January,Religious,Moderate,5,o,Adventure,13.71
December,Historical,Hot,6,o,Relaxation,9.34
December,Religious,Moderate,14,o,Adventure,13.33
July,Wildlife,Moderate,5,o,Adventure,17.06
June,Wildlife,Hot,1,o,Shopping,13.46
October,City,Moderate,1,o,Shopping,11.07
April,Religious,Moderate,1,o,Food,14.33
March,City,Moderate,10,o,Adventure,14.17
August,Religious,Moderate,7,o,Relaxation,14.37
April,City,Moderate,1,o,Adventure,9.75
November,Religious,Moderate,1,o,Culture,14.12
June,Hill Station,Cold,5,o,Shopping,18.54
September,Historical,Hot,1,o,Food,17.32
August,Wildlife,Hot,5,o,Relaxation,15.43
September,Hill Station,Cold,3,o,Relaxation,17.28
August,Wildlife,Moderate,3,o,Adventure,11.69
March,City,Moderate,1,o,Relaxation,10.89
June,City,Moderate,2,o,Food,14.93
February,City,Moderate,4,o,Adventure,14.52
August,City,Moderate,2,o,Culture,13.15
September,Hill Station,Cold,10,o,Food,15.51
December,Religious,Moderate,6,o,Adventure,7.94
December,Hill Station,Cold,2,o,Food,12.85
September,Wildlife,Hot,1,o,Adventure,15.39
February,City,Moderate,3,o,Culture,11.43
May,Hill Station,Moderate,1,o,Shopping,13.19
June,City,Moderate,7,o,Adventure,6.74
March,Wildlife,Moderate,10,o,Relaxation,14.37
September,Historical,Hot,5,o,Shopping,11.37
August,Historical,Hot,4,o,Food,9.23
March,Hill Station,Moderate,4,o,Culture,15.23
January,Wildlife,Hot,6,o,Shopping,15.23
January,Historical,Hot,10,o,Shopping,16.85
February,Hill Station,Cold,4,o,Culture,15.17
May,Historical,Hot,2,o,Food,9.21
February,Beach,Hot,4,o,Food,25.06
May,Historical,Hot,4,o,Food,11.33
July,Historical,Hot,6,o,Relaxation,13.54
November,Religious,Moderate,5,o,Adventure,13.05
May,Religious,Moderate,6,o,Food,12.04
January,Historical,Hot,14,o,Culture,8.98
May,Wildlife,Moderate,7,o,Adventure,14.24
September,Religious,Moderate,10,o,Adventure,15.55
April,Wildlife,Moderate,4,o,Shopping,17.95
April,Religious,Moderate,1,o,Relaxation,14.0
April,City,Moderate,4,o,Relaxation,12.24
November,Religious,Moderate,7,o,Adventure,10.76
January,Hill Station,Cold,3,o,Culture,15.5
January,Historical,Hot,1,o,Culture,14.2
July,City,Moderate,7,o,Food,17.1
January,Historical,Hot,10,o,Shopping,12.94
January,Religious,Moderate,3,o,Shopping,8.33
December,Historical,Hot,14,o,Shopping,12.17
April,Wildlife,Hot,7,o,Shopping,21.43
April,Wildlife,Hot,10,o,Culture,19.16
September,Beach,Hot,3,o,Food,16.62
October,Beach,Hot,10,o,Adventure,21.94
October,Hill Station,Moderate,14,o,Food,9.21
August,Beach,Hot,1,o,Shopping,21.1
February,Religious,Moderate,14,o,Culture,18.46
February,Religious,Moderate,1,o,Relaxation,11.41
July,Wildlife,Moderate,10,o,Relaxation,18.82
November,Wildlife,Hot,2,o,Food,18.59
January,Historical,Hot,7,o,Adventure,13.09
August,Historical,Hot,1,o,Relaxation,8.33
March,City,Moderate,14,o,Culture,7.47
June,Religious,Moderate,14,o,Shopping,8.54
February,Hill Station,Cold,10,o,Food,17.46
November,Wildlife,Moderate,5,o,Relaxation,19.37
August,Hill Station,Moderate,1,o,Food,17.5
September,Beach,Hot,1,o,Adventure,19.29
September,Wildlife,Moderate,1,o,Culture,11.29
May,Wildlife,Hot,14,o,Culture,18.62
September,Historical,Hot,4,o,Culture,15.49
June,Beach,Hot,14,o,Shopping,19.93
July,Historical,Hot,1,o,Relaxation,8.08
February,Beach,Hot,14,o,Relaxation,17.86
December,Religious,Moderate,7,o,Shopping,16.03
January,Religious,Moderate,6,o,Culture,11.32
April,Religious,Moderate,1,o,Culture,10.12
January,Wildlife,Moderate,4,o,Food,15.8
December,Historical,Hot,4,o,Culture,8.25
July,Historical,Hot,14,o,Relaxation,7.16
May,Wildlife,Hot,2,o,Adventure,17.07
September,City,Moderate,2,o,Shopping,6.87
December,Beach,Hot,2,o,Relaxation,22.3
August,City,Moderate,6,o,Adventure,10.18
August,Historical,Hot,5,o,Culture,5.73
April,Religious,Moderate,2,o,Relaxation,16.55
April,Historical,Hot,1,o,Shopping,10.21
July,City,Moderate,3,o,Shopping,15.16
August,Hill Station,Moderate,14,o,Adventure,21.16
January,City,Moderate,2,o,Culture,16.45
May,City,Moderate,7,o,Shopping,13.51
October,Historical,Hot,10,o,Adventure,12.6
June,Wildlife,Hot,3,o,Shopping,15.77
March,City,Moderate,5,o,Culture,17.67
August,City,Moderate,3,o,Shopping,10.88
October,Wildlife,Moderate,1,o,Food,17.23
December,Historical,Hot,7,o,Relaxation,13.38
July,Historical,Hot,1,o,Adventure,10.45
February,Hill Station,Cold,4,o,Culture,16.89
December,Wildlife,Hot,4,o,Shopping,12.11
September,Wildlife,Hot,4,o,Food,26.9
September,Beach,Hot,14,o,Relaxation,26.24
June,Historical,Hot,5,o,Relaxation,19.42
October,Historical,Hot,7,o,Relaxation,11.91
April,Historical,Hot,6,o,Adventure,11.36
May,Historical,Hot,14,o,Shopping,14.6
August,Hill Station,Cold,2,o,Relaxation,15.01
March,Religious,Moderate,7,o,Food,9.51
November,Beach,Moderate,6,o,Relaxation,14.91
January,Hill Station,Moderate,2,o,Adventure,16.1
May,Beach,Hot,7,o,Shopping,22.09
July,Religious,Moderate,2,o,Food,15.41
February,City,Moderate,1,o,Food,15.72
July,Hill Station,Moderate,6,o,Shopping,18.27
June,Religious,Moderate,5,o,Culture,9.88
January,Religious,Moderate,2,o,Adventure,6.12
March,Historical,Hot,10,o,Shopping,9.79
January,Religious,Moderate,6,o,Relaxation,16.83
November,Beach,Hot,14,o,Culture,17.44
January,Wildlife,Hot,10,o,Relaxation,17.89
July,Beach,Hot,7,o,Adventure,17.11
February,City,Moderate,1,o,Food,14.3
November,Religious,Moderate,14,o,Adventure,8.94
February,Religious,Moderate,10,o,Adventure,6.53
January,Hill Station,Cold,3,o,Culture,17.01
July,City,Moderate,5,o,Adventure,11.21
July,Beach,Hot,5,o,Shopping,15.58
November,Beach,Moderate,5,o,Food,21.06
March,Religious,Moderate,7,o,Culture,12.65
June,Religious,Moderate,4,o,Adventure,9.28
November,City,Moderate,5,o,Shopping,11.06
January,Hill Station,Cold,3,o,Shopping,13.15
June,Wildlife,Moderate,4,o,Food,13.56
June,Religious,Moderate,14,o,Culture,13.7
December,Historical,Hot,3,o,Food,10.51
November,Hill Station,Cold,6,o,Adventure,18.33
December,City,Moderate,3,o,Food,15.84
July,Beach,Hot,5,o,Adventure,22.46
November,Religious,Moderate,4,o,Adventure,5.0
August,Religious,Moderate,10,o,Food,11.04
November,Religious,Moderate,5,o,Culture,12.77
October,Beach,Hot,5,o,Relaxation,23.93
July,City,Moderate,10,o,Food,10.89
May,Religious,Moderate,10,o,Adventure,13.23
November,Historical,Hot,7,o,Culture,13.69
August,Religious,Moderate,3,o,Food,12.17
February,Religious,Moderate,1,o,Culture,11.85
January,Historical,Hot,1,o,Adventure,13.13
May,Wildlife,Hot,5,o,Food,16.88
October,Beach,Hot,4,o,Food,20.48
March,Hill Station,Cold,2,o,Culture,17.26
June,Beach,Hot,14,o,Shopping,22.17
March,City,Moderate,5,o,Adventure,12.72
June,Wildlife,Moderate,6,o,Adventure,11.39
September,Historical,Hot,5,o,Culture,7.15
July,Beach,Hot,6,o,Culture,19.46
May,Hill Station,Cold,4,o,Relaxation,15.18
December,City,Moderate,10,o,Adventure,15.48
January,Religious,Moderate,7,o,Food,13.38
December,Religious,Moderate,4,o,Adventure,5.0
November,Wildlife,Hot,5,o,Food,16.39
September,Beach,Hot,5,o,Shopping,19.84
April,City,Moderate,2,o,Shopping,14.13
November,Beach,Moderate,2,o,Adventure,19.41
May,Hill Station,Cold,3,o,Shopping,7.43
May,Hill Station,Cold,5,o,Culture,13.51
November,Historical,Hot,10,o,Shopping,14.15
June,Hill Station,Cold,1,o,Adventure,14.7
June,Historical,Hot,1,o,Food,13.91
July,Religious,Moderate,4,o,Relaxation,11.93
March,Beach,Hot,5,o,Shopping,18.92
July,Religious,Moderate,6,o,Relaxation,10.26
August,Historical,Hot,14,o,Adventure,12.12
January,Hill Station,Cold,10,o,Shopping,11.57
October,Wildlife,Hot,14,o,Shopping,14.23
March,Historical,Hot,4,o,Culture,12.28
July,Wildlife,Moderate,2,o,Relaxation,19.0
May,Wildlife,Moderate,5,o,Culture,17.12
June,Hill Station,Cold,10,o,Food,11.88
March,Religious,Moderate,7,o,Food,10.02
July,Beach,Hot,6,o,Adventure,18.09
December,Hill Station,Cold,6,o,Food,15.52
August,Beach,Hot,14,o,Culture,19.05
June,Religious,Moderate,6,o,Adventure,10.84
April,Religious,Moderate,2,o,Relaxation,8.94
April,Religious,Moderate,2,o,Food,14.29
August,Religious,Moderate,6,o,Culture,5.0
July,Historical,Hot,2,o,Food,10.41
November,Historical,Hot,1,o,Culture,14.45
January,Beach,Hot,1,o,Adventure,19.12
July,Beach,Hot,5,o,Food,22.72
November,Religious,Moderate,10,o,Food,11.63
February,Hill Station,Moderate,3,o,Culture,13.72
November,City,Moderate,1,o,Food,7.46
February,Religious,Moderate,1,o,Relaxation,14.55
July,City,Moderate,4,o,Shopping,13.26
November,Beach,Moderate,3,o,Food,20.33
November,Religious,Moderate,7,o,Culture,5.79
September,Beach,Hot,10,o,Shopping,18.56
February,City,Moderate,6,o,Adventure,20.32
September,Beach,Moderate,10,o,Relaxation,17.59
June,Beach,Moderate,10,o,Shopping,17.23
May,Wildlife,Moderate,5,o,Adventure,21.76
October,City,Moderate,7,o,Adventure,15.87
November,Religious,Moderate,7,o,Culture,16.83
September,Beach,Hot,5,o,Relaxation,20.17
August,Hill Station,Moderate,2,o,Shopping,14.14
November,City,Moderate,7,o,Relaxation,9.87
November,Wildlife,Moderate,10,o,Adventure,22.93
September,Hill Station,Moderate,3,o,Adventure,16.58
January,City,Moderate,4,o,Adventure,13.86
March,Hill Station,Moderate,1,o,Shopping,20.03
February,Historical,Hot,5,o,Food,20.09
July,City,Moderate,2,o,Shopping,10.15
December,Wildlife,Hot,10,o,Shopping,20.46
February,Religious,Moderate,6,o,Adventure,10.08
May,Hill Station,Cold,1,o,Relaxation,20.15
July,Hill Station,Moderate,6,o,Relaxation,16.27
December,City,Moderate,5,o,Shopping,13.07
November,Historical,Hot,7,o,Shopping,15.08
December,City,Moderate,3,o,Relaxation,9.38
May,Wildlife,Hot,2,o,Shopping,21.9
July,Hill Station,Moderate,14,o,Adventure,14.55
April,City,Moderate,4,o,Relaxation,14.44
December,Hill Station,Cold,3,o,Shopping,15.97
November,Hill Station,Moderate,1,o,Shopping,19.38
June,Historical,Hot,4,o,Shopping,17.35
June,Historical,Hot,4,o,Adventure,10.89
October,City,Moderate,1,o,Food,12.91
March,Historical,Hot,4,o,Shopping,16.39
June,Hill Station,Moderate,1,o,Adventure,8.25
July,Historical,Hot,7,o,Adventure,15.53
January,Hill Station,Cold,4,o,Food,19.45
June,Historical,Hot,1,o,Adventure,9.97
August,City,Moderate,10,o,Adventure,12.55
February,Historical,Hot,5,o,Relaxation,12.77
October,Historical,Hot,7,o,Adventure,9.03
August,Religious,Moderate,5,o,Food,9.76
March,Wildlife,Hot,3,o,Adventure,17.34
September,Wildlife,Hot,10,o,Adventure,18.12
August,Wildlife,Hot,14,o,Shopping,17.71
April,Wildlife,Hot,10,o,Culture,15.72
December,City,Moderate,7,o,Food,15.16
August,Wildlife,Hot,5,o,Relaxation,17.87
January,Wildlife,Hot,1,o,Relaxation,14.22
June,Wildlife,Hot,5,o,Adventure,17.58
June,Historical,Hot,1,o,Food,12.03
July,Hill Station,Cold,10,o,Relaxation,20.27
June,Beach,Hot,7,o,Adventure,17.32
January,Historical,Hot,14,o,Culture,15.47
July,Beach,Hot,5,o,Culture,22.29
August,Wildlife,Moderate,2,o,Relaxation,22.92
October,Historical,Hot,5,o,Adventure,7.98
November,Religious,Moderate,2,o,Relaxation,13.48
August,City,Moderate,14,o,Relaxation,11.09
November,Hill Station,Cold,2,o,Adventure,17.08
December,City,Moderate,2,o,Food,15.12
October,Religious,Moderate,1,o,Shopping,13.88
October,Hill Station,Cold,1,o,Shopping,12.92
May,City,Moderate,5,o,Culture,16.33
February,Hill Station,Cold,6,o,Food,15.06
May,Hill Station,Cold,3,o,Food,11.8
October,Historical,Hot,3,o,Adventure,9.9
October,Historical,Hot,14,o,Adventure,11.46
September,Historical,Hot,2,o,Shopping,5.0
July,City,Moderate,7,o,Adventure,10.56
February,Religious,Moderate,10,o,Adventure,9.24
May,Historical,Hot,3,o,Food,11.78
January,Hill Station,Cold,14,o,Shopping,12.97
December,Hill Station,Moderate,6,o,Food,18.97
November,Wildlife,Moderate,1,o,Culture,21.87
December,City,Moderate,6,o,Shopping,7.15
May,Religious,Moderate,1,o,Relaxation,11.28
April,Hill Station,Moderate,2,o,Adventure,13.8
July,City,Moderate,2,o,Food,12.97
September,Historical,Hot,7,o,Food,12.85
October,Beach,Hot,5,o,Culture,22.32
May,Religious,Moderate,2,o,Shopping,17.06
June,Wildlife,Hot,14,o,Food,18.1
February,Beach,Hot,1,o,Culture,21.66
July,Hill Station,Cold,4,o,Relaxation,12.99
March,Beach,Hot,3,o,Food,26.34
January,Historical,Hot,14,o,Shopping,15.97
July,City,Moderate,14,o,Relaxation,12.86
November,Beach,Hot,6,o,Food,13.6
April,Religious,Moderate,5,o,Culture,11.93
April,City,Moderate,14,o,Adventure,10.3
February,Religious,Moderate,6,o,Adventure,14.9
July,Religious,Moderate,5,o,Shopping,12.18
April,Hill Station,Moderate,14,o,Adventure,10.44
